CODE;CODE10;DESIGNATION;BOUTIQUE MAHAMBOLONA
00600168201;0060016820;4X4 UP;44
00600168202;0060016820;4X4 UP;2,6
00100086901;0010008690;BONBON SUCETTE YOGURT LOLLIPOP;0
00100089101;0010008910;CHEESE BALLS EN PIECE;8
00100089102;0010008910;CHEESE BALLS EN PIECE;0,3
00100094001;0010009400;EMBALLAGE TSOTRA PM (56*76);5
00100081801;0010008180;MARGARINE ULTRA 500G;0
00100034901;0010003490;MATEZA;0
00100034902;0010003490;MATEZA;0
00100086501;0010008650;SAVON ZA KOA V40;11
00100042901;0010004290;Softex maxi wing's *8 rose;14
00100042902;0010004290;Softex maxi wing's *8 rose;0,2
00100062401;0010006240;TOP POP;4
00100062402;0010006240;TOP POP;0,2
00100006201;0010000620;VESTLIN LEMON 50G;60
00100006202;0010000620;VESTLIN LEMON 50G;5
00100006203;0010000620;VESTLIN LEMON 50G;0,5
00100091101;0010009110;VOANTSIROKA MAINTSO @ KAPOAKA;86
00100194401;0010019440;VOANTSIROKA MAINTSO @ SAC;0
02600150601;0260015060;100X20;6
02600150602;0260015060;100X20;1,5
02600150701;0260015070;120X21;2
02600150702;0260015070;120X21;0,5
02600154201;0260015420;30X13;2
02600154202;0260015420;30X13;0,5
02600149801;0260014980;40X14;4
02600149802;0260014980;40X14;1
00100053001;0010005300;4X4;0
00100069901;0010006990;4X4 50;0
00100069902;0010006990;4X4 50;0
00100047301;0010004730;4X4 BOKOTRA;1
00600188301;0060018830;4X4 HAPPY CHOCO;30
00600188302;0060018830;4X4 HAPPY CHOCO;2
00100089401;0010008940;4X4 HAPPY TOP;0
00100089402;0010008940;4X4 HAPPY TOP;0
02600149901;0260014990;50X16;4
02600149902;0260014990;50X16;1
02600150001;0260015000;50X18;6
02600150002;0260015000;50X18;1,5
02600150101;0260015010;60X17;6
02600150102;0260015010;60X17;1,5
02600150201;0260015020;60X20;4
02600150202;0260015020;60X20;1
00100023701;0010002370;70/19;0
00100023702;0010002370;70/19;0
00100023703;0010002370;70/19;0
02600150301;0260015030;70X18;8
02600150302;0260015030;70X18;2
02600150401;0260015040;80X19;3
02600150402;0260015040;80X19;0,8
02600150501;0260015050;90X20;6
02600150502;0260015050;90X20;1,5
00100014801;0010001480;ACIDE LAVA;36
00100014802;0010001480;ACIDE LAVA;6
00100014901;0010001490;ACIDEL BOTA;69
00100014902;0010001490;ACIDEL BOTA;5,8
00100093901;0010009390;AEROSOL JUMBO XT FL 300ML;19
00100093801;0010009380;AEROSOL JUMBO XT FL 680ML;9
01800162901;0180016290;AFRICA CHEF CHICKEN CUBE 108G;0
00100197201;0010019720;AGHARBATTI SEVEN WONDER FLOWES;1
00100197202;0010019720;AGHARBATTI SEVEN WONDER FLOWES;1
00100197301;0010019730;AGHARBATTI SEVEN WONDER FRUITS;0
00100197302;0010019730;AGHARBATTI SEVEN WONDER FRUITS;0
00100083601;0010008360;ALKALINE R6;0
00100196101;0010019610;ALLUMETTE ITALIA;92
00100196102;0010019610;ALLUMETTE ITALIA;9,2
00100196103;0010019610;ALLUMETTE ITALIA;0,9
00100008601;0010000860;ALLUMETTE YES SAFETY;288
00100008602;0010000860;ALLUMETTE YES SAFETY;28,8
00100008603;0010000860;ALLUMETTE YES SAFETY;2,9
00100113801;0010011380;AMPOULE RANO 9W;0
00100074101;0010007410;ANGOLA BLEU GM;0
00100074201;0010007420;ANGOLA BLEU PM;4
02900185201;0290018520;ANGOLA EN PCS;1
00100074301;0010007430;ANGOLA ROUGE GM;0
00100074401;0010007440;ANGOLA VERT GM;0
00100193301;0010019330;ANGOLA VERT PM;5
00500097301;0050009730;Apollo en pcs;0
02700198601;0270019860;ARROW MOSQUITO COILS VET BAMBOO;50
02700198602;0270019860;ARROW MOSQUITO COILS VET BAMBOO;0,8
00100141601;0010014160;ASSIETE A JETTER RAHA;50
00100141602;0010014160;ASSIETE A JETTER RAHA;2
00100141603;0010014160;ASSIETE A JETTER RAHA;0,1
01800157801;0180015780;ASSORTED LOLLIPOP ROYALE;0
01800170901;0180017090;B.KAMCO LEIBNIZ;2
00100061701;0010006170;BABY SEA CONFORT 5X32 N °4;3
00100061702;0010006170;BABY SEA CONFORT 5X32 N °4;0,6
00100061801;0010006180;BABY SEA CONFORT 5X36 N °3;0
00100061802;0010006180;BABY SEA CONFORT 5X36 N °3;0
00300065401;0030006540;BALAIRA VARY;0
00100012901;0010001290;BALANCE CHINE FORCE 100KG;0
00100056801;0010005680;BALANCE DEBAKA 20KG;0
00100073401;0010007340;BAOBA CITRON  50CL;0
00100073201;0010007320;BAOBA ORANGE MANDARINE 50CL;0
00100079401;0010007940;BAREA;0
00100030501;0010003050;BARRE CORRY GM;0
00100030502;0010003050;BARRE CORRY GM;0
00100073901;0010007390;BAUME KATRAFAY;10
00100123401;0010012340;Baume Ravintsara;0
00100123402;0010012340;Baume Ravintsara;0
00100123403;0010012340;Baume Ravintsara;0
00100060101;0010006010;BBA;0
00100060102;0010006010;BBA;0
01700132501;0170013250;Bebem pants culottes maxi 4x32 n°4;4
01700132502;0170013250;Bebem pants culottes maxi 4x32 n°4;1
00100044101;0010004410;bebem twin junior  4X28 n°5;0
00100044102;0010004410;bebem twin junior  4X28 n°5;0
00100009803;0010000980;BENNY;280
00100009801;0010000980;BENNY;6,7
00100009802;0010000980;BENNY;0,8
00100051101;0010005110;BEURRE EVET;0
00100051801;0010005180;BEURRE EVET;0
00100051001;0010005100;BEURRE TEREMA 200G;0
00500166801;0050016680;BHOOT UNKLE;6
00100089801;0010008980;BICUIT CHOCOLATE EN PIECE;0
00100089802;0010008980;BICUIT CHOCOLATE EN PIECE;0
00600138001;0060013800;BIG BOY WAFER BISCUIT 40PCS;192
00600138002;0060013800;BIG BOY WAFER BISCUIT 40PCS;4,8
01800159501;0180015950;BIG TOFFE HAPPY BIRTHBLASH;0
00600166601;0060016660;BIG TOFFEE BIRTHDAY TIME;8
01800185401;0180018540;BIG TOFFEE KEMLO MILK 200P*8BTE;5
03000186201;0300018620;BIGG POP GUM CARRE EN BOCAL*100PCS;10
03000186202;0300018620;BIGG POP GUM CARRE EN BOCAL*100PCS;0,8
00600101801;0060010180;Bis marie;0
00600101802;0060010180;Bis marie;0
00600166901;0060016690;BIS'NICE 2 BISCUITS;1
00600166902;0060016690;BIS'NICE 2 BISCUITS;0
00600167001;0060016700;BIS'NICE 9 BISCUITS;9
00600167002;0060016700;BIS'NICE 9 BISCUITS;0,6
00100071201;0010007120;Biscuit  6 delice;227
00100071202;0010007120;Biscuit  6 delice;14,2
00600154501;0060015450;BISCUIT  CHOCO BICO 65G;0
00600154502;0060015450;BISCUIT  CHOCO BICO 65G;0
00600127901;0060012790;Biscuit 10 delice*12x8;0
00600127902;0060012790;Biscuit 10 delice*12x8;0
00600161501;0060016150;BISCUIT 18 DELICE;0
00600161502;0060016150;BISCUIT 18 DELICE;0
00600185601;0060018560;BISCUIT 18 PETIT BEURRE;15
00600185602;0060018560;BISCUIT 18 PETIT BEURRE;3,8
00600100801;0060010080;Biscuit 18 petit lait;59
00600100802;0060010080;Biscuit 18 petit lait;14,8
00100011601;0010001160;BISCUIT 4X4 BE;16
00100011602;0010001160;BISCUIT 4X4 BE;0,9
00100050901;0010005090;BISCUIT 4X4 CHOCO BE;16
00100050902;0010005090;BISCUIT 4X4 CHOCO BE;0,6
00600165601;0060016560;BISCUIT 4X4 CHOCO MIAM;95
00600165602;0060016560;BISCUIT 4X4 CHOCO MIAM;4
00100048101;0010004810;BISCUIT 4X4 GO;0
00100048102;0010004810;BISCUIT 4X4 GO;0
00600165701;0060016570;BISCUIT 4X4 KREM BANANA;86
00600165702;0060016570;BISCUIT 4X4 KREM BANANA;3,6
00600167801;0060016780;BISCUIT 4X4 KREM CITRON;97
00600167802;0060016780;BISCUIT 4X4 KREM CITRON;4
00100054001;0010005400;BISCUIT 6 PETIT BEURRE LAIT;0
00100054002;0010005400;BISCUIT 6 PETIT BEURRE LAIT;0
00600152701;0060015270;BISCUIT 77 CREAM CHOCO;0
00600152702;0060015270;BISCUIT 77 CREAM CHOCO;0
00600152703;0060015270;BISCUIT 77 CREAM CHOCO;0
00100137301;0010013730;Biscuit bledor club  cremica;536
00100137302;0010013730;Biscuit bledor club  cremica;67
00100137303;0010013730;Biscuit bledor club  cremica;2,8
00600176101;0060017610;BISCUIT CHOCO CHAMP;5
00600176102;0060017610;BISCUIT CHOCO CHAMP;5
00600160701;0060016070;BISCUIT CHOCO GOF 12PCS*20;0
00600160702;0060016070;BISCUIT CHOCO GOF 12PCS*20;0
00600176201;0060017620;BISCUIT CHOCO LOVE;2
00600176202;0060017620;BISCUIT CHOCO LOVE;2
00100089701;0010008970;BISCUIT COCONUT PM;0
00100089702;0010008970;BISCUIT COCONUT PM;0
00600151201;0060015120;BISCUIT CREAM CHEERS;10
00600151202;0060015120;BISCUIT CREAM CHEERS;1
00100087501;0010008750;BISCUIT CREAM DUEX;0
00100087502;0010008750;BISCUIT CREAM DUEX;0
00600148701;0060014870;BISCUIT CREAM FRESH JAI KADA;0
00600148702;0060014870;BISCUIT CREAM FRESH JAI KADA;0
00600148601;0060014860;BISCUIT CREAM LATA;10
00600148602;0060014860;BISCUIT CREAM LATA;2
01800134301;0180013430;Biscuit creamy voila;0
01800134302;0180013430;Biscuit creamy voila;0
00600144701;0060014470;Biscuit creme veto  82g;3
00600144702;0060014470;Biscuit creme veto  82g;0,1
00600170601;0060017060;BISCUIT CREMELOCREMICA ASS 70G;18
00600170602;0060017060;BISCUIT CREMELOCREMICA ASS 70G;1,5
00600160901;0060016090;BISCUIT CREMO MIX 48PCS;0
00600160902;0060016090;BISCUIT CREMO MIX 48PCS;0
00600154001;0060015400;BISCUIT CRUNCH COATED WAFER;0
00600124701;0060012470;Biscuit Crunchy Wafer 75gx24;0
00600124702;0060012470;Biscuit Crunchy Wafer 75gx24;0
00100072201;0010007220;BISCUIT EN PIECE;0
00100078301;0010007830;BISCUIT FAMILY VANILLE;0
00100078302;0010007830;BISCUIT FAMILY VANILLE;0
00100074901;0010007490;BISCUIT FARILAC;0
00100074902;0010007490;BISCUIT FARILAC;0
00100010901;0010001090;BISCUIT FREGO POCKET ASS (PM);39
00100010902;0010001090;BISCUIT FREGO POCKET ASS (PM);1,8
00100069201;0010006920;BISCUIT GALETI CTN;1
00100069202;0010006920;BISCUIT GALETI CTN;0,1
00600156301;0060015630;BISCUIT GINGER;1
00600156302;0060015630;BISCUIT GINGER;0,1
00100078401;0010007840;BISCUIT GLUCOSE BE;0
00100078402;0010007840;BISCUIT GLUCOSE BE;0
00100051301;0010005130;BISCUIT GLUCOSE MILK FRESH;0
00100051302;0010005130;BISCUIT GLUCOSE MILK FRESH;0
00600137501;0060013750;Biscuit glucose pm Anita (Ass);0
00600137502;0060013750;Biscuit glucose pm Anita (Ass);0
00100087401;0010008740;Biscuit glucose zaza botra;0
00100087402;0010008740;Biscuit glucose zaza botra;0
00100012001;0010001200;BISCUIT HAPPY;0
00100012002;0010001200;BISCUIT HAPPY;0
00600160801;0060016080;BISCUIT HERO;324
00600160802;0060016080;BISCUIT HERO;13
00600182101;0060018210;BISCUIT ITALIANO 77*P/24X6;130
00600182102;0060018210;BISCUIT ITALIANO 77*P/24X6;5,4
00600182103;0060018210;BISCUIT ITALIANO 77*P/24X6;0,9
00600108601;0060010860;Biscuit kit choco pm;0
00100088101;0010008810;BISCUIT KIT COCO CHOCO PM;24
00100088102;0010008810;BISCUIT KIT COCO CHOCO PM;1,6
00600135201;0060013520;BISCUIT KIT COCO GM;0
00600135202;0060013520;BISCUIT KIT COCO GM;0
00600125301;0060012530;Biscuit lexus crackers;0
00100087301;0010008730;BISCUIT MAHABIBO;1
00100087302;0010008730;BISCUIT MAHABIBO;0,1
00100081701;0010008170;BISCUIT MAJOR;6
00100081702;0010008170;BISCUIT MAJOR;0,3
00600140201;0060014020;Biscuit malt'n milt energy;0
00600140202;0060014020;Biscuit malt'n milt energy;0
00600151601;0060015160;BISCUIT MARIA MAMMA MIA;32
00600151602;0060015160;BISCUIT MARIA MAMMA MIA;2,7
00100006601;0010000660;BISCUIT MARIE;0
00100006602;0010000660;BISCUIT MARIE;0
00600154801;0060015480;BISCUIT MARIE CLASSIC 9.5G;0
00600154802;0060015480;BISCUIT MARIE CLASSIC 9.5G;0
00100069301;0010006930;BISCUIT MARIE LONDON;0
00100069302;0010006930;BISCUIT MARIE LONDON;0
00100090801;0010009080;Biscuit marie pm;0
00100090802;0010009080;Biscuit marie pm;0
00100049901;0010004990;BISCUIT MARIE SPECIAL;0
00100046401;0010004640;BISCUIT MARIE SPECIAL OLD;0
00100046402;0010004640;BISCUIT MARIE SPECIAL OLD;0
00100011701;0010001170;BISCUIT MIAM PM;209
00100011702;0010001170;BISCUIT MIAM PM;13,9
00100198101;0010019810;BISCUIT MILAY BE CHOCO-FROMAGE 45PCS;4
00600139201;0060013920;BISCUIT MINI CREAM COOCKIES;0
00600139202;0060013920;BISCUIT MINI CREAM COOCKIES;0
00100087901;0010008790;BISCUIT NICE BLEU GM;1
00100087902;0010008790;BISCUIT NICE BLEU GM;0,1
00600199401;0060019940;BISCUIT NOOR'S WAFER ASS 7G;4
00600199801;0060019980;BISCUIT NOOR'S WAFER ASS EN PCS;58
00600193701;0060019370;BISCUIT RAMA CREAMZ MIX 48PCS;26
00600193702;0060019370;BISCUIT RAMA CREAMZ MIX 48PCS;0,5
00600158601;0060015860;BISCUIT ROCKERS SPARK HITRICK;0
00600158602;0060015860;BISCUIT ROCKERS SPARK HITRICK;0
00600128901;0060012890;Biscuit Ronaldo;0
00600128902;0060012890;Biscuit Ronaldo;0
00100057401;0010005740;BISCUIT SAÏDA WAFER;0
00100006701;0010000670;BISCUIT SAIDA WAFERZ;0
00100057901;0010005790;BISCUIT SALTO 15 GM;16
00100057902;0010005790;BISCUIT SALTO 15 GM;2,3
00100075401;0010007540;BISCUIT SALTO 6  PM;67
00100075402;0010007540;BISCUIT SALTO 6  PM;3,7
00600141301;0060014130;Biscuit smily creamz;0
00600141302;0060014130;Biscuit smily creamz;0
00100059701;0010005970;BISCUIT SUPER COCO;4
00100059702;0010005970;BISCUIT SUPER COCO;0,1
00600181301;0060018130;BISCUIT SUPER KREAMO MIX 48PCS;20
00600181302;0060018130;BISCUIT SUPER KREAMO MIX 48PCS;0,4
00100046301;0010004630;BISCUIT SUPER MARIE BE;1
00100046302;0010004630;BISCUIT SUPER MARIE BE;0,1
00100050001;0010005000;BISCUIT SUPER MARIE NEW;0
00600194201;0060019420;BISCUIT WAFER KISSKAT 14G;4
00600151501;0060015150;BISCUIT XL 77;0
00600151502;0060015150;BISCUIT XL 77;0
00600151503;0060015150;BISCUIT XL 77;0
00100006901;0010000690;BISCUIT YUM YUM;0
00100006902;0010000690;BISCUIT YUM YUM;0
00600124001;0060012400;BiscuitCrunchyWafer 75g;0
00600124002;0060012400;BiscuitCrunchyWafer 75g;0
00100058001;0010005800;BISCUITS BOLO KIDS;18
00100058002;0010005800;BISCUITS BOLO KIDS;0,8
00100053101;0010005310;BISKY UP;0
00100053102;0010005310;BISKY UP;0
00100132001;0010013200;Black hair;1
00100132002;0010013200;Black hair;0,1
00100132003;0010013200;Black hair;0
00100126601;0010012660;Black rose;37
00100126602;0010012660;Black rose;3,7
00100127301;0010012730;Bledilait croissance n°3 900g;0
00100127201;0010012720;Bledilait junior 800g;0
00100008201;0010000820;BLEU D'AZUR (boite);55
00100008202;0010000820;BLEU D'AZUR (boite);2,3
00100058801;0010005880;BOISSON BIG ANANAS GM;0
00100058802;0010005880;BOISSON BIG ANANAS GM;0
00100056501;0010005650;BOISSON BIG COLA 2L;0
00100056502;0010005650;BOISSON BIG COLA 2L;0
00100055501;0010005550;BOISSON BIG ORANGE GM;0
00100055502;0010005550;BOISSON BIG ORANGE GM;0
00100055601;0010005560;BOISSON BIG PM ANANAS;0
00100055602;0010005560;BOISSON BIG PM ANANAS;0
00100064701;0010006470;BOISSON BIG PM ORANGE;0
00100056401;0010005640;BOISSON DJINO COLA  125cl;0
00100056402;0010005640;BOISSON DJINO COLA  125cl;0
00100064401;0010006440;BOISSON DJINO COLA 35CL;0
00100052901;0010005290;BOISSON DJINO limonade 35cl;0
00100050301;0010005030;BOISSON DJINO ORANGE 35 CL PM;0
00100057301;0010005730;BOISSON DJINO TROPICAL 125cl;0
00100057302;0010005730;BOISSON DJINO TROPICAL 125cl;0
00100003201;0010000320;boisson gm 1.5 l;0
00100003202;0010000320;boisson gm 1.5 l;0
01900105801;0190010580;Boisson gm en pieces;0
01900103801;0190010380;Boisson mifangaro 1.5L;0
00100080901;0010008090;BOISSON moyenne 0.50 L;0
00100080902;0010008090;BOISSON moyenne 0.50 L;0
00100003301;0010000330;BOISSON PM;1
00100003302;0010000330;BOISSON PM;0,1
00100084901;0010008490;BOISSON PM 35 CL;1
00100084902;0010008490;BOISSON PM 35 CL;0,1
00100081101;0010008110;BOISSON XXL 35 CL EN PIECE;0
00600137001;0060013700;Bolo coeur;88
00600137002;0060013700;Bolo coeur;2,4
00600130701;0060013070;BOLO DONUT;23
00600130702;0060013070;BOLO DONUT;1,4
00100011901;0010001190;BOLO DUO;0
00100011902;0010001190;BOLO DUO;0
00100054201;0010005420;BOLO EN PIECE;0
00100067801;0010006780;BOLO ZOOM;137
00100067802;0010006780;BOLO ZOOM;5,7
01800110801;0180011080;BOMBON HOPPIN;0
01800198401;0180019840;BONBON AMBIC JAMMY FRUIT 100PCS;5
01800198301;0180019830;BONBON AMBIC KOFFITO  BOCAL 205PCS;5
01800198501;0180019850;BONBON AMBIC KOFFITO EN SHT 100PCS;5
00500036501;0050003650;BONBON ANGLAIS;0
00500036502;0050003650;BONBON ANGLAIS;0
01800168401;0180016840;BONBON ASSORTED CARAMEL EN SACHET;1
01800104001;0180010400;Bonbon assorted en sachet;0
01800104002;0180010400;Bonbon assorted en sachet;0
00100131401;0010013140;Bonbon assorted ju-c;0
01800138101;0180013810;BONBON BIG TIME RICH;36
01800138102;0180013810;BONBON BIG TIME RICH;1
00100017001;0010001700;BONBON BIZOU COEUR TONGUE;0
00100017002;0010001700;BONBON BIZOU COEUR TONGUE;0
01800171901;0180017190;BONBON BUBLE GUM PHASTILLIA;0
01800105001;0180010500;Bonbon caffee;8
01800177001;0180017700;BONBON CAR POP TONGUE PAINTER 5G;10
01800140001;0180014000;Bonbon choco gold coin;0
01800169001;0180016900;BONBON CHOCO MINT 2.0;0
00600138301;0060013830;BONBON CHOCO MOBILE BOCAL;0
00600138302;0060013830;BONBON CHOCO MOBILE BOCAL;0
00100017201;0010001720;BONBON COEUR KIDY;0
00100017202;0010001720;BONBON COEUR KIDY;0
01800156501;0180015650;BONBON COLA COLA LOLLIPOP;0
00100069401;0010006940;BONBON COOKIES BE;0
01800181501;0180018150;BONBON CRAYON BIG TOFFINGER FRUITLAND EN BOCAL;3
01800172601;0180017260;BONBON DOLLY LOLLY CHOCO;0
00100085301;0010008530;BONBON ECLAIRE POP;12
00100062701;0010006270;BONBON EN PIECE;0
00100047201;0010004720;BONBON ERLAN;0
00100100401;0010010040;Bonbon Erlan;5
00100100402;0010010040;Bonbon Erlan;0,2
00100069101;0010006910;BONBON FLAMINGO;0
01800125001;0180012500;Bonbon freshynes;6
01800144201;0180014420;Bonbon fruit chew toffee bocal;0
01800144202;0180014420;Bonbon fruit chew toffee bocal;0
01800125801;0180012580;Bonbon fruit chewy 600g;0
01800165501;0180016550;BONBON FRUIT CRUSH VETO ASS 2.65G;2
01800144101;0180014410;Bonbon fruit flash toffee bocal;0
01800144102;0180014410;Bonbon fruit flash toffee bocal;0
01800143501;0180014350;Bonbon fruit slice orange;0
01800143502;0180014350;Bonbon fruit slice orange;0
01800143503;0180014350;Bonbon fruit slice orange;0
01800141901;0180014190;BONBON FRUTO FILS;0
01800141902;0180014190;BONBON FRUTO FILS;0
01800141903;0180014190;BONBON FRUTO FILS;0
01800167401;0180016740;BONBON FRUTTA POP LOLLIPOP VETO;8
00100017301;0010001730;BONBON GLASS;0
00100017302;0010001730;BONBON GLASS;0
01800144301;0180014430;Bonbon gold 555 toffee bocal;0
01800144302;0180014430;Bonbon gold 555 toffee bocal;0
00100087601;0010008760;BONBON GOLDEN COIN CAR EN PIECE;0
01800120501;0180012050;bonbon huili toy candy;0
00100151301;0010015130;BONBON HUILI TOY CANDY EN PCS;0
01800177801;0180017780;BONBON JOK BE+5;6
00100015401;0010001540;bonbon Jok soda cola;160
00100015402;0010001540;bonbon Jok soda cola;2
01800159401;0180015940;BONBON KAMCO ELENOR;0
01800180701;0180018070;BONBON KEMLO CARAMILK EN BOCAL BLANC;4
01800180801;0180018080;BONBON KEMLO FRUIT PUNCH EN BOCAL;0
01800180901;0180018090;BONBON KEMLO MY BIRTHDAY EN BOCAL;5
01800181001;0180018100;BONBON KIDS DOUBLE TRUFFLE ASS EN BOCAL*8PCS;12
01800181002;0180018100;BONBON KIDS DOUBLE TRUFFLE ASS EN BOCAL*8PCS;1,5
01800137901;0180013790;BONBON KIDS JOY 65PCS;0
01800137902;0180013790;BONBON KIDS JOY 65PCS;0
01800157901;0180015790;BONBON KOFFICO;0
00100199101;0010019910;BONBON LOVE CHOCO BOCAL 100PCS;0
01800167301;0180016730;BONBON MILK DOUBLE DECKER KOFFRE;0
00500166301;0050016630;BONBON MILK LOLLIPOP NECTAR PM;2
00500166302;0050016630;BONBON MILK LOLLIPOP NECTAR PM;0,1
01800104501;0180010450;Bonbon milkiz vaovao;1
01800104502;0180010450;Bonbon milkiz vaovao;0
00100135401;0010013540;Bonbon milky cow veto;0
00100193601;0010019360;BONBON MOM BIG POP 8G;3
01800138201;0180013820;BONBON MY DOLL RICH;31
01800138202;0180013820;BONBON MY DOLL RICH;0,9
01800162001;0180016200;BONBON NYRA MY MILK MITHAI;4
00500166401;0050016640;BONBON NYRA MY MILK RABRI;3
01800159301;0180015930;BONBON NYRA TWINS;1
00100088801;0010008880;BONBON OPERA;2
01800144401;0180014440;Bonbon party bomb toffee bocal;0
01800144402;0180014440;Bonbon party bomb toffee bocal;0
01800156601;0180015660;BONBON PM EN PCS;0
01800116001;0180011600;Bonbon premium candy;0
01800116002;0180011600;Bonbon premium candy;0
01800125201;0180012520;Bonbon Premium candy @ sachet;0
01800119201;0180011920;BONBON PREMIUM CANDY EN PCS;0
01800123801;0180012380;Bonbon Premium tamarino;0
01800123802;0180012380;Bonbon Premium tamarino;0
00100098601;0010009860;Bonbon Racing car;4
00100190501;0010019050;BONBON RACING CAR;38
01800104801;0180010480;Bonbon racing car bocal;0
01800170701;0180017070;BONBON RAINBOW DRY FIGS;0
00100100101;0010010010;Bonbon ring lollipop;6
00100100102;0010010010;Bonbon ring lollipop;0,1
00100043601;0010004360;BONBON SIFFLET CHUPITO 50*20;31
00100043602;0010004360;BONBON SIFFLET CHUPITO 50*20;1,6
00100075101;0010007510;BONBON SIMON CANDY GIG FRUIT;0
01800120401;0180012040;Bonbon speed racing;0
00100062201;0010006220;BONBON SPRING FINGER;0
01800156401;0180015640;BONBON SPRINT LOLLIPOP;0
01800105501;0180010550;Bonbon star fan (helice);252
01800105502;0180010550;Bonbon star fan (helice);5
00100086701;0010008670;BONBON SUCETTE  FRUIT LOLLIPOP;0
00100086702;0010008670;BONBON SUCETTE  FRUIT LOLLIPOP;0
00100017101;0010001710;BONBON SUCETTE COLOMBINA PM;0
00100017102;0010001710;BONBON SUCETTE COLOMBINA PM;0
00500097701;0050009770;Bonbon Sucette kely milk lollipop;0
00100097702;0010009770;Bonbon Sucette kely milk lollipop;0
00100086801;0010008680;BONBON SUCETTE MILK LOLIPOP;0
01800131601;0180013160;Bonbon sucette pm choco caramel;0
01800131701;0180013170;Bonbon sucette pm choco vanilla;0
01800131801;0180013180;Bonbon sucette pm cola;0
01800138901;0180013890;BONBON SUCETTE ROZE POP;2
01800123701;0180012370;Bonbon supa filled;0
01800123702;0180012370;Bonbon supa filled;0
01800142101;0180014210;BONBON SUPER MILK CANDY;0
01800142102;0180014210;BONBON SUPER MILK CANDY;0
00600140601;0060014060;Bonbon sweet cup choco bocal;100
00600140602;0060014060;Bonbon sweet cup choco bocal;1
01800149201;0180014920;BONBON SWITCH POP;0
00100016701;0010001670;BONBON TAMARIN PM;0
00100016702;0010001670;BONBON TAMARIN PM;0
01800183201;0180018320;BONBON TAMARIND CONE POP;4
01800124101;0180012410;Bonbon tennis bubble gum bocal;0
01800124102;0180012410;Bonbon tennis bubble gum bocal;0
01800186601;0180018660;BONBON TENNIS GUM JOLLY BOY BOCAL*115PCS;5
01800140701;0180014070;Bonbon Tik tok gun vito;1
00100016801;0010001680;BONBON TONGUE LOLLIPOP;0
00100016802;0010001680;BONBON TONGUE LOLLIPOP;0
00100043701;0010004370;bonbon tongue mix fruit;0
00100043702;0010004370;bonbon tongue mix fruit;0
01800125101;0180012510;Bonbon top mint candy;0
01800105401;0180010540;Bonbon toy candy (basy);1
01800105402;0180010540;Bonbon toy candy (basy);0
01800183301;0180018330;BONBON TUTI SUCETTE;5
01800198201;0180019820;BONBON VINTAGE TRUFF CHOCO 1KG;5
00100078901;0010007890;BONBON YOLO POP;0
00100025101;0010002510;BONITA /CIKIDAY / BONITA COCO;1
00100025103;0010002510;BONITA /CIKIDAY / BONITA COCO;1
00100025102;0010002510;BONITA /CIKIDAY / BONITA COCO;1
00900035201;0090003520;BOUGIE 3 ETOILE;68
00900035202;0090003520;BOUGIE 3 ETOILE;1,4
00100062001;0010006200;BOUGIE ANITA;6
00100062002;0010006200;BOUGIE ANITA;0,1
00100033801;0010003380;BOUGIE BALIAKA;0
00100033802;0010003380;BOUGIE BALIAKA;0
00100039101;0010003910;BOUGIE CLASSIC GM;0
00100039102;0010003910;BOUGIE CLASSIC GM;0
00100028801;0010002880;BOUGIE GOLDEN GM;6
00100028802;0010002880;BOUGIE GOLDEN GM;0,1
00900042701;0090004270;BOUGIE LENA GM;2
00900042702;0090004270;BOUGIE LENA GM;0
00100094101;0010009410;BOUGIE MATEZA;2
00100094102;0010009410;BOUGIE MATEZA;0,1
00100004301;0010000430;BOUGIE MOYEN;0
00100004302;0010000430;BOUGIE MOYEN;0
00100004303;0010000430;BOUGIE MOYEN;0
00100039301;0010003930;BOUGIE MOYENNE GEFCO;0
00900143801;0090014380;Bougie nitro gm;1
00900143802;0090014380;Bougie nitro gm;0
00100138801;0010013880;BOUGIE NITRO PM;0
00100138802;0010013880;BOUGIE NITRO PM;0
00100004401;0010000440;BOUGIE PM;0
00100004402;0010000440;BOUGIE PM;0
00100128301;0010012830;Bracelet jump candy 9g;0
00100008101;0010000810;BRICQUET YES;2509
00100008102;0010000810;BRICQUET YES;50,2
00100008103;0010000810;BRICQUET YES;2,5
00100133801;0010013380;Brillant ring candy;5
00100034101;0010003410;BRIQUET;0
00100034102;0010003410;BRIQUET;0
00100043401;0010004340;BRIQUET BAREA;0
00100137601;0010013760;BRIQUET BIG STAR;0
00100137602;0010013760;BRIQUET BIG STAR;0
00100137603;0010013760;BRIQUET BIG STAR;0
00100147701;0010014770;BRIQUET GALAXY;16
00100147702;0010014770;BRIQUET GALAXY;1,3
00100194501;0010019450;BRIQUET NITRO LED*50;3
00100199301;0010019930;BRIQUET NITRO LED*50 EN PCS;45
00100030901;0010003090;BRIQUET OUI;11
00100030902;0010003090;BRIQUET OUI;0,6
00100057601;0010005760;BRIQUET OUI EN PIECE;0
00100074501;0010007450;BRIQUET STAR;0
00100104101;0010010410;Briquet voila;24
00100104102;0010010410;Briquet voila;1,2
00100106301;0010010630;BROSSE A DENT CARONA;0
00100091601;0010009160;Brosse a dent ciptadent;68
00100091602;0010009160;Brosse a dent ciptadent;5,7
00100091603;0010009160;Brosse a dent ciptadent;0,9
00100013201;0010001320;BROSSE A DENT COLGATE;0
00100013202;0010001320;BROSSE A DENT COLGATE;0
00100013301;0010001330;BROSSE A DENT CYPTADENT;0
00100013302;0010001330;BROSSE A DENT CYPTADENT;0
00100013303;0010001330;BROSSE A DENT CYPTADENT;0
00100115201;0010011520;BROSSE A DENT DR FUNGOS;0
00100193801;0010019380;BROSSE A DENT DR JOY FINNEST;8
00100159101;0010015910;BROSSE A DENT WHITE DOCTOR;0
00100157701;0010015770;BROSSE DENT ANITA;0
00100031901;0010003190;BROSSE DENT CIPTADENT;0
00100031902;0010003190;BROSSE DENT CIPTADENT;0
01900153701;0190015370;BROX COLA CANETTE 250L;59
01900153702;0190015370;BROX COLA CANETTE 250L;2,5
01900153801;0190015380;BROX ENERGY CANETTE 250L;11
01900153802;0190015380;BROX ENERGY CANETTE 250L;0,5
01900171401;0190017140;BROX ORANGE CANETTE 250ML;0
01900171402;0190017140;BROX ORANGE CANETTE 250ML;0
00100133501;0010013350;Bubble stick;0
00100133502;0010013350;Bubble stick;0
01800134401;0180013440;BUBBLE SWORD (ANIMAL);0
00100100301;0010010030;Buble circle;0
00100100302;0010010030;Buble circle;0
01800108701;0180010870;BUBLE CIRCLE EN PIECE;0
00100012601;0010001260;BUTERFULY BONBON  PAPILLON;0
00100153201;0010015320;Cafe capuccino Lemser;0
00100153202;0010015320;Cafe capuccino Lemser;0
00100142501;0010014250;Cafe Tsy lefy 20g;4
00100142502;0010014250;Cafe Tsy lefy 20g;0,1
00100142503;0010014250;Cafe Tsy lefy 20g;0
00100107601;0010010760;CAFE TSY LEFY 30G;0
00100142401;0010014240;Cafe Tsy lefy 30g;0
00100142402;0010014240;Cafe Tsy lefy 30g;0
00100142403;0010014240;Cafe Tsy lefy 30g;0
00100107501;0010010750;CAFE TSY LEFY20G;0
00100042401;0010004240;CAHIER  CALIGRAPHE 100p;0
00100114301;0010011430;CAHIER  TRIUMPH TSOTRA  100P GF;0
00100114302;0010011430;CAHIER  TRIUMPH TSOTRA  100P GF;0
00100027701;0010002770;CAHIER  TRIUMPH TSOTRA  200P GF;4
00100027702;0010002770;CAHIER  TRIUMPH TSOTRA  200P GF;0,3
00100040401;0010004040;CAHIER  TRIUMPH TSOTRA 100P PF;8
00100040402;0010004040;CAHIER  TRIUMPH TSOTRA 100P PF;0,4
00100027201;0010002720;Cahier 100p super;0
00100027202;0010002720;Cahier 100p super;0
00100093201;0010009320;CAHIER 100PAGES PF EN PIECE;0
00100093202;0010009320;CAHIER 100PAGES PF EN PIECE;0
00100067901;0010006790;CAHIER 200P SUPER  TOPS;0
00100093401;0010009340;CAHIER 200PAGES EN PIECE;0
00100093402;0010009340;CAHIER 200PAGES EN PIECE;0
02200161401;0220016140;CAHIER 200PAGES PF EN PIECE;0
00100093301;0010009330;CAHIER 50PAGES PF EN PIECE;0
00100093302;0010009330;CAHIER 50PAGES PF EN PIECE;0
00100045001;0010004500;CAHIER CHAMPION 100P;0
00100059301;0010005930;CAHIER CHAMPION 200P;0
00100059302;0010005930;CAHIER CHAMPION 200P;0
00100016003;0010001600;CAHIER CLASSINI;0
00100016001;0010001600;CAHIER CLASSINI;0
00100016002;0010001600;CAHIER CLASSINI;0
00100067001;0010006700;CAHIER DESSIN LAUREAT REF 100;0
00100042301;0010004230;CAHIER DIGITAL 200P;0
02200120001;0220012000;Cahier digital 50P*16;0
02200120002;0220012000;Cahier digital 50P*16;0
02200158801;0220015880;CAHIER ECOLAIRE 48P;0
00100115601;0010011560;CAHIER ECRITURE SUPER LOURD'S;0
02200195701;0220019570;CAHIER ECRITURE SUPER LOURD'S;4
00100026901;0010002690;CAHIER ELITE 100P;0
00100027001;0010002700;CAHIER ELITE 50 PGS;0
00100093601;0010009360;CAHIER FRANCE 100p;0
00100027601;0010002760;CAHIER HERCUL 50 PG;0
00100066201;0010006620;CAHIER LE BOSSEUR 100P;8
00100066202;0010006620;CAHIER LE BOSSEUR 100P;0,4
00100065701;0010006570;CAHIER LE BOSSEUR 200P;5
00100065702;0010006570;CAHIER LE BOSSEUR 200P;0,2
00100081601;0010008160;CAHIER NITRO 100P;0
00100085501;0010008550;CAHIER NITROLINE 100P PF;0
00100085601;0010008560;CAHIER NITROLINE 200p PF;0
00100085602;0010008560;CAHIER NITROLINE 200p PF;0
00100085701;0010008570;CAHIER NITROLINE 50P PF;0
00100065801;0010006580;CAHIER SCOLAIRE 100p (MIKOLO MASO);0
00100027301;0010002730;CAHIER SUPER 200P;0
00100041301;0010004130;CAHIER SUPER LORD 50GS EN PIECE;0
00100141501;0010014150;CAHIER SUPER LORD'S 100 PAGE;70
00100141502;0010014150;CAHIER SUPER LORD'S 100 PAGE;7
00100141503;0010014150;CAHIER SUPER LORD'S 100 PAGE;0,3
02200157001;0220015700;CAHIER SUPER LORD'S 200 PAGE;20
02200157002;0220015700;CAHIER SUPER LORD'S 200 PAGE;4
02200157003;0220015700;CAHIER SUPER LORD'S 200 PAGE;0,2
02200144001;0220014400;Cahier Super lord's 50 page;4
00100041101;0010004110;Cahier super tops 50p pf;0
00100047701;0010004770;CAHIER TRIUMPH 100P GRAND FORMAT EN PIECES;2
00100092901;0010009290;CAHIER TRIUMPH 200P GRAND FORMAT EN PIECES;0
00100092902;0010009290;CAHIER TRIUMPH 200P GRAND FORMAT EN PIECES;0
02200119701;0220011970;CAHIER TRIUMPH DESIGN 100P PF;8
02200119702;0220011970;CAHIER TRIUMPH DESIGN 100P PF;0,4
02200119801;0220011980;CAHIER TRIUMPH DESIGN 200P PF;4
02200119802;0220011980;CAHIER TRIUMPH DESIGN 200P PF;0,2
02200162201;0220016220;CAHIER TRIUMPH MOZAÏC 100P GF;18
02200162202;0220016220;CAHIER TRIUMPH MOZAÏC 100P GF;3
00100040901;0010004090;CAHIER TRIUMPH PLASTIC  200pPF;0
00100041001;0010004100;CAHIER TRIUMPH PLASTIC 100pGF;0
00100041401;0010004140;CAHIER TRIUMPH PLASTIC 200p EN PIECE;0
00100027801;0010002780;CAHIER TRIUMPH PLASTIQUE 100P GF;1
00100027802;0010002780;CAHIER TRIUMPH PLASTIQUE 100P GF;0,1
00100027401;0010002740;CAHIER TRIUMPH PLASTIQUE 100P PF;5
00100027402;0010002740;CAHIER TRIUMPH PLASTIQUE 100P PF;0,2
00100040801;0010004080;CAHIER TRIUMPH PLASTIQUE 200P GF;2
00100040802;0010004080;CAHIER TRIUMPH PLASTIQUE 200P GF;0,2
00100027501;0010002750;CAHIER TRIUMPH PLASTIQUE 200P PF;10
00100027502;0010002750;CAHIER TRIUMPH PLASTIQUE 200P PF;0,5
00100092601;0010009260;CAHIER TRIUMPH SCOLAIRE 100P;0
00100092602;0010009260;CAHIER TRIUMPH SCOLAIRE 100P;0
02200167501;0220016750;CAHIER TRIUMPH SCOLAIRE 200P;0
02200167502;0220016750;CAHIER TRIUMPH SCOLAIRE 200P;0
00100040201;0010004020;CAHIER TRIUMPH TSOTRA 200P PF;3
00100040202;0010004020;CAHIER TRIUMPH TSOTRA 200P PF;0,1
00100027101;0010002710;CAHIER TRIUMPH TSOTRA 50P PF;6
00100027102;0010002710;CAHIER TRIUMPH TSOTRA 50P PF;0,4
00100028901;0010002890;CAHIER TRIUMPH100p;0
00100098201;0010009820;Cahier triumph200pPF;0
00100041201;0010004120;CAHIERTRIUMPHPLASTIQUE100PGSEN PIECE;0
00100145601;0010014560;Candia le fromage 36*8;20
00100145602;0010014560;Candia le fromage 36*8;0,6
01800165201;0180016520;CANDY BONBON BONJOURNE COLA BOCAL;0
01800165301;0180016530;CANDY BONBON BONJOURNE FANTA BOCAL;0
01800165401;0180016540;CANDY BONBON BONJOURNE SPRINT BOCAL;1
00100128401;0010012840;Candy gloss 7g;1
01800135801;0180013580;Candy king fanta orange;0
01800135802;0180013580;Candy king fanta orange;0
00500168001;0050016800;CANDY UP 150 ML*30;0
00100049001;0010004900;CAPRICE BBA 1.5l;58
00100049002;0010004900;CAPRICE BBA 1.5l;9,7
00100077401;0010007740;CAPRICE BBA 50CL;6
00100056101;0010005610;CAPRICE FANTAS ANANAS 1.5l;0
00100056102;0010005610;CAPRICE FANTAS ANANAS 1.5l;0
00100077101;0010007710;CAPRICE FANTAS ANANAS PM 50CL;0
00100071101;0010007110;CAPRICE GRENADINE 1.5L;8
01900175201;0190017520;CAPRICE GRENADINE 1.5L;5
00100077201;0010007720;CAPRICE GRENADINE 50CL PM;0
00100068801;0010006880;CAPRICE POMME 1.5 L;0
00100076901;0010007690;CAPRICE POMME PM 50CL;0
00100076801;0010007680;CAPRICE SODA ORANGE  50CL;10
01900170401;0190017040;CAPRICE SODA ORANGE 1.5L;28
01900170402;0190017040;CAPRICE SODA ORANGE 1.5L;4,7
00100015901;0010001590;CARAMEL;1
00100015902;0010001590;CARAMEL;0
01800107901;0180010790;CARAMEL EN PIECE;0
00100114801;0010011480;CARBONATE;0
00100127501;0010012750;Carnet polo pqt de 15;1
02200158901;0220015890;CARNET RAINBOW PQT DE 15;15
00100030301;0010003030;CARNET SUPER PQT DE 15;0
00100009303;0010000930;CARRY;33
00100009301;0010000930;CARRY;1,6
00100009302;0010000930;CARRY;0,2
00500162401;0050016240;CARRY MOULU DOYPACK;0
02200199501;0220019950;CARTABLE ENFANT LISSE;5
02200199601;0220019960;CARTABLE ENFANT LUX;2
00100197601;0010019760;CEBON BOUILLON DE BOEUF CUBES;110
00100197602;0010019760;CEBON BOUILLON DE BOEUF CUBES;2,8
00100197603;0010019760;CEBON BOUILLON DE BOEUF CUBES;1,4
00100033501;0010003350;CEMENT LUCKY;0
00100185101;0010018510;CHAMPIGNON EUROPA 400G;5
00100065301;0010006530;CHEESE BALLS;2
00100090701;0010009070;CHEESSE RINGS;1
01800182501;0180018250;CHEWING BIG BUBBLE GUM TATOO3G;0
01800182502;0180018250;CHEWING BIG BUBBLE GUM TATOO3G;0
00100098301;0010009830;Chikito choco caramel;0
00100098302;0010009830;Chikito choco caramel;0
00100098401;0010009840;Chikito choco coco;1
00100098402;0010009840;Chikito choco coco;0
01800131501;0180013150;Chilli pop;2
01800143701;0180014370;CHOCO BALLS FOOTBALL VETO;0
01800143702;0180014370;CHOCO BALLS FOOTBALL VETO;0
01800143703;0180014370;CHOCO BALLS FOOTBALL VETO;0
00100079701;0010007970;CHOCO EN PIECE;0
00100100001;0010010000;Choco mini balls;20
00100100002;0010010000;Choco mini balls;0,1
00100147201;0010014720;CHOCO MINITELLA BOCAL;0
00100147202;0010014720;CHOCO MINITELLA BOCAL;0
01800155301;0180015530;CHOCODAY MINIS EN BOITE;0
00100088501;0010008850;CHOCOLAT BISCUIT;1
00100049701;0010004970;CHOCOLAT DUCREM;2
00100013701;0010001370;CHOCOLAT EMERALDE;0
00100199001;0010019900;CHOCOLAT EURO GOLD BOCAL 125PCS;5
01800177601;0180017760;CHOCOLAT GOLDEN HEART;0
00100081501;0010008150;CHOCOLAT MONTRE;0
00100128801;0010012880;Chocolate pen 10g;2
00100128802;0010012880;Chocolate pen 10g;0,1
00100025701;0010002570;CITRON BARRE NATIONAL 800G;0
00100025702;0010002570;CITRON BARRE NATIONAL 800G;0
00100061401;0010006140;CITRON FRAIS BARRE 750G;25
00100061402;0010006140;CITRON FRAIS BARRE 750G;2,1
01100176001;0110017600;CITRON FRAIS BARRE 800G;36
01100176002;0110017600;CITRON FRAIS BARRE 800G;2,2
00800035601;0080003560;Citron frais barre 900 gr;0
00800035602;0080003560;Citron frais barre 900 gr;0
00100096201;0010009620;Coca cola canette 300ml;19
00100096202;0010009620;Coca cola canette 300ml;0,8
01900113601;0190011360;COCA COLA PET 1.5L*6;0
01900170801;0190017080;COCA COLA PET 1.5L*6 VAO;46
01900170802;0190017080;COCA COLA PET 1.5L*6 VAO;7,7
01900113701;0190011370;COCA COLA PET 350ML*12;1
01900159901;0190015990;COCA COLA PET 50CL*12;84
01900159902;0190015990;COCA COLA PET 50CL*12;7
00100040101;0010004010;COLGATE 50ML 6*12;11
00100040102;0010004010;COLGATE 50ML 6*12;0,9
00100040103;0010004010;COLGATE 50ML 6*12;0,2
00100007701;0010000770;COLGATE GM        [ 100ml ~ 154 g ];34
00100007702;0010000770;COLGATE GM        [ 100ml ~ 154 g ];2,8
00100007703;0010000770;COLGATE GM        [ 100ml ~ 154 g ];0,7
02900161101;0290016110;COLGATE MAXIMUM CAVITY 100ML*72;0
02900161102;0290016110;COLGATE MAXIMUM CAVITY 100ML*72;0
02900161201;0290016120;COLGATE MAXIMUM CAVITY 25ML*144;59
02900161202;0290016120;COLGATE MAXIMUM CAVITY 25ML*144;4,9
00100063301;0010006330;COLGATE PM 50ML(77G);0
00100083701;0010008370;COLGATE TOTAL PRO 75ml EN PIECE;0
00100063201;0010006320;COLGATE TOTAL PRO 75ml(100G);0
00100182701;0010018270;COLLE SUPER GLUE 3G;2
00100052701;0010005270;Colombina jumbo sucette 1250g;0
00100052702;0010005270;Colombina jumbo sucette 1250g;0
00100065901;0010006590;COLOMBINA SUCETTE 816G;22
00100065902;0010006590;COLOMBINA SUCETTE 816G;1,4
00100010001;0010001000;COLORANT;0
00100010002;0010001000;COLORANT;0
00100179801;0010017980;COLORANT PARFUM NANDI'S CHOCOLATE;8
00100179802;0010017980;COLORANT PARFUM NANDI'S CHOCOLATE;0,7
00100179901;0010017990;COLORANT PARFUM NANDI'S ORANGE;18
00100179902;0010017990;COLORANT PARFUM NANDI'S ORANGE;1,5
01800155101;0180015510;COLORFUL JELLY CANDY;2
00100068401;0010006840;CONSIGNATION;0
00100015701;0010001570;CONTRE TOUT;35
00100015702;0010001570;CONTRE TOUT;0,9
00100070401;0010007040;CORDE N°2;4
00100070402;0010007040;CORDE N°2;0
00100070501;0010007050;CORDE N°3;4
00100070601;0010007060;CORDE N°4;5
00100070602;0010007060;CORDE N°4;0,1
00100070701;0010007070;CORDE N°6;5
00100018501;0010001850;CORRY PM;0
01700119601;0170011960;Couche bebeo culotte junior 5x28 n°5;0
01700119602;0170011960;Couche bebeo culotte junior 5x28 n°5;0
01700119501;0170011950;Couche bebeo culotte maxi 5x32 n°4;0
01700119502;0170011950;Couche bebeo culotte maxi 5x32 n°4;0
01700119401;0170011940;Couche bebeo culotte midi 5x36 n°3;0
01700119402;0170011940;Couche bebeo culotte midi 5x36 n°3;0
01700169901;0170016990;COUCHE BEBEO CULOTTE PANTS MAXI 4X32 N°4;6
01700169902;0170016990;COUCHE BEBEO CULOTTE PANTS MAXI 4X32 N°4;1,5
01700122701;0170012270;Couche bebeo maxi 4X32 n°4;0
01700122702;0170012270;Couche bebeo maxi 4X32 n°4;0
01700122801;0170012280;Couche bebeo midi 4X36 n°3;0
01700122802;0170012280;Couche bebeo midi 4X36 n°3;0
01700160401;0170016040;Couche calinou maxi 4*32 n°4;2
01700160402;0170016040;Couche calinou maxi 4*32 n°4;0,5
01700160501;0170016050;Couche calinou midi 4*36 n°3;0
01700160502;0170016050;Couche calinou midi 4*36 n°3;0
01700160601;0170016060;COUCHE CALINOU MINI 4*40 N°2;7
01700160602;0170016060;COUCHE CALINOU MINI 4*40 N°2;1,8
00100061601;0010006160;COUCHE CULOTTE SWEETY FIT PANTZ I8 MAXI;0
00100061602;0010006160;COUCHE CULOTTE SWEETY FIT PANTZ I8 MAXI;0
00100063601;0010006360;COUCHE CULOTTE SWEETY FIT PANTZ L1 MAXI;0
00100063602;0010006360;COUCHE CULOTTE SWEETY FIT PANTZ L1 MAXI;0
00100067701;0010006770;COUCHE CULOTTE SWEETY FIT PANTZ M9 MIDI;0
00100067702;0010006770;COUCHE CULOTTE SWEETY FIT PANTZ M9 MIDI;0
01700147601;0170014760;COUCHE MAVIS MAXI 10;6
01700147602;0170014760;COUCHE MAVIS MAXI 10;0,6
00100125601;0010012560;Couche molly maxi 4x32 n°4;1
00100125602;0010012560;Couche molly maxi 4x32 n°4;0,2
00100125501;0010012550;Couche molly midi 4x36 n°3;5
00100125502;0010012550;Couche molly midi 4x36 n°3;1,2
00100015301;0010001530;COUVERTURE VANILLE;9
00100015302;0010001530;COUVERTURE VANILLE;0,2
00100137801;0010013780;CRAIE BLANCHE TRI ONE;0
00100137802;0010013780;CRAIE BLANCHE TRI ONE;0
00100043801;0010004380;CRAIE BLANCHE XIA;0
00100043802;0010004380;CRAIE BLANCHE XIA;0
00100137701;0010013770;CRAIE COULEUR TRIO ONE;0
00100137702;0010013770;CRAIE COULEUR TRIO ONE;0
00100043901;0010004390;CRAIE COULEUR XIA;0
00100196201;0010019620;CRAIE HI BLANCHE 100PCS;10
00100196301;0010019630;CRAIE HI COULEUR 100PCS;4
00100154401;0010015440;CRAIE REFLEX BLANCHE;0
00100155001;0010015500;CRAIE REFLEX COULEUR;1
00600192001;0060019200;CREAM BISCUIT TIK TOK 50G*10*10;18
00600192002;0060019200;CREAM BISCUIT TIK TOK 50G*10*10;1,8
00600172401;0060017240;CREAM BISCUIT TIK TOK 70G;0
00600172402;0060017240;CREAM BISCUIT TIK TOK 70G;0
00600138401;0060013840;CREAM WAFER OYE BISCUITS;0
00600138402;0060013840;CREAM WAFER OYE BISCUITS;0
02400144801;0240014480;CREME MOUSQUITO DUDU 70G;23
02400144802;0240014480;CREME MOUSQUITO DUDU 70G;1,9
00100152801;0010015280;CREME MOUSQUITO FAMILY CARE;2
02400144901;0240014490;CREME MOUSQUITO FAMILY CARE 70G;10
02400144902;0240014490;CREME MOUSQUITO FAMILY CARE 70G;0,8
00100095301;0010009530;CRISPY CONE;0
00100095302;0010009530;CRISPY CONE;0
00600142001;0060014200;CRISPY CONE DY CONEO;1
00600142002;0060014200;CRISPY CONE DY CONEO;0
00600142003;0060014200;CRISPY CONE DY CONEO;0
00100081201;0010008120;CRISTALINE 100CL;0
01900106901;0190010690;CRISTALINE 1L;35
01900106902;0190010690;CRISTALINE 1L;4,4
00100127601;0010012760;Cristaline 200cl;0
01900137101;0190013710;Cristaline 2L;31
01900137102;0190013710;Cristaline 2L;5,2
00600131301;0060013130;Cristo;0
00100020201;0010002020;Croquette au fromage luxe  pm;0
00100108401;0010010840;Croquette au fromage luxe gm;0
01800134601;0180013460;CROWN LIGHT LOLLIPOP;5
00100095401;0010009540;CROWN ROSE 25G;3
01800181201;0180018120;CUBE CANDY WATER BOTTLE EN BOCAL*275PCS;2
01800181202;0180018120;CUBE CANDY WATER BOTTLE EN BOCAL*275PCS;0,2
00100067501;0010006750;CUVETTE KEPOLY GM;0
00100089601;0010008960;DANICA SWEEETWHIP;0
00100072701;0010007270;DARBEL CITRON 100 CL;0
00100075901;0010007590;DARBEL FRAISE 100CL;0
00100072601;0010007260;DARBEL GRENADINE 100CL;0
00100072901;0010007290;DARBEL MENTHE 100CL;0
00100073101;0010007310;DARBEL MENTHE 50CL;0
01800162601;0180016260;DAY & NIGHT BALLS KIDDIES 420G;2
00100069701;0010006970;Delice 28% lait entier 1kg;7
00100069702;0010006970;Delice 28% lait entier 1kg;0,9
00100080301;0010008030;Delice 28% lait entier 20g;1
00100080302;0010008030;Delice 28% lait entier 20g;0
00100069801;0010006980;Delice 28% lait entier 250g;34
00100069802;0010006980;Delice 28% lait entier 250g;1,1
00100080401;0010008040;Delice 28% lait entier 500g;16
00100080402;0010008040;Delice 28% lait entier 500g;1
00100098501;0010009850;Delice choco poudre 20g;0
00100125901;0010012590;Delice chocolat  poudre 400g;1
00100086201;0010008620;Delice chocolat poudre 200g*45;0
02900164301;0290016430;DENTIFRICE BOSIVO CHARCOAL 100ML;15
02900164302;0290016430;DENTIFRICE BOSIVO CHARCOAL 100ML;2,5
00100124301;0010012430;Dentifrice ciptadent 30g;4
00100124302;0010012430;Dentifrice ciptadent 30g;0,3
00100124201;0010012420;Dentifrice ciptadent 75G;3
02900198701;0290019870;DENTIFRICE DABUR HERB'L CHARCOAL 140G;12
02900198702;0290019870;DENTIFRICE DABUR HERB'L CHARCOAL 140G;1
02900198801;0290019880;DENTIFRICE DABUR HERB'L TOOTHPAST 140G MINT;12
02900198802;0290019880;DENTIFRICE DABUR HERB'L TOOTHPAST 140G MINT;2
02900192901;0290019290;DENTIFRICE DABUR HERBIL CLOVE 156G*8X6;19
02900192902;0290019290;DENTIFRICE DABUR HERBIL CLOVE 156G*8X6;3,2
02900192903;0290019290;DENTIFRICE DABUR HERBIL CLOVE 156G*8X6;0,4
02900157201;0290015720;DENTIFRICE MERIELCE 150G;228
02900157202;0290015720;DENTIFRICE MERIELCE 150G;38
02900157203;0290015720;DENTIFRICE MERIELCE 150G;3,2
00100024801;0010002480;DENTIFRICE SIGNAL;0
00100024802;0010002480;DENTIFRICE SIGNAL;0
00100024803;0010002480;DENTIFRICE SIGNAL;0
00100187801;0010018780;DEO EMOTION LOVE;4
00100187701;0010018770;DEO EMOTION OCEAN FRESH;4
00100187601;0010018760;DEO EMOTION ROMANCE;2
00100187501;0010018750;DEO EMOTION VIOLET KISS;4
00100187201;0010018720;DEO MY EGO APOLLO 200ML;5
00100187301;0010018730;DEO MY EGO RACE 200ML;3
00100187401;0010018740;DEO MY EGO WAVE 200ML;1
01800134101;0180013410;DINOSAUR BUBLE GUM;0
00100193001;0010019300;DOLPHIN CULOTTE JUNIOR 5X24 N°5;4
00100193002;0010019300;DOLPHIN CULOTTE JUNIOR 5X24 N°5;0,8
00100193101;0010019310;DOLPHIN CULOTTE MIDI 5X34 N°3;2
00100193102;0010019310;DOLPHIN CULOTTE MIDI 5X34 N°3;0,4
00100193201;0010019320;DOLPHIN CULOTTE TWIN MAXI 5X32 N°4;3
00100193202;0010019320;DOLPHIN CULOTTE TWIN MAXI 5X32 N°4;0,6
01800161601;0180016160;DOUBLE KOFFE BOCAL 240PCS;4
01800161602;0180016160;DOUBLE KOFFE BOCAL 240PCS;0,3
01800162301;0180016230;DOUBLE KOFFE EN SACHET;0
01800167601;0180016760;DOUBLE KOFFRE VETO(ORIZON CAFE)EN SACHET;3
01800167602;0180016760;DOUBLE KOFFRE VETO(ORIZON CAFE)EN SACHET;0,2
00100061301;0010006130;DR CONFORT COUCHE ADULTE 6 X L10;0
00100061302;0010006130;DR CONFORT COUCHE ADULTE 6 X L10;0
01800104601;0180010460;Drink bottle candy;22
01800104602;0180010460;Drink bottle candy;0,7
01800135701;0180013570;Dum dun gun 16*48;3
01800135702;0180013570;Dum dun gun 16*48;0,2
00400022001;0040002200;DURATA r20 (gm);45
00400022002;0040002200;DURATA r20 (gm);1,9
00400022101;0040002210;Durata r6 (pm);221
00400022102;0040002210;Durata r6 (pm);4,4
00100024301;0010002430;DYNAMIC;97
00100024302;0010002430;DYNAMIC;3,2
00100003601;0010000360;EAU VIVE 1.5l;49
00100003602;0010000360;EAU VIVE 1.5l;8,2
00100003701;0010000370;EAU VIVE 50CL;160
00100003702;0010000370;EAU VIVE 50CL;13,3
00100080801;0010008080;EAU VIVE GM EN PIECE;0
00100080701;0010008070;EAU VIVE PM EN PIECE;0
00100095501;0010009550;ELASTIQUE FLECHE;18
00100011401;0010001140;Elastique volo;9
00100015201;0010001520;EMBALLAGE VANILLE;8
02300117201;0230011720;Encaustique tselatra acajou;66
02300117202;0230011720;Encaustique tselatra acajou;1,8
02300117301;0230011730;Encaustique tselatra jaune;15
02300117302;0230011730;Encaustique tselatra jaune;0,4
02300117401;0230011740;Encaustique tselatra neutre;5
02300117402;0230011740;Encaustique tselatra neutre;0,1
02300117501;0230011750;Encaustique tselatra spacial;12
02300117502;0230011750;Encaustique tselatra spacial;0,3
00100014701;0010001470;ENCOSTIQUE JEWEL;9
00100014702;0010001470;ENCOSTIQUE JEWEL;0,4
00100032001;0010003200;ENCOSTIQUE TSOTRA BOIS;0
00100057801;0010005780;ENCOSTIQUE TSOTRA CIMENT;0
00100066901;0010006690;ENVELOPPE OFFICE 11X16;0
00100066902;0010006690;ENVELOPPE OFFICE 11X16;0
00100146301;0010014630;ENVELOPPES NITRO C6;500
00100146302;0010014630;ENVELOPPES NITRO C6;5
00100151101;0010015110;ENVELOPPES NITRO MOYENNE  FORMAT A5;100
00100151102;0010015110;ENVELOPPES NITRO MOYENNE  FORMAT A5;2
00100145201;0010014520;Enveloppes voila c6;0
00100020501;0010002050;ESSENCE;317,5
00100020502;0010002050;ESSENCE;15,9
00100020503;0010002050;ESSENCE;1,3
00400022401;0040002240;EVERLASTE GM;0
00400022402;0040002240;EVERLASTE GM;0
00400022501;0040002250;EVERLASTE PM;0
00400022502;0040002250;EVERLASTE PM;0
01100108001;0110010800;EX-40(EXTRA PROPRE BLANC 36PCS);6
01100108101;0110010810;EX-45(EXTRA PROPRE MARON 24 MX);0
00100086601;0010008660;EXPERT PROP'OR LIQUIDE VAISSELLE 1L CITRON;24
00100086602;0010008660;EXPERT PROP'OR LIQUIDE VAISSELLE 1L CITRON;3
00100005601;0010000560;EXTRA;0
00100005602;0010000560;EXTRA;0
01100136401;0110013640;Extra propre barre citron 800g;28
01100136402;0110013640;Extra propre barre citron 800g;2,3
01100129301;0110012930;Extra propre blanc 24pcs;0
00100035701;0010003570;EXTRA PROPRE BLEU [CITRON];17
01200102101;0120010210;Extra propre floral;16
00100143001;0010014300;Extra propre liquide vaisselle 1l;36
00100143002;0010014300;Extra propre liquide vaisselle 1l;3,6
00100076101;0010007610;FAMAFA;2
01000097001;0100009700;Famafa 907 manche blanc;0
00100095901;0010009590;FAMAFA ASIE;13
00100061501;0010006150;FAMAFA B11;0
01000145301;0100014530;Famafa brosse Ib;8
00100003801;0010000380;FAMAFA LUX;0
00100057001;0010005700;FAMAFA LUX 308;0
00100033001;0010003300;FAMAFA LUX VAO;0
00100033002;0010003300;FAMAFA LUX VAO;0
01000035401;0100003540;FAMAFA LUX VTP MM;0
00100025301;0010002530;FAMAFA TSOTRA;0
00100008901;0010000890;FANA TOMATE BOITE;358
00100008902;0010000890;FANA TOMATE BOITE;3,6
01900191501;0190019150;FANTA ANANAS PET 1.5L*6;27
01900191502;0190019150;FANTA ANANAS PET 1.5L*6;4,5
01900191601;0190019160;FANTA ANANAS PET 350ML;2
01900144601;0190014460;Fanta orange canette 300ml*24;13
01900144602;0190014460;Fanta orange canette 300ml*24;0,5
00100055701;0010005570;Fanta Orange pet 1,5 l*6;30
00100055702;0010005570;Fanta Orange pet 1,5 l*6;5
00100113101;0010011310;Fanta Orange pet 350ML*12;5
01900160101;0190016010;FANTA PASSION PET 1.5ML*6;0
01900160102;0190016010;FANTA PASSION PET 1.5ML*6;0
01900160001;0190016000;FANTA PASSION PET 350ML*12;36
01900160002;0190016000;FANTA PASSION PET 350ML*12;3
00100126901;0010012690;Fantastic spray  candy;0
00100078601;0010007860;FARILAC 400GR;5
00500155701;0050015570;FARILAC VANILLE 200G;15
00500155801;0050015580;FARILAC VANILLE 25G*100;9
00500155901;0050015590;FARILAC VANILLE 50G*120;17
00100044901;0010004490;FARINE BAREA;0
00100048701;0010004870;FARINE BAREA EN KG;0
00100001101;0010000110;FARINE EGYPTE;0
00100001102;0010000110;FARINE EGYPTE;0
00100001001;0010000100;FARINE ERIS;0
00100001002;0010000100;FARINE ERIS;0
01300120601;0130012060;Farine lafarina 25KG;0
00100001201;0010000120;FARINE LAFARINA 50 KG;467
00100001202;0010000120;FARINE LAFARINA 50 KG;9,3
00100082301;0010008230;Farine _lafarina en kilos;42,5
00100082302;0010008230;Farine _lafarina en kilos;0,8
00100004501;0010000450;FECULE 500G;4
00100004502;0010000450;FECULE 500G;0,1
00100071301;0010007130;FER 8;0
00100128201;0010012820;Finger pacifier 5g;4
01100180401;0110018040;FLOOR CLEANER KLIN SOL EN BTL ROSE 450ML;8
01100180501;0110018050;FLOOR CLEANER KLIN SOL EN BTL VERT 450ML;4
01100180601;0110018060;FLOOR CLEANER KLIN SOL EN BTL VIOLET 450ML;3
00100012801;0010001280;FONTERA BLEU;0
01800134201;0180013420;FOOTBALL CANDY;5
02700186701;0270018670;FRANCE COILS BLEU CAMPHRE;50
02700186702;0270018670;FRANCE COILS BLEU CAMPHRE;0,8
00100012301;0010001230;France coils jaune citron;157
00100012302;0010001230;France coils jaune citron;2,6
02700181701;0270018170;FRANCE COILS ROUGE BOIS DE SANTAL;25
02700181702;0270018170;FRANCE COILS ROUGE BOIS DE SANTAL;0,4
00100148101;0010014810;FRANCE COILS VERT MENTHE;53
00100148102;0010014810;FRANCE COILS VERT MENTHE;0,9
00100148201;0010014820;FRANCE COILS VIOLET LAVENDE;1
00100148202;0010014820;FRANCE COILS VIOLET LAVENDE;0
01800163701;0180016370;FROOTOLA CHOCLAND;0
01800163501;0180016350;FROTOLA PHONE 4U;3
01800179401;0180017940;FRU CHEW TOFFEE COCONUT EN BOCAL BLEU;2
01800179501;0180017950;FRU CHEW TOFFEE MILK EN BOCAL BLANC;1
01800179601;0180017960;FRU CHEW TOFFEE STRAWBERRY EN BOCAL ROSE;0
01800199701;0180019970;FRUIT FILLED CENTER CANDY *12;5
00100064501;0010006450;FRUTAS ACIDULADAS;0
00100048001;0010004800;FUNNY BIRDS;0
00100096501;0010009650;Gaine 12cm/100gramme;0
00100096601;0010009660;Gaine 14cm/100gramme;0
00100135101;0010013510;GAINE 15CM/100GRAMME;0
00100122601;0010012260;Gaine 6cm/100gramme;0
00100096701;0010009670;Gaine 8cm/100gramme;0
00600109401;0060010940;Galeti local;0
00100190001;0010019000;GAS'CARE GEL DOUCHE COCO MIEL 300ML;5
00100034201;0010003420;GAZ OIL;0
01800134001;0180013400;GIRA LENGUA CANDY;4
00100121401;0010012140;Global cracker tub ranch 227g;0
00600175301;0060017530;GLUCOSE COCONUT PM 30PCS*8;49
00600175302;0060017530;GLUCOSE COCONUT PM 30PCS*8;6,1
00100012101;0010001210;GLUCOSE GALAXY;0
00100012102;0010001210;GLUCOSE GALAXY;0
00600120201;0060012020;Glucose pm [angry bird];0
00600120202;0060012020;Glucose pm [angry bird];0
00600132201;0060013220;Glucose pm [assorted];0
00600132202;0060013220;Glucose pm [assorted];0
00100053301;0010005330;GLUCOSE PM [malt' n' milk ];0
00100053302;0010005330;GLUCOSE PM [malt' n' milk ];0
00600121801;0060012180;Glucose pm [Superman];176
00600121802;0060012180;Glucose pm [Superman];17,6
00600145001;0060014500;Gofrette swiss wafer;1
00600145002;0060014500;Gofrette swiss wafer;0
00600101901;0060010190;Gofrety 8;1
00600101902;0060010190;Gofrety 8;0,1
00600103501;0060010350;Gofrety ass pm;9
00600103502;0060010350;Gofrety ass pm;0,6
02400147901;0240014790;GOLD CURLY BOUCLES PARFAITES;100
02400147902;0240014790;GOLD CURLY BOUCLES PARFAITES;5
02400147903;0240014790;GOLD CURLY BOUCLES PARFAITES;0,5
00100070102;0010007010;GOLDEN COIN CHOCOLAT CAR;0
00100070101;0010007010;GOLDEN COIN CHOCOLAT CAR;0
00100146401;0010014640;GOLDY PLAQUAGE VOLO;100
00100146402;0010014640;GOLDY PLAQUAGE VOLO;5
00100146601;0010014660;GOLDY SERUM VOLO GINSENG;120
00100146602;0010014660;GOLDY SERUM VOLO GINSENG;6
00100146501;0010014650;GOLDY SHAMPOOING ANTI-PELLICULAIRE;120
00100146502;0010014650;GOLDY SHAMPOOING ANTI-PELLICULAIRE;6
01800104701;0180010470;Gomas mascar;85
01800104702;0180010470;Gomas mascar;2,8
00100062601;0010006260;GONY VIDE ATAO CONSIGNATION;0
00100079801;0010007980;GOUTY 6 LAIT BEURRE;14
00100079802;0010007980;GOUTY 6 LAIT BEURRE;1,2
00100112601;0010011260;GOUTY BEURRE GM;16
00100112602;0010011260;GOUTY BEURRE GM;2,3
00100082701;0010008270;GOUTY BISCUIT COMPLET;0
00600156101;0060015610;GOUTY CHO'COCO;0
00600156102;0060015610;GOUTY CHO'COCO;0
00100059401;0010005940;GOUTY COOKIES;1
00100059402;0010005940;GOUTY COOKIES;0,2
00100010701;0010001070;GOUTY D'OR GM;0
00100010702;0010001070;GOUTY D'OR GM;0
00100053901;0010005390;GOUTY DOR 6 PM;34
00100053902;0010005390;GOUTY DOR 6 PM;1,9
00100059601;0010005960;GOUTY DOR12 GM;0
00100059602;0010005960;GOUTY DOR12 GM;0
00100044701;0010004470;GOUTY GM EN PIECE;0
00500031101;0050003110;GOUTY GRANDI + 6;0
00500031102;0050003110;GOUTY GRANDI + 6;0
00100046101;0010004610;GOUTY GRANDI +6 LAIT;0
00100046102;0010004610;GOUTY GRANDI +6 LAIT;0
00600153601;0060015360;GOUTY LA GALETTE;41
00600153602;0060015360;GOUTY LA GALETTE;2
00100011101;0010001110;GOUTY lait  GM;32
00100011102;0010001110;GOUTY lait  GM;4,6
00500028501;0050002850;GOUTY MINI MADELEINE;0
00500028502;0050002850;GOUTY MINI MADELEINE;0
00500028503;0050002850;GOUTY MINI MADELEINE;0
00500032201;0050003220;GOUTY SABLE;22
00500032202;0050003220;GOUTY SABLE;2,8
00600182401;0060018240;GOUTY SABLEE COCO 4;42
00600182402;0060018240;GOUTY SABLEE COCO 4;5,2
00500033301;0050003330;GROS POIDS;0
00100091001;0010009100;GROS POIDS  @ KAPOAKA;180
00500102301;0050010230;Gros poids 50kg vao;1
00100128501;0010012850;Gun candy 3.5g;3
00100191001;0010019100;HADAY SIGNATURE OYSTER SAUCE 550G;11
00100191002;0010019100;HADAY SIGNATURE OYSTER SAUCE 550G;0,9
00300099501;0030009950;Haraka vert 50kg;0
00100121701;0010012170;Hoho big sticks;2
01800183401;0180018340;HOPPIN PE ICE CREAM STRAWBERRY 50P*12BAG;5
00100003001;0010000300;HUILE;0
00100003002;0010000300;HUILE;0
00100066801;0010006680;HUILE  CASTE SUNNY;24
00100066802;0010006680;HUILE  CASTE SUNNY;2
00100089501;0010008950;HUILE  TOURNESOL COEUR D'OR 1L;0
00100089502;0010008950;HUILE  TOURNESOL COEUR D'OR 1L;0
00500102801;0050010280;Huile alimentaire en litre;0
00500145701;0050014570;Huile caste evita 2l;0
00500145702;0050014570;Huile caste evita 2l;0
00500036301;0050003630;HUILE CASTE HUILOR;0
00500036302;0050003630;HUILE CASTE HUILOR;0
00100004101;0010000410;HUILE CASTE ZAIN;0
00100004102;0010000410;HUILE CASTE ZAIN;0
00100021001;0010002100;HUILE COCO  5L;0
00100021002;0010002100;HUILE COCO  5L;0
00500184301;0050018430;HUILE D'OLIVE ORKIDE 1L;4
00500184401;0050018440;HUILE D'OLIVE ORKIDE 500ML;4
00100112901;0010011290;HUILE DE SOJA ELVIA 1L;0
00100112902;0010011290;HUILE DE SOJA ELVIA 1L;0
00100088401;0010008840;HUILE DE SOJA HINA 0.5L;74
00100088402;0010008840;HUILE DE SOJA HINA 0.5L;6,2
00100004001;0010000400;Huile de soja hina 1l;81
00100004002;0010000400;Huile de soja hina 1l;6,8
00500168501;0050016850;HUILE DE TOURNESOL LAFATRA 1L;46
00500168502;0050016850;HUILE DE TOURNESOL LAFATRA 1L;3,8
00500123001;0050012300;Huile elvia 10l;0
00500123002;0050012300;Huile elvia 10l;0
00100095801;0010009580;HUILE EVITA 250CL;0
00100095802;0010009580;HUILE EVITA 250CL;0
00100003101;0010000310;Huile rajah en jerycan 20l;417
00100003102;0010000310;Huile rajah en jerycan 20l;20,9
00500145801;0050014580;HUILE TOURNESOL LUSSO 1L;0
00500145802;0050014580;HUILE TOURNESOL LUSSO 1L;0
00100112801;0010011280;HUILE TOURNESOL SUNLIFE 1L;0
00100112802;0010011280;HUILE TOURNESOL SUNLIFE 1L;0
00500157501;0050015750;HUILE TOURNESSOL OSCAR 1L*12;0
00500157502;0050015750;HUILE TOURNESSOL OSCAR 1L*12;0
01800163601;0180016360;ICE CREAM LOLLIPOP COLOFUL 8G;3
00100127101;0010012710;Ice pop drinks [Jus bocal];11
00100127102;0010012710;Ice pop drinks [Jus bocal];0,9
00100193401;0010019340;IMPEC  VAISSELLE  ASSORTI 50CLX12;11
00100193402;0010019340;IMPEC  VAISSELLE  ASSORTI 50CLX12;0,9
00100169301;0010016930;IMPEC GEL WC FLORAL 500ML;5
00100169201;0010016920;IMPEC GEL WC PIN VERT 500ML;2
01100173301;0110017330;IMPEC VAISSELLE FLEUR DE CERISIER MAXI 1LX12;9
01100173302;0110017330;IMPEC VAISSELLE FLEUR DE CERISIER MAXI 1LX12;0,8
01100190201;0110019020;IMPEC VAISSELLE MENTHE CITRON MAXI 1LX12;9
01100190202;0110019020;IMPEC VAISSELLE MENTHE CITRON MAXI 1LX12;0,8
01100190101;0110019010;IMPEC VAISSELLE POMME RAISIN MAXI 1LX12;6
01100190102;0110019010;IMPEC VAISSELLE POMME RAISIN MAXI 1LX12;0,5
00100157601;0010015760;INSECTICIDE ATTACK MULTI PROPOSE;11
02700190301;0270019030;INSECTICIDE PROCHITOX 300ML;5
02700190401;0270019040;INSECTICIDE PROCHITOX 600ML;1
00600182601;0060018260;ITALIANO 77;0
00100009701;0010000970;JABA;21
00100009702;0010000970;JABA;2,6
00500028401;0050002840;JADIDA 250g;18
00500028402;0050002840;JADIDA 250g;1,1
00100195201;0010019520;JADIDA 450G;4
01800134701;0180013470;JELLY BEAN;3
01800134702;0180013470;JELLY BEAN;0,2
01800157401;0180015740;JELLY DOUBLE EYE 3D;0
01800157402;0180015740;JELLY DOUBLE EYE 3D;0
01800169601;0180016960;JELLY DOUBLE EYE 3D en pcs;3
00100127001;0010012700;Jelly fruit en bocal 3*30pcs;0
00100127002;0010012700;Jelly fruit en bocal 3*30pcs;0
00100063801;0010006380;JELLY FRUIT EN BOCAL 30G*30PCS;0
00100063802;0010006380;JELLY FRUIT EN BOCAL 30G*30PCS;0
00100055301;0010005530;JELLY STICK;0
00100099801;0010009980;Jelly_cup;0
00100099802;0010009980;Jelly_cup;0
00100159701;0010015970;JERYCAN  VIDE 20L;0
02400128601;0240012860;Jojoba sara be;4
02400128602;0240012860;Jojoba sara be;0,1
02400128603;0240012860;Jojoba sara be;0
00500046901;0050004690;JOLLY JUS;0
00500046902;0050004690;JOLLY JUS;0
00100009901;0010000990;JUMBO POULET;0
00100009902;0010000990;JUMBO POULET;0
00100009903;0010000990;JUMBO POULET;0
00500030601;0050003060;JUMBO VIANDE;6
00500030602;0050003060;JUMBO VIANDE;0,2
00100178801;0010017880;JUMBO VOVONY POULET EN SHT*8G;6
00100012701;0010001270;JUMP GM;1
00100012702;0010001270;JUMP GM;0,3
00100008801;0010000880;JUS BOCAL;0
00100008802;0010000880;JUS BOCAL;0
01800164401;0180016440;JUS BRIQUET LIGHTER SPRAY  CANDY;0
00100181901;0010018190;JUS CANETTE CAPRICE  BBA 33CL;16
00100181902;0010018190;JUS CANETTE CAPRICE  BBA 33CL;0,7
00100181801;0010018180;JUS CANETTE CAPRICE  ORANGE 33CL;15
00100181802;0010018180;JUS CANETTE CAPRICE  ORANGE 33CL;0,6
00100055101;0010005510;JUS EN BOUTEILLE;0
00100055102;0010005510;JUS EN BOUTEILLE;0
00100055001;0010005500;JUS EN CLARINETTE;1
00100054901;0010005490;JUS EN POT;1
00100055201;0010005520;JUS EN SACHET;0
02200160201;0220016020;JUS FARAGELLO 200ML;2
00100103201;0010010320;Jus Golden;0
00100100901;0010010090;Jus Golden cocktail;0
00100101001;0010010100;Jus Golden coconut;0
00100101101;0010010110;Jus Golden fraise;0
00100101201;0010010120;Jus Golden lemon;1
00100186801;0010018680;JUS MINA  BANANA;3
00100186802;0010018680;JUS MINA  BANANA;0,1
00100074601;0010007460;Jus mina  cocktail;3
00100074602;0010007460;Jus mina  cocktail;0,1
00100186901;0010018690;JUS MINA  COLA;2
00100186902;0010018690;JUS MINA  COLA;0,1
00100187101;0010018710;JUS MINA COCONUT;10
00100187102;0010018710;JUS MINA COCONUT;0,4
00100187001;0010018700;JUS MINA ORANGE;3
00100187002;0010018700;JUS MINA ORANGE;0,1
00100008701;0010000870;JUS PUPETTE;0
00100008702;0010000870;JUS PUPETTE;0
00100008703;0010000870;JUS PUPETTE;0
01900139601;0190013960;Jus samia cola;0
00100138501;0010013850;Jus samia fraise;0
00100139701;0010013970;Jus samia lemon;0
00100139801;0010013980;Jus samia mandarine;0
00100139901;0010013990;Jus samia orange;0
00100049301;0010004930;JUS SHAMPART;0
00100033101;0010003310;JUS ST W;0
00100013601;0010001360;JUS TAMA;0
00500169101;0050016910;JUS VALORE ORANGE;0
00100001901;0010000190;KAFE;24
00100001902;0010000190;KAFE;6
00100001903;0010000190;KAFE;0,1
00100142701;0010014270;KAFE 50KG;0
00100032601;0010003260;KAFEZA @ SACHET;0
00100019201;0010001920;KALINA GM;0
00100019202;0010001920;KALINA GM;0
00100019301;0010001930;KALINA PM;0
00100019302;0010001930;KALINA PM;0
00100017701;0010001770;KANTO K12;0
00100017901;0010001790;KANTO K5;0
00100017902;0010001790;KANTO K5;0
00100017801;0010001780;KANTO K6;0
00500037101;0050003710;KATSAKA VAINGANY 50kg;0
00100002601;0010000260;KATSAKA VAINGANY EN KAPOAKA;187
00100002602;0010000260;KATSAKA VAINGANY EN KAPOAKA;1
00500103901;0050010390;Katsaka Voatoto vaovao 50kg;2
00500036201;0050003620;KATSAKA VOATOTO VAOVAO EN KAPOAKA;96
00500036202;0050003620;KATSAKA VOATOTO VAOVAO EN KAPOAKA;0,6
00100005401;0010000540;KEON;109
00100005402;0010000540;KEON;5,5
00100113401;0010011340;KETCHUP EUROPA 340G;0
00500145901;0050014590;Ketchup milana squeezy 340g;4
00500145902;0050014590;Ketchup milana squeezy 340g;0,2
01800181401;0180018140;KFP BIG TOFFEE CHOCO 200P*12BOITE;15
01800181402;0180018140;KFP BIG TOFFEE CHOCO 200P*12BOITE;1,2
01800178701;0180017870;KFP BIG TOFFEE COCONUT 200P;12
01800178702;0180017870;KFP BIG TOFFEE COCONUT 200P;1
01800172801;0180017280;KFP BIG TOFFEE COCONUT 200P*12BOITE;0
01800178601;0180017860;KFP BIG TOFFEE STRAWBERRY 200P;11
01800178602;0180017860;KFP BIG TOFFEE STRAWBERRY 200P;0,9
01800180301;0180018030;KFP FRUIT  ROLL TOFFEE 200PCS;4
01800168101;0180016810;KFP TOFFEE GOLD 888;14
00500167201;0050016720;KFP TOFFEE WORLD FLAVOURED;0
01800158101;0180015810;KIDS JOY EN BOITE 12*33PCS;95
01800158102;0180015810;KIDS JOY EN BOITE 12*33PCS;2,9
00100190901;0010019090;KIONG DARK SOY SAUCE 625ML;22
00100190902;0010019090;KIONG DARK SOY SAUCE 625ML;1,8
00100191101;0010019110;KIONG SAUCE HUITRES OYSTERS 700ML;12
00100191102;0010019110;KIONG SAUCE HUITRES OYSTERS 700ML;1
00100073801;0010007380;KISO FOHY CROCODILE;32
00100073802;0010007380;KISO FOHY CROCODILE;0,7
00100024101;0010002410;KISO FOHY_DIAMANT;0
00100024102;0010002410;KISO FOHY_DIAMANT;0
00100024001;0010002400;KISO LAVA  _DIAMANT;0
00100024002;0010002400;KISO LAVA  _DIAMANT;0
00100103601;0010010360;KISO LAVA CROCODILE;69
00100103602;0010010360;KISO LAVA CROCODILE;1,4
00100006801;0010000680;KLASS;0
00100005501;0010000550;KLIN en carton;5
01200171201;0120017120;KLIN SMART BLEU 30ML;29
01200171101;0120017110;KLIN SMART ROSE 30ML;44
00500143201;0050014320;Koba aina banana 35g;0
00500143202;0050014320;Koba aina banana 35g;0
00500143301;0050014330;Koba aina fraise 35g;0
00500143302;0050014330;Koba aina fraise 35g;0
00500143101;0050014310;Koba aina moosli 25g;4
00500143102;0050014310;Koba aina moosli 25g;0,1
00500143401;0050014340;Koba aina nature 35g;0
00500143402;0050014340;Koba aina nature 35g;0
00100082601;0010008260;KOBAM-BARY 50KG;3
00100002801;0010000280;Kobam-bary en kilos;4,7
00100002802;0010000280;Kobam-bary en kilos;0,1
00100016401;0010001640;KOPIKO;17
00100016402;0010001640;KOPIKO;0,7
00100192301;0010019230;KOPIKO CAFE BLACK 3 IN 1;12
00100192401;0010019240;KOPIKO CAFE BROWN 3 IN 1;15
00100074701;0010007470;KRAZY KREAMZ;32
00100074702;0010007470;KRAZY KREAMZ;0,7
00600099601;0060009960;Kreamy;0
00100075701;0010007570;KREAMY KRUNCH;0
00100091501;0010009150;KREAMY MIX EN PCE;0
00100091502;0010009150;KREAMY MIX EN PCE;0
00600099101;0060009910;Kreamy wafer biscuit;0
00100193501;0010019350;KREAMY WAFER BISCUITS;0
00600099201;0060009920;Kreamy wafer en paquet;0
00600099301;0060009930;Kreamy wafer en piece;25
00600110901;0060011090;KREAMY'N;0
00600110902;0060011090;KREAMY'N;0
00600111101;0060011110;KREAMY'N;0
00100112701;0010011270;KREAMY'N KRUNCH;3
00100112702;0010011270;KREAMY'N KRUNCH;0,5
00600111001;0060011100;KREAMY'N KRUNCH EN PIECES;1
00100082801;0010008280;KRIK KRAK;0
01800161701;0180016170;KWT DOUBLE DECKER;25
01800161702;0180016170;KWT DOUBLE DECKER;3,1
01800178401;0180017840;KWT DOUBLE TROUFFLE COCONUT;5
01800178402;0180017840;KWT DOUBLE TROUFFLE COCONUT;0,6
01800191301;0180019130;KWT DOUBLE TROUFFLE HAZELNUT EN BOCAL ORANGE;1
01800191302;0180019130;KWT DOUBLE TROUFFLE HAZELNUT EN BOCAL ORANGE;0,1
01800178501;0180017850;KWT DOUBLE TROUFFLE MILK JAUNE;0
01800178502;0180017850;KWT DOUBLE TROUFFLE MILK JAUNE;0
00500166701;0050016670;KWT TOFFE TRUFFLES 100 PCS;1
01800184101;0180018410;KWT TOFFEE FRUIT JAM DECKER 100PCS;5
00100082501;0010008250;LA VACHE QUI RIT 112G;44
00100082502;0010008250;LA VACHE QUI RIT 112G;1,2
00100044601;0010004460;LAME BIC;55
00100044602;0010004460;LAME BIC;2,8
00100154901;0010015490;LAME DORCO  TITAN SLT300;109
00100154902;0010015490;LAME DORCO  TITAN SLT300;5,5
00100070801;0010007080;LAME DORCO NEW PLATINUM ST300;0
00100091401;0010009140;LAME DORCO PLATINIUM EN PCE;0
00100091402;0010009140;LAME DORCO PLATINIUM EN PCE;0
00100114101;0010011410;LAME DORCO SUPER SHARP;0
00100006301;0010000630;LAVE MAIN MIRA;1
00100024701;0010002470;LAY SUPER MOUSTIQUAIRE;0
00100110001;0010011000;Le fruit jus 150ml*30;5
00100068601;0010006860;LE FRUIT JUS 1L;3
00100068602;0010006860;LE FRUIT JUS 1L;0,2
03000186501;0300018650;LEMON BUBBLE GUM EN BOCAL*115PCS;5
00500028301;0050002830;LEVURE CHIMIQUE JAUNE;0
00500028302;0050002830;LEVURE CHIMIQUE JAUNE;0
00500028303;0050002830;LEVURE CHIMIQUE JAUNE;0
00100009201;0010000920;LEVURE CHIMIQUE MENA;454
00100009202;0010000920;LEVURE CHIMIQUE MENA;22,7
00100009203;0010000920;LEVURE CHIMIQUE MENA;1,4
00100066001;0010006600;LEVURE HASMAYA 500g;19
00100066002;0010006600;LEVURE HASMAYA 500g;0,9
00100175401;0010017540;LEVURE HASMAYA PM 125G*12BTE*3;2
00100175402;0010017540;LEVURE HASMAYA PM 125G*12BTE*3;0,2
00100175403;0010017540;LEVURE HASMAYA PM 125G*12BTE*3;0,1
00100061101;0010006110;LEVURE IDEAL GM 500g;20
00100061102;0010006110;LEVURE IDEAL GM 500g;1
00100066101;0010006610;LEVURE IDEAL PAIN 125G*12*2;1
00100066102;0010006610;LEVURE IDEAL PAIN 125G*12*2;0,1
00100066103;0010006610;LEVURE IDEAL PAIN 125G*12*2;0
00500166201;0050016620;LIPSTICK CHOCO FLAVOR;7
01800124501;0180012450;Lollipop bonjour chocolate;0
01800124502;0180012450;Lollipop bonjour chocolate;0
01800123901;0180012390;Lollipop bonjour milk;1
01800123902;0180012390;Lollipop bonjour milk;0,1
01800123501;0180012350;Lollipop cefa big bonbon;0
01800123502;0180012350;Lollipop cefa big bonbon;0
01800147801;0180014780;LOLLIPOP FROSTY BOCAL;210
01800147802;0180014780;LOLLIPOP FROSTY BOCAL;3
01800147803;0180014780;LOLLIPOP FROSTY BOCAL;0,5
01800176901;0180017690;LOLLIPOP TIK TOK GUM STRAWBERRY 12G;1
00500097601;0050009760;lollipops hard candies fruit;4
00100016901;0010001690;LOVE DROPS;0
00100016902;0010001690;LOVE DROPS;0
00100122101;0010012210;Love heart pop;0
00500032401;0050003240;LOVE POP SUCETTE;1
00500032402;0050003240;LOVE POP SUCETTE;0
00100018701;0010001870;MABEL;0
00100018702;0010001870;MABEL;0
00100126301;0010012630;Macaraonie francia spirale;0
02800194901;0280019490;MACARONI ROSSINI FUSILLI 5KG;4
02800195001;0280019500;MACARONI ROSSINI SPIRAL 5KG;3
00100013001;0010001300;MACARONIE BAREA;0
00100084601;0010008460;MACARONIE BELLA VITA FUSILI;11
00100005201;0010000520;MACARONIE BELLA VITA SPIRALE;12
00500158401;0050015840;Macaronie bella vita spirales 4kg;0
00500141801;0050014180;MACARONIE BON PASTA  ELBOW;0
00500141701;0050014170;MACARONIE BON PASTA  FUSILLI;0
02800156201;0280015620;MACARONIE CHAMPION FUSILI 5KG;4
00100058701;0010005870;MACARONIE CHAMPION SPIRALE 5KG;4
00100013401;0010001340;MACARONIE FRANCIA;1
00100013402;0010001340;MACARONIE FRANCIA;0,1
00100160301;0010016030;MACARONIE FRANCIA COQUILLETTES 500G*20;0
00100126101;0010012610;Macaronie francia tortie 500g;0
00100126201;0010012620;Macaronie francia vermicelle 500g;4
02800173701;0280017370;MACARONIE FUSILI @KAPOAKA;47
00100126001;0010012600;Macaronie panzani fusilli 500g;4
02800184701;0280018470;MACARONIE PANZANI SPIRAL 500G;5
02800196401;0280019640;MACARONIE PASTALINO 5K DOUBLE TWISTE;4
02800196501;0280019650;MACARONIE PASTALINO 5K FUSILLI;4
00100037001;0010003700;MACARONIE ROSSINI;0
00100145401;0010014540;MACARONIE ROSSINI FUSIL 500G;0
00100145501;0010014550;MACARONIE ROSSINI SPIRAL 500G;5
00100082901;0010008290;MACARONIE SPIRALE @KAPOAKA;30
00100029101;0010002910;MAEVA E20;216
00100029102;0010002910;MAEVA E20;6
02000111601;0200011160;MAEVA E20 PCS;0
00100029301;0010002930;MAEVA M20;13
00100017501;0010001750;MAEVA M27;13
00100013801;0010001380;MAIS DOUX;1
00500136101;0050013610;Mamangout cube boeuf;1
00500136102;0050013610;Mamangout cube boeuf;0
00500136103;0050013610;Mamangout cube boeuf;0
00500158501;0050015850;MARGARINE JAD'OR 250G;13
00500158502;0050015850;MARGARINE JAD'OR 250G;0,5
00100194701;0010019470;MARKER DOLLAR NOIR;12
00100194702;0010019470;MARKER DOLLAR NOIR;1
00100183501;0010018350;MARKER DOLLAR ROUGE;17
00100183502;0010018350;MARKER DOLLAR ROUGE;1,4
00100197101;0010019710;MARSHMALLOWS CHOCO SANDWICH 13G;1
00100197401;0010019740;MARSHMALLOWS CHOCO SANDWICH 13G;26
00100197001;0010019700;MARSHMALLOWS COLORED SANDWICH 13G;1
00100197501;0010019750;MARSHMALLOWS COLORED SANDWICH 13G;30
00100034301;0010003430;MATEZA;0
00100034302;0010003430;MATEZA;0
01100038001;0110003800;MATEZA  M30 JAUNE;18
00100037601;0010003760;MAXAM ALOE VERA 50G;128
00100037602;0010003760;MAXAM ALOE VERA 50G;10,7
00100037603;0010003760;MAXAM ALOE VERA 50G;0,4
00100052401;0010005240;MAXAM BLANCHEUR;0
00100052402;0010005240;MAXAM BLANCHEUR;0
00100037701;0010003770;MAXAM CHARBON;560
00100037702;0010003770;MAXAM CHARBON;46,7
00100037703;0010003770;MAXAM CHARBON;1,9
00100085401;0010008540;MAXAM FLUOR 500G;0
00100007601;0010000760;MAXAM HERBAL;173
00100007602;0010000760;MAXAM HERBAL;14,4
00100026301;0010002630;MAXAM KELY;0
00100026302;0010002630;MAXAM KELY;0
00100052601;0010005260;MAXAM MENTHE;0
00100052602;0010005260;MAXAM MENTHE;0
00100146201;0010014620;MAXAM MOUTHWASH 100G;0
00100146202;0010014620;MAXAM MOUTHWASH 100G;0
00100052501;0010005250;MAXAM SOURIRE;0
00100052502;0010005250;MAXAM SOURIRE;0
00100007501;0010000750;MAXAM TRIPLE ACTION;896
00100007502;0010000750;MAXAM TRIPLE ACTION;74,7
00100007503;0010000750;MAXAM TRIPLE ACTION;3,1
00100035901;0010003590;MAXAM VITAMIN;0
00100035902;0010003590;MAXAM VITAMIN;0
00100035301;0010003530;MAXAM VITAMINE;0
00100035302;0010003530;MAXAM VITAMINE;0
00500098901;0050009890;Mayonnaise lesieur 475g;0
00500098902;0050009890;Mayonnaise lesieur 475g;0
00500099001;0050009900;Mayonnaise lesieur 710g;0
00500099002;0050009900;Mayonnaise lesieur 710g;0
02000112001;0200011200;MEAVA M27 EN PCS;0
00100058301;0010005830;MENA BOLO GOLDY PM;0
00100006101;0010000610;MENA-BOLO GM;0
00100006102;0010000610;MENA-BOLO GM;0
00100006103;0010000610;MENA-BOLO GM;0
00100084301;0010008430;Menabolo aloe vera family care 200g;1
00100084302;0010008430;Menabolo aloe vera family care 200g;0,2
00100084303;0010008430;Menabolo aloe vera family care 200g;0
00100106101;0010010610;Menabolo aloe vera family care 25g;9
02400106102;0240010610;Menabolo aloe vera family care 25g;0,9
02400177401;0240017740;MENABOLO AVOCAT ALOE VERA 200G;11
02400177402;0240017740;MENABOLO AVOCAT ALOE VERA 200G;1,8
02400155601;0240015560;MENABOLO AVOCAT GM;16
02400155602;0240015560;MENABOLO AVOCAT GM;2,7
02400155603;0240015560;MENABOLO AVOCAT GM;0,3
02400129901;0240012990;Menabolo baby care formula 55g;0
00100083801;0010008380;MENABOLO BABY CARE GMMM;6
00100083802;0010008380;MENABOLO BABY CARE GMMM;1
02400152901;0240015290;MENABOLO BANANE 200G;0
02400152902;0240015290;MENABOLO BANANE 200G;0
00100116101;0010011610;Menabolo banane 50g;5
00100116102;0010011610;Menabolo banane 50g;0,5
02400129601;0240012960;Menabolo baobab 50g;0
02400153001;0240015300;MENABOLO BEAUTY CARE ALOE VERA 200G;0
02400153002;0240015300;MENABOLO BEAUTY CARE ALOE VERA 200G;0
02400176601;0240017660;MENABOLO BEAUTY CARE ALOE VERA 50G;5
02400130001;0240013000;Menabolo beauty care avocat 50g;3
02400155501;0240015550;MENABOLO BEAUTY CARE CAROTTE 200G;0
02400155502;0240015550;MENABOLO BEAUTY CARE CAROTTE 200G;0
02400155503;0240015550;MENABOLO BEAUTY CARE CAROTTE 200G;0
00100101601;0010010160;Menabolo beauty care carotte 50g;192
00100101602;0010010160;Menabolo beauty care carotte 50g;16
00100101603;0010010160;Menabolo beauty care carotte 50g;1,6
02400129801;0240012980;Menabolo beauty care jojoba 50g;1
02400174001;0240017400;MENABOLO BODY LUX 25G_;3
02400174002;0240017400;MENABOLO BODY LUX 25G_;0,3
02400183001;0240018300;MENABOLO BODY LUX CHARMING 50G;14
02400183002;0240018300;MENABOLO BODY LUX CHARMING 50G;1,4
02400177501;0240017750;MENABOLO BODY LUX DESIRE 50G;4
02400183101;0240018310;MENABOLO BODY LUX SWAHIBA 50G;10
02400183102;0240018310;MENABOLO BODY LUX SWAHIBA 50G;1
00100083901;0010008390;Menabolo body lux_gm;0
00100083902;0010008390;Menabolo body lux_gm;0
00100079301;0010007930;Menabolo body lux_pm;1
00100079302;0010007930;Menabolo body lux_pm;0,1
02400135301;0240013530;MENABOLO BOSS 200G;27
02400135302;0240013530;MENABOLO BOSS 200G;4,5
02400129701;0240012970;Menabolo boss 50g;0
00100103301;0010010330;Menabolo Boss gm;0
02400118701;0240011870;MENABOLO CAROTTE 200G;1
02400118702;0240011870;MENABOLO CAROTTE 200G;0,2
02400118703;0240011870;MENABOLO CAROTTE 200G;0
02400118801;0240011880;MENABOLO COCOA BUTTER 50G;9
02400118802;0240011880;MENABOLO COCOA BUTTER 50G;0,9
00100084001;0010008400;MENABOLO COCOA BUTTER GM;4
00100084002;0010008400;MENABOLO COCOA BUTTER GM;0,7
00100087701;0010008770;MENABOLO COCONUT  GM;42
00100087702;0010008770;MENABOLO COCONUT  GM;7
00100087801;0010008780;MENABOLO COCONUT PM;3
02400177101;0240017710;MENABOLO DAY TODAY CAROTTE 50G;7
02400177102;0240017710;MENABOLO DAY TODAY CAROTTE 50G;0,7
02400186101;0240018610;MENABOLO ELLA ALOEVERA 55G;5
02400186102;0240018610;MENABOLO ELLA ALOEVERA 55G;0,5
02400118901;0240011890;MENABOLO ELLA PM 55G;4
02400118902;0240011890;MENABOLO ELLA PM 55G;0,4
00100094301;0010009430;MENABOLO GM;0
00100094302;0010009430;MENABOLO GM;0
02400146701;0240014670;MENABOLO GOLDY KINANA FAREHITRA;0
02400146702;0240014670;MENABOLO GOLDY KINANA FAREHITRA;0
02400146901;0240014690;MENABOLO GOLDY ORANGE AMANDES;100
02400146902;0240014690;MENABOLO GOLDY ORANGE AMANDES;5
02400146801;0240014680;MENABOLO GOLDY VERT JOJOBA;40
02400146802;0240014680;MENABOLO GOLDY VERT JOJOBA;2
02400147001;0240014700;MENABOLO GOLDY VERT KARITE;20
02400147002;0240014700;MENABOLO GOLDY VERT KARITE;1
00100106001;0010010600;Menabolo madame 25g;2
02400106002;0240010600;Menabolo madame 25g;0,2
02400129501;0240012950;Menabolo madame desire 50g;6
02400129502;0240012950;Menabolo madame desire 50g;0,6
00100084101;0010008410;MENABOLO MADAME GM;1
00100084102;0010008410;MENABOLO MADAME GM;0,2
00100084103;0010008410;MENABOLO MADAME GM;0
02400173901;0240017390;MENABOLO MADAME GOLD 25G;5
02400173902;0240017390;MENABOLO MADAME GOLD 25G;0,5
00100088201;0010008820;MENABOLO MADAME PM;48
00100088202;0010008820;MENABOLO MADAME PM;4
00100088203;0010008820;MENABOLO MADAME PM;0,4
00100079201;0010007920;MENABOLO MALIKLA  PM;0
00100079202;0010007920;MENABOLO MALIKLA  PM;0
00100085201;0010008520;Menabolo moringa young gm;23
00100085202;0010008520;Menabolo moringa young gm;3,8
00100098101;0010009810;MENABOLO PM;0
00100098102;0010009810;MENABOLO PM;0
00100087101;0010008710;MENABOLO PODOA GM;1
00100087102;0010008710;MENABOLO PODOA GM;0,2
00100058201;0010005820;MENABOLO PODOA PM;0
00100058202;0010005820;MENABOLO PODOA PM;0
00100107701;0010010770;MENABOLO SHEA BUTTER EN PIECE;0
00100103401;0010010340;Menabolo shea butter gm;0
00100118001;0010011800;MENABOLO SHEA BUTTER PM 50G*12;10
00100118002;0010011800;MENABOLO SHEA BUTTER PM 50G*12;1
00100083401;0010008340;MENABOLO SHEA COCOA GM;48
00100083402;0010008340;MENABOLO SHEA COCOA GM;8
02400083403;0240008340;MENABOLO SHEA COCOA GM;1
02400118601;0240011860;MENABOLO SKALA GM 200G;16
02400118602;0240011860;MENABOLO SKALA GM 200G;2,7
02400118603;0240011860;MENABOLO SKALA GM 200G;0,3
02400191401;0240019140;MENABOLO SKALA HERBAL 60ML;10
02400191402;0240019140;MENABOLO SKALA HERBAL 60ML;1
00100104901;0010010490;Menabolo skala pm;0
02400174201;0240017420;MENABOLO STELLA 25G;4
02400174202;0240017420;MENABOLO STELLA 25G;0,4
02400118301;0240011830;Menabolo stella gm;20
02400118302;0240011830;Menabolo stella gm;3,3
02400118303;0240011830;Menabolo stella gm;0,4
00100101701;0010010170;Menabolo stella pm;120
00100101702;0010010170;Menabolo stella pm;10
00100101703;0010010170;Menabolo stella pm;1
00100123601;0010012360;Menabolo vao coco;10
00100123602;0010012360;Menabolo vao coco;0,8
00100079501;0010007950;MENABOLO VESTLIN PM;0
02400173801;0240017380;MENABOLO VESTLIN POMMADE 25G;3
02400173802;0240017380;MENABOLO VESTLIN POMMADE 25G;0,3
02400118501;0240011850;MENABOLO VESTLINE GARLIC GM 200G;6
02400118502;0240011850;MENABOLO VESTLINE GARLIC GM 200G;1
02400118503;0240011850;MENABOLO VESTLINE GARLIC GM 200G;0,1
00100084201;0010008420;MENABOLO VESTLINE GM;0
00100084202;0010008420;MENABOLO VESTLINE GM;0
02400177301;0240017730;MENABOLO VESTLINE HAIR FOOD AVOCADO 240ML;4
02400177302;0240017730;MENABOLO VESTLINE HAIR FOOD AVOCADO 240ML;0,7
02400174101;0240017410;MENABOLO VESTLINE HAIRE POMMADE 60ML;8
02400174102;0240017410;MENABOLO VESTLINE HAIRE POMMADE 60ML;0,8
02400130101;0240013010;Menabolo vestline pommade gm;10
02400130102;0240013010;Menabolo vestline pommade gm;1,7
02400118401;0240011840;MENABOLO VIOCARE GM 200G;9
02400118402;0240011840;MENABOLO VIOCARE GM 200G;1,5
02400118403;0240011840;MENABOLO VIOCARE GM 200G;0,2
02400142801;0240014280;Menaka kinana papaye sara be;0
02400142802;0240014280;Menaka kinana papaye sara be;0
02400142803;0240014280;Menaka kinana papaye sara be;0
02400142901;0240014290;Menaka kinana sara be;120
02400142902;0240014290;Menaka kinana sara be;2
02400142903;0240014290;Menaka kinana sara be;0,2
00100147401;0010014740;MIKI BALLS KIDDIES BOCAL;0
00100051701;0010005170;MILANA POULET;0
00100197901;0010019790;MILAY BE ROULEAU DE COQUILLAGE 24PCS*20;4
01800145101;0180014510;Milk Choco cube bocal;600
01800145102;0180014510;Milk Choco cube bocal;3
01800145103;0180014510;Milk Choco cube bocal;0,2
01800149001;0180014900;MILK PASTE LIKME-LIKME;6
00100070201;0010007020;MILK _ STICK;0
01800162501;0180016250;MILKI BALLS KIDDIES 420G;1
00500139401;0050013940;Milky creamer monde 15g;1
00100092501;0010009250;MIMI SNACKS;0
00100011801;0010001180;MINI CHOCO;147
00100011802;0010001180;MINI CHOCO;4,1
00600130801;0060013080;MINI CHOCO 16 CARE;2
00600130802;0060013080;MINI CHOCO 16 CARE;0,2
00600140501;0060014050;Mini cracker cheese flavoured 227g;0
00600185301;0060018530;MINI CRACKER CHEESSE FLAVOURED TUB 227G;0
00100096301;0010009630;Mini jelly stick;0
01800171701;0180017170;MINIONS JELLY SMALLONS FRUIT;0
00100031001;0010003100;MIRA  VAISSELLE 500 ML PM;3
00100031002;0010003100;MIRA  VAISSELLE 500 ML PM;0,2
00100036101;0010003610;MIRA LIQUIDE VAISSELLE 750ML;7
00100036102;0010003610;MIRA LIQUIDE VAISSELLE 750ML;0,9
01100142201;0110014220;Mira maika assorti 1/4l;37
01100142202;0110014220;Mira maika assorti 1/4l;2,5
00100006401;0010000640;MIRA MAX ULTRA DEGRAISSANT 1 L;13
00100006402;0010000640;MIRA MAX ULTRA DEGRAISSANT 1 L;1,6
00100092701;0010009270;MIRA NETTOYANT WC 750ML;0
00100016301;0010001630;MISTER BOOM;20
00100016302;0010001630;MISTER BOOM;1,2
03000164201;0300016420;MISTER BOOM ELASTICO;36
03000164202;0300016420;MISTER BOOM ELASTICO;2,2
01800133301;0180013330;Mix fruit kiddo;0
01800133302;0180013330;Mix fruit kiddo;0
01800156901;0180015690;MIX FRUIT POP ROYALE;0
01800156902;0180015690;MIX FRUIT POP ROYALE;0
00100107001;0010010700;MOLFIX 10X7 N°5;0
00100044201;0010004420;MOLFIX CULOTTE MIDI 4 X31 PCES;0
00100044202;0010004420;MOLFIX CULOTTE MIDI 4 X31 PCES;0
00100044301;0010004430;MOLFIX CULOTTES TWIN MAXI 4x32 n°4;1
00100044302;0010004430;MOLFIX CULOTTES TWIN MAXI 4x32 n°4;0,2
00100107201;0010010720;MOLFIX JUNIOR 10X17 N°5 B;0
00100107202;0010010720;MOLFIX JUNIOR 10X17 N°5 B;0
00100091801;0010009180;MOLFIX JUNIOR 4X30 N°5;0
00100091802;0010009180;MOLFIX JUNIOR 4X30 N°5;0
00100088701;0010008870;MOLFIX MIDI 10X9 N°3;0
00100088702;0010008870;MOLFIX MIDI 10X9 N°3;0
00100059101;0010005910;MOLFIX PANTS CULOTTES MIDI 4X36 n°3;4
00100059102;0010005910;MOLFIX PANTS CULOTTES MIDI 4X36 n°3;1
00100053701;0010005370;MOLFIX SMALL PANTS MAXI 8 X8 PCES;0
00100053702;0010005370;MOLFIX SMALL PANTS MAXI 8 X8 PCES;0
00100007401;0010000740;MOLPED;0
02700153301;0270015330;Mosquito anita citronel;0
02700153302;0270015330;Mosquito anita citronel;0
02700153303;0270015330;Mosquito anita citronel;0
00100012201;0010001220;MOSQUITO ATTACK;78
00100012202;0010001220;MOSQUITO ATTACK;1,3
00100012401;0010001240;MOSQUITO BIG TOX;0
00100012402;0010001240;MOSQUITO BIG TOX;0
02700154101;0270015410;MOSQUITO FRANCE STICK;10
00100012501;0010001250;MOSQUITO FUMAKILA;0
00100012502;0010001250;MOSQUITO FUMAKILA;0
00100064801;0010006480;MOUCHOIR A JETER BLANC;8
00100032101;0010003210;MOUCHOIR A JETER FAMILIA;0
00100109201;0010010920;MOUCHOIR TOP;0
01800172201;0180017220;NECT CHOCO CARAMEL POP EN SHT;0
01800136001;0180013600;Nect Yum yum orange 20*50pces;0
01800136002;0180013600;Nect Yum yum orange 20*50pces;0
00100183601;0010018360;NESCAFE CLASSIC EN BOCAL 50G;0
00100183602;0010018360;NESCAFE CLASSIC EN BOCAL 50G;0
00100182301;0010018230;NESCAFE CLASSIC EN SACHET 1.5G;25
00100182302;0010018230;NESCAFE CLASSIC EN SACHET 1.5G;0,3
00500162101;0050016210;NESQUICK 420G;0
00100182201;0010018220;NESQUIK 200G;8
00100121601;0010012160;Nesquik 500g;0
00100006501;0010000650;NET'OI;0
00100006502;0010000650;NET'OI;0
00100120901;0010012090;Nickel gel WC 500ml;0
00100120902;0010012090;Nickel gel WC 500ml;0
00100120801;0010012080;Nickel lave sol 1l;0
00100120802;0010012080;Nickel lave sol 1l;0
00100148501;0010014850;NICKEL LAVE VITRES 750ML;0
00100148502;0010014850;NICKEL LAVE VITRES 750ML;0
00100057701;0010005770;NICKEL VAISSELLE 1l EN PIECE;0
00100101401;0010010140;Nickel Vaisselle 1L verte;11
00100101402;0010010140;Nickel Vaisselle 1L verte;0,7
01100177901;0110017790;NICKEL VAISSELLE 1L*12 JAUNE CITRON;58
01100177902;0110017790;NICKEL VAISSELLE 1L*12 JAUNE CITRON;4,8
00100060001;0010006000;NICKEL VAISSELLE 500ML;14
00100060002;0010006000;NICKEL VAISSELLE 500ML;1,2
00100018801;0010001880;Nosy b;85
00100018802;0010001880;Nosy b;3,1
00100019401;0010001940;NOSY B52 EN BARRE;25
00100019402;0010001940;NOSY B52 EN BARRE;2,1
00100028101;0010002810;NOSY CARRE;0
00100028102;0010002810;NOSY CARRE;0
00100018201;0010001820;NOSY CARRE P8P;35
00100018202;0010001820;NOSY CARRE P8P;1,5
00100025501;0010002550;NOSY KELLY;154
00100025502;0010002550;NOSY KELLY;2,1
00100025601;0010002560;NOSY MORCEAUX P3 18mx;93
00100025602;0010002560;NOSY MORCEAUX P3 18mx;5,2
00100044801;0010004480;NOUILLE 1 ER CHOIX;0
00100004801;0010000480;Nouille presto 60pcs;14
00100127701;0010012770;Nouille wana 80g;7
00100195401;0010019540;NOUILLE WANA 80G;20
00100084401;0010008440;NOUILLES   SEDAAP SUPREME EN PIECE;0
00100084402;0010008440;NOUILLES   SEDAAP SUPREME EN PIECE;0
00100039401;0010003940;NOUILLES  138;43
00100039402;0010003940;NOUILLES  138;1,8
00100004701;0010000470;NOUILLES  SALONE MATSIRO 40pcs;440
00100004702;0010000470;NOUILLES  SALONE MATSIRO 40pcs;11
00100038501;0010003850;NOUILLES  SALONE NAKA;360
00100038502;0010003850;NOUILLES  SALONE NAKA;9
00100004601;0010000460;NOUILLES  SEDAAP SUPREME;621
00100004602;0010000460;NOUILLES  SEDAAP SUPREME;15,5
00100122301;0010012230;Nouilles 2x sukse's 115g en pcs;149
00100122302;0010012230;Nouilles 2x sukse's 115g en pcs;6,2
00100094901;0010009490;NOUILLES 2X SUKSES'S 115G;0
00100005101;0010000510;NOUILLES HAKA;0
00100038701;0010003870;NOUILLES ILLICO 60pcs;60
00100038702;0010003870;NOUILLES ILLICO 60pcs;1
00100070901;0010007090;NOUILLES PREMIER MILAY;7
00100195501;0010019550;NOUILLES PREMIER MILAY;6
00100005001;0010000500;NOUILLES PREMIER PRIX;6
00100195601;0010019560;NOUILLES PREMIER PRIX;6
00100088601;0010008860;NOUILLES PRESTO EN PIECE;17
00100088602;0010008860;NOUILLES PRESTO EN PIECE;0,3
00100178201;0010017820;NOUILLES SEDAAP KOREAN CHICKEN;10
00100178202;0010017820;NOUILLES SEDAAP KOREAN CHICKEN;1,2
00100080101;0010008010;NURSE 1-400G;0
00100080102;0010008010;NURSE 1-400G;0
00500096901;0050009690;Nurse 2 - 400g;0
00500096902;0050009690;Nurse 2 - 400g;0
01800184201;0180018420;NYRA  SWISSLAND 125PCS;2
01800161801;0180016180;NYRA BUTTER MAX CANDY;0
01800186401;0180018640;NYRA CHOCO CUBE;7
00100198901;0010019890;NYRA CHOCOLLAT VELVET TRUFFLES;4
01800163401;0180016340;NYRA COCONUT CUBE;1
00100191201;0010019120;NYRA ELRO CHOCO 12BTE FISAKA;4
01800172301;0180017230;NYRA ELRO MILK 24BOCAL MITSANGANA;3
00100194801;0010019480;NYRA ELRO PM CHOCO 24BOCAL MITSANGANA;4
01800161901;0180016190;NYRA F BON FROOTY;0
00100197801;0010019780;NYRA FRUIT BURST ASS 12*200PCS;5
01800164001;0180016400;NYRA ROYALE CREME CANDY 12 JAR;0
01800172001;0180017200;NYRA TOFFILO 100P*20;5
01800183801;0180018380;NYRA VALENTINE 150PCS;7
01800177201;0180017720;NYRA YOGI YOGI 50P;8
00500166501;0050016650;OK FOOTBALL CHOCOLATE*100 PCS;0
00500032501;0050003250;OK ICE SWEET 30PQT;10
00100083301;0010008330;OXYDE DE FER;0
01800134501;0180013450;PAIL CANDY;4
00100026201;0010002620;PAILLE DE FER;20
00100026202;0010002620;PAILLE DE FER;2
00100089001;0010008900;PAMPERS N°3 CULOTTE MIDI;0
00100088901;0010008890;PAMPERS N°4 (4X32);0
00100108201;0010010820;PAPIER DOLPHIN A4;0
00100108301;0010010830;PAPIER DOLPHIN A4;0
00100115101;0010011510;PAPIER IK COPY A4;5
00100115102;0010011510;PAPIER IK COPY A4;1
00100067401;0010006740;PAPIER VELIN;0
00100067402;0010006740;PAPIER VELIN;0
00100013901;0010001390;PARFUM;0
00100013902;0010001390;PARFUM;0
00100100601;0010010060;Parfum Vanille;0
00100100602;0010010060;Parfum Vanille;0
00500152601;0050015260;PARFUNE COCONUT FORTUNE 28ML;0
00500152602;0050015260;PARFUNE COCONUT FORTUNE 28ML;0
01700149101;0170014910;PATAPON BLEU COUCHE I9 (9-18KG);0
01700149102;0170014910;PATAPON BLEU COUCHE I9 (9-18KG);0
00100007101;0010000710;PATAPON GM;0
00100007102;0010000710;PATAPON GM;0
01700165101;0170016510;PATAPON MAXI  L28 9-18KG;3
01700165102;0170016510;PATAPON MAXI  L28 9-18KG;0,4
01700165001;0170016500;PATAPON MIDI M30 1-11KG;4
01700165002;0170016500;PATAPON MIDI M30 1-11KG;0,5
01700193901;0170019390;PATAPON NEW BORN*22 (2-5KG);8
01700193902;0170019390;PATAPON NEW BORN*22 (2-5KG);1
00100007201;0010000720;PATAPON PM;0
00100004901;0010000490;pate APOLLO;0
00500105601;0050010560;Pate egg noodle 400g red river;0
00500105701;0050010570;Pate nouille aux oeufs 250g 1ere choix;3
00100153901;0010015390;PDR JUS POP DRINK FRAISE ORANGE VIMTO;0
01800179301;0180017930;PE ICE CREAM MAMA TIK TOK POP 100P *12AG;5
00100015601;0010001560;PECTO BE;13
00100015602;0010001560;PECTO BE;0,8
00100015501;0010001550;PECTO PM;4699
00100015502;0010001550;PECTO PM;94
00100015503;0010001550;PECTO PM;1,2
01800163901;0180016390;PEN FINGER  HARD CANDY 3G;0
00100091701;0010009170;PERFIT;25
00100091702;0010009170;PERFIT;0,7
00100062301;0010006230;PETROL 240 L;0
00100062302;0010006230;PETROL 240 L;0
00100024501;0010002450;PETROLE 250l;267,5
00100024502;0010002450;PETROLE 250l;1,1
00100114001;0010011400;Pile champion r6*25;0
00100114002;0010011400;Pile champion r6*25;0
00400164501;0040016450;PILE DURATEC R20;24
00400164101;0040016410;PILE DURATEC R6;0
00400022601;0040002260;PILE ENERGY GM;11
00400022602;0040002260;PILE ENERGY GM;0,5
00400022701;0040002270;Pile energy pm;9
00400022702;0040002270;Pile energy pm;0,4
00100002201;0010000220;PISTASY;25
00100002202;0010000220;PISTASY;0,1
00500114901;0050011490;PISTASY AVARATRA 200 KAPOAKA;0
00500114902;0050011490;PISTASY AVARATRA 200 KAPOAKA;0
00100071601;0010007160;PISTASY EN KAPOAKA;0
00100093101;0010009310;PISTASY MENA 25KG;0
00100071501;0010007150;PISTASY MENA KELY 50KG;0
00100196901;0010019690;PIZZA JELLY STRAWBERRY;99
00100196902;0010019690;PIZZA JELLY STRAWBERRY;3,3
00100022901;0010002290;POINTE 100X20 en kg;1,9
00100022902;0010002290;POINTE 100X20 en kg;0,4
00100022903;0010002290;POINTE 100X20 en kg;0,1
00100023001;0010002300;POINTE 100X21 en kg;0
00100023002;0010002300;POINTE 100X21 en kg;0
00100023003;0010002300;POINTE 100X21 en kg;0
00100026801;0010002680;POINTE 120X21 EN KG;2,6
00100026802;0010002680;POINTE 120X21 EN KG;0,5
00100026803;0010002680;POINTE 120X21 EN KG;0,1
00100023301;0010002330;POINTE 30X13 de 20kg;3,3
00100023302;0010002330;POINTE 30X13 de 20kg;0,7
00100023303;0010002330;POINTE 30X13 de 20kg;0,2
00100023601;0010002360;POINTE 40X14 EN KG;6,6
00100023602;0010002360;POINTE 40X14 EN KG;1,3
00100023603;0010002360;POINTE 40X14 EN KG;0,3
00100023101;0010002310;POINTE 50X16 EN KG;3,7
00100023102;0010002310;POINTE 50X16 EN KG;0,7
00100023103;0010002310;POINTE 50X16 EN KG;0,2
00100023201;0010002320;POINTE 50X18 EN KG;2,1
00100023202;0010002320;POINTE 50X18 EN KG;0,4
00100023203;0010002320;POINTE 50X18 EN KG;0,1
00100023901;0010002390;POINTE 60X17 EN KG;5,1
00100023902;0010002390;POINTE 60X17 EN KG;1
00100023903;0010002390;POINTE 60X17 EN KG;0,3
00100023801;0010002380;POINTE 60X20 EN KG;0,5
00100023802;0010002380;POINTE 60X20 EN KG;0,1
00100023803;0010002380;POINTE 60X20 EN KG;0
00100023501;0010002350;POINTE 70X18 EN KG;2,8
00100023502;0010002350;POINTE 70X18 EN KG;0,6
00100023503;0010002350;POINTE 70X18 EN KG;0,1
00100078701;0010007870;POINTE 80X19 EN KG;4,3
00100078702;0010007870;POINTE 80X19 EN KG;0,9
00100078703;0010007870;POINTE 80X19 EN KG;0,2
00100026501;0010002650;Pointe 90x20 en kg;4,6
00100026502;0010002650;Pointe 90x20 en kg;0,9
00100026503;0010002650;Pointe 90x20 en kg;0,2
00100023401;0010002340;POINTE A TOLE;40
00100023402;0010002340;POINTE A TOLE;2
00100178901;0010017890;POIVRE DOYPACK EN SACHET 30G;93
00100178902;0010017890;POIVRE DOYPACK EN SACHET 30G;4,7
00100009401;0010000940;POIVRE ETUI 30G;160
00100009402;0010000940;POIVRE ETUI 30G;8
00100009403;0010000940;POIVRE ETUI 30G;0,8
00100065101;0010006510;Poivre moulu doypack sachet 30g;0
00100033201;0010003320;POT YAOURT;1
00100054601;0010005460;POT YAOURT H (couleur);0
00100070301;0010007030;POT YAOURT MADA;5
00100090601;0010009060;Potata 15g;0
00100090602;0010009060;Potata 15g;0
00100090603;0010009060;Potata 15g;0
00100085801;0010008580;POTATA 80g;0
00100123301;0010012330;Potata 80g*48;47
00100123302;0010012330;Potata 80g*48;1
00600184801;0060018480;POTATA BAR-B-QUE 75G;44
00600184802;0060018480;POTATA BAR-B-QUE 75G;0,9
00600107301;0060010730;Potata onion 75G;0
00600107302;0060010730;Potata onion 75G;0
00100085901;0010008590;Potata spicy 100g*48;48
00100085902;0010008590;Potata spicy 100g*48;1
00600171301;0060017130;POTATO CHIPZ PIZZA ADORO 75G;0
00600171302;0060017130;POTATO CHIPZ PIZZA ADORO 75G;0
00500028601;0050002860;poudre ronono 1/2 KG EN SACHET [lactimilk];0
01200188501;0120018850;POUDRE SAVON ARIEL FLORAL 500G;1
01200188401;0120018840;POUDRE SAVON ARIEL LAVENDER 500G;1
01200150901;0120015090;POUDRE SAVON ARIEL SPRING 500G;2
01200041701;0120004170;poudre savon B29  30gr;5
00100005301;0010000530;POUDRE SAVON BERYL;0
00100005302;0010000530;POUDRE SAVON BERYL;0
01200169401;0120016940;POUDRE SAVON SPECIAL BLEU;0
01200188601;0120018860;POUDRE VAO LEMON VERT 30G;14
00100005801;0010000580;Poudre Vao line BLEU ORIGINAL 30g;9
01200168701;0120016870;POUDRE VAO LINE ORANGE EXOTIQUE 30G;12
01200168601;0120016860;POUDRE VAO LINE ROSE FLORAL 30G;18
01200168801;0120016880;POUDRE VAO LINE VIOLET LAVANDE 30G;7
00100063701;0010006370;PRINCE  POCHON 60G*35;0
00100063702;0010006370;PRINCE  POCHON 60G*35;0
00100063901;0010006390;PRINCE FOURRE 130G*20;0
00100063902;0010006390;PRINCE FOURRE 130G*20;0
00100064001;0010006400;PRINCE FOURRE VANILLE 130G*20;0
00100064002;0010006400;PRINCE FOURRE VANILLE 130G*20;0
01800156701;0180015670;PRINCESS *18X30;182
01800156702;0180015670;PRINCESS *18X30;6,1
01800156703;0180015670;PRINCESS *18X30;0,3
00500114401;0050011440;PROBO(KATSAKA NOTOTONA);0
02500130201;0250013020;Provende chaire demarrage ld en kg;91
02500130202;0250013020;Provende chaire demarrage ld en kg;1,8
02500130301;0250013030;Provende chaire finition ld en kg;56
02500130302;0250013030;Provende chaire finition ld en kg;1,1
02500194301;0250019430;PROVENDE CROISSANCE POISSON INTENSIF;21
02500184601;0250018460;PROVENDE CROISSANCE POISSON INTENSIF 25KG;0
02500184602;0250018460;PROVENDE CROISSANCE POISSON INTENSIF 25KG;0
02500130501;0250013050;Provende fermier demarrage;37
02500130502;0250013050;Provende fermier demarrage;0,7
02500130401;0250013040;Provende fermier finition;62
02500130402;0250013040;Provende fermier finition;1,2
02500194001;0250019400;PROVENDE POISSON DEMARRAGE INTENSIF;15
02500194002;0250019400;PROVENDE POISSON DEMARRAGE INTENSIF;0,6
00100147301;0010014730;PUB G GUN BOCAL;120
00100147302;0010014730;PUB G GUN BOCAL;2
01100176501;0110017650;PUR'O IMPEC 150ML;34
01800156801;0180015680;PURE GOLD KHAZANA;0
01800156802;0180015680;PURE GOLD KHAZANA;0
01800156803;0180015680;PURE GOLD KHAZANA;0
01800174901;0180017490;RAJSI FRUBON ROLL EN BOCAL 200PCS;2
01800174401;0180017440;RAJSI KULFI MILK 200PCS;0
01800174501;0180017450;RAJSI STRAWBERRY ROLL 200PCS;2
01800174601;0180017460;RAJSI SUPER STAR CARAMEL 200PCS;0
01800174701;0180017470;RAJSI TRUFFLES COCO 100PCS;2
01800174801;0180017480;RAJSI TRUFFLES MILK 100PCS;0
00100064601;0010006460;RAMBO CHOCOLATE 5G;0
00500047901;0050004790;RANO VISY;0
00500047902;0050004790;RANO VISY;0
00100054301;0010005430;RANO VISY |;0
00100054302;0010005430;RANO VISY |;0
00100007901;0010000790;RASOIR BIC;299
00100007902;0010000790;RASOIR BIC;3
00100050801;0010005080;RASOIR DORCO EN PQT;0
00100114201;0010011420;RASOIR DORCO SIMPLE;0
00100114202;0010011420;RASOIR DORCO SIMPLE;0
00100116901;0010011690;RASOIR DORCO SIMPLE  EN PCS;0
00100078801;0010007880;RASOIR SUPER MAX;0
00100078802;0010007880;RASOIR SUPER MAX;0
00100049801;0010004980;RASOIRDORCODOUBLE;0
00100049802;0010004980;RASOIRDORCODOUBLE;0
00600167101;0060016710;REAL CREAM BISCUITS MERCI;0
00600167102;0060016710;REAL CREAM BISCUITS MERCI;0
00100147101;0010014710;RICH BITE PREMIUM BOCALE;0
00100147102;0010014710;RICH BITE PREMIUM BOCALE;0
00100016101;0010001610;ROBIN;11
00100016102;0010001610;ROBIN;0,6
01400130901;0140013090;Ronono barea gm;82
01400130902;0140013090;Ronono barea gm;3,4
01400176301;0140017630;RONONO BAREA PM;38
01400176302;0140017630;RONONO BAREA PM;0,8
00100065501;0010006550;RONONO CAPITAL  GM;0
00100065502;0010006550;RONONO CAPITAL  GM;0
00100010101;0010001010;RONONO CEBON GM;168
00100010102;0010001010;RONONO CEBON GM;7
00100010201;0010001020;ronono cebon pm;0
00100010202;0010001020;ronono cebon pm;0
00100049501;0010004950;RONONO CHAMPION PM;0
00100049502;0010004950;RONONO CHAMPION PM;0
00100010301;0010001030;RONONO DYANAS PM;0
00100010302;0010001030;RONONO DYANAS PM;0
00100040001;0010004000;RONONO ELVIA GM;0
00100040002;0010004000;RONONO ELVIA GM;0
00100010401;0010001040;RONONO ELVIA PM;0
00100010402;0010001040;RONONO ELVIA PM;0
01400179701;0140017970;RONONO EVITA EN BOITE PM;34
01400179702;0140017970;RONONO EVITA EN BOITE PM;1,4
00100068901;0010006890;RONONO GENIE GM;0
00100068902;0010006890;RONONO GENIE GM;0
01400156001;0140015600;RONONO LUCKY COW PM;0
01400156002;0140015600;RONONO LUCKY COW PM;0
00100085101;0010008510;RONONO MAMA PM;0
00100085102;0010008510;RONONO MAMA PM;0
00100068501;0010006850;RONONO POUDRE FONTERA 1/2KG;9
00100034001;0010003400;RONONO PPM;0
00100034002;0010003400;RONONO PPM;0
01400142301;0140014230;Ronono shasa gm;0
01400142302;0140014230;Ronono shasa gm;0
00500103701;0050010370;Ronono Socolait pm;55
00500103702;0050010370;Ronono Socolait pm;1,1
01400175501;0140017550;RONONO TOPLE PM;0
01400175502;0140017550;RONONO TOPLE PM;0
01400121901;0140012190;Ronono white gold pm;0
01400121902;0140012190;Ronono white gold pm;0
01400186301;0140018630;RONONO YAMA GM 1KG*24;20
01400186302;0140018630;RONONO YAMA GM 1KG*24;0,8
01400168901;0140016890;RONONO YAMA PM 390G;48
01400168902;0140016890;RONONO YAMA PM 390G;1
00500032801;0050003280;RONONOELVIA;0
00500032802;0050003280;RONONOELVIA;0
00500028201;0050002820;RONONOELVIAPM;0
00500028202;0050002820;RONONOELVIAPM;0
01200131001;0120013100;Saba bleu 25g;14
01200146001;0120014600;SABA CITRON 25G;18
01200113001;0120011300;SABA FLORAL 25G;18
00100097801;0010009780;Sac vide 1,20m;0
00100097901;0010009790;Sac vide 1,40m;0
00100024601;0010002460;SAC VIDE GM  250 kg;0
00100099701;0010009970;Sac vide gm Matoa 250kg;34
00100068101;0010006810;SAC VIDE PM 60 KG;34
00100094601;0010009460;SACHET BEST PRICE;78
00100094602;0010009460;SACHET BEST PRICE;1,6
00100094603;0010009460;SACHET BEST PRICE;0,2
00100159801;0010015980;SACHET BEST PRICE GM 80CM*500;113
00100159802;0010015980;SACHET BEST PRICE GM 80CM*500;2,3
00100031701;0010003170;SACHET HIPPER LE MAGINFIQUE;0
00100031702;0010003170;SACHET HIPPER LE MAGINFIQUE;0
00100058101;0010005810;Sachet moyenne;270
00100058102;0010005810;Sachet moyenne;5,4
00100030801;0010003080;SACHET OISEAU;0
00100038201;0010003820;SACHET PM;0
00100132801;0010013280;Sachet pm couleur;2
00100126701;0010012670;Sachet pm f49;2
00100181601;0010018160;SACHET PM H20;0
00100121301;0010012130;Sachet pm trasparent hd15;0
00100132701;0010013270;Sachet rose mm;13
00100132702;0010013270;Sachet rose mm;0,5
00100015101;0010001510;SACHET SOUS VIDE;66
00100015102;0010001510;SACHET SOUS VIDE;1,3
00100024901;0010002490;SACHET TAVARATRA;0
00100024902;0010002490;SACHET TAVARATRA;0
00100132601;0010013260;Sachet vorombola gm;0
00100132602;0010013260;Sachet vorombola gm;0
00100192101;0010019210;SAF INSTANT 500G;5
00100180201;0010018020;SALONE CAFE 20G*30PCS;202
00100180202;0010018020;SALONE CAFE 20G*30PCS;6,7
00100180203;0010018020;SALONE CAFE 20G*30PCS;0,3
00100180101;0010018010;SALONE CAFE 30G*20PCS;231
00100180102;0010018010;SALONE CAFE 30G*20PCS;11,6
00100180103;0010018010;SALONE CAFE 30G*20PCS;0,6
00100075501;0010007550;SALTO CHIPS 3D;0
00100090301;0010009030;SALTO CHIPS 3D EN PIECE;0
00100020401;0010002040;SALTO CHIPS CHILI;120
00100020402;0010002040;SALTO CHIPS CHILI;10
00100011203;0010001120;SALTO GM;0
00100011201;0010001120;SALTO GM;0
00100011202;0010001120;SALTO GM;0
01100102601;0110010260;Samba barre 12mx 500g en pcs;12
01100103101;0110010310;Samba barre 9mx 800g en pcs;0
00100106401;0010010640;SAMBA DETERGEANT EN POUDRE;1
01200170101;0120017010;SAMBA DETERGEANT EN POUDRE EN (PCS);3
00100185001;0010018500;SAMPOING MARIA ASS;4
00100072101;0010007210;SARDINE ANNY;0
00100072102;0010007210;SARDINE ANNY;0
00500148301;0050014830;SARDINE BON APPETIT 125G;0
00500148302;0050014830;SARDINE BON APPETIT 125G;0
00100127801;0010012780;Sardine cebon 125gx50;50
00100127802;0010012780;Sardine cebon 125gx50;1
00100039701;0010003970;SARDINE CHAMPION;0
00100039702;0010003970;SARDINE CHAMPION;0
00500035101;0050003510;SARDINE DELMONACO;0
00500035102;0050003510;SARDINE DELMONACO;0
00100179201;0010017920;SARDINE ISHA;78
00100179202;0010017920;SARDINE ISHA;1,6
00100008501;0010000850;SARDINE MONICA;0
00100008502;0010000850;SARDINE MONICA;0
00100120101;0010012010;Sardine vivo 125gx25;0
00100120102;0010012010;Sardine vivo 125gx25;0
00100148401;0010014840;SAUCE CHILLI BON APPETIT 280G;1
00100040301;0010004030;SAUCE DARK 150 ML;7
00100040302;0010004030;SAUCE DARK 150 ML;0,3
00100014501;0010001450;SAUCE DARK 625 ML;0
00100014502;0010001450;SAUCE DARK 625 ML;0
00500140301;0050014030;Sauce dark superieure pet 400ml;2
00100151901;0010015190;SAUCE HUITRE 160G 1ER CHOIX;0
00100056701;0010005670;SAUCE HUITRE 500g;0
00100056702;0010005670;SAUCE HUITRE 500g;0
00100014301;0010001430;SAUCE HUITRE 710g GM;0
00100014302;0010001430;SAUCE HUITRE 710g GM;0
00100014201;0010001420;SAUCE HUITRE PM 280G;0
00100014202;0010001420;SAUCE HUITRE PM 280G;0
00100014601;0010001460;SAUCE JERICANE;0
00500097501;0050009750;Sauce jerycan dark pm;0
00500097401;0050009740;Sauce jerycan light pm;0
00100014001;0010001400;SAUCE LIGHT 150ml PM;1
00100014002;0010001400;SAUCE LIGHT 150ml PM;0
00100014101;0010001410;SAUCE LIGHT GM 625 ML;9
00100014102;0010001410;SAUCE LIGHT GM 625 ML;0,8
00100014401;0010001440;SAUCE PLASTIQUE;0
00500136301;0050013630;Sauce soja 0.25 l;13
00500136302;0050013630;Sauce soja 0.25 l;1,3
00500132901;0050013290;Sauce soja 1L;11
00500132902;0050013290;Sauce soja 1L;1,1
00100147501;0010014750;SAVEN GARBATHI AG MIRACLE;10
00100147502;0010014750;SAVEN GARBATHI AG MIRACLE;0,8
00100147503;0010014750;SAVEN GARBATHI AG MIRACLE;0
00100083501;0010008350;SAVOKA TARATRA;0
00300112301;0030011230;SAVON  SEIM S27 BLANC EN PCS;0
00100080201;0010008020;SAVON B29 MULTI USAGE 96X150G;10
00100080202;0010008020;SAVON B29 MULTI USAGE 96X150G;0,1
01100116801;0110011680;Savon barre parfume citron*9;0
01100116802;0110011680;Savon barre parfume citron*9;0
00100052201;0010005220;SAVON BARRE PRIMO;0
00100052202;0010005220;SAVON BARRE PRIMO;0
00100062901;0010006290;SAVON BARRE RUBIS  CITRON 800G;0
00100062902;0010006290;SAVON BARRE RUBIS  CITRON 800G;0
01100196601;0110019660;SAVON BARRE VAO LEMON 800G;3
01100196602;0110019660;SAVON BARRE VAO LEMON 800G;0,5
01100113201;0110011320;SAVON CHARBON ANTISEPTIC 90G*72;43
01100113202;0110011320;SAVON CHARBON ANTISEPTIC 90G*72;0,6
01100037201;0110003720;SAVON CITRON FRAIS  200GR;68
01100037202;0110003720;SAVON CITRON FRAIS  200GR;2,3
00800039001;0080003900;SAVON CITRON MULTI SUPER NATIONNAL;0
00800039002;0080003900;SAVON CITRON MULTI SUPER NATIONNAL;0
01100124601;0110012460;Savon citron plus king;9
01100124602;0110012460;Savon citron plus king;0,8
01100188001;0110018800;SAVON CROWN BLANC MILK;3
01100188101;0110018810;SAVON CROWN CITRON VERT PASTEL;3
00100107801;0010010780;SAVON CROWN ROUGE (RED);5
00100068201;0010006820;SAVON DURU;0
00100068202;0010006820;SAVON DURU;0
01100192501;0110019250;SAVON DURU ALOE VERA 150G*30;30
01100192502;0110019250;SAVON DURU ALOE VERA 150G*30;1
00100076001;0010007600;SAVON DURU GLYCERINE;27
00100076002;0010007600;SAVON DURU GLYCERINE;0,9
01100192601;0110019260;SAVON DURU ROSE OIL 150G*30;30
01100192602;0110019260;SAVON DURU ROSE OIL 150G*30;1
01100137201;0110013720;Savon Ekono multi purpose soap;23
01100137202;0110013720;Savon Ekono multi purpose soap;1
02000149701;0200014970;SAVON EN PCS PM;36
00100053601;0010005360;SAVON FLOR BARRE 900g;0
00100053602;0010005360;SAVON FLOR BARRE 900g;0
01100125701;0110012570;Savon flor barre 900g en Pieces;3
00100018601;0010001860;Savon flor*100;0
00100018602;0010001860;Savon flor*100;0
00100094401;0010009440;SAVON FRESH 75G;0
01100182901;0110018290;SAVON HOTEL DEJOI 15G*500PCS;459
01100182902;0110018290;SAVON HOTEL DEJOI 15G*500PCS;0,9
01100146101;0110014610;SAVON HOTEL14G VERT;52
01100146102;0110014610;SAVON HOTEL14G VERT;2,1
01100117701;0110011770;SAVON IRIKO ANDRAMENA XG  24MX;0
01100117801;0110011780;SAVON IRIKO FOTSY MM  24MX;2
01100117601;0110011760;SAVON IRIKO MENAKELY XG  24MX;0
00100119001;0010011900;SAVON IRIKO MM TANTELY;3
00100119101;0010011910;SAVON IRIKO TANTELY XG;6
01100040601;0110004060;SAVON KANTO K12 VAOVAO;0
00100019501;0010001950;SAVON KIMSA;0
00100019502;0010001950;SAVON KIMSA;0
02000111201;0200011120;SAVON MAEVA 3 BLANC EN PCS;0
00100062801;0010006280;SAVON MAEVA MAXI BARRE 9;43
00100062802;0010006280;SAVON MAEVA MAXI BARRE 9;4,8
00100094801;0010009480;SAVON MAEVA P10 BLANC;0
02000111701;0200011170;SAVON MAEVA P10 BLANC EN PCS;0
01100116701;0110011670;SAVON MAEVA P10 MARRON*36;8
00100094701;0010009470;SAVON MAEVA P20 BLANC;8
02000111301;0200011130;SAVON MAEVA P20 BLANCS EN PCS;0
00100092801;0010009280;Savon maeva p20 marron;34
01100179101;0110017910;SAVON MAEVA R50;8
02000112201;0200011220;SAVON MATEZA M30 JAUNE EN PCS;0
00100034401;0010003440;SAVON MATEZA M30 MARRON;684
00100034402;0010003440;SAVON MATEZA M30 MARRON;19
01100038101;0110003810;SAVON MATEZA M30+ BLANC;50
02000112101;0200011210;SAVON MATEZA M30+ BLANC EN PCS;0
01100116201;0110011620;Savon Meva 100 soa 24mx;1
01100116301;0110011630;Savon Meva 200 soa 36mx;13
01100116401;0110011640;Savon Meva 300 soa 36mx;2
01100116501;0110011650;Savon Meva 400 soa 36mx;0
01100116601;0110011660;Savon Meva 500 soa 36mx;0
01100129101;0110012910;Savon meva mmV75 tsara;0
01100129001;0110012900;Savon meva mv40 soa;6
01100129201;0110012920;Savon meva mv70 soa;14
01100172901;0110017290;SAVON MOREVA BLANC 4*100G;0
01100173401;0110017340;SAVON MOREVA VERT 4*100G;4
00100065201;0010006520;SAVON NOSY P1 80gr 36mx;120
00100065202;0010006520;SAVON NOSY P1 80gr 36mx;3,3
01100137401;0110013740;Savon olive classic touch 70G;24
01100137402;0110013740;Savon olive classic touch 70G;4
01100137403;0110013740;Savon olive classic touch 70G;0,3
00100149301;0010014930;Savon olive lime fresh 125g;0
00100149302;0010014930;Savon olive lime fresh 125g;0
00100149303;0010014930;Savon olive lime fresh 125g;0
01100139301;0110013930;Savon olive milk delight 70G;6
01100139302;0110013930;Savon olive milk delight 70G;1
01100139303;0110013930;Savon olive milk delight 70G;0,1
00100030001;0010003000;SAVON RIM 27;0
00100030101;0010003010;SAVON RIM 29;0
01100041801;0110004180;SAVON RIM M3;0
00100059801;0010005980;SAVON RIM M5;0
01100122501;0110012250;Savon ruhi 60g*72pcs;18
01100122502;0110012250;Savon ruhi 60g*72pcs;0,2
00100090901;0010009090;SAVON SAMBA 12MX 500G;16
01100060401;0110006040;SAVON SAMBA 18 MX_120G;18
01100060501;0110006050;SAVON SAMBA 20MX_85G;15
00100060601;0010006060;SAVON SAMBA 30MX_100G;11
00100077501;0010007750;SAVON SAMBA 32MX _100G;11
01100060701;0110006070;SAVON SAMBA 36MX 70G;13
01100060801;0110006080;SAVON SAMBA 36MX_130G PM;1
00100063101;0010006310;SAVON SAMBA 9 BARRE 800 G;90
00100063102;0010006310;SAVON SAMBA 9 BARRE 800 G;10
01100060301;0110006030;SAVON SAMBA PALMINDUS 36mx 150g;6
01100109601;0110010960;SAVON SAMBA S21 24MX;16
01100109701;0110010970;SAVON SAMBA S22  24MX;13
01100109801;0110010980;SAVON SAMBA S23 36MX;18
00100020001;0010002000;SAVON SANTEX;9
00100020002;0010002000;SAVON SANTEX;0,8
01100189901;0110018990;SAVON SB27 MARRON 36MX;8
00100092401;0010009240;SAVON SEIM BARRE BLANC;0
00100092402;0010009240;SAVON SEIM BARRE BLANC;0
00100052301;0010005230;SAVON SEIM S20 BLANC NORD;360
00100052302;0010005230;SAVON SEIM S20 BLANC NORD;10
00100076701;0010007670;SAVON SEIM S24 MENA;10
00100052801;0010005280;SAVON SEIM S27  MARRON;9
00100052802;0010005280;SAVON SEIM S27  MARRON;0,2
00100052001;0010005200;SAVON SEIM S27 BLANC;396
00100052002;0010005200;SAVON SEIM S27 BLANC;11
02000111801;0200011180;SAVON SEIM S27 MARRON EN PCS;0
00100052101;0010005210;SAVON SEIM S3;150
00100052102;0010005210;SAVON SEIM S3;5
00100059901;0010005990;SAVON SEIM s30 MENA;324
00100059902;0010005990;SAVON SEIM s30 MENA;9
01100106201;0110010620;Savon seim sbp 36mx;4
01100036701;0110003670;SAVON SEIM SC1 FOTSY;14
00100079601;0010007960;SAVON SEIM SC3 90G;0
00100076601;0010007660;SAVON SEIM SC30 160G;4
01100036801;0110003680;SAVON SEIM SR1 ROSE;40
00100094501;0010009450;SAVON SK1 EN PCE;0
02000111501;0200011150;SAVON SOBA M20 MARON EN PCS;0
00100034601;0010003460;SAVON SOBA m20 MARRON;396
00100034602;0010003460;SAVON SOBA m20 MARRON;11
00100034701;0010003470;SAVON SOBA M20+ BLANC;576
00100034702;0010003470;SAVON SOBA M20+ BLANC;16
02000111401;0200011140;SAVON SOBA M20+ EN PCS;0
00100034501;0010003450;SAVON SOBA SB 3+;0
00100034502;0010003450;SAVON SOBA SB 3+;0
01100187901;0110018790;SAVON SOBA SB3+BLANC*30MX;9
00100033701;0010003370;SAVON SOBA TSARA BARRE 1kg;69
00100033702;0010003370;SAVON SOBA TSARA BARRE 1kg;7,7
01100120701;0110012070;Savon solar 250Gx48;0
01100120702;0110012070;Savon solar 250Gx48;0
01100171601;0110017160;SAVON SOLAR CITRON 200G*3*18;12
01100171602;0110017160;SAVON SOLAR CITRON 200G*3*18;0,7
01100171501;0110017150;SAVON SOLAR GRAPE MULTI USAGE150G*48;50
01100171502;0110017150;SAVON SOLAR GRAPE MULTI USAGE150G*48;1
00100059201;0010005920;SAVON VAO CITRON;0
00100059202;0010005920;SAVON VAO CITRON;0
01100185801;0110018580;SAVON VAO LUX BLANC;85
01100185802;0110018580;SAVON VAO LUX BLANC;3,5
01100152501;0110015250;SAVON VAO LUX CITRON VERT;93
01100152502;0110015250;SAVON VAO LUX CITRON VERT;3,9
01100185701;0110018570;SAVON VAO LUX ROSE;0
01100185702;0110018570;SAVON VAO LUX ROSE;0
01100124901;0110012490;Savon vao up20+ 80g;4
01100124801;0110012480;Savon vao v27 175g;7
01100173201;0110017320;SAVON VAO V30*24MX*140G;5
00100164701;0010016470;SAVON VAOLINE BARRE 500G*8;21
00100164702;0010016470;SAVON VAOLINE BARRE 500G*8;2,6
00100164801;0010016480;SAVON VAOLINE BARRE 800G*6;12
00100164802;0010016480;SAVON VAOLINE BARRE 800G*6;2
01100176401;0110017640;SAVON VAOLINE MULTI-USAGE 125GX16;24
01100176402;0110017640;SAVON VAOLINE MULTI-USAGE 125GX16;1,5
01100128701;0110012870;Savon white  wash nature 90g;0
01100128702;0110012870;Savon white  wash nature 90g;0
00100086301;0010008630;Savon za koa dr24;6
02000111901;0200011190;SAVON ZA KOA DR24 EN PCS;0
00100086401;0010008640;SAVON ZA KOA TV24;0
00100063501;0010006350;SAVONETTE DIVA - 125G;0
00100054401;0010005440;SAVONFLOR;0
00100040501;0010004050;SAVONFLORVAOVAOROSE;0
00100040502;0010004050;SAVONFLORVAOVAOROSE;0
00100020101;0010002010;SAVONNETTE  CLASSIC WHITE;28
00100020102;0010002010;SAVONNETTE  CLASSIC WHITE;2,3
00100020103;0010002010;SAVONNETTE  CLASSIC WHITE;0,4
00100019801;0010001980;SAVONNETTE  GIV;8
00100019802;0010001980;SAVONNETTE  GIV;0,7
00100018901;0010001890;SAVONNETTE CITRUS;8
00100018902;0010001890;SAVONNETTE CITRUS;0,7
00100064301;0010006430;SAVONNETTE DIVA;0
00100064302;0010006430;SAVONNETTE DIVA;0
00100019901;0010001990;SAVONNETTE KRIS;3
00100019902;0010001990;SAVONNETTE KRIS;0,2
00100077601;0010007760;SAVONNETTE LARK;27
00100077602;0010007760;SAVONNETTE LARK;0,6
00100019701;0010001970;SAVONNETTE OLEDA;9
00100019702;0010001970;SAVONNETTE OLEDA;0,8
00100197701;0010019770;SAYA FLAVOUR BEEF BOUILLON CUBE 4G *25;124
00100197702;0010019770;SAYA FLAVOUR BEEF BOUILLON CUBE 4G *25;1,6
00100190801;0010019080;SCOTCH TOLE;19,5
00100190802;0010019080;SCOTCH TOLE;1,9
00500140101;0050014010;Sel fin en sachet  25 KG;10
00100001701;0010000170;SEL FIN EN SACHET  TALOHA;0
00100001702;0010000170;SEL FIN EN SACHET  TALOHA;0
00100071401;0010007140;SEL FIN EN SACHET 50kg;0
00100068701;0010006870;SEL FIN EN SACHET EN PIECE;84
00100068702;0010006870;SEL FIN EN SACHET EN PIECE;0,3
00100107101;0010010710;SEL FIN EN VRAC 50KG;0
00100102901;0010010290;sel fin en vrac en kilos;44
00100077301;0010007730;SEL FIN VRAC 25 KG;28
00100103001;0010010300;SEL GROS   EN KILOS;32
00100001601;0010000160;SEL GROS 50kg;19
00100001602;0010000160;SEL GROS 50kg;19
00100007301;0010000730;SERVIETTE DE TABLE PASTEL;5
00100136901;0010013690;Serviette de table top 60*60;2
00100136801;0010013680;Serviette de table top100*24;0
00100059001;0010005900;SERVIETTE MOLPED;0
01800132301;0180013230;Shamalow twist;1
00100126501;0010012650;Shampoo emeron noir  7ml;11
00100126502;0010012650;Shampoo emeron noir  7ml;0,9
01800155401;0180015540;SHAPE CHOCOLATE BOCAL;0
00100132101;0010013210;Shine coffée;0
00100132102;0010013210;Shine coffée;0
00100132103;0010013210;Shine coffée;0
00100054801;0010005480;SHT;0
00100016201;0010001620;SILL GUM CHLOROPHILE;15
00100016202;0010001620;SILL GUM CHLOROPHILE;0,9
00100056201;0010005620;SILL GUM ZOOK (16);3
00100056202;0010005620;SILL GUM ZOOK (16);0,2
00100016501;0010001650;SILL-GUM FRAISH;0
00100018401;0010001840;SK1;9
02000112401;0200011240;Sk1 en Pièces;0
00100018301;0010001830;SK20;16
00100019001;0010001900;SKT BARRE;36
00100019002;0010001900;SKT BARRE;1,8
00100037501;0010003750;SLEEPY  MIDI;0
00100040701;0010004070;SLEEPY 4 -25  MAXI;0
00100036901;0010003690;SLEEPY CULOTTE;0
00100036902;0010003690;SLEEPY CULOTTE;0
01700046001;0170004600;SLEEPY JUNIOR 6X20;4
01700046002;0170004600;SLEEPY JUNIOR 6X20;0,7
01700045901;0170004590;SLEEPY KULOT JEANS JUNIOR 5X24 n°5;8
01700045902;0170004590;SLEEPY KULOT JEANS JUNIOR 5X24 n°5;1,6
01700045801;0170004580;SLEEPY KULOT JEANS MAXI 5X30 N°4;8
01700045802;0170004580;SLEEPY KULOT JEANS MAXI 5X30 N°4;1,6
01700045701;0170004570;SLEEPY KULOT JEANS MIDI 5X34 N°3;7
01700045702;0170004570;SLEEPY KULOT JEANS MIDI 5X34 N°3;1,4
01700045601;0170004560;SLEEPY KULOT NATURAL MAXI 5X30 _ n ° 4;4
01700045602;0170004560;SLEEPY KULOT NATURAL MAXI 5X30 _ n ° 4;0,8
01700045501;0170004550;SLEEPY KULOT NATURAL MIDI 5X34 N°3;3
01700045502;0170004550;SLEEPY KULOT NATURAL MIDI 5X34 N°3;0,6
00100063401;0010006340;SLEEPY LADY;0
01700045401;0170004540;SLEEPY MAXI 6X25_ n ° 4;1
01700045402;0170004540;SLEEPY MAXI 6X25_ n ° 4;0,2
00100045301;0010004530;SLEEPY MIDI 6X30 n°3;7
00100045302;0010004530;SLEEPY MIDI 6X30 n°3;1,2
00100115001;0010011500;SLEEPY MINI 6X35 N°2;1
00100115002;0010011500;SLEEPY MINI 6X35 N°2;0,2
01700195801;0170019580;SLEEPY NIGHT PANTS CULOTTE MAXI 5X30 N°4;5
01700195802;0170019580;SLEEPY NIGHT PANTS CULOTTE MAXI 5X30 N°4;1
01700196001;0170019600;SLEEPY PRINCESSE CULOTTE MAXI 5X30 N°4;5
01700196002;0170019600;SLEEPY PRINCESSE CULOTTE MAXI 5X30 N°4;1
01700195901;0170019590;SLEEPY PRINCESSE CULOTTE MIDI 5X34 N°3;5
01700195902;0170019590;SLEEPY PRINCESSE CULOTTE MIDI 5X34 N°3;1
00100093501;0010009350;SLYLO EUROPA;0
00100093502;0010009350;SLYLO EUROPA;0
00100133601;0010013360;Small beach bubble water;0
00100133602;0010013360;Small beach bubble water;0
00600175101;0060017510;SN PIWI NEWS POULET;5
00100185501;0010018550;SN SALTO CHIPS BLEU;10
00600173101;0060017310;SN SALTO KIDS RINGZ;0
00100194601;0010019460;SN SALTO LOOP;4
01100037901;0110003790;SOA PLUS EN BARRE;0
01100037902;0110003790;SOA PLUS EN BARRE;0
00100019101;0010001910;SOA PLUS EN CARTON;0
00800034801;0080003480;SOBA BARRE BLANC;4
00800034802;0080003480;SOBA BARRE BLANC;0,3
00100018001;0010001800;SOBA GM  EN BARRE MAVO;0
00100018002;0010001800;SOBA GM  EN BARRE MAVO;0
00100018101;0010001810;SOBA PM EN BARRE;0
00100131201;0010013120;Soda sugar boom  20*30 pces;0
00100131202;0010013120;Soda sugar boom  20*30 pces;0
00100065601;0010006560;Softex day long 29cm*8 [Violet/Bleu];13
00100065602;0010006560;Softex day long 29cm*8 [Violet/Bleu];0,2
00100149401;0010014940;SOFTEX MAXI FIT WINGS*8 ALVEOLE;1
00100149402;0010014940;SOFTEX MAXI FIT WINGS*8 ALVEOLE;0
00100159001;0010015900;SOFTEX PROTEGE SLIPS;3
00700132401;0070013240;Soude caustique perlee;0
00100099901;0010009990;Sour powder candy;70
00100099902;0010009990;Sour powder candy;1
00500140401;0050014040;Soy sauce light prb 500ml;0
01500175701;0150017570;SPAGHETI BAREA;10
01500175702;0150017570;SPAGHETI BAREA;0,5
00100090501;0010009050;SPAGHETI ELVIA EN PIECE;0
00100090502;0010009050;SPAGHETI ELVIA EN PIECE;0
01500110301;0150011030;Spagheti felicia;1
00100115801;0010011580;SPAGHETI FELICIA EN PCS;19
00100061901;0010006190;SPAGHETI SANREMO;0
00100061902;0010006190;SPAGHETI SANREMO;0
00500038601;0050003860;SPAGHETTI CHAMPION;57
00500038602;0050003860;SPAGHETTI CHAMPION;2,9
01500039501;0150003950;SPAGHETTI CHERIE;0
01500039502;0150003950;SPAGHETTI CHERIE;0
00100081301;0010008130;SPAGHETTI ELVIA;0
01500117901;0150011790;Spaghetti Francia    en pièces;0
01500117902;0150011790;Spaghetti Francia    en pièces;0
00100008401;0010000840;Spaghetti Francia  en  carton;287
00100008402;0010000840;Spaghetti Francia  en  carton;14,3
00100066701;0010006670;SPAGHETTI NOUR D'OR;0
00100084701;0010008470;SPAGHETTI RASMI 500G;0
01500115701;0150011570;Spaghetti rossini 500*20;395
01500115702;0150011570;Spaghetti rossini 500*20;19,8
00500035801;0050003580;SPAGHETTI ROSSINI 500G*20;22
00100008301;0010000830;SPAGUETI;0
00100008302;0010000830;SPAGUETI;0
00100134901;0010013490;Spider man  srap;0
00100134902;0010013490;Spider man  srap;0
00100134903;0010013490;Spider man  srap;0
01800134801;0180013480;SPIDERMANSRAP;0
00100056601;0010005660;Sprite Citron pet 1,5 l*6;0
00100056602;0010005660;Sprite Citron pet 1,5 l*6;0
00100107401;0010010740;Stick fraise  [ Strawberry ] powder 2.8g;16
00100051601;0010005160;Stick milk powder 2.8g;0
00300102401;0030010240;Stock commander 50kg;0
00300102501;0030010250;Stock haraka transparent 50kg;0
01800133201;0180013320;Strawberry kiddo;0
01800133202;0180013320;Strawberry kiddo;0
00100131901;0010013190;strip jelly jelloo;0
00100123201;0010012320;Stylo classinn  20x50;0
00100123202;0010012320;Stylo classinn  20x50;0
00100043501;0010004350;STYLO DIGNO;0
00100043502;0010004350;STYLO DIGNO;0
00100067101;0010006710;STYLO LAUREAT BLEU;0
00100067201;0010006720;STYLO LAUREAT ROUGE;0
00100067301;0010006730;STYLO LAUREAT VERT;0
02200175601;0220017560;STYLO MARYA PLUS BLEU;5
02200182001;0220018200;STYLO MARYA PLUS ROUGE;10
02200158301;0220015830;STYLO NOVA 1MM;0
02200158302;0220015830;STYLO NOVA 1MM;0
00100013101;0010001310;STYLO SCHNEIDER BLEU;259
00100013102;0010001310;STYLO SCHNEIDER BLEU;5,2
00100117101;0010011710;STYLO SCHNEIDER EN PCS;17
02200184501;0220018450;STYLO SCHNEIDER NOIR;4
00100078501;0010007850;STYLO SCHNEIDER ROUGE;4
00100078201;0010007820;STYLO SCHNEIDER VERT;2
00100115501;0010011550;STYLO SUPRA BLEU;19
00100115502;0010011550;STYLO SUPRA BLEU;0,9
00100115401;0010011540;STYLO SUPRA ROUGE;10
00100115402;0010011540;STYLO SUPRA ROUGE;0,5
00100115301;0010011530;STYLO SUPRA VERT;1
00100115302;0010011530;STYLO SUPRA VERT;0,1
01800175901;0180017590;SUCETTE BIG POP GM XXL;3
01800175902;0180017590;SUCETTE BIG POP GM XXL;0,5
00100060901;0010006090;SUCETTE BOCAL ROYAL;0
00100060902;0010006090;SUCETTE BOCAL ROYAL;0
00100021901;0010002190;SUCETTE CHOCO VANILLA DOLLY DOLLY;0
00100021902;0010002190;SUCETTE CHOCO VANILLA DOLLY DOLLY;0
01800104301;0180010430;Sucette donut;0
01800181101;0180018110;SUCETTE GM BIGG POPS EN SACHET;1
01800181102;0180018110;SUCETTE GM BIGG POPS EN SACHET;0,1
01800104401;0180010440;Sucette heart pop gm vaovao;0
00100075601;0010007560;SUCETTE HEARTY POP;0
00100075602;0010007560;SUCETTE HEARTY POP;0
00100126801;0010012680;Sucette hearty pop bocal;0
01800176801;0180017680;SUCETTE LOVE POPS RAMA GM;3
01800157301;0180015730;SUCETTE NEO POP XXL;0
01800157302;0180015730;SUCETTE NEO POP XXL;0
01800172701;0180017270;SUCETTE PAJ POP TONGUE PAINTER 5G;1
00100072401;0010007240;Sucette pin pon mx;5
01800183701;0180018370;SUCETTE RAMA BIG BOMBOM XXXL;2
01800139101;0180013910;SUCETTE SWEET ART BOCAL;3
01800104201;0180010420;Sucette trio pop;2
01800172101;0180017210;SUCETTE ZIVA MIX FRUIT LOLLIPOP 25G ASS;0
00200029801;0020002980;SUCRE  AMBILOBE 50kg;442
00200029802;0020002980;SUCRE  AMBILOBE 50kg;8,8
00200031201;0020003120;SUCRE 25kg;200
00200031202;0020003120;SUCRE 25kg;8
00200001301;0020000130;SUCRE 50 KG IMPORT;0
00200001302;0020000130;SUCRE 50 KG IMPORT;0
00100059501;0010005950;SUCRE @ SACHET  500 G  EN SACHET;0
00100058901;0010005890;SUCRE @ SACHET 500 G EN SAC;0
00200126401;0020012640;Sucre blanc en kg;0
00100082201;0010008220;sucre en kg;32
00100082202;0010008220;sucre en kg;0,6
00200141401;0020014140;SUCRE ROUGE SELATI 50 KG;0
01800149501;0180014950;SUICETTE ASSORTED POPS BOCAL;0
01800149502;0180014950;SUICETTE ASSORTED POPS BOCAL;0
01800149503;0180014950;SUICETTE ASSORTED POPS BOCAL;0
01800152001;0180015200;SUICETTE BIG ASSORTED MIX EXCEL;0
01800152301;0180015230;SUICETTE BIG COLA EXCEL;5
01800164901;0180016490;SUICETTE BIG MILK LOLLIPOP  EXCEL 25G;8
01800148801;0180014880;SUICETTE ICY POPS BOCAL;200
01800148802;0180014880;SUICETTE ICY POPS BOCAL;2
01800148803;0180014880;SUICETTE ICY POPS BOCAL;0,2
01800152101;0180015210;SUICETTE LOVE RING BAGUE;2
01800135901;0180013590;Suicette mix fruit naturel;1
01800135902;0180013590;Suicette mix fruit naturel;0,1
01800148901;0180014890;SUICETTE MIX YOGOFRU BOCAL;0
01800148902;0180014890;SUICETTE MIX YOGOFRU BOCAL;0
01800151401;0180015140;SUICETTE TIK TOK CHEW POP BOCAL;0
01800151402;0180015140;SUICETTE TIK TOK CHEW POP BOCAL;0
01800151403;0180015140;SUICETTE TIK TOK CHEW POP BOCAL;0
01800152201;0180015220;SUICETTE TIK TOK EXCEL XXL;0
01800152401;0180015240;SUICETTE TWIST POP EXCEL;15
01800133701;0180013370;Sundea choco ice cream;148
01800133702;0180013370;Sundea choco ice cream;4,9
01800133703;0180013370;Sundea choco ice cream;0,2
00100136601;0010013660;Sur eau oasis;0
00100136602;0010013660;Sur eau oasis;0
00100191901;0010019190;SURPRISE SNACK 20SHT*25PCS;0
00500140801;0050014080;Sweet africa poulet en paquet;0
00500140802;0050014080;Sweet africa poulet en paquet;0
00500138701;0050013870;SWEET AFRICAN CUBE;115
00500138702;0050013870;SWEET AFRICAN CUBE;2,8
00500138703;0050013870;SWEET AFRICAN CUBE;1,4
00500036401;0050003640;SWEET BOY CHOCOLATE;4
00500166001;0050016600;SWEET BOY COCONUT;3
00500166101;0050016610;SWEET BOY PINEAPPLE;3
01800157101;0180015710;SWEET DREAMS POP;0
01800157102;0180015710;SWEET DREAMS POP;0
00100094201;0010009420;SWEETBOY @ PIECE;0
00100094202;0010009420;SWEETBOY @ PIECE;0
00100007001;0010000700;Talia bleu Nuit*60;1
00100007002;0010000700;Talia bleu Nuit*60;0
00100122401;0010012240;Talia violet Nuit coton*60;2
00100122402;0010012240;Talia violet Nuit coton*60;0
00100048401;0010004840;TAMARIN PM;0
00100074801;0010007480;Thermos 3l plastique;0
00100071801;0010007180;THERMOS VISTA VVF-1120 2L;0
00100071701;0010007170;THERMOS VISTA VVF-1132H 3.2 L;1
00100110201;0010011020;Thon en miettes 185g;0
00100013501;0010001350;TIARA POUDRE;0
01800162801;0180016280;TIK TOK VETO ASSORTED POPS EN SACHET;0
00100037401;0010003740;TOLE 0.18 / 3M;0
00100033601;0010003360;TOLE 0.18/2M;0
00100083101;0010008310;TOLE 0.25/2M;0
00100082401;0010008240;TOLE 0.25/3M;0
00500159201;0050015920;TOMATE BOITE ALDA 70G;0
00500159202;0050015920;TOMATE BOITE ALDA 70G;0
00100064901;0010006490;TOMATE BOITE HELLO FASTE;0
00100064902;0010006490;TOMATE BOITE HELLO FASTE;0
00100136701;0010013670;Tomate boite mama;0
00100136702;0010013670;Tomate boite mama;0
00500169801;0050016980;TOMATE BONJOUR @ BTS 70G;13
00500169802;0050016980;TOMATE BONJOUR @ BTS 70G;0,3
00500161001;0050016100;TOMATE BONJOUR EN SACHET 50G;3
00500161002;0050016100;TOMATE BONJOUR EN SACHET 50G;0
00100054701;0010005470;TOMATE BTE LUCIE;0
00100054702;0010005470;TOMATE BTE LUCIE;0
00100043301;0010004330;TOMATE DELICIOUS 70GR;0
00100043302;0010004330;TOMATE DELICIOUS 70GR;0
00100066601;0010006660;TOMATE ELVIA EN SACHET;0
00500143901;0050014390;Tomate en sachet lucie;0
00500143902;0050014390;Tomate en sachet lucie;0
00500143903;0050014390;Tomate en sachet lucie;0
00100113501;0010011350;TOMATE EUROPA  @ SACHET 50G;0
00100113502;0010011350;TOMATE EUROPA  @ SACHET 50G;0
00100124401;0010012440;Tomate europa @ boite 70g;0
00100124402;0010012440;Tomate europa @ boite 70g;0
00100110101;0010011010;Tomate evita en sachet 50g;203
00100110102;0010011010;Tomate evita en sachet 50g;4,1
00500110701;0050011070;TOMATE EVITA ENSACHET 50G;0
00100009101;0010000910;TOMATE FANA EN SACHET;0
00100009102;0010000910;TOMATE FANA EN SACHET;0
00100009103;0010000910;TOMATE FANA EN SACHET;0
00100178301;0010017830;TOMATE FANA EN SACHET50G;2
00100178302;0010017830;TOMATE FANA EN SACHET50G;0
00500151801;0050015180;TOMATE KENZY EN SACHET;0
00100151701;0010015170;TOMATE KENZY EN SACHET 50G;168
00100151702;0010015170;TOMATE KENZY EN SACHET 50G;6,7
00100151703;0010015170;TOMATE KENZY EN SACHET 50G;1,7
00500158001;0050015800;TONGOLO BE @ KILOS;0,7
01800098701;0180009870;Tongue Painte Assorti 5g;0
01800098702;0180009870;Tongue Painte Assorti 5g;0
01800133101;0180013310;Tongue painter kiddo;0
01800133102;0180013310;Tongue painter kiddo;0
01800162701;0180016270;TONGUE PAINTER MONSTRE POP KIDDIES;0
00100100201;0010010020;Tongue_dancer (100pcs);0
00100100202;0010010020;Tongue_dancer (100pcs);0
00100119901;0010011990;Top cafe 22g*120;0
00100119902;0010011990;Top cafe 22g*120;0
00100190601;0010019060;TOP CAFE CAPPUCCINO 25G;107
00100190602;0010019060;TOP CAFE CAPPUCCINO 25G;0,9
00100190701;0010019070;TOP CAFE PALM SUGAR 25G;15
00100190702;0010019070;TOP CAFE PALM SUGAR 25G;0,1
00100154701;0010015470;TOP CAFFE AVOCADO 22G;0
00100154702;0010015470;TOP CAFFE AVOCADO 22G;0
00100154601;0010015460;TOP CAFFE MAKACHINNO 22G;0
00100154602;0010015460;TOP CAFFE MAKACHINNO 22G;0
00100194101;0010019410;TOPHYTASTE BOEUF BOUILLON CUBES;1
00100194102;0010019410;TOPHYTASTE BOEUF BOUILLON CUBES;0
00100194103;0010019410;TOPHYTASTE BOEUF BOUILLON CUBES;0
00100075801;0010007580;Triple action aloe vera 100ml;58
00100075802;0010007580;Triple action aloe vera 100ml;9,7
00100075803;0010007580;Triple action aloe vera 100ml;0,8
00100056301;0010005630;TSARAHIRATRA SAUCE;0
00100056302;0010005630;TSARAHIRATRA SAUCE;0
00100002001;0010000200;TSARAMASO  LAVA @ kapoaka;0
00100002002;0010000200;TSARAMASO  LAVA @ kapoaka;0
00100002101;0010000210;TSARAMASO BOTA;0
00100002102;0010000210;TSARAMASO BOTA;0
00100050401;0010005040;TSARAMASO EN SAC  50KG;0
00200083001;0020008300;TSARAMASO LAVA 50KG;0
00100076201;0010007620;TSARAMASO MENA;0
00100076401;0010007640;TSARAMASO MENA KAPOAKA;0
00500153101;0050015310;TSARAMASO MIANDRIVAZO 25 KG;0
00100047801;0010004780;TSARAMASO MIANDRIVAZO EN KAPOAKA;79
00100045101;0010004510;TSIASISA EN KAPOAKA;0
00500029601;0050002960;TSIASISA EN SAC;0
00500029602;0050002960;TSIASISA EN SAC;0
00100095701;0010009570;TSIASISA VAO 50KG;0
00100096101;0010009610;TSIASISA VAO2 EN KAPOAKA;0
00100020301;0010002030;TSIKY NAKS;0
00100020302;0010002030;TSIKY NAKS;0
00100064101;0010006410;TUC CLASSIC 65*24;0
00100064102;0010006410;TUC CLASSIC 65*24;0
00100081901;0010008190;TUC MINI 30G*30;0
00100081902;0010008190;TUC MINI 30G*30;0
00100064201;0010006420;TUC POCKET 32G;0
00100064202;0010006420;TUC POCKET 32G;0
00100010601;0010001060;Turbo choco gm;1
00100010602;0010001060;Turbo choco gm;0,1
00600168301;0060016830;TURBO CHOCO PM;10
00600168302;0060016830;TURBO CHOCO PM;0,5
00600186001;0060018600;TURBO FRAISE GM;35
00600186002;0060018600;TURBO FRAISE GM;2,9
01800155201;0180015520;U&mé MINIS EN BOITE;0
00100184901;0010018490;VAO SHAMPOOING PAPAYE SACHET;4
01100196701;0110019670;VAO TRANSLUCIDE SDOI U1*36MX*80G;36
01100196702;0110019670;VAO TRANSLUCIDE SDOI U1*36MX*80G;1
01200121001;0120012100;Vaoline 30g*108;0
00100048601;0010004860;VARY  GASY ANDAPA @ kapoaka;0
00300029901;0030002990;VARY  STOCK MARIO;0
00300027901;0030002790;VARY DISTE vao;3
00300021401;0030002140;VARY FELIZ FAMILIA 25 KG;0
00300021301;0030002130;VARY FELIZ FAMILIA 50KG;0
00100080601;0010008060;VARY GASY 25KG;0
00100092101;0010009210;VARY GASY ambato @ KAPOAKA;0
00300092201;0030009220;VARY GASY ANDAPA 25KG;0
00300092301;0030009230;VARY GASY ANDAPA 50KG;0
00100090401;0010009040;VARY GASY ANDAPA 60KG;0
01600161301;0160016130;VARY GASY ANDAPA VAO 50 KG;0
00300175801;0030017580;VARY GASY BOTA;135
00300109001;0030010900;VARY GASY BOTA 25KG;4
00300029401;0030002940;VARY GASY BOTA 50kg;5
00300195301;0030019530;VARY GASY BOTA VAO 60KG;2
00300099401;0030009940;Vary gasy botamenamena 50kg;0
00300042001;0030004200;VARY GASY EN KAPOAKA FOTSY;0
01600039901;0160003990;VARY GASY EN KPK;0
01600131101;0160013110;Vary gasy fotsy 2eme choix 50kg;0
00300038901;0030003890;VARY GASY fotsy 60kg;0
00100069501;0010006950;VARY GASY RIO 50kg;0
00300021201;0030002120;VARY HAPPY FAMILY 25KG;0
00300021101;0030002110;VARY HAPPY FAMILY 50KG;0
00300113901;0030011390;VARY HARAKA JAUNE 50 KG;0
00500026101;0050002610;VARY LA FAMILLE INDE;0
00500026102;0050002610;VARY LA FAMILLE INDE;0
00300037801;0030003780;VARY LUX LAXMI;0
00300175001;0030017500;VARY MAHAVOKY LUX 50KG;2
00300000901;0030000090;VARY MAKALIOKA  VAOVAO 50KG;0
00300000902;0030000090;VARY MAKALIOKA  VAOVAO 50KG;0
00300000903;0030000090;VARY MAKALIOKA  VAOVAO 50KG;0
01600163101;0160016310;VARY MAKALIOKA 50KG;4
00300127401;0030012740;Vary makalioka 60kg;5
00100062101;0010006210;VARY MAKALIOKA KAPOAKA;0
00300119301;0030011930;Vary makalioka vao 25Kg;2
00300136201;0030013620;Vary makalioka vao en kapoaka;0
00300109501;0030010950;VARY MANJARIKA 50KG;0
01600042501;0160004250;VARY MENA DISTE EN KAPOAKA;1
00100079901;0010007990;VARY MME ROSE;2
00300048801;0030004880;VARY ROYAL SALAMI 25KG;0
00300029701;0030002970;VARY STOCK  STAR;0
00300038301;0030003830;VARY STOCK 25 KG;0
00100091901;0010009190;VARY STOCK 50kg;0
00300177701;0030017770;VARY STOCK ACE RICE  50KG;0
00300192201;0030019220;VARY STOCK ADELCO 25KG;0
00300192801;0030019280;VARY STOCK AFRICAN GOLD 50KG;0
00300057101;0030005710;VARY STOCK AONE 50KG;0
00300021701;0030002170;VARY STOCK ASIAN 5%;0
00300032901;0030003290;Vary stock barea 50KG;0
00300115901;0030011590;Vary stock bon 50kg;0
00300169501;0030016950;VARY STOCK BOULE PETANQUE 50KG;0
00300125401;0030012540;Vary stock bulmex 25kg;0
00300000301;0030000030;VARY STOCK CAPITAL 50KG;0
00300000302;0030000030;VARY STOCK CAPITAL 50KG;0
00300000303;0030000030;VARY STOCK CAPITAL 50KG;0
00100061001;0010006100;VARY STOCK CHAMPION 50 KG;11
00300105201;0030010520;Vary stock eagle 50kg;0
00300163301;0030016330;VARY STOCK EHOALA 50 KG;0
00300170201;0030017020;VARY STOCK FALCON 25KG;0
00100095601;0010009560;VARY STOCK FANEVA;0
00300123101;0030012310;Vary stock foot ball 50kg;0
00300122901;0030012290;Vary stock global 50kg;0
00300167901;0030016790;VARY STOCK GOLD COIN 50KG;0
00300199201;0030019920;VARY STOCK GOLD SAC 50KG;8
00300163201;0030016320;VARY STOCK HARY FITIA 50KG;0
00300041601;0030004160;VARY STOCK INDUS 50 KG;0
00300110501;0030011050;VARY STOCK KING AFRICA 50KG;0
00100097201;0010009720;VARY STOCK KINTANA 25KG;0
00300097101;0030009710;Vary Stock Kintana 50kg;2
00300192701;0030019270;VARY STOCK LA CASCADE 50KG;0
00300118101;0030011810;VARY STOCK LA FAMILLE INDE 50KG;0
00300021601;0030002160;VARY STOCK LALA;0
00300021602;0030002160;VARY STOCK LALA;0
00300021603;0030002160;VARY STOCK LALA;0
00500098801;0050009880;Vary Stock Lemur 50kg;0
00300167701;0030016770;VARY STOCK MAHAVOKY 50KG;0
00300130601;0030013060;Vary stock mara 50kg;0
00500114701;0050011470;VARY STOCK MOL RIZ 50KG;0
00100091301;0010009130;VARY STOCK NAMANA;0
00300109301;0030010930;Vary stock nitra 50kg;0
00100106801;0010010680;VARY STOCK PACK RHINO 25KG;0
00300031501;0030003150;VARY STOCK PAPA;0
00300136501;0030013650;Vary stock pogo 50 kg;0
00100077801;0010007780;VARY STOCK R R  PREMIUM 50KG;0
00300173601;0030017360;VARY STOCK ROMAZAVA 50KG;0
00500114601;0050011460;VARY STOCK SAKSHI SILVER 50KG;0
00300089201;0030008920;VARY STOCK SHAVA 50KG;0
00300038801;0030003880;VARY STOCK STAR 25 KG;0
00300031801;0030003180;VARY STOCK SUN FLOWER;0
00300031301;0030003130;VARY STOCK TANISHK;0
00300106601;0030010660;VARY STOCK TIGRE PAKISTAN 50KG;0
00300061201;0030006120;VARY STOCK TSINJO 25KG;0
00300105301;0030010530;Vary stock tuctuc 50kg;0
00300173501;0030017350;VARY STOCK TULIP 50KG;0
00300060201;0030006020;Vary stock voky tsara 50KG;0
00300153401;0030015340;VARY STOCK VOKY TSARA LUXE 5% SAC 50 KG;0
00100106701;0010010670;VARY STOCK VOLAMENA 50KG;0
00300169701;0030016970;VARY STOCK VOLGA 50KG;0
00300031601;0030003160;VARY TASTE LIFE 25KG;0
00100077701;0010007770;VARY TSINJO 50KG FOTSY;0
00300048901;0030004890;VARY TSINJO 50KG VAOVAO;0
00300153501;0030015350;VARY VOKY TSARA LUXE EN KAPOAKA;146
00300164601;0030016460;VARYSTOCK CE BON SAC 50KG;0
00100128101;0010012810;Vehicule lollipop 15g;3
00100044001;0010004400;VERRE A JETER;0
00100075201;0010007520;VERRE A JETER TRANQUIL TRANSPARENT;8
00100075301;0010007530;VERRE A JETER TRANQUIL WHITE;10
00100129401;0010012940;Verre à jeter voila *20x50;0
00100129402;0010012940;Verre à jeter voila *20x50;0
00100114501;0010011450;VERRE A JETTER CHAMPION;12
00100139001;0010013900;VERRE DECORRTED GLRSS;0
00100139002;0010013900;VERRE DECORRTED GLRSS;0
00100009501;0010000950;VETSIN 250G;42
00100009502;0010000950;VETSIN 250G;0,9
00500138601;0050013860;VETSIN 50G;5
00500138602;0050013860;VETSIN 50G;0,1
00500158701;0050015870;VETSIN SASA MOTO 3G*160*25;0
00500158702;0050015870;VETSIN SASA MOTO 3G*160*25;0
00100009601;0010000960;VETSIN VITA 3G;43
00100009602;0010000960;VETSIN VITA 3G;0,9
00500041501;0050004150;VINAIGRE FOTSY 1 L;0
00500041502;0050004150;VINAIGRE FOTSY 1 L;0
00100072301;0010007230;VINAIGRE FOTSY TAF [1L] GM;0
00100024201;0010002420;VINAIGRE SACHET SAVOUR;0
00100024202;0010002420;VINAIGRE SACHET SAVOUR;0
00100076501;0010007650;Vinaigre sachet taf blanc 5cl*40;0
00100076502;0010007650;Vinaigre sachet taf blanc 5cl*40;0
00100142601;0010014260;Vinaigre sachet taf rouge;18
00100142602;0010014260;Vinaigre sachet taf rouge;3,6
00100066401;0010006640;VINAIGRE SAVOUR  [1L ] GM;0
00100066301;0010006630;VINAIGRE SAVOUR [0.25L ]  PM;0
00100093701;0010009370;VINAIGRE TAF FOTSY 0.25L;147
00100093702;0010009370;VINAIGRE TAF FOTSY 0.25L;14,7
00100084501;0010008450;VINAIGRE TAF FOTSY 1L;65
00100084502;0010008450;VINAIGRE TAF FOTSY 1L;10,8
00100003501;0010000350;VINAIGRE TAF mena (0.25l);62
00100003502;0010000350;VINAIGRE TAF mena (0.25l);6,2
00100003401;0010000340;VINAIGRE TAF MENA 1l;100
00100003402;0010000340;VINAIGRE TAF MENA 1l;16,7
00100026001;0010002600;VINAIGRE TSOTRA GM;0
00100026002;0010002600;VINAIGRE TSOTRA GM;0
00100189301;0010018930;VINUT COCKTAIL MIXED FRUIT JUICE 330ML;6
00100189401;0010018940;VINUT COCONUT WATER JUICE 330ML;6
00100189501;0010018950;VINUT ORANGE JUICE 330ML;9
00100189601;0010018960;VINUT PASSION FRUIT JUICE 330ML;6
00100189701;0010018970;VINUT STRAWBERRY JUICE 330ML;6
00100189801;0010018980;VINUT VOLTRIC 220 ENERGY JUICE 330ML;5
00100135501;0010013550;Vitalait 1kg;5
00100135502;0010013550;Vitalait 1kg;0,6
00100135601;0010013560;Vitalait 500g;3
00100135602;0010013560;Vitalait 500g;0,2
01800171801;0180017180;VNL DELUXE TOFFEES100PCS*20BAG;6
01800176701;0180017670;VNL FROYO PRETO BLACK TO RED 24PCS*16;15
01800184001;0180018400;VNL MILK LOLLIPOP BOCAL;5
01800163801;0180016380;VNL STABERRY, M, MF  LOLLIPOP BOOM SPLASH;0
01800183901;0180018390;VNL STRAWBERRY LOLLIPOP BOOM SPLASH;4
00100002501;0010000250;VOANEMBA 50 kg ij;2
00500042801;0050004280;VOANEMBA FOTSY @ kapoaka;55
00500042802;0050004280;VOANEMBA FOTSY @ kapoaka;0,3
00100058601;0010005860;VOANJO BORY;0
00100090101;0010009010;VOANJOBORY 25KG;0
00100002903;0010000290;VOANJOBORY 50KG;3,5
00100002901;0010000290;VOANJOBORY 50KG;1
00100002902;0010000290;VOANJOBORY 50KG;1
00100090201;0010009020;VOANJOBORY @ KAPOAKA;160
00100043201;0010004320;VOANJOBORY EN KAPOAKA;0
00100083201;0010008320;VOANTSIROKA MAVO;0
00100044501;0010004450;VOANTSIROKA MAVO @ kapoaka;0
01200143601;0120014360;Vovo-tsavony so klin 1kg;7
01200143602;0120014360;Vovo-tsavony so klin 1kg;0,7
01200150801;0120015080;VOVON-TSAVONY B29 EN PIESES;0
00100005701;0010000570;VOVON-TSAVONY BOOM en carton;750
00100005702;0010000570;VOVON-TSAVONY BOOM en carton;5
00100039201;0010003920;VOVON-TSAVONY DENOR;0
01200163001;0120016300;VOVON-TSAVONY EXTRA EN PCS;0
00100054501;0010005450;VOVON-TSAVONY FLOR;3
00100005901;0010000590;VOVON-TSAVONY FOM;0
01200141201;0120014120;Vovon-tsavony fom en pcs;1
01200195101;0120019510;VOVON-TSAVONY OXI BLEU BREEZE;8
01200121501;0120012150;Vovon-tsavony Oxi en pcs;0
00100050701;0010005070;VOVON-TSAVONY OXI VIOLET LAVANDE;9
01200154301;0120015430;Vovon-tsavony saba 25g en pcs;0
00100086101;0010008610;VOVON-TSAVONY SAFIDY 30G;0
01200118201;0120011820;Vovon-tsavony safidy 30g en PCS;0
00100062501;0010006250;VOVON-TSAVONY SEIM;0
01200149601;0120014960;Vovon-tsavony seim en pcs;0
00100050101;0010005010;VOVON-TSAVONY UNO 30G;0
01200144501;0120014450;Vovon-tsavony uno en pcs;0
00100073601;0010007360;VOVON-TSAVONY VAO LINE EN PCS;0
01200121201;0120012120;Vovontsavony iriko 25g en pcs;57
01200121101;0120012110;Vovontsavony iriko 25g*150;15
01100105101;0110010510;Vovotsavony Extra Citrus;8
00100055801;0010005580;WORLD COLA 1.5 l;24
00100055802;0010005580;WORLD COLA 1.5 l;4
00100024401;0010002440;XXL 35CL;13
00100024402;0010002440;XXL 35CL;1,1
00400022201;0040002220;YARICO GM;0
00400022202;0040002220;YARICO GM;0
00400022301;0040002230;YARICO PM;1
00400022302;0040002230;YARICO PM;0
00100188801;0010018880;YES JUICE APPLE 1L;1
00100188701;0010018870;YES JUICE COCKTAIL 200ML;0
00100188901;0010018890;YES JUICE GUAVA 1L;5
00100189001;0010018900;YES JUICE ORANGE 200ML;1
00100189101;0010018910;YES JUICE PINEAPPLE 1L;4
00100189201;0010018920;YES JUICE RAISIN ROUGE 1L;3
01800133401;0180013340;Yogurt pop kiddo;0
01800133402;0180013340;Yogurt pop kiddo;0
00100032701;0010003270;YOGURT SUCETTE;0
00100032702;0010003270;YOGURT SUCETTE;0
00100077901;0010007790;YOUT LAIT EN POUDRE 1KG;0
00100078001;0010007800;YOUT LAIT EN POUDRE 250G;0
00100078101;0010007810;YOUT LAIT EN POUDRE 500G;0
00100067601;0010006760;YOUZOU 1.5l;0
00100089301;0010008930;YOUZOU 50 CL;0
00100095101;0010009510;Z bonbon fruit sachet;9
00100095102;0010009510;Z bonbon fruit sachet;0,4
00100095201;0010009520;Z BONBON FRUITY BOCAL;0
00100019601;0010001960;ZAKURO;0
00100019602;0010001960;ZAKURO;0
00100019603;0010001960;ZAKURO;0
00100087201;0010008720;[CRISPY CONE / ACIDULADAS ] EN PIECE;0
