designation,unit,issue,message
Bebem pants culotte maxi 4x32 n°4,BALLE,DUPLICATE_DESIGNATION,ligne ignorée car une première occurrence a déjà été retenue pour cette désignation
Biscuit rockers spark hitrick,CARTON,DUPLICATE_DESIGNATION,ligne ignorée car une première occurrence a déjà été retenue pour cette désignation
Bonbon Caffee,CARTON,DUPLICATE_DESIGNATION,ligne ignorée car une première occurrence a déjà été retenue pour cette désignation
Bonbon star POP,CARTON,DUPLICATE_DESIGNATION,ligne ignorée car une première occurrence a déjà été retenue pour cette désignation
Bonbon vintage truff choco 1kg,CARTON,DUPLICATE_DESIGNATION,ligne ignorée car une première occurrence a déjà été retenue pour cette désignation
Pointe 90X20 de 20kg,CARTON,DUPLICATE_DESIGNATION,ligne ignorée car une première occurrence a déjà été retenue pour cette désignation
Sundea choco ice cream,CARTON,DUPLICATE_DESIGNATION,ligne ignorée car une première occurrence a déjà été retenue pour cette désignation
Tongue paint assorti 5g,CARTON,DUPLICATE_DESIGNATION,ligne ignorée car une première occurrence a déjà été retenue pour cette désignation
4x4 happy choco,CARTON,DUPLICATE_DESIGNATION,ligne ignorée car une première occurrence a déjà été retenue pour cette désignation
4x4 Happy Top pm,CARTON,DUPLICATE_DESIGNATION,ligne ignorée car une première occurrence a déjà été retenue pour cette désignation
4x4 happy vanille,CARTON,DUPLICATE_DESIGNATION,ligne ignorée car une première occurrence a déjà été retenue pour cette désignation
4x4 up beurre,CARTON,DUPLICATE_DESIGNATION,ligne ignorée car une première occurrence a déjà été retenue pour cette désignation
4x4 up fraise,CARTON,DUPLICATE_DESIGNATION,ligne ignorée car une première occurrence a déjà été retenue pour cette désignation
ACIDE LAVA,CARTON,DUPLICATE_DESIGNATION,ligne ignorée car une première occurrence a déjà été retenue pour cette désignation
ACIDEL BOTA,CARTON,DUPLICATE_DESIGNATION,ligne ignorée car une première occurrence a déjà été retenue pour cette désignation
Aerosol jumbo xt  fl 680ml,CARTON,DUPLICATE_DESIGNATION,ligne ignorée car une première occurrence a déjà été retenue pour cette désignation
Aerosol jumbo xt fl 300ml,CARTON,DUPLICATE_DESIGNATION,ligne ignorée car une première occurrence a déjà été retenue pour cette désignation
africa chef beef cube 108g,BOITE,DUPLICATE_DESIGNATION,ligne ignorée car une première occurrence a déjà été retenue pour cette désignation
africa chef beef cube 108g,CARTON,DUPLICATE_DESIGNATION,ligne ignorée car une première occurrence a déjà été retenue pour cette désignation
Africa chef chicken cube 108g,BOITE,DUPLICATE_DESIGNATION,ligne ignorée car une première occurrence a déjà été retenue pour cette désignation
Africa chef chicken cube 108g,CARTON,DUPLICATE_DESIGNATION,ligne ignorée car une première occurrence a déjà été retenue pour cette désignation
Agharbatti seven worder fruits,BOITE,DUPLICATE_DESIGNATION,ligne ignorée car une première occurrence a déjà été retenue pour cette désignation
Allumette italia,CARTON,DUPLICATE_DESIGNATION,ligne ignorée car une première occurrence a déjà été retenue pour cette désignation
Allumettes yes safety,PAQUET,DUPLICATE_DESIGNATION,ligne ignorée car une première occurrence a déjà été retenue pour cette désignation
Allumettes yes safety,CARTON,DUPLICATE_DESIGNATION,ligne ignorée car une première occurrence a déjà été retenue pour cette désignation
Ampoule clear bulb 100w,PAQUET,DUPLICATE_DESIGNATION,ligne ignorée car une première occurrence a déjà été retenue pour cette désignation
Ampoule clear bulb 40w,PAQUET,DUPLICATE_DESIGNATION,ligne ignorée car une première occurrence a déjà été retenue pour cette désignation
Ampoule clear bulb 60w,PAQUET,DUPLICATE_DESIGNATION,ligne ignorée car une première occurrence a déjà été retenue pour cette désignation
Ampoule clear bulb 75w,PAQUET,DUPLICATE_DESIGNATION,ligne ignorée car une première occurrence a déjà été retenue pour cette désignation
Angola bleu gm,PAQUET,DUPLICATE_DESIGNATION,ligne ignorée car une première occurrence a déjà été retenue pour cette désignation
Angola bleu gm,CARTON,DUPLICATE_DESIGNATION,ligne ignorée car une première occurrence a déjà été retenue pour cette désignation
Arrow mosquito coils vert bamboo,CARTON,DUPLICATE_DESIGNATION,ligne ignorée car une première occurrence a déjà été retenue pour cette désignation
Assiette à jette Raha,CARTON,DUPLICATE_DESIGNATION,ligne ignorée car une première occurrence a déjà été retenue pour cette désignation
Assorted lollipop Royale,CARTON,DUPLICATE_DESIGNATION,ligne ignorée car une première occurrence a déjà été retenue pour cette désignation
BABY SEA CONFORT 5X32 N°4,BALLE,DUPLICATE_DESIGNATION,ligne ignorée car une première occurrence a déjà été retenue pour cette désignation
BABY SEA CONFORT 5X36 N°3,BALLE,DUPLICATE_DESIGNATION,ligne ignorée car une première occurrence a déjà été retenue pour cette désignation
Baby sea confort 5x36 n°3 en sachet,PAQUET,DUPLICATE_DESIGNATION,ligne ignorée car une première occurrence a déjà été retenue pour cette désignation
Ball bubble gum mix fruit 3.8g,CARTON,DUPLICATE_DESIGNATION,ligne ignorée car une première occurrence a déjà été retenue pour cette désignation
Baume ravintsara,BALLE,DUPLICATE_DESIGNATION,ligne ignorée car une première occurrence a déjà été retenue pour cette désignation
BEBEM PANTS TWIN JUNIOR 4X28 N°5,BALLE,DUPLICATE_DESIGNATION,ligne ignorée car une première occurrence a déjà été retenue pour cette désignation
BENNY,CARTON,DUPLICATE_DESIGNATION,ligne ignorée car une première occurrence a déjà été retenue pour cette désignation
Bhoot unkle,SACHET,DUPLICATE_DESIGNATION,ligne ignorée car une première occurrence a déjà été retenue pour cette désignation
Bhoot unkle,CARTON,DUPLICATE_DESIGNATION,ligne ignorée car une première occurrence a déjà été retenue pour cette désignation
Big boy wafer biscuit 40 pcs,CARTON,DUPLICATE_DESIGNATION,ligne ignorée car une première occurrence a déjà été retenue pour cette désignation
BIG TOFFEE ASSORTED,CARTON,DUPLICATE_DESIGNATION,ligne ignorée car une première occurrence a déjà été retenue pour cette désignation
Big toffee chocolate kemlo 200p*8bts,CARTON,DUPLICATE_DESIGNATION,ligne ignorée car une première occurrence a déjà été retenue pour cette désignation
Big toffee happy birthblash,CARTON,DUPLICATE_DESIGNATION,ligne ignorée car une première occurrence a déjà été retenue pour cette désignation
Big toffee strawberry kemlo 200p*8bte,CARTON,DUPLICATE_DESIGNATION,ligne ignorée car une première occurrence a déjà été retenue pour cette désignation
bigg pop gum carre en bocal*100pcs,CARTON,DUPLICATE_DESIGNATION,ligne ignorée car une première occurrence a déjà été retenue pour cette désignation
BIGTOX,CARTON,DUPLICATE_DESIGNATION,ligne ignorée car une première occurrence a déjà été retenue pour cette désignation
Bis marie *18,CARTON,DUPLICATE_DESIGNATION,ligne ignorée car une première occurrence a déjà été retenue pour cette désignation
Bis'nice 2 biscuits,CARTON,DUPLICATE_DESIGNATION,ligne ignorée car une première occurrence a déjà été retenue pour cette désignation
Bis'nice 9 biscuits,CARTON,DUPLICATE_DESIGNATION,ligne ignorée car une première occurrence a déjà été retenue pour cette désignation
Biscuit  cremelo cremica ass 70g,CARTON,DUPLICATE_DESIGNATION,ligne ignorée car une première occurrence a déjà été retenue pour cette désignation
Biscuit  kit choco pm,CARTON,DUPLICATE_DESIGNATION,ligne ignorée car une première occurrence a déjà été retenue pour cette désignation
Biscuit  major,CARTON,DUPLICATE_DESIGNATION,ligne ignorée car une première occurrence a déjà été retenue pour cette désignation
Biscuit  Miam pm,CARTON,DUPLICATE_DESIGNATION,ligne ignorée car une première occurrence a déjà été retenue pour cette désignation
Biscuit 18 Delice,CARTON,DUPLICATE_DESIGNATION,ligne ignorée car une première occurrence a déjà été retenue pour cette désignation
Biscuit 18 petit beurre,CARTON,DUPLICATE_DESIGNATION,ligne ignorée car une première occurrence a déjà été retenue pour cette désignation
Biscuit 18 petit lait,CARTON,DUPLICATE_DESIGNATION,ligne ignorée car une première occurrence a déjà été retenue pour cette désignation
BISCUIT 4X4 50,CARTON,DUPLICATE_DESIGNATION,ligne ignorée car une première occurrence a déjà été retenue pour cette désignation
BISCUIT 4X4 BE VAO2,CARTON,DUPLICATE_DESIGNATION,ligne ignorée car une première occurrence a déjà été retenue pour cette désignation
BISCUIT 4X4 CHOCO BE,CARTON,DUPLICATE_DESIGNATION,ligne ignorée car une première occurrence a déjà été retenue pour cette désignation
Biscuit 4x4 choco miam,CARTON,DUPLICATE_DESIGNATION,ligne ignorée car une première occurrence a déjà été retenue pour cette désignation
BISCUIT 4X4 GLUCOSE BE,CARTON,DUPLICATE_DESIGNATION,ligne ignorée car une première occurrence a déjà été retenue pour cette désignation
BISCUIT 4X4 GO,CARTON,DUPLICATE_DESIGNATION,ligne ignorée car une première occurrence a déjà été retenue pour cette désignation
Biscuit 4x4 krem banane,CARTON,DUPLICATE_DESIGNATION,ligne ignorée car une première occurrence a déjà été retenue pour cette désignation
Biscuit 4x4 krem citron,CARTON,DUPLICATE_DESIGNATION,ligne ignorée car une première occurrence a déjà été retenue pour cette désignation
Biscuit 6 delice,CARTON,DUPLICATE_DESIGNATION,ligne ignorée car une première occurrence a déjà été retenue pour cette désignation
BISCUIT 6 PETIT BEURRE,CARTON,DUPLICATE_DESIGNATION,ligne ignorée car une première occurrence a déjà été retenue pour cette désignation
Biscuit bledor club cremica,CARTON,DUPLICATE_DESIGNATION,ligne ignorée car une première occurrence a déjà été retenue pour cette désignation
Biscuit bourbon cremica 20g,CARTON,DUPLICATE_DESIGNATION,ligne ignorée car une première occurrence a déjà été retenue pour cette désignation
Biscuit choco bico 65g,CARTON,DUPLICATE_DESIGNATION,ligne ignorée car une première occurrence a déjà été retenue pour cette désignation
Biscuit choco champ,CARTON,DUPLICATE_DESIGNATION,ligne ignorée car une première occurrence a déjà été retenue pour cette désignation
Biscuit choco gof 12pcs*20,CARTON,DUPLICATE_DESIGNATION,ligne ignorée car une première occurrence a déjà été retenue pour cette désignation
Biscuit chunk munk,CARTON,DUPLICATE_DESIGNATION,ligne ignorée car une première occurrence a déjà été retenue pour cette désignation
Biscuit coconut pm,CARTON,DUPLICATE_DESIGNATION,ligne ignorée car une première occurrence a déjà été retenue pour cette désignation
Biscuit cream cheers,CARTON,DUPLICATE_DESIGNATION,ligne ignorée car une première occurrence a déjà été retenue pour cette désignation
Biscuit Cream duex,CARTON,DUPLICATE_DESIGNATION,ligne ignorée car une première occurrence a déjà été retenue pour cette désignation
Biscuit cream fresh jai kada,CARTON,DUPLICATE_DESIGNATION,ligne ignorée car une première occurrence a déjà été retenue pour cette désignation
Biscuit cream lata,CARTON,DUPLICATE_DESIGNATION,ligne ignorée car une première occurrence a déjà été retenue pour cette désignation
Biscuit creamy Voila,CARTON,DUPLICATE_DESIGNATION,ligne ignorée car une première occurrence a déjà été retenue pour cette désignation
Biscuit creme veto 82g,CARON,DUPLICATE_DESIGNATION,ligne ignorée car une première occurrence a déjà été retenue pour cette désignation
Biscuit cremo.24pcs,CARTON,DUPLICATE_DESIGNATION,ligne ignorée car une première occurrence a déjà été retenue pour cette désignation
Biscuit crunchy wafer 75g,CARTON,DUPLICATE_DESIGNATION,ligne ignorée car une première occurrence a déjà été retenue pour cette désignation
BISCUIT FAMILY VANILLE,CARTON,DUPLICATE_DESIGNATION,ligne ignorée car une première occurrence a déjà été retenue pour cette désignation
BISCUIT FARILAC,CARTON,DUPLICATE_DESIGNATION,ligne ignorée car une première occurrence a déjà été retenue pour cette désignation
BISCUIT FREGO GM,CARTON,DUPLICATE_DESIGNATION,ligne ignorée car une première occurrence a déjà été retenue pour cette désignation
Biscuit frego pocket ass (pm),CARTON,DUPLICATE_DESIGNATION,ligne ignorée car une première occurrence a déjà été retenue pour cette désignation
BISCUIT GALETI,CARTON,DUPLICATE_DESIGNATION,ligne ignorée car une première occurrence a déjà été retenue pour cette désignation
Biscuit ginger,CARTON,DUPLICATE_DESIGNATION,ligne ignorée car une première occurrence a déjà été retenue pour cette désignation
Biscuit glucose pm cream anita,CARTON,DUPLICATE_DESIGNATION,ligne ignorée car une première occurrence a déjà été retenue pour cette désignation
Biscuit glucose Zaza botra,CARTON,DUPLICATE_DESIGNATION,ligne ignorée car une première occurrence a déjà été retenue pour cette désignation
Biscuit hero,CARTON,DUPLICATE_DESIGNATION,ligne ignorée car une première occurrence a déjà été retenue pour cette désignation
Biscuit kamco leibniz 100p*24,CARTON,DUPLICATE_DESIGNATION,ligne ignorée car une première occurrence a déjà été retenue pour cette désignation
Biscuit kit coco gm,CARTON,DUPLICATE_DESIGNATION,ligne ignorée car une première occurrence a déjà été retenue pour cette désignation
Biscuit kit coco pm,CARTON,DUPLICATE_DESIGNATION,ligne ignorée car une première occurrence a déjà été retenue pour cette désignation
Biscuit Kreamy 'n krunch,CARTON,DUPLICATE_DESIGNATION,ligne ignorée car une première occurrence a déjà été retenue pour cette désignation
BISCUIT KREMY,CARTON,DUPLICATE_DESIGNATION,ligne ignorée car une première occurrence a déjà été retenue pour cette désignation
Biscuit mahabibo,CARTON,DUPLICATE_DESIGNATION,ligne ignorée car une première occurrence a déjà été retenue pour cette désignation
Biscuit malt'n milt energy,CARTON,DUPLICATE_DESIGNATION,ligne ignorée car une première occurrence a déjà été retenue pour cette désignation
Biscuit maria mamma mia,CARTON,DUPLICATE_DESIGNATION,ligne ignorée car une première occurrence a déjà été retenue pour cette désignation
BISCUIT MARIE BE,CARTON,DUPLICATE_DESIGNATION,ligne ignorée car une première occurrence a déjà été retenue pour cette désignation
Biscuit marie classic 9.5g,CARTON,DUPLICATE_DESIGNATION,ligne ignorée car une première occurrence a déjà été retenue pour cette désignation
Biscuit marie pm,CARTON,DUPLICATE_DESIGNATION,ligne ignorée car une première occurrence a déjà été retenue pour cette désignation
Biscuit mini cream cookies,CARTON,DUPLICATE_DESIGNATION,ligne ignorée car une première occurrence a déjà été retenue pour cette désignation
Biscuit nice bleu gm,CARTON,DUPLICATE_DESIGNATION,ligne ignorée car une première occurrence a déjà été retenue pour cette désignation
Biscuit nice bleu pm,CARTON,DUPLICATE_DESIGNATION,ligne ignorée car une première occurrence a déjà été retenue pour cette désignation
Biscuit rama creamz mix 48pcs,CARTON,DUPLICATE_DESIGNATION,ligne ignorée car une première occurrence a déjà été retenue pour cette désignation
Biscuit ronaldo,CARTON,DUPLICATE_DESIGNATION,ligne ignorée car une première occurrence a déjà été retenue pour cette désignation
BISCUIT SAIDA WAFER,CARTON,DUPLICATE_DESIGNATION,ligne ignorée car une première occurrence a déjà été retenue pour cette désignation
Biscuit salto  6 pm,CARTON,DUPLICATE_DESIGNATION,ligne ignorée car une première occurrence a déjà été retenue pour cette désignation
Biscuit salto 15(gm ),CRT,DUPLICATE_DESIGNATION,ligne ignorée car une première occurrence a déjà été retenue pour cette désignation
Biscuit smily creamz,CARTON,DUPLICATE_DESIGNATION,ligne ignorée car une première occurrence a déjà été retenue pour cette désignation
BISCUIT SUPER COCO VAOVAO,CARTON,DUPLICATE_DESIGNATION,ligne ignorée car une première occurrence a déjà été retenue pour cette désignation
Biscuit super kreamo mix 48pcs,CARTON,DUPLICATE_DESIGNATION,ligne ignorée car une première occurrence a déjà été retenue pour cette désignation
BISCUIT YUM YUM,CARTON,DUPLICATE_DESIGNATION,ligne ignorée car une première occurrence a déjà été retenue pour cette désignation
Biscuit ziva creams 65g ass,CARTON,DUPLICATE_DESIGNATION,ligne ignorée car une première occurrence a déjà été retenue pour cette désignation
Black hair,CARTON,DUPLICATE_DESIGNATION,ligne ignorée car une première occurrence a déjà été retenue pour cette désignation
Black rose,BOITE PM,DUPLICATE_DESIGNATION,ligne ignorée car une première occurrence a déjà été retenue pour cette désignation
Black rose,BOITE GM,DUPLICATE_DESIGNATION,ligne ignorée car une première occurrence a déjà été retenue pour cette désignation
Bleu dazur (boite),CARTON,DUPLICATE_DESIGNATION,ligne ignorée car une première occurrence a déjà été retenue pour cette désignation
Bobon nyra coconut crunch,CARTON,DUPLICATE_DESIGNATION,ligne ignorée car une première occurrence a déjà été retenue pour cette désignation
Bolo coeur,CARTON,DUPLICATE_DESIGNATION,ligne ignorée car une première occurrence a déjà été retenue pour cette désignation
Bolo donut pm*16x20,CARTON,DUPLICATE_DESIGNATION,ligne ignorée car une première occurrence a déjà été retenue pour cette désignation
BOLO KIDS,CARTON,DUPLICATE_DESIGNATION,ligne ignorée car une première occurrence a déjà été retenue pour cette désignation
BOLO PETITO,CARTON,DUPLICATE_DESIGNATION,ligne ignorée car une première occurrence a déjà été retenue pour cette désignation
BOLO ZOOM,CARTON,DUPLICATE_DESIGNATION,ligne ignorée car une première occurrence a déjà été retenue pour cette désignation
Bonbon ambic koffito bocal 205pcs,CARTON,DUPLICATE_DESIGNATION,ligne ignorée car une première occurrence a déjà été retenue pour cette désignation
Bonbon ambic koffito en sht 100pcs,CARTON,DUPLICATE_DESIGNATION,ligne ignorée car une première occurrence a déjà été retenue pour cette désignation
Bonbon assorted caramel en sht,CARTON,DUPLICATE_DESIGNATION,ligne ignorée car une première occurrence a déjà été retenue pour cette désignation
Bonbon assorted dur+ Caramel,CARTON,DUPLICATE_DESIGNATION,ligne ignorée car une première occurrence a déjà été retenue pour cette désignation
Bonbon big time rich,CARTON,DUPLICATE_DESIGNATION,ligne ignorée car une première occurrence a déjà été retenue pour cette désignation
BONBON BOCAL,CARTON,DUPLICATE_DESIGNATION,ligne ignorée car une première occurrence a déjà été retenue pour cette désignation
Bonbon buble gum phastillia,CARTON,DUPLICATE_DESIGNATION,ligne ignorée car une première occurrence a déjà été retenue pour cette désignation
Bonbon Car pop 5g,CARTON,DUPLICATE_DESIGNATION,ligne ignorée car une première occurrence a déjà été retenue pour cette désignation
Bonbon Caramel ( vao ),CARTON,DUPLICATE_DESIGNATION,ligne ignorée car une première occurrence a déjà été retenue pour cette désignation
BONBON CHOCO BEAN,CRT,DUPLICATE_DESIGNATION,ligne ignorée car une première occurrence a déjà été retenue pour cette désignation
BONBON CHOCO BOCAL OVAL,BOITE,DUPLICATE_DESIGNATION,ligne ignorée car une première occurrence a déjà été retenue pour cette désignation
Bonbon choco gold coin,CARTON,DUPLICATE_DESIGNATION,ligne ignorée car une première occurrence a déjà été retenue pour cette désignation
Bonbon choco mint 2.0,CARTON,DUPLICATE_DESIGNATION,ligne ignorée car une première occurrence a déjà été retenue pour cette désignation
BONBON CHUPITO,CARTON,DUPLICATE_DESIGNATION,ligne ignorée car une première occurrence a déjà été retenue pour cette désignation
BONBON COEUR ENCRT,CARTON,DUPLICATE_DESIGNATION,ligne ignorée car une première occurrence a déjà été retenue pour cette désignation
Bonbon cola cola lollipop,CARTON,DUPLICATE_DESIGNATION,ligne ignorée car une première occurrence a déjà été retenue pour cette désignation
Bonbon Colombina 816x16,CARTON,DUPLICATE_DESIGNATION,ligne ignorée car une première occurrence a déjà été retenue pour cette désignation
Bonbon dolly lolly choco,CARTON,DUPLICATE_DESIGNATION,ligne ignorée car une première occurrence a déjà été retenue pour cette désignation
Bonbon eclaire pop,CARTON,DUPLICATE_DESIGNATION,ligne ignorée car une première occurrence a déjà été retenue pour cette désignation
Bonbon erlan 400g,CARTON,DUPLICATE_DESIGNATION,ligne ignorée car une première occurrence a déjà été retenue pour cette désignation
BONBON FINGER SPRING,CARTON,DUPLICATE_DESIGNATION,ligne ignorée car une première occurrence a déjà été retenue pour cette désignation
BONBON FLAMINGO,CARTON,DUPLICATE_DESIGNATION,ligne ignorée car une première occurrence a déjà été retenue pour cette désignation
Bonbon freshynes,CARTON,DUPLICATE_DESIGNATION,ligne ignorée car une première occurrence a déjà été retenue pour cette désignation
Bonbon Fruit chew toffee bocal,CARTON,DUPLICATE_DESIGNATION,ligne ignorée car une première occurrence a déjà été retenue pour cette désignation
Bonbon fruit crush veto ass 2.65g,CARTON,DUPLICATE_DESIGNATION,ligne ignorée car une première occurrence a déjà été retenue pour cette désignation
Bonbon Fruit flash toffee bocal,CARTON,DUPLICATE_DESIGNATION,ligne ignorée car une première occurrence a déjà été retenue pour cette désignation
BONBON FRUIT MAN ENCRT,CARTON,DUPLICATE_DESIGNATION,ligne ignorée car une première occurrence a déjà été retenue pour cette désignation
Bonbon fruit slice orange,CARTON,DUPLICATE_DESIGNATION,ligne ignorée car une première occurrence a déjà été retenue pour cette désignation
Bonbon fruto fils,CARTON,DUPLICATE_DESIGNATION,ligne ignorée car une première occurrence a déjà été retenue pour cette désignation
Bonbon frutta pop lollipop veto,CARTON,DUPLICATE_DESIGNATION,ligne ignorée car une première occurrence a déjà été retenue pour cette désignation
Bonbon gold 555 toffee bocal,CARTON,DUPLICATE_DESIGNATION,ligne ignorée car une première occurrence a déjà été retenue pour cette désignation
Bonbon hoppin,CARTON,DUPLICATE_DESIGNATION,ligne ignorée car une première occurrence a déjà été retenue pour cette désignation
Bonbon huili toy candy,CARTON,DUPLICATE_DESIGNATION,ligne ignorée car une première occurrence a déjà été retenue pour cette désignation
Bonbon jok,SAC,DUPLICATE_DESIGNATION,ligne ignorée car une première occurrence a déjà été retenue pour cette désignation
Bonbon jok be+5,SAC,DUPLICATE_DESIGNATION,ligne ignorée car une première occurrence a déjà été retenue pour cette désignation
BONBON JOOK MIMANA,SAC,DUPLICATE_DESIGNATION,ligne ignorée car une première occurrence a déjà été retenue pour cette désignation
Bonbon kamco elenor,CARTON,DUPLICATE_DESIGNATION,ligne ignorée car une première occurrence a déjà été retenue pour cette désignation
Bonbon kemlo caramilk en bocal blanc,CARTON,DUPLICATE_DESIGNATION,ligne ignorée car une première occurrence a déjà été retenue pour cette désignation
Bonbon kemlo fruit punk en bocal,CARTON,DUPLICATE_DESIGNATION,ligne ignorée car une première occurrence a déjà été retenue pour cette désignation
Bonbon kemlo kids double truffle ass en bocal*8pcs,CARTON,DUPLICATE_DESIGNATION,ligne ignorée car une première occurrence a déjà été retenue pour cette désignation
Bonbon kemlo my birthday ne bocal,CARTON,DUPLICATE_DESIGNATION,ligne ignorée car une première occurrence a déjà été retenue pour cette désignation
Bonbon King pop 48pcs*16scht,CARTON,DUPLICATE_DESIGNATION,ligne ignorée car une première occurrence a déjà été retenue pour cette désignation
Bonbon koffico,CARTON,DUPLICATE_DESIGNATION,ligne ignorée car une première occurrence a déjà été retenue pour cette désignation
Bonbon milk double decker koffre,CARTON,DUPLICATE_DESIGNATION,ligne ignorée car une première occurrence a déjà été retenue pour cette désignation
Bonbon Milki z,CARTON,DUPLICATE_DESIGNATION,ligne ignorée car une première occurrence a déjà été retenue pour cette désignation
Bonbon milky cow veto,CARTON,DUPLICATE_DESIGNATION,ligne ignorée car une première occurrence a déjà été retenue pour cette désignation
Bonbon mom big pop 8g,CARTON,DUPLICATE_DESIGNATION,ligne ignorée car une première occurrence a déjà été retenue pour cette désignation
Bonbon my doll rich,CARTON,DUPLICATE_DESIGNATION,ligne ignorée car une première occurrence a déjà été retenue pour cette désignation
Bonbon nyra butter max,CARTON,DUPLICATE_DESIGNATION,ligne ignorée car une première occurrence a déjà été retenue pour cette désignation
Bonbon nyra my milk mithai,CARTON,DUPLICATE_DESIGNATION,ligne ignorée car une première occurrence a déjà été retenue pour cette désignation
Bonbon nyra my milk rabi,CARTON,DUPLICATE_DESIGNATION,ligne ignorée car une première occurrence a déjà été retenue pour cette désignation
Bonbon nyra twins,CARTON,DUPLICATE_DESIGNATION,ligne ignorée car une première occurrence a déjà été retenue pour cette désignation
Bonbon nyra twins orange,CARTON,DUPLICATE_DESIGNATION,ligne ignorée car une première occurrence a déjà été retenue pour cette désignation
BONBON OPERA,CARTONS,DUPLICATE_DESIGNATION,ligne ignorée car une première occurrence a déjà été retenue pour cette désignation
BONBON PIN POP SUCETTE MX,CARTON,DUPLICATE_DESIGNATION,ligne ignorée car une première occurrence a déjà été retenue pour cette désignation
Bonbon premium candy,CARTON,DUPLICATE_DESIGNATION,ligne ignorée car une première occurrence a déjà été retenue pour cette désignation
Bonbon premium tamarino,CARTON,DUPLICATE_DESIGNATION,ligne ignorée car une première occurrence a déjà été retenue pour cette désignation
Bonbon racing car,CARTON,DUPLICATE_DESIGNATION,ligne ignorée car une première occurrence a déjà été retenue pour cette désignation
Bonbon rainbow dry figs,CARTON,DUPLICATE_DESIGNATION,ligne ignorée car une première occurrence a déjà été retenue pour cette désignation
Bonbon Robin,CARTON,DUPLICATE_DESIGNATION,ligne ignorée car une première occurrence a déjà été retenue pour cette désignation
BONBON SILLY BILLY ENCRT,CARTON,DUPLICATE_DESIGNATION,ligne ignorée car une première occurrence a déjà été retenue pour cette désignation
Bonbon Simonetto assorted,CARTON,DUPLICATE_DESIGNATION,ligne ignorée car une première occurrence a déjà été retenue pour cette désignation
BONBON SMALL OLIVARY CRT,CARTON,DUPLICATE_DESIGNATION,ligne ignorée car une première occurrence a déjà été retenue pour cette désignation
Bonbon sprint lollipop,CARTON,DUPLICATE_DESIGNATION,ligne ignorée car une première occurrence a déjà été retenue pour cette désignation
Bonbon sucette Chupito,CARTON,DUPLICATE_DESIGNATION,ligne ignorée car une première occurrence a déjà été retenue pour cette désignation
Bonbon sucette Fruit Lolipop,SAC,DUPLICATE_DESIGNATION,ligne ignorée car une première occurrence a déjà été retenue pour cette désignation
Bonbon sucette kely milk lollipop,CARTON,DUPLICATE_DESIGNATION,ligne ignorée car une première occurrence a déjà été retenue pour cette désignation
Bonbon sucette Milk Lolipop,SAC,DUPLICATE_DESIGNATION,ligne ignorée car une première occurrence a déjà été retenue pour cette désignation
Bonbon sucette Mix fruit,CARTON,DUPLICATE_DESIGNATION,ligne ignorée car une première occurrence a déjà été retenue pour cette désignation
Bonbon sucette Pin pon,CARTON,DUPLICATE_DESIGNATION,ligne ignorée car une première occurrence a déjà été retenue pour cette désignation
Bonbon sucette pm choco caramel,CATRON,DUPLICATE_DESIGNATION,ligne ignorée car une première occurrence a déjà été retenue pour cette désignation
Bonbon sucette pm choco vanilla,CARTON,DUPLICATE_DESIGNATION,ligne ignorée car une première occurrence a déjà été retenue pour cette désignation
Bonbon sucette pm cola,CARTON,DUPLICATE_DESIGNATION,ligne ignorée car une première occurrence a déjà été retenue pour cette désignation
Bonbon sucette roze pop,CARTON,DUPLICATE_DESIGNATION,ligne ignorée car une première occurrence a déjà été retenue pour cette désignation
Bonbon sucette Yogurt Lolipop,SAC,DUPLICATE_DESIGNATION,ligne ignorée car une première occurrence a déjà été retenue pour cette désignation
Bonbon supa filled,CARTON,DUPLICATE_DESIGNATION,ligne ignorée car une première occurrence a déjà été retenue pour cette désignation
Bonbon super milk candy,CARTON,DUPLICATE_DESIGNATION,ligne ignorée car une première occurrence a déjà été retenue pour cette désignation
Bonbon switch pop,CARTON,DUPLICATE_DESIGNATION,ligne ignorée car une première occurrence a déjà été retenue pour cette désignation
BONBON TAMARIN N CRT,CARTON,DUPLICATE_DESIGNATION,ligne ignorée car une première occurrence a déjà été retenue pour cette désignation
BONBON TAMARIN PM,CARTON,DUPLICATE_DESIGNATION,ligne ignorée car une première occurrence a déjà été retenue pour cette désignation
Bonbon tamarind cone pop,CACRTON,DUPLICATE_DESIGNATION,ligne ignorée car une première occurrence a déjà été retenue pour cette désignation
Bonbon tik tok gum vita,CARTON,DUPLICATE_DESIGNATION,ligne ignorée car une première occurrence a déjà été retenue pour cette désignation
Bonbon top mint candy,CARTON,DUPLICATE_DESIGNATION,ligne ignorée car une première occurrence a déjà été retenue pour cette désignation
Bonbon toy candy ( basy ),CARTON,DUPLICATE_DESIGNATION,ligne ignorée car une première occurrence a déjà été retenue pour cette désignation
BOUGIE 3 ETOILE,CRT,DUPLICATE_DESIGNATION,ligne ignorée car une première occurrence a déjà été retenue pour cette désignation
Bougie Anita,CARTON,DUPLICATE_DESIGNATION,ligne ignorée car une première occurrence a déjà été retenue pour cette désignation
BOUGIE CLASSIC,CARTON,DUPLICATE_DESIGNATION,ligne ignorée car une première occurrence a déjà été retenue pour cette désignation
BOUGIE GM,CARTON,DUPLICATE_DESIGNATION,ligne ignorée car une première occurrence a déjà été retenue pour cette désignation
Bougie golden (gm),CARTON,DUPLICATE_DESIGNATION,ligne ignorée car une première occurrence a déjà été retenue pour cette désignation
BOUGIE GOLDEN GM,PACQUE,DUPLICATE_DESIGNATION,ligne ignorée car une première occurrence a déjà été retenue pour cette désignation
BOUGIE GOLDEN GM,CARTON,DUPLICATE_DESIGNATION,ligne ignorée car une première occurrence a déjà été retenue pour cette désignation
BOUGIE LEENA GM,CARTON,DUPLICATE_DESIGNATION,ligne ignorée car une première occurrence a déjà été retenue pour cette désignation
Bougie mateza *30,CARTON,DUPLICATE_DESIGNATION,ligne ignorée car une première occurrence a déjà été retenue pour cette désignation
Bougie nitro gm,CARTON,DUPLICATE_DESIGNATION,ligne ignorée car une première occurrence a déjà été retenue pour cette désignation
Bougie nitro pm,CARTON,DUPLICATE_DESIGNATION,ligne ignorée car une première occurrence a déjà été retenue pour cette désignation
Brillant ring candy,CARTON,DUPLICATE_DESIGNATION,ligne ignorée car une première occurrence a déjà été retenue pour cette désignation
Briquet galaxy,CARTON,DUPLICATE_DESIGNATION,ligne ignorée car une première occurrence a déjà été retenue pour cette désignation
BRIQUET LIGHTER BIG STAR,CARTON,DUPLICATE_DESIGNATION,ligne ignorée car une première occurrence a déjà été retenue pour cette désignation
BRIQUET OUI,CRT,DUPLICATE_DESIGNATION,ligne ignorée car une première occurrence a déjà été retenue pour cette désignation
Briquet voila,CARTON,DUPLICATE_DESIGNATION,ligne ignorée car une première occurrence a déjà été retenue pour cette désignation
Briquet Yes,CARTON,DUPLICATE_DESIGNATION,ligne ignorée car une première occurrence a déjà été retenue pour cette désignation
Brosse à dent angola,CARTON,DUPLICATE_DESIGNATION,ligne ignorée car une première occurrence a déjà été retenue pour cette désignation
Brosse a dent carona,CARTON,DUPLICATE_DESIGNATION,ligne ignorée car une première occurrence a déjà été retenue pour cette désignation
Brosse à dent ciptadent,CARTON,DUPLICATE_DESIGNATION,ligne ignorée car une première occurrence a déjà été retenue pour cette désignation
BROSSE A DENT COLGATE DOUBLE ACTION,BOITE,DUPLICATE_DESIGNATION,ligne ignorée car une première occurrence a déjà été retenue pour cette désignation
Brosse à dent dr joy finnest,CARTON,DUPLICATE_DESIGNATION,ligne ignorée car une première occurrence a déjà été retenue pour cette désignation
Brox cola canette 250ml,PAQUET,DUPLICATE_DESIGNATION,ligne ignorée car une première occurrence a déjà été retenue pour cette désignation
Brox cola canette 250ml,PIECE,DUPLICATE_DESIGNATION,ligne ignorée car une première occurrence a déjà été retenue pour cette désignation
Brox cola canette 250ml,PAQUET,DUPLICATE_DESIGNATION,ligne ignorée car une première occurrence a déjà été retenue pour cette désignation
Brox energy canette 250ml,PAQUET,DUPLICATE_DESIGNATION,ligne ignorée car une première occurrence a déjà été retenue pour cette désignation
Bubble stick,CARTON,DUPLICATE_DESIGNATION,ligne ignorée car une première occurrence a déjà été retenue pour cette désignation
CAFE 50KG en kp,SAC,DUPLICATE_DESIGNATION,ligne ignorée car une première occurrence a déjà été retenue pour cette désignation
Cafe cappuccino lemser,PAQUET,DUPLICATE_DESIGNATION,ligne ignorée car une première occurrence a déjà été retenue pour cette désignation
Cafe cappuccino lemser,CARTON,DUPLICATE_DESIGNATION,ligne ignorée car une première occurrence a déjà été retenue pour cette désignation
Cahier  Triumph 100p ( Pf ),CARTON,DUPLICATE_DESIGNATION,ligne ignorée car une première occurrence a déjà été retenue pour cette désignation
CAHIER 100 P SUPER,CARTON,DUPLICATE_DESIGNATION,ligne ignorée car une première occurrence a déjà été retenue pour cette désignation
CAHIER 100P CALLIGRAPHE,CRT,DUPLICATE_DESIGNATION,ligne ignorée car une première occurrence a déjà été retenue pour cette désignation
CAHIER 100P elite,CRT,DUPLICATE_DESIGNATION,ligne ignorée car une première occurrence a déjà été retenue pour cette désignation
CAHIER 100P PLAST,CRT,DUPLICATE_DESIGNATION,ligne ignorée car une première occurrence a déjà été retenue pour cette désignation
CAHIER 100P SUPER,CARTON,DUPLICATE_DESIGNATION,ligne ignorée car une première occurrence a déjà été retenue pour cette désignation
CAHIER 100P TRIUMPH PLAST GF,CARTON,DUPLICATE_DESIGNATION,ligne ignorée car une première occurrence a déjà été retenue pour cette désignation
CAHIER 100P TRIUMPH PLASTIC PF,CARTON,DUPLICATE_DESIGNATION,ligne ignorée car une première occurrence a déjà été retenue pour cette désignation
CAHIER 200P  lord,CRT,DUPLICATE_DESIGNATION,ligne ignorée car une première occurrence a déjà été retenue pour cette désignation
CAHIER 200P CHEVALIER GF,CARTON,DUPLICATE_DESIGNATION,ligne ignorée car une première occurrence a déjà été retenue pour cette désignation
CAHIER 200P PLAST,CRT,DUPLICATE_DESIGNATION,ligne ignorée car une première occurrence a déjà été retenue pour cette désignation
Cahier 200P Triumph plastique pf,CARTON,DUPLICATE_DESIGNATION,ligne ignorée car une première occurrence a déjà été retenue pour cette désignation
CAHIER 200P TRIUMPH PLST GF,CARTON,DUPLICATE_DESIGNATION,ligne ignorée car une première occurrence a déjà été retenue pour cette désignation
CAHIER 200P TRIUMPH TSOTRA PF,CARTON,DUPLICATE_DESIGNATION,ligne ignorée car une première occurrence a déjà été retenue pour cette désignation
CAHIER 50P elite,CRT,DUPLICATE_DESIGNATION,ligne ignorée car une première occurrence a déjà été retenue pour cette désignation
CAHIER 50P TRIUMPH,CRT,DUPLICATE_DESIGNATION,ligne ignorée car une première occurrence a déjà été retenue pour cette désignation
CAHIER CHAMPION 100P,CARTON,DUPLICATE_DESIGNATION,ligne ignorée car une première occurrence a déjà été retenue pour cette désignation
CAHIER CHAMPION 200P,CARTON,DUPLICATE_DESIGNATION,ligne ignorée car une première occurrence a déjà été retenue pour cette désignation
CAHIER DE DESSIN,CRT,DUPLICATE_DESIGNATION,ligne ignorée car une première occurrence a déjà été retenue pour cette désignation
CAHIER DIGITAL 200P,CRT,DUPLICATE_DESIGNATION,ligne ignorée car une première occurrence a déjà été retenue pour cette désignation
CAHIER DIGITAL 50P,CARTON,DUPLICATE_DESIGNATION,ligne ignorée car une première occurrence a déjà été retenue pour cette désignation
CAHIER ECRITURE,CARTON,DUPLICATE_DESIGNATION,ligne ignorée car une première occurrence a déjà été retenue pour cette désignation
CAHIER ECRITURE CALLIGRAPHE REF5403,CERTON,DUPLICATE_DESIGNATION,ligne ignorée car une première occurrence a déjà été retenue pour cette désignation
Cahier france  100p pf,CARTON,DUPLICATE_DESIGNATION,ligne ignorée car une première occurrence a déjà été retenue pour cette désignation
Cahier le bosseur 100pg pf,CARTON,DUPLICATE_DESIGNATION,ligne ignorée car une première occurrence a déjà été retenue pour cette désignation
Cahier le bosseur 200pg pf,CARTONS,DUPLICATE_DESIGNATION,ligne ignorée car une première occurrence a déjà été retenue pour cette désignation
Cahier le ecolaire 100pf,CARTON,DUPLICATE_DESIGNATION,ligne ignorée car une première occurrence a déjà été retenue pour cette désignation
Cahier le ecolaire 48pg,CARTON,DUPLICATE_DESIGNATION,ligne ignorée car une première occurrence a déjà été retenue pour cette désignation
Cahier Nitroline 100p pf,CARTON,DUPLICATE_DESIGNATION,ligne ignorée car une première occurrence a déjà été retenue pour cette désignation
Cahier Nitroline 200p pf,CARTON,DUPLICATE_DESIGNATION,ligne ignorée car une première occurrence a déjà été retenue pour cette désignation
Cahier Nitroline 50p pf,CARTON,DUPLICATE_DESIGNATION,ligne ignorée car une première occurrence a déjà été retenue pour cette désignation
Cahier Scolaire 200p tsotra  ( Pf ),CARTONS,DUPLICATE_DESIGNATION,ligne ignorée car une première occurrence a déjà été retenue pour cette désignation
CAHIER SCOLAIRE SEYES 100 GF,CARTON,DUPLICATE_DESIGNATION,ligne ignorée car une première occurrence a déjà été retenue pour cette désignation
Cahier super lord's 100pg,CARTON,DUPLICATE_DESIGNATION,ligne ignorée car une première occurrence a déjà été retenue pour cette désignation
Cahier super lord's 200pg,CARTON,DUPLICATE_DESIGNATION,ligne ignorée car une première occurrence a déjà été retenue pour cette désignation
CAHIER SUPER LORD'S 50 PAGE,CARTON,DUPLICATE_DESIGNATION,ligne ignorée car une première occurrence a déjà été retenue pour cette désignation
Cahier super tops 50Pg,CARTON,DUPLICATE_DESIGNATION,ligne ignorée car une première occurrence a déjà été retenue pour cette désignation
Cahier Triump 200p gf,CARTONS,DUPLICATE_DESIGNATION,ligne ignorée car une première occurrence a déjà été retenue pour cette désignation
CAHIER TRIUMPH 100P GF TSOTRA,CRT,DUPLICATE_DESIGNATION,ligne ignorée car une première occurrence a déjà été retenue pour cette désignation
CAHIER TRIUMPH DESIGN 100P,CARTON,DUPLICATE_DESIGNATION,ligne ignorée car une première occurrence a déjà été retenue pour cette désignation
CAHIER TRIUMPH DESIGN 200P,CARTON,DUPLICATE_DESIGNATION,ligne ignorée car une première occurrence a déjà été retenue pour cette désignation
CAHIER TRIUMPH SCOLAIRE ETOILE 100PG PF,CARTON,DUPLICATE_DESIGNATION,ligne ignorée car une première occurrence a déjà été retenue pour cette désignation
CAHIER TRIUMPH SCOLAIRE ETOILE 200PG PF,CARTON,DUPLICATE_DESIGNATION,ligne ignorée car une première occurrence a déjà été retenue pour cette désignation
Candia lait 150ml*30,CARTON,DUPLICATE_DESIGNATION,ligne ignorée car une première occurrence a déjà été retenue pour cette désignation
Candia lait 1l*12,CARTON,DUPLICATE_DESIGNATION,ligne ignorée car une première occurrence a déjà été retenue pour cette désignation
Candia lait 500ml 1/2 ec,CARTON,DUPLICATE_DESIGNATION,ligne ignorée car une première occurrence a déjà été retenue pour cette désignation
Candia le fromage gourmande 36*8g,CARTON,DUPLICATE_DESIGNATION,ligne ignorée car une première occurrence a déjà été retenue pour cette désignation
Candy  bonbon bonjourne cola bocal,CARTON,DUPLICATE_DESIGNATION,ligne ignorée car une première occurrence a déjà été retenue pour cette désignation
Candy  bonbon bonjourne sprint bocal,CARTON,DUPLICATE_DESIGNATION,ligne ignorée car une première occurrence a déjà été retenue pour cette désignation
Candy gloss 7g,CARTON,DUPLICATE_DESIGNATION,ligne ignorée car une première occurrence a déjà été retenue pour cette désignation
Candy king fanta orange,CARTON,DUPLICATE_DESIGNATION,ligne ignorée car une première occurrence a déjà été retenue pour cette désignation
Candy up fraise 150ml*30,CARTON,DUPLICATE_DESIGNATION,ligne ignorée car une première occurrence a déjà été retenue pour cette désignation
Candy up fraise 1L,CARTON,DUPLICATE_DESIGNATION,ligne ignorée car une première occurrence a déjà été retenue pour cette désignation
Candy up raisin 150ml*30,CARTON,DUPLICATE_DESIGNATION,ligne ignorée car une première occurrence a déjà été retenue pour cette désignation
Candy up vanille 150ml*30,CARTON,DUPLICATE_DESIGNATION,ligne ignorée car une première occurrence a déjà été retenue pour cette désignation
CARAMEL,CARTON,DUPLICATE_DESIGNATION,ligne ignorée car une première occurrence a déjà été retenue pour cette désignation
CARBONATE,SAC,DUPLICATE_DESIGNATION,ligne ignorée car une première occurrence a déjà été retenue pour cette désignation
Carnet polo pqt de 15,CARTON,DUPLICATE_DESIGNATION,ligne ignorée car une première occurrence a déjà été retenue pour cette désignation
CARNET PQT DE 15,CARTON,DUPLICATE_DESIGNATION,ligne ignorée car une première occurrence a déjà été retenue pour cette désignation
Carry 30g,BALLE,DUPLICATE_DESIGNATION,ligne ignorée car une première occurrence a déjà été retenue pour cette désignation
Carry moulu doypack,CARTON,DUPLICATE_DESIGNATION,ligne ignorée car une première occurrence a déjà été retenue pour cette désignation
Cars pop,CARTON,DUPLICATE_DESIGNATION,ligne ignorée car une première occurrence a déjà été retenue pour cette désignation
Cartoon  lollipop 15g,CARTON,DUPLICATE_DESIGNATION,ligne ignorée car une première occurrence a déjà été retenue pour cette désignation
Cartoon zoo lollipop 15g,CARTON,DUPLICATE_DESIGNATION,ligne ignorée car une première occurrence a déjà été retenue pour cette désignation
Cebon  bouillon de boeuf cubes,CARTON,DUPLICATE_DESIGNATION,ligne ignorée car une première occurrence a déjà été retenue pour cette désignation
CHEESE BALLS,SACHET,DUPLICATE_DESIGNATION,ligne ignorée car une première occurrence a déjà été retenue pour cette désignation
Cheese balls,SACHETS,DUPLICATE_DESIGNATION,ligne ignorée car une première occurrence a déjà été retenue pour cette désignation
Cheese balls,BALLES,DUPLICATE_DESIGNATION,ligne ignorée car une première occurrence a déjà été retenue pour cette désignation
Chikito choco caramel,CARTON,DUPLICATE_DESIGNATION,ligne ignorée car une première occurrence a déjà été retenue pour cette désignation
Chikito choco coco,CARTON,DUPLICATE_DESIGNATION,ligne ignorée car une première occurrence a déjà été retenue pour cette désignation
Chilli pop,CARTON,DUPLICATE_DESIGNATION,ligne ignorée car une première occurrence a déjà été retenue pour cette désignation
Choco balls football veto,CARTON,DUPLICATE_DESIGNATION,ligne ignorée car une première occurrence a déjà été retenue pour cette désignation
CHOCO BUTTERFLY,PAQUET,DUPLICATE_DESIGNATION,ligne ignorée car une première occurrence a déjà été retenue pour cette désignation
CHOCO CUP,BOITE,DUPLICATE_DESIGNATION,ligne ignorée car une première occurrence a déjà été retenue pour cette désignation
Choco minitella bocal,CARTON,DUPLICATE_DESIGNATION,ligne ignorée car une première occurrence a déjà été retenue pour cette désignation
CHOCOLAT DUCREM,CARTON,DUPLICATE_DESIGNATION,ligne ignorée car une première occurrence a déjà été retenue pour cette désignation
Chocolat euro gold bocal 125 pcs,CARTON,DUPLICATE_DESIGNATION,ligne ignorée car une première occurrence a déjà été retenue pour cette désignation
Chocolat gaufrette 77 italiano au choco 65g,BOITE,DUPLICATE_DESIGNATION,ligne ignorée car une première occurrence a déjà été retenue pour cette désignation
Chocolat gaufrette 77 italiano au choco 65g,CARTON,DUPLICATE_DESIGNATION,ligne ignorée car une première occurrence a déjà été retenue pour cette désignation
Chocolat gaufrette 77 italiano au lait 65g,BOITE,DUPLICATE_DESIGNATION,ligne ignorée car une première occurrence a déjà été retenue pour cette désignation
Chocolat gaufrette 77 italiano au lait 65g,CARTON,DUPLICATE_DESIGNATION,ligne ignorée car une première occurrence a déjà été retenue pour cette désignation
Chocolat royce bocal*12,CARTON,DUPLICATE_DESIGNATION,ligne ignorée car une première occurrence a déjà été retenue pour cette désignation
CHOCOLAT TR?êS BON,CARTON,DUPLICATE_DESIGNATION,ligne ignorée car une première occurrence a déjà été retenue pour cette désignation
Chocolate pen 10g,CARTON,DUPLICATE_DESIGNATION,ligne ignorée car une première occurrence a déjà été retenue pour cette désignation
CIKIDAY 20G,CRT,DUPLICATE_DESIGNATION,ligne ignorée car une première occurrence a déjà été retenue pour cette désignation
CIMENT WP,SAC,DUPLICATE_DESIGNATION,ligne ignorée car une première occurrence a déjà été retenue pour cette désignation
CITRON 200G,CRT,DUPLICATE_DESIGNATION,ligne ignorée car une première occurrence a déjà été retenue pour cette désignation
CITRON FRAIS 200 GR,CARTONS,DUPLICATE_DESIGNATION,ligne ignorée car une première occurrence a déjà été retenue pour cette désignation
CITRON FRAIS BARRE 750G,CARTON,DUPLICATE_DESIGNATION,ligne ignorée car une première occurrence a déjà été retenue pour cette désignation
Citron frais barre 800gr,CARTON,DUPLICATE_DESIGNATION,ligne ignorée car une première occurrence a déjà été retenue pour cette désignation
CITRON FRAIS BARRE 900GR,CRT,DUPLICATE_DESIGNATION,ligne ignorée car une première occurrence a déjà été retenue pour cette désignation
CITRON PLUS,CARTON,DUPLICATE_DESIGNATION,ligne ignorée car une première occurrence a déjà été retenue pour cette désignation
Coca cola canette 300ml,PACQUET,DUPLICATE_DESIGNATION,ligne ignorée car une première occurrence a déjà été retenue pour cette désignation
Coca cola canette 300ml,CARTON,DUPLICATE_DESIGNATION,ligne ignorée car une première occurrence a déjà été retenue pour cette désignation
COLGAT  FORMULA,PAQUET,DUPLICATE_DESIGNATION,ligne ignorée car une première occurrence a déjà été retenue pour cette désignation
Colgate gm 100ml,PACQUES,DUPLICATE_DESIGNATION,ligne ignorée car une première occurrence a déjà été retenue pour cette désignation
Colgate gm 100ml,CARTON,DUPLICATE_DESIGNATION,ligne ignorée car une première occurrence a déjà été retenue pour cette désignation
Colgate maximum cavity 100ml*72,CARTON,DUPLICATE_DESIGNATION,ligne ignorée car une première occurrence a déjà été retenue pour cette désignation
Colgate pm 50ml ( 77g ),PACQUES,DUPLICATE_DESIGNATION,ligne ignorée car une première occurrence a déjà été retenue pour cette désignation
Colgate pm 50ml ( 77g ),CARTON,DUPLICATE_DESIGNATION,ligne ignorée car une première occurrence a déjà été retenue pour cette désignation
COLGATE SIGNALE,PAQUET,DUPLICATE_DESIGNATION,ligne ignorée car une première occurrence a déjà été retenue pour cette désignation
COLGATE TOTAL PRO 75ML (100G),PQT,DUPLICATE_DESIGNATION,ligne ignorée car une première occurrence a déjà été retenue pour cette désignation
COLGATE TOTAL PRO 75ML (100G),CRT,DUPLICATE_DESIGNATION,ligne ignorée car une première occurrence a déjà été retenue pour cette désignation
Colorant parfum nandi's chocolate,PAQUET,DUPLICATE_DESIGNATION,ligne ignorée car une première occurrence a déjà été retenue pour cette désignation
CONFORT COUCHE ADULTE 6 XL10,BALLE,DUPLICATE_DESIGNATION,ligne ignorée car une première occurrence a déjà été retenue pour cette désignation
Contre tout,SAC,DUPLICATE_DESIGNATION,ligne ignorée car une première occurrence a déjà été retenue pour cette désignation
COOL,CARTON,DUPLICATE_DESIGNATION,ligne ignorée car une première occurrence a déjà été retenue pour cette désignation
Couche bebeo culotte junior 5x28 n°5,BALLE,DUPLICATE_DESIGNATION,ligne ignorée car une première occurrence a déjà été retenue pour cette désignation
Couche bebeo culotte junior 5x28 n°5 en sachet,PAQUET,DUPLICATE_DESIGNATION,ligne ignorée car une première occurrence a déjà été retenue pour cette désignation
Couche bebeo culotte maxi 5x32 n°4,BALLE,DUPLICATE_DESIGNATION,ligne ignorée car une première occurrence a déjà été retenue pour cette désignation
Couche bebeo culotte midi 5x36 n°3,BALLE,DUPLICATE_DESIGNATION,ligne ignorée car une première occurrence a déjà été retenue pour cette désignation
Couche bebeo N°2 mini 2x40,BALLE,DUPLICATE_DESIGNATION,ligne ignorée car une première occurrence a déjà été retenue pour cette désignation
Couche bebeo N°3 midi 4x36,BALLE,DUPLICATE_DESIGNATION,ligne ignorée car une première occurrence a déjà été retenue pour cette désignation
Couche bebeo N°4 maxi 4x32,BALLE,DUPLICATE_DESIGNATION,ligne ignorée car une première occurrence a déjà été retenue pour cette désignation
Couche calinou maxi 4*32 n°4,BALLE,DUPLICATE_DESIGNATION,ligne ignorée car une première occurrence a déjà été retenue pour cette désignation
Couche calinou midi 4*36 n°3,BALLE,DUPLICATE_DESIGNATION,ligne ignorée car une première occurrence a déjà été retenue pour cette désignation
Couche calinou mini 4*40 n°2,BALLE,DUPLICATE_DESIGNATION,ligne ignorée car une première occurrence a déjà été retenue pour cette désignation
COUCHE CULOTTE SWEETY FIT PANTZ L1 MAXI,PACQUET,DUPLICATE_DESIGNATION,ligne ignorée car une première occurrence a déjà été retenue pour cette désignation
COUCHE CULOTTE SWEETY FIT PANTZ L8 MAXI,CRT,DUPLICATE_DESIGNATION,ligne ignorée car une première occurrence a déjà été retenue pour cette désignation
Couche culotte sweety fit pantz m24,CARTON,DUPLICATE_DESIGNATION,ligne ignorée car une première occurrence a déjà été retenue pour cette désignation
Couche mavis maxi 10,BALLE,DUPLICATE_DESIGNATION,ligne ignorée car une première occurrence a déjà été retenue pour cette désignation
COUCHE MOLFIX MINI,BALLE,DUPLICATE_DESIGNATION,ligne ignorée car une première occurrence a déjà été retenue pour cette désignation
Couche molly maxi 4x32 n°4,BALLE,DUPLICATE_DESIGNATION,ligne ignorée car une première occurrence a déjà été retenue pour cette désignation
Couche molly midi 4x36 n°3,BALLE,DUPLICATE_DESIGNATION,ligne ignorée car une première occurrence a déjà été retenue pour cette désignation
Couche molly mini 4x40 n°2,BALLE,DUPLICATE_DESIGNATION,ligne ignorée car une première occurrence a déjà été retenue pour cette désignation
Craie hi blanche 100pcs,CARTON,DUPLICATE_DESIGNATION,ligne ignorée car une première occurrence a déjà été retenue pour cette désignation
Craie hi couleur 100pcs,CARTON,DUPLICATE_DESIGNATION,ligne ignorée car une première occurrence a déjà été retenue pour cette désignation
Craie reflex blanche,CARTON,DUPLICATE_DESIGNATION,ligne ignorée car une première occurrence a déjà été retenue pour cette désignation
Craie reflex couleur,CARTON,DUPLICATE_DESIGNATION,ligne ignorée car une première occurrence a déjà été retenue pour cette désignation
Cream biscuit tik tok 50g*10*10sht,CARTON,DUPLICATE_DESIGNATION,ligne ignorée car une première occurrence a déjà été retenue pour cette désignation
Cream biscuit tik tok 70g,CARTON,DUPLICATE_DESIGNATION,ligne ignorée car une première occurrence a déjà été retenue pour cette désignation
Cream wafer oye biscuits,CARTON,DUPLICATE_DESIGNATION,ligne ignorée car une première occurrence a déjà été retenue pour cette désignation
Creme mousquito dudu 70g,PACQUET,DUPLICATE_DESIGNATION,ligne ignorée car une première occurrence a déjà été retenue pour cette désignation
Creme mousquito dudu 70g,CARTON,DUPLICATE_DESIGNATION,ligne ignorée car une première occurrence a déjà été retenue pour cette désignation
Creme mousquito family care 70g,PAQUET,DUPLICATE_DESIGNATION,ligne ignorée car une première occurrence a déjà été retenue pour cette désignation
Creme mousquito family care 70g,CARTON,DUPLICATE_DESIGNATION,ligne ignorée car une première occurrence a déjà été retenue pour cette désignation
Crispy cone dy coneo,CARTON,DUPLICATE_DESIGNATION,ligne ignorée car une première occurrence a déjà été retenue pour cette désignation
Cristo,BALLE,DUPLICATE_DESIGNATION,ligne ignorée car une première occurrence a déjà été retenue pour cette désignation
Crown light lollipop,CARTON,DUPLICATE_DESIGNATION,ligne ignorée car une première occurrence a déjà été retenue pour cette désignation
Crown rose 25g,CARTON,DUPLICATE_DESIGNATION,ligne ignorée car une première occurrence a déjà été retenue pour cette désignation
Cube candy water bottle en bocal*275pcs,CARTON,DUPLICATE_DESIGNATION,ligne ignorée car une première occurrence a déjà été retenue pour cette désignation
Cube pops choco bocal,CARTON,DUPLICATE_DESIGNATION,ligne ignorée car une première occurrence a déjà été retenue pour cette désignation
Dairy decker toffee bocal,CARTON,DUPLICATE_DESIGNATION,ligne ignorée car une première occurrence a déjà été retenue pour cette désignation
Danica sweeetwhip,CARTON,DUPLICATE_DESIGNATION,ligne ignorée car une première occurrence a déjà été retenue pour cette désignation
Dantifrice ciptandent 30g,CARTON,DUPLICATE_DESIGNATION,ligne ignorée car une première occurrence a déjà été retenue pour cette désignation
Dantifrice ciptandent 75g,CARTON,DUPLICATE_DESIGNATION,ligne ignorée car une première occurrence a déjà été retenue pour cette désignation
Day&night balls kiddies 420g,CARTON,DUPLICATE_DESIGNATION,ligne ignorée car une première occurrence a déjà été retenue pour cette désignation
Delice chocolat poudre 200g*45,CATRON,DUPLICATE_DESIGNATION,ligne ignorée car une première occurrence a déjà été retenue pour cette désignation
Delice chocolat poudre en bocal 400g,CARTON,DUPLICATE_DESIGNATION,ligne ignorée car une première occurrence a déjà été retenue pour cette désignation
DELICE LAIT 1KG,CARTON,DUPLICATE_DESIGNATION,ligne ignorée car une première occurrence a déjà été retenue pour cette désignation
Delice lait 20g,CARTON,DUPLICATE_DESIGNATION,ligne ignorée car une première occurrence a déjà été retenue pour cette désignation
DELICE LAIT 250G,CARTON,DUPLICATE_DESIGNATION,ligne ignorée car une première occurrence a déjà été retenue pour cette désignation
DELICE LAIT 500G,CARTON,DUPLICATE_DESIGNATION,ligne ignorée car une première occurrence a déjà été retenue pour cette désignation
DELICHOCO,CARTON,DUPLICATE_DESIGNATION,ligne ignorée car une première occurrence a déjà été retenue pour cette désignation
Dentifrice bosivo charcoal 100ml,CARTON,DUPLICATE_DESIGNATION,ligne ignorée car une première occurrence a déjà été retenue pour cette désignation
Dentifrice Merielce 150G,PAQUET,DUPLICATE_DESIGNATION,ligne ignorée car une première occurrence a déjà été retenue pour cette désignation
Dentifrice Merielce 150G,CARTON,DUPLICATE_DESIGNATION,ligne ignorée car une première occurrence a déjà été retenue pour cette désignation
Dolphin culotte twin maxi 5x30 n°4,BALLE,DUPLICATE_DESIGNATION,ligne ignorée car une première occurrence a déjà été retenue pour cette désignation
DOMINO,PAQUET,DUPLICATE_DESIGNATION,ligne ignorée car une première occurrence a déjà été retenue pour cette désignation
Donuts lollipop 15g,CARTON,DUPLICATE_DESIGNATION,ligne ignorée car une première occurrence a déjà été retenue pour cette désignation
Double 7 seven 250ml,PAQUET,DUPLICATE_DESIGNATION,ligne ignorée car une première occurrence a déjà été retenue pour cette désignation
Double 7 seven 250ml,CARTON,DUPLICATE_DESIGNATION,ligne ignorée car une première occurrence a déjà été retenue pour cette désignation
Double koffee bocal 240pcs,CARTON,DUPLICATE_DESIGNATION,ligne ignorée car une première occurrence a déjà été retenue pour cette désignation
Double koffee en sachet,CARTON,DUPLICATE_DESIGNATION,ligne ignorée car une première occurrence a déjà été retenue pour cette désignation
Drink Botle Candy,CARTON,DUPLICATE_DESIGNATION,ligne ignorée car une première occurrence a déjà été retenue pour cette désignation
Dum dum gum 16*48pcs,CARTON,DUPLICATE_DESIGNATION,ligne ignorée car une première occurrence a déjà été retenue pour cette désignation
Durata r20 ( gm ),CARTON,DUPLICATE_DESIGNATION,ligne ignorée car une première occurrence a déjà été retenue pour cette désignation
Durata r6  ( pm ),CARTON,DUPLICATE_DESIGNATION,ligne ignorée car une première occurrence a déjà été retenue pour cette désignation
Dynamic Lotte 250ml,CARTON,DUPLICATE_DESIGNATION,ligne ignorée car une première occurrence a déjà été retenue pour cette désignation
Elastique volo aigle pm,BALLE,DUPLICATE_DESIGNATION,ligne ignorée car une première occurrence a déjà été retenue pour cette désignation
Emballage - tsotra pm  (56*76),PACQUET,DUPLICATE_DESIGNATION,ligne ignorée car une première occurrence a déjà été retenue pour cette désignation
Emballage - tsotra pm  (56*76),RAM,DUPLICATE_DESIGNATION,ligne ignorée car une première occurrence a déjà été retenue pour cette désignation
Encaustique tselatra acajou,CARTON,DUPLICATE_DESIGNATION,ligne ignorée car une première occurrence a déjà été retenue pour cette désignation
Encaustique tselatra jaune,CARTON,DUPLICATE_DESIGNATION,ligne ignorée car une première occurrence a déjà été retenue pour cette désignation
Encaustique tselatra neutre,CARTON,DUPLICATE_DESIGNATION,ligne ignorée car une première occurrence a déjà été retenue pour cette désignation
Encaustique tselatra spacial,CARTON,DUPLICATE_DESIGNATION,ligne ignorée car une première occurrence a déjà été retenue pour cette désignation
Encostique jewel,CARTON,DUPLICATE_DESIGNATION,ligne ignorée car une première occurrence a déjà été retenue pour cette désignation
Encostique tsotra bois,CARTON,DUPLICATE_DESIGNATION,ligne ignorée car une première occurrence a déjà été retenue pour cette désignation
ENERGIE GM CRT,CARTON,DUPLICATE_DESIGNATION,ligne ignorée car une première occurrence a déjà été retenue pour cette désignation
Enveloppe officce 11x16,BOITE,DUPLICATE_DESIGNATION,ligne ignorée car une première occurrence a déjà été retenue pour cette désignation
Enveloppes Nitro c6,BOITE,DUPLICATE_DESIGNATION,ligne ignorée car une première occurrence a déjà été retenue pour cette désignation
Enveloppes nitro format A5,BOITE,DUPLICATE_DESIGNATION,ligne ignorée car une première occurrence a déjà été retenue pour cette désignation
Expert prop'or liquide vaisselle 1l citron,CARTON,DUPLICATE_DESIGNATION,ligne ignorée car une première occurrence a déjà été retenue pour cette désignation
Extra propre barre citron 800g,CARTON,DUPLICATE_DESIGNATION,ligne ignorée car une première occurrence a déjà été retenue pour cette désignation
Extra propre bleu [ citron ],CARTON,DUPLICATE_DESIGNATION,ligne ignorée car une première occurrence a déjà été retenue pour cette désignation
Extra propre liquide vaisselle 1L,PAQUET,DUPLICATE_DESIGNATION,ligne ignorée car une première occurrence a déjà été retenue pour cette désignation
Fanta orange canette 300ml*24,PAQUET,DUPLICATE_DESIGNATION,ligne ignorée car une première occurrence a déjà été retenue pour cette désignation
Fanta orange canette 300ml*24,CARTON,DUPLICATE_DESIGNATION,ligne ignorée car une première occurrence a déjà été retenue pour cette désignation
Fantastic flavoured,CARTON,DUPLICATE_DESIGNATION,ligne ignorée car une première occurrence a déjà été retenue pour cette désignation
Fantastic spray candy,CARTON,DUPLICATE_DESIGNATION,ligne ignorée car une première occurrence a déjà été retenue pour cette désignation
FARILAC,CARTON,DUPLICATE_DESIGNATION,ligne ignorée car une première occurrence a déjà été retenue pour cette désignation
Farilac 400gr,CARTON,DUPLICATE_DESIGNATION,ligne ignorée car une première occurrence a déjà été retenue pour cette désignation
Farilac vanille 200g,CARTON,DUPLICATE_DESIGNATION,ligne ignorée car une première occurrence a déjà été retenue pour cette désignation
Farilac vanille 25g*100,PAQUET,DUPLICATE_DESIGNATION,ligne ignorée car une première occurrence a déjà été retenue pour cette désignation
Farilac vanille 25g*100,CARTON,DUPLICATE_DESIGNATION,ligne ignorée car une première occurrence a déjà été retenue pour cette désignation
Farilac vanille 50g*120,PAQUET,DUPLICATE_DESIGNATION,ligne ignorée car une première occurrence a déjà été retenue pour cette désignation
Farilac vanille 50g*120,CARTON,DUPLICATE_DESIGNATION,ligne ignorée car une première occurrence a déjà été retenue pour cette désignation
Fecule 500g,CARTON,DUPLICATE_DESIGNATION,ligne ignorée car une première occurrence a déjà été retenue pour cette désignation
Fengchipa opaobang,CARTON,DUPLICATE_DESIGNATION,ligne ignorée car une première occurrence a déjà été retenue pour cette désignation
FERGO GM,CARTON,DUPLICATE_DESIGNATION,ligne ignorée car une première occurrence a déjà été retenue pour cette désignation
Floor cleaner klin sol en btl rose 450ml,CARTON,DUPLICATE_DESIGNATION,ligne ignorée car une première occurrence a déjà été retenue pour cette désignation
Floor cleaner klin sol en btl vert 450ml,CARTON,DUPLICATE_DESIGNATION,ligne ignorée car une première occurrence a déjà été retenue pour cette désignation
Floor cleaner klin sol en btl violet 450ml,CARTON,DUPLICATE_DESIGNATION,ligne ignorée car une première occurrence a déjà été retenue pour cette désignation
Football candy,CARTON,DUPLICATE_DESIGNATION,ligne ignorée car une première occurrence a déjà été retenue pour cette désignation
France coils jaune citron,CARTON,DUPLICATE_DESIGNATION,ligne ignorée car une première occurrence a déjà été retenue pour cette désignation
FRESHA,CARTON,DUPLICATE_DESIGNATION,ligne ignorée car une première occurrence a déjà été retenue pour cette désignation
FROMAGE LABANITA,CARTON,DUPLICATE_DESIGNATION,ligne ignorée car une première occurrence a déjà été retenue pour cette désignation
FRUTAS ACIDULADAS,CRT,DUPLICATE_DESIGNATION,ligne ignorée car une première occurrence a déjà été retenue pour cette désignation
Fumakila,CARTON,DUPLICATE_DESIGNATION,ligne ignorée car une première occurrence a déjà été retenue pour cette désignation
GAINE 1KG,ROULEAUX,DUPLICATE_DESIGNATION,ligne ignorée car une première occurrence a déjà été retenue pour cette désignation
Gas'care gel douche aqua energy 300ml,CARTON,DUPLICATE_DESIGNATION,ligne ignorée car une première occurrence a déjà été retenue pour cette désignation
Gas'care gel douche coco miel 300ml,CARTON,DUPLICATE_DESIGNATION,ligne ignorée car une première occurrence a déjà été retenue pour cette désignation
Gas'care gel douche passion 300ml,CARTON,DUPLICATE_DESIGNATION,ligne ignorée car une première occurrence a déjà été retenue pour cette désignation
Gira lengua candy,CARTON,DUPLICATE_DESIGNATION,ligne ignorée car une première occurrence a déjà été retenue pour cette désignation
GIV,CARTON,DUPLICATE_DESIGNATION,ligne ignorée car une première occurrence a déjà été retenue pour cette désignation
Glucose coconut pm 30pcs,CARTON,DUPLICATE_DESIGNATION,ligne ignorée car une première occurrence a déjà été retenue pour cette désignation
GLUCOSE PM,CARTON,DUPLICATE_DESIGNATION,ligne ignorée car une première occurrence a déjà été retenue pour cette désignation
Glucose pm ( malt'n'milk ),CARTON,DUPLICATE_DESIGNATION,ligne ignorée car une première occurrence a déjà été retenue pour cette désignation
Glucose pm [ angry bid ],CARTON,DUPLICATE_DESIGNATION,ligne ignorée car une première occurrence a déjà été retenue pour cette désignation
Glucose pm [ Superman ],CARTON,DUPLICATE_DESIGNATION,ligne ignorée car une première occurrence a déjà été retenue pour cette désignation
Glucose pm [assorted],CARTON,DUPLICATE_DESIGNATION,ligne ignorée car une première occurrence a déjà été retenue pour cette désignation
Gofrette swiss wafer,CARTON,DUPLICATE_DESIGNATION,ligne ignorée car une première occurrence a déjà été retenue pour cette désignation
Gofrety 8 (gm),CARTON,DUPLICATE_DESIGNATION,ligne ignorée car une première occurrence a déjà été retenue pour cette désignation
Gofrety ass pm,CARTON,DUPLICATE_DESIGNATION,ligne ignorée car une première occurrence a déjà été retenue pour cette désignation
Goldy curly boucles parfaites,BALLE,DUPLICATE_DESIGNATION,ligne ignorée car une première occurrence a déjà été retenue pour cette désignation
Goldy plaquage volo,BALLE,DUPLICATE_DESIGNATION,ligne ignorée car une première occurrence a déjà été retenue pour cette désignation
Goldy shampooing anti-pelliculaire,BALLE,DUPLICATE_DESIGNATION,ligne ignorée car une première occurrence a déjà été retenue pour cette désignation
GOLGATE & BROSSE DENT ANGOLA BLEU PM,CARTON,DUPLICATE_DESIGNATION,ligne ignorée car une première occurrence a déjà été retenue pour cette désignation
Gomas de Mascar,CARTON,DUPLICATE_DESIGNATION,ligne ignorée car une première occurrence a déjà été retenue pour cette désignation
Gouty 6 BEURRE pm,CARTON,DUPLICATE_DESIGNATION,ligne ignorée car une première occurrence a déjà été retenue pour cette désignation
Gouty 6 LAIT pm,CARTON,DUPLICATE_DESIGNATION,ligne ignorée car une première occurrence a déjà été retenue pour cette désignation
Gouty beurre gm,CARTON,DUPLICATE_DESIGNATION,ligne ignorée car une première occurrence a déjà été retenue pour cette désignation
Gouty biscuit complet,CARTON,DUPLICATE_DESIGNATION,ligne ignorée car une première occurrence a déjà été retenue pour cette désignation
Gouty choco coco*6x10,CARTON,DUPLICATE_DESIGNATION,ligne ignorée car une première occurrence a déjà été retenue pour cette désignation
GOUTY COOKIES,CARTON,DUPLICATE_DESIGNATION,ligne ignorée car une première occurrence a déjà été retenue pour cette désignation
GOUTY DOR 12 GM,CARTON,DUPLICATE_DESIGNATION,ligne ignorée car une première occurrence a déjà été retenue pour cette désignation
Gouty dor 6,CRT,DUPLICATE_DESIGNATION,ligne ignorée car une première occurrence a déjà été retenue pour cette désignation
GOUTY GRANDI +6,CARTON,DUPLICATE_DESIGNATION,ligne ignorée car une première occurrence a déjà été retenue pour cette désignation
Gouty la galette,CARTON,DUPLICATE_DESIGNATION,ligne ignorée car une première occurrence a déjà été retenue pour cette désignation
Gouty Lait gm,CARTON,DUPLICATE_DESIGNATION,ligne ignorée car une première occurrence a déjà été retenue pour cette désignation
GOUTY MADELEINE,SHT,DUPLICATE_DESIGNATION,ligne ignorée car une première occurrence a déjà été retenue pour cette désignation
GOUTY MADELEINE,CRT,DUPLICATE_DESIGNATION,ligne ignorée car une première occurrence a déjà été retenue pour cette désignation
GOUTY PETITS SABLES,BALLE,DUPLICATE_DESIGNATION,ligne ignorée car une première occurrence a déjà été retenue pour cette désignation
Gouty sable beurre *cococ *12,CARTON,DUPLICATE_DESIGNATION,ligne ignorée car une première occurrence a déjà été retenue pour cette désignation
Gouty sablé coco pm,CARTON,DUPLICATE_DESIGNATION,ligne ignorée car une première occurrence a déjà été retenue pour cette désignation
Gun candy 3.5g,CARTON,DUPLICATE_DESIGNATION,ligne ignorée car une première occurrence a déjà été retenue pour cette désignation
Haday signature oyster sauce 550g,CARTON,DUPLICATE_DESIGNATION,ligne ignorée car une première occurrence a déjà été retenue pour cette désignation
HAPPY,CARTON,DUPLICATE_DESIGNATION,ligne ignorée car une première occurrence a déjà été retenue pour cette désignation
HENA MAMASOA,SACHET,DUPLICATE_DESIGNATION,ligne ignorée car une première occurrence a déjà été retenue pour cette désignation
HENA MAMASOA,SAC,DUPLICATE_DESIGNATION,ligne ignorée car une première occurrence a déjà été retenue pour cette désignation
HERBAL,CARTON,DUPLICATE_DESIGNATION,ligne ignorée car une première occurrence a déjà été retenue pour cette désignation
Hoho big sticks,CARTON,DUPLICATE_DESIGNATION,ligne ignorée car une première occurrence a déjà été retenue pour cette désignation
Huile caste evita 2L,CARTON,DUPLICATE_DESIGNATION,ligne ignorée car une première occurrence a déjà été retenue pour cette désignation
HUILE CASTE SUNNY,CARTON,DUPLICATE_DESIGNATION,ligne ignorée car une première occurrence a déjà été retenue pour cette désignation
Huile d'olive orkide 1L,CARTON,DUPLICATE_DESIGNATION,ligne ignorée car une première occurrence a déjà été retenue pour cette désignation
Huile d'olive orkide 500ml,CARTON,DUPLICATE_DESIGNATION,ligne ignorée car une première occurrence a déjà été retenue pour cette désignation
Huile de soja Elvia 1L,CARTON,DUPLICATE_DESIGNATION,ligne ignorée car une première occurrence a déjà été retenue pour cette désignation
Huile de soja Hina 0.5L,CARTON,DUPLICATE_DESIGNATION,ligne ignorée car une première occurrence a déjà été retenue pour cette désignation
Huile de soja Hina 1L,CARTON,DUPLICATE_DESIGNATION,ligne ignorée car une première occurrence a déjà été retenue pour cette désignation
Huile de tournesol lafatra 1l,CARTON,DUPLICATE_DESIGNATION,ligne ignorée car une première occurrence a déjà été retenue pour cette désignation
Huile de tournesol oscar 1L,CARTON,DUPLICATE_DESIGNATION,ligne ignorée car une première occurrence a déjà été retenue pour cette désignation
Huile evita 250cl,CARTON,DUPLICATE_DESIGNATION,ligne ignorée car une première occurrence a déjà été retenue pour cette désignation
HUILE TOURNESOL 1L,CATON,DUPLICATE_DESIGNATION,ligne ignorée car une première occurrence a déjà été retenue pour cette désignation
Huile tournesol Coeur d'or  1L,CARTON,DUPLICATE_DESIGNATION,ligne ignorée car une première occurrence a déjà été retenue pour cette désignation
Huile tournesol lusso 1L,CARTON,DUPLICATE_DESIGNATION,ligne ignorée car une première occurrence a déjà été retenue pour cette désignation
Huile tournesol sunlife 1L,CARTON,DUPLICATE_DESIGNATION,ligne ignorée car une première occurrence a déjà été retenue pour cette désignation
HUILLE COCO,CRT,DUPLICATE_DESIGNATION,ligne ignorée car une première occurrence a déjà été retenue pour cette désignation
HUILOR EN CASTE,CRT,DUPLICATE_DESIGNATION,ligne ignorée car une première occurrence a déjà été retenue pour cette désignation
Ice pop drinks [ jus bocal ],CARTON,DUPLICATE_DESIGNATION,ligne ignorée car une première occurrence a déjà été retenue pour cette désignation
Impec vaisselle_fleur de cerisier maxi 1L,CARTON,DUPLICATE_DESIGNATION,ligne ignorée car une première occurrence a déjà été retenue pour cette désignation
Impec vaisselle_menthe citron maxi 1L,CARTON,DUPLICATE_DESIGNATION,ligne ignorée car une première occurrence a déjà été retenue pour cette désignation
Impec vaisselle_pomme raisin maxi 1L,CARTON,DUPLICATE_DESIGNATION,ligne ignorée car une première occurrence a déjà été retenue pour cette désignation
Impect vaisselle assorti midi 500ml,CARTON,DUPLICATE_DESIGNATION,ligne ignorée car une première occurrence a déjà été retenue pour cette désignation
Insecticide attack multi propose,BOITE,DUPLICATE_DESIGNATION,ligne ignorée car une première occurrence a déjà été retenue pour cette désignation
Insecticide attack multi propose,CARTON,DUPLICATE_DESIGNATION,ligne ignorée car une première occurrence a déjà été retenue pour cette désignation
Insecticide prochitox 300ml,CARTON,DUPLICATE_DESIGNATION,ligne ignorée car une première occurrence a déjà été retenue pour cette désignation
Insecticide prochitox 600ml,CARTON,DUPLICATE_DESIGNATION,ligne ignorée car une première occurrence a déjà été retenue pour cette désignation
JABA,CARTON,DUPLICATE_DESIGNATION,ligne ignorée car une première occurrence a déjà été retenue pour cette désignation
JABA CUBE POULET*24,CARTON,DUPLICATE_DESIGNATION,ligne ignorée car une première occurrence a déjà été retenue pour cette désignation
Jaba cube Viande*24,CARTON,DUPLICATE_DESIGNATION,ligne ignorée car une première occurrence a déjà été retenue pour cette désignation
Jaba spice @ Bocal,PACQUET,DUPLICATE_DESIGNATION,ligne ignorée car une première occurrence a déjà été retenue pour cette désignation
Jaba viande vao,CARTON,DUPLICATE_DESIGNATION,ligne ignorée car une première occurrence a déjà été retenue pour cette désignation
Jadida 1kg,CARTON,DUPLICATE_DESIGNATION,ligne ignorée car une première occurrence a déjà été retenue pour cette désignation
Jadida 2.5Kg,CARTON,DUPLICATE_DESIGNATION,ligne ignorée car une première occurrence a déjà été retenue pour cette désignation
JADIDA 2.5KG VAOVAO,CARTON,DUPLICATE_DESIGNATION,ligne ignorée car une première occurrence a déjà été retenue pour cette désignation
Jadida 250g,CARTON,DUPLICATE_DESIGNATION,ligne ignorée car une première occurrence a déjà été retenue pour cette désignation
Jadida 450g,CARTON,DUPLICATE_DESIGNATION,ligne ignorée car une première occurrence a déjà été retenue pour cette désignation
Jelly bean,CARTON,DUPLICATE_DESIGNATION,ligne ignorée car une première occurrence a déjà été retenue pour cette désignation
Jelly cup,CARTON,DUPLICATE_DESIGNATION,ligne ignorée car une première occurrence a déjà été retenue pour cette désignation
Jelly double eye 3d,CARTON,DUPLICATE_DESIGNATION,ligne ignorée car une première occurrence a déjà été retenue pour cette désignation
Jelly fruit en bocal 3g*30pcs,CRT,DUPLICATE_DESIGNATION,ligne ignorée car une première occurrence a déjà été retenue pour cette désignation
Jelly fruit jus en bocal 3g*30pcs,CARTON,DUPLICATE_DESIGNATION,ligne ignorée car une première occurrence a déjà été retenue pour cette désignation
JELLY STICK,CRT,DUPLICATE_DESIGNATION,ligne ignorée car une première occurrence a déjà été retenue pour cette désignation
Jolly jus 6*72,CARTON,DUPLICATE_DESIGNATION,ligne ignorée car une première occurrence a déjà été retenue pour cette désignation
Jolly jus pm 6*40,CARTON,DUPLICATE_DESIGNATION,ligne ignorée car une première occurrence a déjà été retenue pour cette désignation
JUM PM,CARTON,DUPLICATE_DESIGNATION,ligne ignorée car une première occurrence a déjà été retenue pour cette désignation
JUMBO POULET,CARTON,DUPLICATE_DESIGNATION,ligne ignorée car une première occurrence a déjà été retenue pour cette désignation
Jumbo viande,CARTON,DUPLICATE_DESIGNATION,ligne ignorée car une première occurrence a déjà été retenue pour cette désignation
Jumbo vovony poulet en sht*8g,PAQUET,DUPLICATE_DESIGNATION,ligne ignorée car une première occurrence a déjà été retenue pour cette désignation
Jumbo vovony poulet en sht*8g,CARTON,DUPLICATE_DESIGNATION,ligne ignorée car une première occurrence a déjà été retenue pour cette désignation
JUMP GM,BALLES,DUPLICATE_DESIGNATION,ligne ignorée car une première occurrence a déjà été retenue pour cette désignation
Jus briquet lighter spray candy,CARTON,DUPLICATE_DESIGNATION,ligne ignorée car une première occurrence a déjà été retenue pour cette désignation
Jus canette caprice bba 33cl,PAQUET,DUPLICATE_DESIGNATION,ligne ignorée car une première occurrence a déjà été retenue pour cette désignation
Jus canette caprice Orange 33cl,PAQUET,DUPLICATE_DESIGNATION,ligne ignorée car une première occurrence a déjà été retenue pour cette désignation
JUS COCKTAIL GOLDEN,CARTON,DUPLICATE_DESIGNATION,ligne ignorée car une première occurrence a déjà été retenue pour cette désignation
JUS COCKTAIL GOLDEN,BALLE,DUPLICATE_DESIGNATION,ligne ignorée car une première occurrence a déjà été retenue pour cette désignation
Jus faragello guava 200ml,CARTON,DUPLICATE_DESIGNATION,ligne ignorée car une première occurrence a déjà été retenue pour cette désignation
JUS FRAISE GOLDEN,CARTON,DUPLICATE_DESIGNATION,ligne ignorée car une première occurrence a déjà été retenue pour cette désignation
JUS FRAISE GOLDEN,BALLE,DUPLICATE_DESIGNATION,ligne ignorée car une première occurrence a déjà été retenue pour cette désignation
Jus golden cocktail,CARTON,DUPLICATE_DESIGNATION,ligne ignorée car une première occurrence a déjà été retenue pour cette désignation
Jus golden cocktail,BALLE,DUPLICATE_DESIGNATION,ligne ignorée car une première occurrence a déjà été retenue pour cette désignation
Jus golden coconut,CARTON,DUPLICATE_DESIGNATION,ligne ignorée car une première occurrence a déjà été retenue pour cette désignation
Jus golden coconut,BALLE,DUPLICATE_DESIGNATION,ligne ignorée car une première occurrence a déjà été retenue pour cette désignation
Jus golden fraise,CARTON,DUPLICATE_DESIGNATION,ligne ignorée car une première occurrence a déjà été retenue pour cette désignation
Jus golden fraise,BALLE,DUPLICATE_DESIGNATION,ligne ignorée car une première occurrence a déjà été retenue pour cette désignation
Jus golden lemon,CARTON,DUPLICATE_DESIGNATION,ligne ignorée car une première occurrence a déjà été retenue pour cette désignation
Jus golden lemon,BALLE,DUPLICATE_DESIGNATION,ligne ignorée car une première occurrence a déjà été retenue pour cette désignation
Jus golden orange,CARTON,DUPLICATE_DESIGNATION,ligne ignorée car une première occurrence a déjà été retenue pour cette désignation
Jus golden orange,BALLE,DUPLICATE_DESIGNATION,ligne ignorée car une première occurrence a déjà été retenue pour cette désignation
Jus golden pineaple,CARTON,DUPLICATE_DESIGNATION,ligne ignorée car une première occurrence a déjà été retenue pour cette désignation
Jus golden pineaple,BALLE,DUPLICATE_DESIGNATION,ligne ignorée car une première occurrence a déjà été retenue pour cette désignation
JUS LEMON GOLDEN,CARTON,DUPLICATE_DESIGNATION,ligne ignorée car une première occurrence a déjà été retenue pour cette désignation
JUS LEMON GOLDEN,BALLE,DUPLICATE_DESIGNATION,ligne ignorée car une première occurrence a déjà été retenue pour cette désignation
Jus mina ananas,CARTON,DUPLICATE_DESIGNATION,ligne ignorée car une première occurrence a déjà été retenue pour cette désignation
Jus mina banane,CARTON,DUPLICATE_DESIGNATION,ligne ignorée car une première occurrence a déjà été retenue pour cette désignation
Jus mina cocktail,CARTON,DUPLICATE_DESIGNATION,ligne ignorée car une première occurrence a déjà été retenue pour cette désignation
Jus mina Coco,CARTON,DUPLICATE_DESIGNATION,ligne ignorée car une première occurrence a déjà été retenue pour cette désignation
Jus mina cola,CARTON,DUPLICATE_DESIGNATION,ligne ignorée car une première occurrence a déjà été retenue pour cette désignation
Jus mina fraise,CARTON,DUPLICATE_DESIGNATION,ligne ignorée car une première occurrence a déjà été retenue pour cette désignation
Jus mina lemon,CARTON,DUPLICATE_DESIGNATION,ligne ignorée car une première occurrence a déjà été retenue pour cette désignation
Jus mina menthe,CARTON,DUPLICATE_DESIGNATION,ligne ignorée car une première occurrence a déjà été retenue pour cette désignation
Jus mina orange,CARTON,DUPLICATE_DESIGNATION,ligne ignorée car une première occurrence a déjà été retenue pour cette désignation
JUS ORANGE GOLDEN,CARTON,DUPLICATE_DESIGNATION,ligne ignorée car une première occurrence a déjà été retenue pour cette désignation
JUS ORANGE GOLDEN,BALLE,DUPLICATE_DESIGNATION,ligne ignorée car une première occurrence a déjà été retenue pour cette désignation
JUS PINEAPLE GOLDEN,CARTON,DUPLICATE_DESIGNATION,ligne ignorée car une première occurrence a déjà été retenue pour cette désignation
JUS PINEAPLE GOLDEN,BALLE,DUPLICATE_DESIGNATION,ligne ignorée car une première occurrence a déjà été retenue pour cette désignation
Jus pm jojo cocktail 200ml,CARTON,DUPLICATE_DESIGNATION,ligne ignorée car une première occurrence a déjà été retenue pour cette désignation
Jus samia cola,CARTON,DUPLICATE_DESIGNATION,ligne ignorée car une première occurrence a déjà été retenue pour cette désignation
Jus samia fraise,CARTON,DUPLICATE_DESIGNATION,ligne ignorée car une première occurrence a déjà été retenue pour cette désignation
Jus samia lemon,CARTON,DUPLICATE_DESIGNATION,ligne ignorée car une première occurrence a déjà été retenue pour cette désignation
Jus samia orange,CARTON,DUPLICATE_DESIGNATION,ligne ignorée car une première occurrence a déjà été retenue pour cette désignation
Jus valore cocktail,CARTON,DUPLICATE_DESIGNATION,ligne ignorée car une première occurrence a déjà été retenue pour cette désignation
Jus valore orange,CARTON,DUPLICATE_DESIGNATION,ligne ignorée car une première occurrence a déjà été retenue pour cette désignation
KAROBONETRA,SAC,DUPLICATE_DESIGNATION,ligne ignorée car une première occurrence a déjà été retenue pour cette désignation
KEON,PIECES,DUPLICATE_DESIGNATION,ligne ignorée car une première occurrence a déjà été retenue pour cette désignation
KETCHUP,CARTON,DUPLICATE_DESIGNATION,ligne ignorée car une première occurrence a déjà été retenue pour cette désignation
Ketchup europa 340g,CARTON,DUPLICATE_DESIGNATION,ligne ignorée car une première occurrence a déjà été retenue pour cette désignation
Ketchup milana squeezy 340g,CARTON,DUPLICATE_DESIGNATION,ligne ignorée car une première occurrence a déjà été retenue pour cette désignation
Kfp big toffee stawberry 200p*12boite,CARTON,DUPLICATE_DESIGNATION,ligne ignorée car une première occurrence a déjà été retenue pour cette désignation
Kfp fruit roll toffee 200pcs,CARTON,DUPLICATE_DESIGNATION,ligne ignorée car une première occurrence a déjà été retenue pour cette désignation
Kfp toffee gold 888 bocal*12,CARTON,DUPLICATE_DESIGNATION,ligne ignorée car une première occurrence a déjà été retenue pour cette désignation
Kfp toffee world flavoured,CARTON,DUPLICATE_DESIGNATION,ligne ignorée car une première occurrence a déjà été retenue pour cette désignation
King ice fruity,CARTON,DUPLICATE_DESIGNATION,ligne ignorée car une première occurrence a déjà été retenue pour cette désignation
Kiong dark soy sauce 625ml,CARTON,DUPLICATE_DESIGNATION,ligne ignorée car une première occurrence a déjà été retenue pour cette désignation
KIP COCO,CARTON,DUPLICATE_DESIGNATION,ligne ignorée car une première occurrence a déjà été retenue pour cette désignation
Kiso fohy _crocodille,CARTON,DUPLICATE_DESIGNATION,ligne ignorée car une première occurrence a déjà été retenue pour cette désignation
KISO FOHY_DIAMANT,CARTON,DUPLICATE_DESIGNATION,ligne ignorée car une première occurrence a déjà été retenue pour cette désignation
KISO LAVA CROCODILLE,CARTON,DUPLICATE_DESIGNATION,ligne ignorée car une première occurrence a déjà été retenue pour cette désignation
Kiso Lava _crocodille,PIECE,DUPLICATE_DESIGNATION,ligne ignorée car une première occurrence a déjà été retenue pour cette désignation
Kiso Lava _crocodille,CARTON,DUPLICATE_DESIGNATION,ligne ignorée car une première occurrence a déjà été retenue pour cette désignation
Klin smart 30ml bleu,CARTON,DUPLICATE_DESIGNATION,ligne ignorée car une première occurrence a déjà été retenue pour cette désignation
Klin smart 30ml rose,CARTON,DUPLICATE_DESIGNATION,ligne ignorée car une première occurrence a déjà été retenue pour cette désignation
Koba aina banane 35g,PAQUET,DUPLICATE_DESIGNATION,ligne ignorée car une première occurrence a déjà été retenue pour cette désignation
Koba aina fraise 35g,PACQUET,DUPLICATE_DESIGNATION,ligne ignorée car une première occurrence a déjà été retenue pour cette désignation
Koba aina moosli 25g,PAQUET,DUPLICATE_DESIGNATION,ligne ignorée car une première occurrence a déjà été retenue pour cette désignation
Koba aina nature 35g,PAQUET,DUPLICATE_DESIGNATION,ligne ignorée car une première occurrence a déjà été retenue pour cette désignation
KOPIKO,CARTON,DUPLICATE_DESIGNATION,ligne ignorée car une première occurrence a déjà été retenue pour cette désignation
Kopiko cafe black 3 in 1,PAQUET,DUPLICATE_DESIGNATION,ligne ignorée car une première occurrence a déjà été retenue pour cette désignation
Kopiko cafe black 3 in 1,CARTON,DUPLICATE_DESIGNATION,ligne ignorée car une première occurrence a déjà été retenue pour cette désignation
Kopiko cafe brown 3 in 1,PAQUET,DUPLICATE_DESIGNATION,ligne ignorée car une première occurrence a déjà été retenue pour cette désignation
Kopiko cafe brown 3 in 1,CARTON,DUPLICATE_DESIGNATION,ligne ignorée car une première occurrence a déjà été retenue pour cette désignation
Krazy kreamz,CARTON,DUPLICATE_DESIGNATION,ligne ignorée car une première occurrence a déjà été retenue pour cette désignation
Kreamy 'n krunch,BOITE,DUPLICATE_DESIGNATION,ligne ignorée car une première occurrence a déjà été retenue pour cette désignation
Kreamy wafer biscuits,CARTON,DUPLICATE_DESIGNATION,ligne ignorée car une première occurrence a déjà été retenue pour cette désignation
kreamy wafer biscuits (vao),CARTON,DUPLICATE_DESIGNATION,ligne ignorée car une première occurrence a déjà été retenue pour cette désignation
Kwt toffee assorted double decker violet,CARTON,DUPLICATE_DESIGNATION,ligne ignorée car une première occurrence a déjà été retenue pour cette désignation
Kwt toffee coconut 200p*12boite,CARTON,DUPLICATE_DESIGNATION,ligne ignorée car une première occurrence a déjà été retenue pour cette désignation
Kwt toffee coconut double decker bleu,CARTON,DUPLICATE_DESIGNATION,ligne ignorée car une première occurrence a déjà été retenue pour cette désignation
Kwt toffee fruit jam decker 100 pcs,CARTON,DUPLICATE_DESIGNATION,ligne ignorée car une première occurrence a déjà été retenue pour cette désignation
Kwt toffee hazelnut double decker orange,CARTON,DUPLICATE_DESIGNATION,ligne ignorée car une première occurrence a déjà été retenue pour cette désignation
Kwt toffee milk double decker marron en bocal,CARTON,DUPLICATE_DESIGNATION,ligne ignorée car une première occurrence a déjà été retenue pour cette désignation
Kwt toffee strawberry double decker rose,CARTON,DUPLICATE_DESIGNATION,ligne ignorée car une première occurrence a déjà été retenue pour cette désignation
Kwt trouffle milk en bocal jaune,CARTON,DUPLICATE_DESIGNATION,ligne ignorée car une première occurrence a déjà été retenue pour cette désignation
La vache quit rit 112g,CARTON,DUPLICATE_DESIGNATION,ligne ignorée car une première occurrence a déjà été retenue pour cette désignation
Lait bonjour 250g*24,CARTON,DUPLICATE_DESIGNATION,ligne ignorée car une première occurrence a déjà été retenue pour cette désignation
Lame dorco platinium stl300,CARTON,DUPLICATE_DESIGNATION,ligne ignorée car une première occurrence a déjà été retenue pour cette désignation
Le fruit jus ananas,CARTON,DUPLICATE_DESIGNATION,ligne ignorée car une première occurrence a déjà été retenue pour cette désignation
Le fruit jus ananas 150ml*30,CARTON,DUPLICATE_DESIGNATION,ligne ignorée car une première occurrence a déjà été retenue pour cette désignation
Le fruit jus cocktail,CARTON,DUPLICATE_DESIGNATION,ligne ignorée car une première occurrence a déjà été retenue pour cette désignation
Le fruit jus cocktail 150ml*30,CARTON,DUPLICATE_DESIGNATION,ligne ignorée car une première occurrence a déjà été retenue pour cette désignation
Le fruit jus orange,CARTON,DUPLICATE_DESIGNATION,ligne ignorée car une première occurrence a déjà été retenue pour cette désignation
Le fruit jus orange 150ml,CARTON,DUPLICATE_DESIGNATION,ligne ignorée car une première occurrence a déjà été retenue pour cette désignation
Le fruit jus pomme,CARTON,DUPLICATE_DESIGNATION,ligne ignorée car une première occurrence a déjà été retenue pour cette désignation
Le fruit jus raisin,CARTON,DUPLICATE_DESIGNATION,ligne ignorée car une première occurrence a déjà été retenue pour cette désignation
Lemon bubble gum en bocal 115 pcs,CARTON,DUPLICATE_DESIGNATION,ligne ignorée car une première occurrence a déjà été retenue pour cette désignation
LEVURE ANGEL 11G,PACQUES,DUPLICATE_DESIGNATION,ligne ignorée car une première occurrence a déjà été retenue pour cette désignation
LEVURE CHIMIQUE  MENA,CARTON,DUPLICATE_DESIGNATION,ligne ignorée car une première occurrence a déjà été retenue pour cette désignation
LEVURE HASMAYA 500G,CARTON,DUPLICATE_DESIGNATION,ligne ignorée car une première occurrence a déjà été retenue pour cette désignation
Levure Hasmaya pm 125g,BOITE,DUPLICATE_DESIGNATION,ligne ignorée car une première occurrence a déjà été retenue pour cette désignation
Levure Hasmaya pm 125g,CARTON,DUPLICATE_DESIGNATION,ligne ignorée car une première occurrence a déjà été retenue pour cette désignation
LEVURE IDEAL 125G,BOITE,DUPLICATE_DESIGNATION,ligne ignorée car une première occurrence a déjà été retenue pour cette désignation
LEVURE IDEAL 125G,CARTON,DUPLICATE_DESIGNATION,ligne ignorée car une première occurrence a déjà été retenue pour cette désignation
LEVURE IDEAL 500G,CRT,DUPLICATE_DESIGNATION,ligne ignorée car une première occurrence a déjà été retenue pour cette désignation
Levure tsiro karbonetra,BALLE,DUPLICATE_DESIGNATION,ligne ignorée car une première occurrence a déjà été retenue pour cette désignation
Lipstick choco flavor,CARTON,DUPLICATE_DESIGNATION,ligne ignorée car une première occurrence a déjà été retenue pour cette désignation
Lollipop frosty bocal,CARTON,DUPLICATE_DESIGNATION,ligne ignorée car une première occurrence a déjà été retenue pour cette désignation
Lollipops candies bocal,CARTON,DUPLICATE_DESIGNATION,ligne ignorée car une première occurrence a déjà été retenue pour cette désignation
Love heart pop,CARTON,DUPLICATE_DESIGNATION,ligne ignorée car une première occurrence a déjà été retenue pour cette désignation
LOVE POP SUCETTE,CARTON,DUPLICATE_DESIGNATION,ligne ignorée car une première occurrence a déjà été retenue pour cette désignation
MA?ÄS DOUS KARN,CARTON,DUPLICATE_DESIGNATION,ligne ignorée car une première occurrence a déjà été retenue pour cette désignation
MACARONI CHERIE,CARTON,DUPLICATE_DESIGNATION,ligne ignorée car une première occurrence a déjà été retenue pour cette désignation
MACARONI ELVIA,CARTON,DUPLICATE_DESIGNATION,ligne ignorée car une première occurrence a déjà été retenue pour cette désignation
Macaroni felicia flamingo n47,CARTON,DUPLICATE_DESIGNATION,ligne ignorée car une première occurrence a déjà été retenue pour cette désignation
Macaroni francia coquillette 500g,CARTON,DUPLICATE_DESIGNATION,ligne ignorée car une première occurrence a déjà été retenue pour cette désignation
Macaroni francia spiral 500g,CARTON,DUPLICATE_DESIGNATION,ligne ignorée car une première occurrence a déjà été retenue pour cette désignation
Macaroni francia tortie,CARTON,DUPLICATE_DESIGNATION,ligne ignorée car une première occurrence a déjà été retenue pour cette désignation
Macaroni panzani fusilli 500g,CARTON,DUPLICATE_DESIGNATION,ligne ignorée car une première occurrence a déjà été retenue pour cette désignation
Macaroni panzani Spiral 500g,CARTON,DUPLICATE_DESIGNATION,ligne ignorée car une première occurrence a déjà été retenue pour cette désignation
Macaroni Rossin Fusil 500g,CARTON,DUPLICATE_DESIGNATION,ligne ignorée car une première occurrence a déjà été retenue pour cette désignation
Macaroni Rossin Spiral 500g,CRT,DUPLICATE_DESIGNATION,ligne ignorée car une première occurrence a déjà été retenue pour cette désignation
Macaroni vermicelle 500g,CARTON,DUPLICATE_DESIGNATION,ligne ignorée car une première occurrence a déjà été retenue pour cette désignation
MACARONIE FRANCIA,CARTONS,DUPLICATE_DESIGNATION,ligne ignorée car une première occurrence a déjà été retenue pour cette désignation
MACARONIE PM,CRT,DUPLICATE_DESIGNATION,ligne ignorée car une première occurrence a déjà été retenue pour cette désignation
MACARONNI CHAMPION 450G,CRT,DUPLICATE_DESIGNATION,ligne ignorée car une première occurrence a déjà été retenue pour cette désignation
Magic roll choco veto 9g*100,CARTON,DUPLICATE_DESIGNATION,ligne ignorée car une première occurrence a déjà été retenue pour cette désignation
Magic roll fraise veto 9g*100,CARTON,DUPLICATE_DESIGNATION,ligne ignorée car une première occurrence a déjà été retenue pour cette désignation
Magic roll vanille veto 9g*100,CARTON,DUPLICATE_DESIGNATION,ligne ignorée car une première occurrence a déjà été retenue pour cette désignation
Mais doux bonjour 340g,CARTON,DUPLICATE_DESIGNATION,ligne ignorée car une première occurrence a déjà été retenue pour cette désignation
Mais doux isha 340g,CARTON,DUPLICATE_DESIGNATION,ligne ignorée car une première occurrence a déjà été retenue pour cette désignation
Mais doux leena,CARTON,DUPLICATE_DESIGNATION,ligne ignorée car une première occurrence a déjà été retenue pour cette désignation
Mais doux soleil d'or 340g,CARTON,DUPLICATE_DESIGNATION,ligne ignorée car une première occurrence a déjà été retenue pour cette désignation
Maize en sachet 40*250g,CARTON,DUPLICATE_DESIGNATION,ligne ignorée car une première occurrence a déjà été retenue pour cette désignation
Mamangout cube  boeuf,BOITE,DUPLICATE_DESIGNATION,ligne ignorée car une première occurrence a déjà été retenue pour cette désignation
Mamangout cube  boeuf,CARTON,DUPLICATE_DESIGNATION,ligne ignorée car une première occurrence a déjà été retenue pour cette désignation
Mamangout cube poulet,BOITE,DUPLICATE_DESIGNATION,ligne ignorée car une première occurrence a déjà été retenue pour cette désignation
Mamangout cube poulet,CARTON,DUPLICATE_DESIGNATION,ligne ignorée car une première occurrence a déjà été retenue pour cette désignation
Margarine jad'or 250g,CARTON,DUPLICATE_DESIGNATION,ligne ignorée car une première occurrence a déjà été retenue pour cette désignation
MARGARINE ULTRA 500G,CRT,DUPLICATE_DESIGNATION,ligne ignorée car une première occurrence a déjà été retenue pour cette désignation
MARIE LONDON,CARTON,DUPLICATE_DESIGNATION,ligne ignorée car une première occurrence a déjà été retenue pour cette désignation
Marker dollard noir,BOITE,DUPLICATE_DESIGNATION,ligne ignorée car une première occurrence a déjà été retenue pour cette désignation
Marker dollard rouge,BOITE,DUPLICATE_DESIGNATION,ligne ignorée car une première occurrence a déjà été retenue pour cette désignation
Marshmallow cone barqullitas rellenas,CARTON,DUPLICATE_DESIGNATION,ligne ignorée car une première occurrence a déjà été retenue pour cette désignation
Marshmallows choco sandwich 13g,CARTON,DUPLICATE_DESIGNATION,ligne ignorée car une première occurrence a déjà été retenue pour cette désignation
Marshmallows colored sandwich 13g,CARTON,DUPLICATE_DESIGNATION,ligne ignorée car une première occurrence a déjà été retenue pour cette désignation
Mauchoir à Jeter Blanc,CARTON,DUPLICATE_DESIGNATION,ligne ignorée car une première occurrence a déjà été retenue pour cette désignation
MAXAM CHARBON,CRT,DUPLICATE_DESIGNATION,ligne ignorée car une première occurrence a déjà été retenue pour cette désignation
Maxam fluor 50g,CARTON,DUPLICATE_DESIGNATION,ligne ignorée car une première occurrence a déjà été retenue pour cette désignation
Maxam herbal vert,CARTON,DUPLICATE_DESIGNATION,ligne ignorée car une première occurrence a déjà été retenue pour cette désignation
Maxam mouthwash 100g,CARTON,DUPLICATE_DESIGNATION,ligne ignorée car une première occurrence a déjà été retenue pour cette désignation
MAXAM TRIPLE ACTION,CARTON,DUPLICATE_DESIGNATION,ligne ignorée car une première occurrence a déjà été retenue pour cette désignation
MAXAME ALOE VERA,CARTON,DUPLICATE_DESIGNATION,ligne ignorée car une première occurrence a déjà été retenue pour cette désignation
MAYONAISSE LESIEUR 235G,CARTON,DUPLICATE_DESIGNATION,ligne ignorée car une première occurrence a déjà été retenue pour cette désignation
MAYONNAISE LESIEUR 475G,CARTON,DUPLICATE_DESIGNATION,ligne ignorée car une première occurrence a déjà été retenue pour cette désignation
MAYONNAISE LESIEUR 710G,CARTON,DUPLICATE_DESIGNATION,ligne ignorée car une première occurrence a déjà été retenue pour cette désignation
Menabolo aloe vera familly care 25g,CARTON,DUPLICATE_DESIGNATION,ligne ignorée car une première occurrence a déjà été retenue pour cette désignation
Menabolo aloe vera family care 50g,CARTON,DUPLICATE_DESIGNATION,ligne ignorée car une première occurrence a déjà été retenue pour cette désignation
Menabolo aloe vera_pm,CARTON,DUPLICATE_DESIGNATION,ligne ignorée car une première occurrence a déjà été retenue pour cette désignation
Menabolo avocat aloevera gm,CARTON,DUPLICATE_DESIGNATION,ligne ignorée car une première occurrence a déjà été retenue pour cette désignation
Menabolo Baby care  _gm,CARTON,DUPLICATE_DESIGNATION,ligne ignorée car une première occurrence a déjà été retenue pour cette désignation
Menabolo baby care formula 55g,CARTON,DUPLICATE_DESIGNATION,ligne ignorée car une première occurrence a déjà été retenue pour cette désignation
Menabolo banane pm,CARTON,DUPLICATE_DESIGNATION,ligne ignorée car une première occurrence a déjà été retenue pour cette désignation
Menabolo Baobab  pm,CARTON,DUPLICATE_DESIGNATION,ligne ignorée car une première occurrence a déjà été retenue pour cette désignation
Menabolo Beauty care aloevera  25g,CARTON,DUPLICATE_DESIGNATION,ligne ignorée car une première occurrence a déjà été retenue pour cette désignation
Menabolo Beauty care aloevera  gm,CARTON,DUPLICATE_DESIGNATION,ligne ignorée car une première occurrence a déjà été retenue pour cette désignation
Menabolo Beauty care aloevera  pm,CARTON,DUPLICATE_DESIGNATION,ligne ignorée car une première occurrence a déjà été retenue pour cette désignation
Menabolo beauty care avocat gm,CARTON,DUPLICATE_DESIGNATION,ligne ignorée car une première occurrence a déjà été retenue pour cette désignation
Menabolo beauty care avocat pm,CARTON,DUPLICATE_DESIGNATION,ligne ignorée car une première occurrence a déjà été retenue pour cette désignation
Menabolo beauty care banane gm,CARTON,DUPLICATE_DESIGNATION,ligne ignorée car une première occurrence a déjà été retenue pour cette désignation
Menabolo beauty care carotte 25g,CARTON,DUPLICATE_DESIGNATION,ligne ignorée car une première occurrence a déjà été retenue pour cette désignation
Menabolo beauty care carotte 50g,CARTON,DUPLICATE_DESIGNATION,ligne ignorée car une première occurrence a déjà été retenue pour cette désignation
Menabolo beauty care jojoba 50g,CARTON,DUPLICATE_DESIGNATION,ligne ignorée car une première occurrence a déjà été retenue pour cette désignation
Menabolo beauty care jojoba gm,CARTON,DUPLICATE_DESIGNATION,ligne ignorée car une première occurrence a déjà été retenue pour cette désignation
Menabolo body lux 25g,CARTON,DUPLICATE_DESIGNATION,ligne ignorée car une première occurrence a déjà été retenue pour cette désignation
Menabolo body lux charmign 50g,CARTON,DUPLICATE_DESIGNATION,ligne ignorée car une première occurrence a déjà été retenue pour cette désignation
Menabolo body Lux Gm,CARTON,DUPLICATE_DESIGNATION,ligne ignorée car une première occurrence a déjà été retenue pour cette désignation
Menabolo body lux swahiba 50g,CARTON,DUPLICATE_DESIGNATION,ligne ignorée car une première occurrence a déjà été retenue pour cette désignation
Menabolo Boss  pm,CARTON,DUPLICATE_DESIGNATION,ligne ignorée car une première occurrence a déjà été retenue pour cette désignation
Menabolo Boss 25g,CARTON,DUPLICATE_DESIGNATION,ligne ignorée car une première occurrence a déjà été retenue pour cette désignation
Menabolo Boss gm,CARTON,DUPLICATE_DESIGNATION,ligne ignorée car une première occurrence a déjà été retenue pour cette désignation
Menabolo carotte gm,CARTON,DUPLICATE_DESIGNATION,ligne ignorée car une première occurrence a déjà été retenue pour cette désignation
Menabolo Cocoa  gm,CARTON,DUPLICATE_DESIGNATION,ligne ignorée car une première occurrence a déjà été retenue pour cette désignation
Menabolo Cocoa  pm,CARTON,DUPLICATE_DESIGNATION,ligne ignorée car une première occurrence a déjà été retenue pour cette désignation
Menabolo cocoa butter  pm,CARTON,DUPLICATE_DESIGNATION,ligne ignorée car une première occurrence a déjà été retenue pour cette désignation
Menabolo cocoa butter 25g,CARTON,DUPLICATE_DESIGNATION,ligne ignorée car une première occurrence a déjà été retenue pour cette désignation
Menabolo coconut 25g,CARTON,DUPLICATE_DESIGNATION,ligne ignorée car une première occurrence a déjà été retenue pour cette désignation
Menabolo coconut gm,CARTON,DUPLICATE_DESIGNATION,ligne ignorée car une première occurrence a déjà été retenue pour cette désignation
Menabolo Coconut pm,CARTON,DUPLICATE_DESIGNATION,ligne ignorée car une première occurrence a déjà été retenue pour cette désignation
Menabolo day tody carotte 50g,CARTON,DUPLICATE_DESIGNATION,ligne ignorée car une première occurrence a déjà été retenue pour cette désignation
Menabolo ella 50g,CARTON,DUPLICATE_DESIGNATION,ligne ignorée car une première occurrence a déjà été retenue pour cette désignation
Menabolo ella petroleum 55g,CARTON,DUPLICATE_DESIGNATION,ligne ignorée car une première occurrence a déjà été retenue pour cette désignation
Menabolo Family care  25g,CARTON,DUPLICATE_DESIGNATION,ligne ignorée car une première occurrence a déjà été retenue pour cette désignation
Menabolo Family care  gm,CARTON,DUPLICATE_DESIGNATION,ligne ignorée car une première occurrence a déjà été retenue pour cette désignation
MENABOLO GM,PAQUET,DUPLICATE_DESIGNATION,ligne ignorée car une première occurrence a déjà été retenue pour cette désignation
MENABOLO GM,CARTON,DUPLICATE_DESIGNATION,ligne ignorée car une première occurrence a déjà été retenue pour cette désignation
Menabolo goldy orange amandes,BALLE,DUPLICATE_DESIGNATION,ligne ignorée car une première occurrence a déjà été retenue pour cette désignation
Menabolo herbal gm,CARTON,DUPLICATE_DESIGNATION,ligne ignorée car une première occurrence a déjà été retenue pour cette désignation
Menabolo jojoba sara be,BALLE,DUPLICATE_DESIGNATION,ligne ignorée car une première occurrence a déjà été retenue pour cette désignation
Menabolo Madame  pm,CARTON,DUPLICATE_DESIGNATION,ligne ignorée car une première occurrence a déjà été retenue pour cette désignation
Menabolo Madame 25gr,CARTON,DUPLICATE_DESIGNATION,ligne ignorée car une première occurrence a déjà été retenue pour cette désignation
Menabolo madame desir 25g,CARTON,DUPLICATE_DESIGNATION,ligne ignorée car une première occurrence a déjà été retenue pour cette désignation
Menabolo madame desire 50g,CARTON,DUPLICATE_DESIGNATION,ligne ignorée car une première occurrence a déjà été retenue pour cette désignation
Menabolo Madame gm,CARTON,DUPLICATE_DESIGNATION,ligne ignorée car une première occurrence a déjà été retenue pour cette désignation
Menabolo madame golg 50g,CARTON,DUPLICATE_DESIGNATION,ligne ignorée car une première occurrence a déjà été retenue pour cette désignation
Menabolo madame golg gm,CARTON,DUPLICATE_DESIGNATION,ligne ignorée car une première occurrence a déjà été retenue pour cette désignation
Menabolo marina 50g,CARTON,DUPLICATE_DESIGNATION,ligne ignorée car une première occurrence a déjà été retenue pour cette désignation
Menabolo medicare pm,CARTON,DUPLICATE_DESIGNATION,ligne ignorée car une première occurrence a déjà été retenue pour cette désignation
Menabolo Moringa gm,CARTON,DUPLICATE_DESIGNATION,ligne ignorée car une première occurrence a déjà été retenue pour cette désignation
Menabolo moringa young gm,CARTON,DUPLICATE_DESIGNATION,ligne ignorée car une première occurrence a déjà été retenue pour cette désignation
Menabolo Podoa gm,CARTON,DUPLICATE_DESIGNATION,ligne ignorée car une première occurrence a déjà été retenue pour cette désignation
Menabolo Podoa pm,CARTON,DUPLICATE_DESIGNATION,ligne ignorée car une première occurrence a déjà été retenue pour cette désignation
Menabolo shea butter  pm,CARTON,DUPLICATE_DESIGNATION,ligne ignorée car une première occurrence a déjà été retenue pour cette désignation
Menabolo shea butter cocoa gm,CARTON,DUPLICATE_DESIGNATION,ligne ignorée car une première occurrence a déjà été retenue pour cette désignation
Menabolo SHEA butter gm,CARTON,DUPLICATE_DESIGNATION,ligne ignorée car une première occurrence a déjà été retenue pour cette désignation
Menabolo skala gm,CARTON,DUPLICATE_DESIGNATION,ligne ignorée car une première occurrence a déjà été retenue pour cette désignation
Menabolo Skala herbal 60ml,CARTON,DUPLICATE_DESIGNATION,ligne ignorée car une première occurrence a déjà été retenue pour cette désignation
Menabolo Skala pm,CARTON,DUPLICATE_DESIGNATION,ligne ignorée car une première occurrence a déjà été retenue pour cette désignation
Menabolo stella 25g,CARTON,DUPLICATE_DESIGNATION,ligne ignorée car une première occurrence a déjà été retenue pour cette désignation
Menabolo stella gm,CARTON,DUPLICATE_DESIGNATION,ligne ignorée car une première occurrence a déjà été retenue pour cette désignation
Menabolo stella pm,CARTON,DUPLICATE_DESIGNATION,ligne ignorée car une première occurrence a déjà été retenue pour cette désignation
Menabolo vestiline pommade,CARTON,DUPLICATE_DESIGNATION,ligne ignorée car une première occurrence a déjà été retenue pour cette désignation
Menabolo Vestline Aloe vera gm,CARTON,DUPLICATE_DESIGNATION,ligne ignorée car une première occurrence a déjà été retenue pour cette désignation
Menabolo vestline garlic gm 200g,CARTON,DUPLICATE_DESIGNATION,ligne ignorée car une première occurrence a déjà été retenue pour cette désignation
Menabolo Vestline gm,CARTON,DUPLICATE_DESIGNATION,ligne ignorée car une première occurrence a déjà été retenue pour cette désignation
Menabolo vestline hair food avocado gm,CARTON,DUPLICATE_DESIGNATION,ligne ignorée car une première occurrence a déjà été retenue pour cette désignation
Menabolo vestline lemon pm,CARTON,DUPLICATE_DESIGNATION,ligne ignorée car une première occurrence a déjà été retenue pour cette désignation
Menabolo vestline pm,CARTON,DUPLICATE_DESIGNATION,ligne ignorée car une première occurrence a déjà été retenue pour cette désignation
Menabolo vestline pommade 50g,CARTON,DUPLICATE_DESIGNATION,ligne ignorée car une première occurrence a déjà été retenue pour cette désignation
Menabolo vestline pommade gm,CARTON,DUPLICATE_DESIGNATION,ligne ignorée car une première occurrence a déjà été retenue pour cette désignation
Menabolo vestline rose 25g,CARTON,DUPLICATE_DESIGNATION,ligne ignorée car une première occurrence a déjà été retenue pour cette désignation
Menabolo viocare gm,CARTON,DUPLICATE_DESIGNATION,ligne ignorée car une première occurrence a déjà été retenue pour cette désignation
Menaka kinana papaye sara be,BALLE,DUPLICATE_DESIGNATION,ligne ignorée car une première occurrence a déjà été retenue pour cette désignation
Menaka kinana sara be,BALLE,DUPLICATE_DESIGNATION,ligne ignorée car une première occurrence a déjà été retenue pour cette désignation
MILANA POULET,CRT,DUPLICATE_DESIGNATION,ligne ignorée car une première occurrence a déjà été retenue pour cette désignation
Milk paste likme-likme,CARTON,DUPLICATE_DESIGNATION,ligne ignorée car une première occurrence a déjà été retenue pour cette désignation
Milk stik pure veto,CARTON,DUPLICATE_DESIGNATION,ligne ignorée car une première occurrence a déjà été retenue pour cette désignation
Milkee power 2.8G,CARTON,DUPLICATE_DESIGNATION,ligne ignorée car une première occurrence a déjà été retenue pour cette désignation
Milki balls kiddies 420G,CARTON,DUPLICATE_DESIGNATION,ligne ignorée car une première occurrence a déjà été retenue pour cette désignation
Milky creamer monde 15g,CARTON,DUPLICATE_DESIGNATION,ligne ignorée car une première occurrence a déjà été retenue pour cette désignation
MILKY_STIK,CARTON,DUPLICATE_DESIGNATION,ligne ignorée car une première occurrence a déjà été retenue pour cette désignation
MINI CHOCO,PAQUET,DUPLICATE_DESIGNATION,ligne ignorée car une première occurrence a déjà été retenue pour cette désignation
MINI CHOCO,CARTON,DUPLICATE_DESIGNATION,ligne ignorée car une première occurrence a déjà été retenue pour cette désignation
Mini Choco  noire new,CARTON,DUPLICATE_DESIGNATION,ligne ignorée car une première occurrence a déjà été retenue pour cette désignation
Mini choco 16 carre,CARTON,DUPLICATE_DESIGNATION,ligne ignorée car une première occurrence a déjà été retenue pour cette désignation
Mini cracker cheese flavoured 227g,CARTON,DUPLICATE_DESIGNATION,ligne ignorée car une première occurrence a déjà été retenue pour cette désignation
MIRA 750ML,CRT,DUPLICATE_DESIGNATION,ligne ignorée car une première occurrence a déjà été retenue pour cette désignation
Mira lave vitre 750ml,CARTON,DUPLICATE_DESIGNATION,ligne ignorée car une première occurrence a déjà été retenue pour cette désignation
Mira maika assorti 1/4L,PACQUET,DUPLICATE_DESIGNATION,ligne ignorée car une première occurrence a déjà été retenue pour cette désignation
Mira max ultra dégraissante 1L,CARTON,DUPLICATE_DESIGNATION,ligne ignorée car une première occurrence a déjà été retenue pour cette désignation
MIRA VAISEL 500ML,CRT,DUPLICATE_DESIGNATION,ligne ignorée car une première occurrence a déjà été retenue pour cette désignation
MIRA VAISSELLE MAIKA 0.25L,CRT,DUPLICATE_DESIGNATION,ligne ignorée car une première occurrence a déjà été retenue pour cette désignation
Mister boom elastico,CARTON,DUPLICATE_DESIGNATION,ligne ignorée car une première occurrence a déjà été retenue pour cette désignation
Mix fruit kiddo,CARTON,DUPLICATE_DESIGNATION,ligne ignorée car une première occurrence a déjà été retenue pour cette désignation
Mix fruit pop royale,CARTON,DUPLICATE_DESIGNATION,ligne ignorée car une première occurrence a déjà été retenue pour cette désignation
Molfix junoir 4x30 n°5,BALLE,DUPLICATE_DESIGNATION,ligne ignorée car une première occurrence a déjà été retenue pour cette désignation
Molfix midi 10x9 n°3,BALLES,DUPLICATE_DESIGNATION,ligne ignorée car une première occurrence a déjà été retenue pour cette désignation
Molfix pants culottes midi 4x36 n°3,BALLE,DUPLICATE_DESIGNATION,ligne ignorée car une première occurrence a déjà été retenue pour cette désignation
Molfix twin kulot maxi 4x32 n°4,BALLE,DUPLICATE_DESIGNATION,ligne ignorée car une première occurrence a déjà été retenue pour cette désignation
Mosquito anita citronel,BOITE,DUPLICATE_DESIGNATION,ligne ignorée car une première occurrence a déjà été retenue pour cette désignation
MOSQUITO ATTACK,CTR,DUPLICATE_DESIGNATION,ligne ignorée car une première occurrence a déjà été retenue pour cette désignation
Mosquito france stick,CARTON,DUPLICATE_DESIGNATION,ligne ignorée car une première occurrence a déjà été retenue pour cette désignation
Mouchoir à jeter Top,BALLES,DUPLICATE_DESIGNATION,ligne ignorée car une première occurrence a déjà été retenue pour cette désignation
mura 750ml,CRT,DUPLICATE_DESIGNATION,ligne ignorée car une première occurrence a déjà été retenue pour cette désignation
Nect Choco caramel pop,CARTON,DUPLICATE_DESIGNATION,ligne ignorée car une première occurrence a déjà été retenue pour cette désignation
Nect xtra painter xxl,CARTON,DUPLICATE_DESIGNATION,ligne ignorée car une première occurrence a déjà été retenue pour cette désignation
Nect yum yum orange 20*50pcs,CARTON,DUPLICATE_DESIGNATION,ligne ignorée car une première occurrence a déjà été retenue pour cette désignation
Nect yum yum pineapple  20*50pcs,CARTON,DUPLICATE_DESIGNATION,ligne ignorée car une première occurrence a déjà été retenue pour cette désignation
Nect yum yum Strawberry 20*50pcs,CARTON,DUPLICATE_DESIGNATION,ligne ignorée car une première occurrence a déjà été retenue pour cette désignation
Nect yum yum yogurt 20*50pcs,CARTON,DUPLICATE_DESIGNATION,ligne ignorée car une première occurrence a déjà été retenue pour cette désignation
Nescafé classic en bocal 50g,CARTON,DUPLICATE_DESIGNATION,ligne ignorée car une première occurrence a déjà été retenue pour cette désignation
Nescafe classic en sachet 1.5g,PAQUET,DUPLICATE_DESIGNATION,ligne ignorée car une première occurrence a déjà été retenue pour cette désignation
Nescafe classic en sachet 1.5g,CARTON,DUPLICATE_DESIGNATION,ligne ignorée car une première occurrence a déjà été retenue pour cette désignation
Nesquik 200g,CARTON,DUPLICATE_DESIGNATION,ligne ignorée car une première occurrence a déjà été retenue pour cette désignation
NETOI,PAQUET,DUPLICATE_DESIGNATION,ligne ignorée car une première occurrence a déjà été retenue pour cette désignation
Nicke super javel 12° chl 1L,PAQUET,DUPLICATE_DESIGNATION,ligne ignorée car une première occurrence a déjà été retenue pour cette désignation
Nickel bleu nettoyant multi-usage 1L,PAQUET,DUPLICATE_DESIGNATION,ligne ignorée car une première occurrence a déjà été retenue pour cette désignation
Nickel detartrant 12*1L,PAQUET,DUPLICATE_DESIGNATION,ligne ignorée car une première occurrence a déjà été retenue pour cette désignation
Nickel lave vitre 750ml,PAQUET,DUPLICATE_DESIGNATION,ligne ignorée car une première occurrence a déjà été retenue pour cette désignation
Nickel liquide vaisselle ass12*500ml,PAQUET,DUPLICATE_DESIGNATION,ligne ignorée car une première occurrence a déjà été retenue pour cette désignation
NICKEL VAISSELLE 500ML,PQT,DUPLICATE_DESIGNATION,ligne ignorée car une première occurrence a déjà été retenue pour cette désignation
Nickel vaisselle jaune 1L,PAQUET,DUPLICATE_DESIGNATION,ligne ignorée car une première occurrence a déjà été retenue pour cette désignation
Nickel vaisselle jaune 1l*12 jaune citron,PAQUET,DUPLICATE_DESIGNATION,ligne ignorée car une première occurrence a déjà été retenue pour cette désignation
Nickel vaisselle jaune 1l*12 vanille marron,PAQUET,DUPLICATE_DESIGNATION,ligne ignorée car une première occurrence a déjà été retenue pour cette désignation
Nickel vaisselle Vert pomme 1L,PACQUET,DUPLICATE_DESIGNATION,ligne ignorée car une première occurrence a déjà été retenue pour cette désignation
Nickel wc 500ml,PACQUET,DUPLICATE_DESIGNATION,ligne ignorée car une première occurrence a déjà été retenue pour cette désignation
NOSY  CARE GM P8P,CARTON,DUPLICATE_DESIGNATION,ligne ignorée car une première occurrence a déjà été retenue pour cette désignation
Nosy B,CARTON,DUPLICATE_DESIGNATION,ligne ignorée car une première occurrence a déjà été retenue pour cette désignation
NOSY B52 bara,CARTON,DUPLICATE_DESIGNATION,ligne ignorée car une première occurrence a déjà été retenue pour cette désignation
Nosy kelly,CARTON,DUPLICATE_DESIGNATION,ligne ignorée car une première occurrence a déjà été retenue pour cette désignation
Nouilles 138,CARTON,DUPLICATE_DESIGNATION,ligne ignorée car une première occurrence a déjà été retenue pour cette désignation
Nouilles Sedaap korean spice chicken,CARTON,DUPLICATE_DESIGNATION,ligne ignorée car une première occurrence a déjà été retenue pour cette désignation
Nura f bon frooty,CARTON,DUPLICATE_DESIGNATION,ligne ignorée car une première occurrence a déjà été retenue pour cette désignation
Nyra coconut cube,CARTON,DUPLICATE_DESIGNATION,ligne ignorée car une première occurrence a déjà été retenue pour cette désignation
Nyra crunch milk balls 125g,CARTON,DUPLICATE_DESIGNATION,ligne ignorée car une première occurrence a déjà été retenue pour cette désignation
Nyra elro choco,CARTON,DUPLICATE_DESIGNATION,ligne ignorée car une première occurrence a déjà été retenue pour cette désignation
Nyra elro choco 12bte fisaka,CARTON,DUPLICATE_DESIGNATION,ligne ignorée car une première occurrence a déjà été retenue pour cette désignation
Nyra elro milk,CARTON,DUPLICATE_DESIGNATION,ligne ignorée car une première occurrence a déjà été retenue pour cette désignation
Nyra fruit burst ass 12*200pcs,CARTON,DUPLICATE_DESIGNATION,ligne ignorée car une première occurrence a déjà été retenue pour cette désignation
Nyra royale creme candy 12 jar,CARTON,DUPLICATE_DESIGNATION,ligne ignorée car une première occurrence a déjà été retenue pour cette désignation
Nyra swissland 125pcs,CARTON,DUPLICATE_DESIGNATION,ligne ignorée car une première occurrence a déjà été retenue pour cette désignation
Nyra toffilo 100p*20,CARTON,DUPLICATE_DESIGNATION,ligne ignorée car une première occurrence a déjà été retenue pour cette désignation
Nyra valentine 150pcs,CARTON,DUPLICATE_DESIGNATION,ligne ignorée car une première occurrence a déjà été retenue pour cette désignation
Nyra yogi yogi 50 original,CARTON,DUPLICATE_DESIGNATION,ligne ignorée car une première occurrence a déjà été retenue pour cette désignation
Ok choco milk cube pops ass bocal*200pcs,CARTON,DUPLICATE_DESIGNATION,ligne ignorée car une première occurrence a déjà été retenue pour cette désignation
Ok eye ball gummy candy*30pcs,CARTON,DUPLICATE_DESIGNATION,ligne ignorée car une première occurrence a déjà été retenue pour cette désignation
Ok football chocolate*100pcs,CARTON,DUPLICATE_DESIGNATION,ligne ignorée car une première occurrence a déjà été retenue pour cette désignation
Ok ice sweet 30pqt,CARTON,DUPLICATE_DESIGNATION,ligne ignorée car une première occurrence a déjà été retenue pour cette désignation
Papier Dolphin A4,CARTON,DUPLICATE_DESIGNATION,ligne ignorée car une première occurrence a déjà été retenue pour cette désignation
Papier epaper,CARTON,DUPLICATE_DESIGNATION,ligne ignorée car une première occurrence a déjà été retenue pour cette désignation
Papier ik copy A4,CARTON,DUPLICATE_DESIGNATION,ligne ignorée car une première occurrence a déjà été retenue pour cette désignation
Papier pro print A4,CARTON,DUPLICATE_DESIGNATION,ligne ignorée car une première occurrence a déjà été retenue pour cette désignation
Papier velin bleu,CARTON,DUPLICATE_DESIGNATION,ligne ignorée car une première occurrence a déjà été retenue pour cette désignation
Parfum,PACQUET,DUPLICATE_DESIGNATION,ligne ignorée car une première occurrence a déjà été retenue pour cette désignation
Parfum,CARTON,DUPLICATE_DESIGNATION,ligne ignorée car une première occurrence a déjà été retenue pour cette désignation
Patapon bleu couche l9 (9-18kg),BALLE,DUPLICATE_DESIGNATION,ligne ignorée car une première occurrence a déjà été retenue pour cette désignation
Patapon cullote L10,BALLE,DUPLICATE_DESIGNATION,ligne ignorée car une première occurrence a déjà été retenue pour cette désignation
Patapon maxi bleu l28 (9-18kg),BALLES,DUPLICATE_DESIGNATION,ligne ignorée car une première occurrence a déjà été retenue pour cette désignation
Patapon midi orange m30 (5-11kg),BALLE,DUPLICATE_DESIGNATION,ligne ignorée car une première occurrence a déjà été retenue pour cette désignation
PATAPON PM,PACQUE,DUPLICATE_DESIGNATION,ligne ignorée car une première occurrence a déjà été retenue pour cette désignation
PATAPON PM,CARTON,DUPLICATE_DESIGNATION,ligne ignorée car une première occurrence a déjà été retenue pour cette désignation
Pate egg noodle 400g red river,CARTON,DUPLICATE_DESIGNATION,ligne ignorée car une première occurrence a déjà été retenue pour cette désignation
Pate nouille aux oeufs 250gr 1er choix,CARTON,DUPLICATE_DESIGNATION,ligne ignorée car une première occurrence a déjà été retenue pour cette désignation
PATE YUMMY,CARTON,DUPLICATE_DESIGNATION,ligne ignorée car une première occurrence a déjà été retenue pour cette désignation
Pe ice cream mama tik tok pop 100p*12bag,CARTON,DUPLICATE_DESIGNATION,ligne ignorée car une première occurrence a déjà été retenue pour cette désignation
PECTO BE,CARTON,DUPLICATE_DESIGNATION,ligne ignorée car une première occurrence a déjà été retenue pour cette désignation
PECTO PM,SAC,DUPLICATE_DESIGNATION,ligne ignorée car une première occurrence a déjà été retenue pour cette désignation
PENGUIM CHOCO,CRT,DUPLICATE_DESIGNATION,ligne ignorée car une première occurrence a déjà été retenue pour cette désignation
PERFIT,CARTON,DUPLICATE_DESIGNATION,ligne ignorée car une première occurrence a déjà été retenue pour cette désignation
Pétrole  250L,TONELET,DUPLICATE_DESIGNATION,ligne ignorée car une première occurrence a déjà été retenue pour cette désignation
Pile Alkaline Ir6 aorata7,CARTON,DUPLICATE_DESIGNATION,ligne ignorée car une première occurrence a déjà été retenue pour cette désignation
Pile champion r6,CARTON,DUPLICATE_DESIGNATION,ligne ignorée car une première occurrence a déjà été retenue pour cette désignation
Pile duratec r20,CARTON,DUPLICATE_DESIGNATION,ligne ignorée car une première occurrence a déjà été retenue pour cette désignation
Pile duratec r6,CARTON,DUPLICATE_DESIGNATION,ligne ignorée car une première occurrence a déjà été retenue pour cette désignation
PILE ENERGY PM,CRT,DUPLICATE_DESIGNATION,ligne ignorée car une première occurrence a déjà été retenue pour cette désignation
PILE EVERLASTE GM,CARTON,DUPLICATE_DESIGNATION,ligne ignorée car une première occurrence a déjà été retenue pour cette désignation
PILE EVERLASTE PM,CARTON,DUPLICATE_DESIGNATION,ligne ignorée car une première occurrence a déjà été retenue pour cette désignation
PILE YARICO GM,CARTON,DUPLICATE_DESIGNATION,ligne ignorée car une première occurrence a déjà été retenue pour cette désignation
Pointe 100X20 de 20kg,BOITE,DUPLICATE_DESIGNATION,ligne ignorée car une première occurrence a déjà été retenue pour cette désignation
Pointe 100X20 de 20kg,CARTON,DUPLICATE_DESIGNATION,ligne ignorée car une première occurrence a déjà été retenue pour cette désignation
POINTE 120X20,BTE,DUPLICATE_DESIGNATION,ligne ignorée car une première occurrence a déjà été retenue pour cette désignation
POINTE 120X20,CRT,DUPLICATE_DESIGNATION,ligne ignorée car une première occurrence a déjà été retenue pour cette désignation
Pointe 120X21 de 20kg,CRT,DUPLICATE_DESIGNATION,ligne ignorée car une première occurrence a déjà été retenue pour cette désignation
POINTE 140,BOITE,DUPLICATE_DESIGNATION,ligne ignorée car une première occurrence a déjà été retenue pour cette désignation
POINTE 140,CARTON,DUPLICATE_DESIGNATION,ligne ignorée car une première occurrence a déjà été retenue pour cette désignation
Pointe 30X13 de 20kg,BOITE,DUPLICATE_DESIGNATION,ligne ignorée car une première occurrence a déjà été retenue pour cette désignation
Pointe 30X13 de 20kg,CARTON,DUPLICATE_DESIGNATION,ligne ignorée car une première occurrence a déjà été retenue pour cette désignation
Pointe 40X14 de 20kg,BOITE,DUPLICATE_DESIGNATION,ligne ignorée car une première occurrence a déjà été retenue pour cette désignation
Pointe 40X14 de 20kg,CARTON,DUPLICATE_DESIGNATION,ligne ignorée car une première occurrence a déjà été retenue pour cette désignation
Pointe 50X16 de 20 kg,BOITE,DUPLICATE_DESIGNATION,ligne ignorée car une première occurrence a déjà été retenue pour cette désignation
Pointe 50X16 de 20 kg,CARTON,DUPLICATE_DESIGNATION,ligne ignorée car une première occurrence a déjà été retenue pour cette désignation
Pointe 50X18 de 20 kg,BOITE,DUPLICATE_DESIGNATION,ligne ignorée car une première occurrence a déjà été retenue pour cette désignation
Pointe 50X18 de 20 kg,CARTON,DUPLICATE_DESIGNATION,ligne ignorée car une première occurrence a déjà été retenue pour cette désignation
Pointe 60X17 de 20kg,BOITE,DUPLICATE_DESIGNATION,ligne ignorée car une première occurrence a déjà été retenue pour cette désignation
Pointe 60X17 de 20kg,CARTON,DUPLICATE_DESIGNATION,ligne ignorée car une première occurrence a déjà été retenue pour cette désignation
POINTE 60X20,BOITE,DUPLICATE_DESIGNATION,ligne ignorée car une première occurrence a déjà été retenue pour cette désignation
POINTE 60X20,CARTON,DUPLICATE_DESIGNATION,ligne ignorée car une première occurrence a déjà été retenue pour cette désignation
Pointe 70X18 de 20kg,BOITE,DUPLICATE_DESIGNATION,ligne ignorée car une première occurrence a déjà été retenue pour cette désignation
Pointe 70X18 de 20kg,CARTON,DUPLICATE_DESIGNATION,ligne ignorée car une première occurrence a déjà été retenue pour cette désignation
POINTE 80X18,BOITE,DUPLICATE_DESIGNATION,ligne ignorée car une première occurrence a déjà été retenue pour cette désignation
POINTE 80X18,CARTON,DUPLICATE_DESIGNATION,ligne ignorée car une première occurrence a déjà été retenue pour cette désignation
Pointe 80x19 de 20kg,BOITE,DUPLICATE_DESIGNATION,ligne ignorée car une première occurrence a déjà été retenue pour cette désignation
Pointe 80x19 de 20kg,CARTON,DUPLICATE_DESIGNATION,ligne ignorée car une première occurrence a déjà été retenue pour cette désignation
POINTE 90X19,BOITE,DUPLICATE_DESIGNATION,ligne ignorée car une première occurrence a déjà été retenue pour cette désignation
POINTE 90X19,CARTON,DUPLICATE_DESIGNATION,ligne ignorée car une première occurrence a déjà été retenue pour cette désignation
POINTE 90X20,BOITE,DUPLICATE_DESIGNATION,ligne ignorée car une première occurrence a déjà été retenue pour cette désignation
POINTE 90X20,CARTON,DUPLICATE_DESIGNATION,ligne ignorée car une première occurrence a déjà été retenue pour cette désignation
POINTE A TOLE,CARTON,DUPLICATE_DESIGNATION,ligne ignorée car une première occurrence a déjà été retenue pour cette désignation
Poivre etui 30g,BALLE,DUPLICATE_DESIGNATION,ligne ignorée car une première occurrence a déjà été retenue pour cette désignation
POIVRE MOULU TAF,CRT,DUPLICATE_DESIGNATION,ligne ignorée car une première occurrence a déjà été retenue pour cette désignation
Potata 100g,CARTON,DUPLICATE_DESIGNATION,ligne ignorée car une première occurrence a déjà été retenue pour cette désignation
Potata 15g,SACHET,DUPLICATE_DESIGNATION,ligne ignorée car une première occurrence a déjà été retenue pour cette désignation
Potata 15g,BOITE,DUPLICATE_DESIGNATION,ligne ignorée car une première occurrence a déjà été retenue pour cette désignation
POTATA 80G,CARTON,DUPLICATE_DESIGNATION,ligne ignorée car une première occurrence a déjà été retenue pour cette désignation
Potata bare-b-que 75g,CARTON,DUPLICATE_DESIGNATION,ligne ignorée car une première occurrence a déjà été retenue pour cette désignation
Potato chips pizza adoro 75g,CARTON,DUPLICATE_DESIGNATION,ligne ignorée car une première occurrence a déjà été retenue pour cette désignation
Potato chipz quatre epices adoro 75g,CARTON,DUPLICATE_DESIGNATION,ligne ignorée car une première occurrence a déjà été retenue pour cette désignation
PRINCE FOURRE VANILLE/CHOCO GM 130G*20,CARTON,DUPLICATE_DESIGNATION,ligne ignorée car une première occurrence a déjà été retenue pour cette désignation
PRINCE VANILLE POCHON 60G*35,CARTON,DUPLICATE_DESIGNATION,ligne ignorée car une première occurrence a déjà été retenue pour cette désignation
PRINCESS*18X30,PAQUET,DUPLICATE_DESIGNATION,ligne ignorée car une première occurrence a déjà été retenue pour cette désignation
PRINCESS*18X30,CARTON,DUPLICATE_DESIGNATION,ligne ignorée car une première occurrence a déjà été retenue pour cette désignation
Pur'o impec 150ml,CARTON,DUPLICATE_DESIGNATION,ligne ignorée car une première occurrence a déjà été retenue pour cette désignation
Pure butte cookies original 120g veto,CARTON,DUPLICATE_DESIGNATION,ligne ignorée car une première occurrence a déjà été retenue pour cette désignation
Pure gold khazana*18x30,PAQUET,DUPLICATE_DESIGNATION,ligne ignorée car une première occurrence a déjà été retenue pour cette désignation
Pure gold khazana*18x30,CARTON,DUPLICATE_DESIGNATION,ligne ignorée car une première occurrence a déjà été retenue pour cette désignation
Pure milk cookies 120g veto,CARTON,DUPLICATE_DESIGNATION,ligne ignorée car une première occurrence a déjà été retenue pour cette désignation
Racing  car en Bocal,CARTON,DUPLICATE_DESIGNATION,ligne ignorée car une première occurrence a déjà été retenue pour cette désignation
Rajsi frubon roll en bocal 200pcs,CARTON,DUPLICATE_DESIGNATION,ligne ignorée car une première occurrence a déjà été retenue pour cette désignation
Rajsi kulfi milk 200pcs,CARTON,DUPLICATE_DESIGNATION,ligne ignorée car une première occurrence a déjà été retenue pour cette désignation
Rajsi strawberry roll 200pcs,CARTON,DUPLICATE_DESIGNATION,ligne ignorée car une première occurrence a déjà été retenue pour cette désignation
Rajsi super star caramel 200pcs,CARTON,DUPLICATE_DESIGNATION,ligne ignorée car une première occurrence a déjà été retenue pour cette désignation
Rajsi truffles coco 100pcs,CARTON,DUPLICATE_DESIGNATION,ligne ignorée car une première occurrence a déjà été retenue pour cette désignation
Rajsi truffles milk 100pcs,CARTON,DUPLICATE_DESIGNATION,ligne ignorée car une première occurrence a déjà été retenue pour cette désignation
RAMBO CHOCOLAT (CHEWING CANDY),CRT,DUPLICATE_DESIGNATION,ligne ignorée car une première occurrence a déjà été retenue pour cette désignation
Rasoir Bic,CARTON,DUPLICATE_DESIGNATION,ligne ignorée car une première occurrence a déjà été retenue pour cette désignation
Rasoir dorco double,PACQUE,DUPLICATE_DESIGNATION,ligne ignorée car une première occurrence a déjà été retenue pour cette désignation
Rasoir dorco double,BOITE,DUPLICATE_DESIGNATION,ligne ignorée car une première occurrence a déjà été retenue pour cette désignation
Rasoir dorco double,CARTON,DUPLICATE_DESIGNATION,ligne ignorée car une première occurrence a déjà été retenue pour cette désignation
Rasoir dorco simple,PACQUET,DUPLICATE_DESIGNATION,ligne ignorée car une première occurrence a déjà été retenue pour cette désignation
RASOIR SUPER MAX,CARTON,DUPLICATE_DESIGNATION,ligne ignorée car une première occurrence a déjà été retenue pour cette désignation
Ringos,BALLE,DUPLICATE_DESIGNATION,ligne ignorée car une première occurrence a déjà été retenue pour cette désignation
Ronono barea en boite gm,CARTON,DUPLICATE_DESIGNATION,ligne ignorée car une première occurrence a déjà été retenue pour cette désignation
Ronono barea en boite pm,CARTON,DUPLICATE_DESIGNATION,ligne ignorée car une première occurrence a déjà été retenue pour cette désignation
Ronono barea gm,CARTON,DUPLICATE_DESIGNATION,ligne ignorée car une première occurrence a déjà été retenue pour cette désignation
Ronono boite Tople pm,CARTON,DUPLICATE_DESIGNATION,ligne ignorée car une première occurrence a déjà été retenue pour cette désignation
RONONO CEBON GM,CARTON,DUPLICATE_DESIGNATION,ligne ignorée car une première occurrence a déjà été retenue pour cette désignation
RONONO CEBON PM,CARTON,DUPLICATE_DESIGNATION,ligne ignorée car une première occurrence a déjà été retenue pour cette désignation
Ronono champion pm,CARTON,DUPLICATE_DESIGNATION,ligne ignorée car une première occurrence a déjà été retenue pour cette désignation
Ronono Elvia gm,CARTON,DUPLICATE_DESIGNATION,ligne ignorée car une première occurrence a déjà été retenue pour cette désignation
Ronono Elvia pm,CARTON,DUPLICATE_DESIGNATION,ligne ignorée car une première occurrence a déjà été retenue pour cette désignation
Ronono evita en boite pm*390g*24,CARTON,DUPLICATE_DESIGNATION,ligne ignorée car une première occurrence a déjà été retenue pour cette désignation
Ronono lucky cow pm,CARTON,DUPLICATE_DESIGNATION,ligne ignorée car une première occurrence a déjà été retenue pour cette désignation
Ronono Mama gm,CARTON,DUPLICATE_DESIGNATION,ligne ignorée car une première occurrence a déjà été retenue pour cette désignation
Ronono Mama pm,CARTON,DUPLICATE_DESIGNATION,ligne ignorée car une première occurrence a déjà été retenue pour cette désignation
RONONO POUDRE LACTIMILK,1/2 KG,DUPLICATE_DESIGNATION,ligne ignorée car une première occurrence a déjà été retenue pour cette désignation
Ronono shasa gm,CARTON,DUPLICATE_DESIGNATION,ligne ignorée car une première occurrence a déjà été retenue pour cette désignation
RONONO SOCOLAIT,CARTON,DUPLICATE_DESIGNATION,ligne ignorée car une première occurrence a déjà été retenue pour cette désignation
Ronono Socolait 390g*48,CARTON,DUPLICATE_DESIGNATION,ligne ignorée car une première occurrence a déjà été retenue pour cette désignation
RONONO SOCOLAIT GM,CARTON,DUPLICATE_DESIGNATION,ligne ignorée car une première occurrence a déjà été retenue pour cette désignation
Ronono white gold pm,CARTON,DUPLICATE_DESIGNATION,ligne ignorée car une première occurrence a déjà été retenue pour cette désignation
Ronono Yama gm 1kg*24,CARTON,DUPLICATE_DESIGNATION,ligne ignorée car une première occurrence a déjà été retenue pour cette désignation
Ronono yama pm*390g,CARTON,DUPLICATE_DESIGNATION,ligne ignorée car une première occurrence a déjà été retenue pour cette désignation
Sachet pm couleur,BALLE,DUPLICATE_DESIGNATION,ligne ignorée car une première occurrence a déjà été retenue pour cette désignation
Saf instant 500g,CARTON,DUPLICATE_DESIGNATION,ligne ignorée car une première occurrence a déjà été retenue pour cette désignation
Saf intsant rouge 11g,PACQUET,DUPLICATE_DESIGNATION,ligne ignorée car une première occurrence a déjà été retenue pour cette désignation
Saf intsant rouge 11g,CARTON,DUPLICATE_DESIGNATION,ligne ignorée car une première occurrence a déjà été retenue pour cette désignation
SAF_INSTANT 500G,BOITE,DUPLICATE_DESIGNATION,ligne ignorée car une première occurrence a déjà été retenue pour cette désignation
SAF_INSTANT 500G,CARTON,DUPLICATE_DESIGNATION,ligne ignorée car une première occurrence a déjà été retenue pour cette désignation
Salone cafe 20g*30pcs,PAQUET,DUPLICATE_DESIGNATION,ligne ignorée car une première occurrence a déjà été retenue pour cette désignation
Salone cafe 20g*30pcs,SAC,DUPLICATE_DESIGNATION,ligne ignorée car une première occurrence a déjà été retenue pour cette désignation
Salone cafe 30g*20pcs,PAQUET,DUPLICATE_DESIGNATION,ligne ignorée car une première occurrence a déjà été retenue pour cette désignation
Salone cafe 30g*20pcs,SAC,DUPLICATE_DESIGNATION,ligne ignorée car une première occurrence a déjà été retenue pour cette désignation
Sambapito lollipop whitstle 5g bocal,CARTON,DUPLICATE_DESIGNATION,ligne ignorée car une première occurrence a déjà été retenue pour cette désignation
Sampoing marina ass,CARTON,DUPLICATE_DESIGNATION,ligne ignorée car une première occurrence a déjà été retenue pour cette désignation
SANTEX,CARTON,DUPLICATE_DESIGNATION,ligne ignorée car une première occurrence a déjà été retenue pour cette désignation
SARDINE ANNY,CARTON,DUPLICATE_DESIGNATION,ligne ignorée car une première occurrence a déjà été retenue pour cette désignation
Sardine bon appetit 125g,CARTON,DUPLICATE_DESIGNATION,ligne ignorée car une première occurrence a déjà été retenue pour cette désignation
Sardine cebon,CARTON,DUPLICATE_DESIGNATION,ligne ignorée car une première occurrence a déjà été retenue pour cette désignation
SARDINE CHAMPION,CARTON,DUPLICATE_DESIGNATION,ligne ignorée car une première occurrence a déjà été retenue pour cette désignation
SARDINE delmonaco,CARTON,DUPLICATE_DESIGNATION,ligne ignorée car une première occurrence a déjà été retenue pour cette désignation
Sardine isha,CARTON,DUPLICATE_DESIGNATION,ligne ignorée car une première occurrence a déjà été retenue pour cette désignation
SARDINE JULIE,CARTON,DUPLICATE_DESIGNATION,ligne ignorée car une première occurrence a déjà été retenue pour cette désignation
SARDINE MONICA,CARTON,DUPLICATE_DESIGNATION,ligne ignorée car une première occurrence a déjà été retenue pour cette désignation
Sardine Vivo,CARTON,DUPLICATE_DESIGNATION,ligne ignorée car une première occurrence a déjà été retenue pour cette désignation
Sauce chili bon appetit 280g,CARTON,DUPLICATE_DESIGNATION,ligne ignorée car une première occurrence a déjà été retenue pour cette désignation
SAUCE CLAIRE PM,CRT,DUPLICATE_DESIGNATION,ligne ignorée car une première occurrence a déjà été retenue pour cette désignation
SAUCE DARK PM 150ML,CARTON,DUPLICATE_DESIGNATION,ligne ignorée car une première occurrence a déjà été retenue pour cette désignation
SAUCE DARK SUPERIEUR PET 400ML,PACQUET,DUPLICATE_DESIGNATION,ligne ignorée car une première occurrence a déjà été retenue pour cette désignation
Sauce huitre 280g,CARTON,DUPLICATE_DESIGNATION,ligne ignorée car une première occurrence a déjà été retenue pour cette désignation
Sauce huitre 500g,CARTON,DUPLICATE_DESIGNATION,ligne ignorée car une première occurrence a déjà été retenue pour cette désignation
SAUCE HUITRE 710g,CRT,DUPLICATE_DESIGNATION,ligne ignorée car une première occurrence a déjà été retenue pour cette désignation
Sauce jerycan pm light rrb,CARTON,DUPLICATE_DESIGNATION,ligne ignorée car une première occurrence a déjà été retenue pour cette désignation
SAUCE LIGHT 150ML,CARTON,DUPLICATE_DESIGNATION,ligne ignorée car une première occurrence a déjà été retenue pour cette désignation
Sauce light 625 ml,CRT,DUPLICATE_DESIGNATION,ligne ignorée car une première occurrence a déjà été retenue pour cette désignation
SAUCE PLASTIC TSARAHIRATRA,PACQUET,DUPLICATE_DESIGNATION,ligne ignorée car une première occurrence a déjà été retenue pour cette désignation
Sauce soja 0.25L,PACQUET,DUPLICATE_DESIGNATION,ligne ignorée car une première occurrence a déjà été retenue pour cette désignation
Sauce soja 1L,PAQUET,DUPLICATE_DESIGNATION,ligne ignorée car une première occurrence a déjà été retenue pour cette désignation
Saven garbathi ag miracle,BOITE,DUPLICATE_DESIGNATION,ligne ignorée car une première occurrence a déjà été retenue pour cette désignation
Saven garbathi ag miracle,CARTON,DUPLICATE_DESIGNATION,ligne ignorée car une première occurrence a déjà été retenue pour cette désignation
SAVON B29 MULTI USAGE96X150G,CARTON,DUPLICATE_DESIGNATION,ligne ignorée car une première occurrence a déjà été retenue pour cette désignation
Savon barre national 800g,CARTON,DUPLICATE_DESIGNATION,ligne ignorée car une première occurrence a déjà été retenue pour cette désignation
Savon barre parfume citron,CARTON,DUPLICATE_DESIGNATION,ligne ignorée car une première occurrence a déjà été retenue pour cette désignation
SAVON BARRE ROBUSTE,CARTON,DUPLICATE_DESIGNATION,ligne ignorée car une première occurrence a déjà été retenue pour cette désignation
SAVON BARRE RUBIS CITRUS 800G,CRT,DUPLICATE_DESIGNATION,ligne ignorée car une première occurrence a déjà été retenue pour cette désignation
Savon barre vao lemon 800g,CARTON,DUPLICATE_DESIGNATION,ligne ignorée car une première occurrence a déjà été retenue pour cette désignation
SAVON BERYL,CARTON,DUPLICATE_DESIGNATION,ligne ignorée car une première occurrence a déjà été retenue pour cette désignation
SAVON CAPITALE,CARTON,DUPLICATE_DESIGNATION,ligne ignorée car une première occurrence a déjà été retenue pour cette désignation
Savon charbon antiseptic 90g,CARTON,DUPLICATE_DESIGNATION,ligne ignorée car une première occurrence a déjà été retenue pour cette désignation
Savon citron plus king,CARTON,DUPLICATE_DESIGNATION,ligne ignorée car une première occurrence a déjà été retenue pour cette désignation
Savon classic cucumber,CARTON,DUPLICATE_DESIGNATION,ligne ignorée car une première occurrence a déjà été retenue pour cette désignation
Savon classic whit,CARTON,DUPLICATE_DESIGNATION,ligne ignorée car une première occurrence a déjà été retenue pour cette désignation
Savon Duru Blanc,CRT,DUPLICATE_DESIGNATION,ligne ignorée car une première occurrence a déjà été retenue pour cette désignation
Savon Duru rose,CARTON,DUPLICATE_DESIGNATION,ligne ignorée car une première occurrence a déjà été retenue pour cette désignation
Savon Duru verte Olive,CARTON,DUPLICATE_DESIGNATION,ligne ignorée car une première occurrence a déjà été retenue pour cette désignation
Savon ekono multi purpose soap,CARTON,DUPLICATE_DESIGNATION,ligne ignorée car une première occurrence a déjà été retenue pour cette désignation
Savon flor barre 900 gr [ Bleu],CARTON,DUPLICATE_DESIGNATION,ligne ignorée car une première occurrence a déjà été retenue pour cette désignation
Savon flor barre 900g,CARTON,DUPLICATE_DESIGNATION,ligne ignorée car une première occurrence a déjà été retenue pour cette désignation
SAVON FRES 75G,PACQUET,DUPLICATE_DESIGNATION,ligne ignorée car une première occurrence a déjà été retenue pour cette désignation
SAVON FRES 75G,CARTON,DUPLICATE_DESIGNATION,ligne ignorée car une première occurrence a déjà été retenue pour cette désignation
Savon hotel 14g vert,CARTON,DUPLICATE_DESIGNATION,ligne ignorée car une première occurrence a déjà été retenue pour cette désignation
Savon hotel dejoi 15g*500pcs,CARTON,DUPLICATE_DESIGNATION,ligne ignorée car une première occurrence a déjà été retenue pour cette désignation
SAVON KIM BARRE,CARTON,DUPLICATE_DESIGNATION,ligne ignorée car une première occurrence a déjà été retenue pour cette désignation
SAVON KIMSA,CARTON,DUPLICATE_DESIGNATION,ligne ignorée car une première occurrence a déjà été retenue pour cette désignation
SAVON MABEL,CARTON,DUPLICATE_DESIGNATION,ligne ignorée car une première occurrence a déjà été retenue pour cette désignation
Savon moreva Blanc 4*100g,CARTON,DUPLICATE_DESIGNATION,ligne ignorée car une première occurrence a déjà été retenue pour cette désignation
Savon moreva rose 4*100g,CARTON,DUPLICATE_DESIGNATION,ligne ignorée car une première occurrence a déjà été retenue pour cette désignation
Savon moreva vert 4*100g,CARTON,DUPLICATE_DESIGNATION,ligne ignorée car une première occurrence a déjà été retenue pour cette désignation
Savon nosy p1 80gr 36 mx,CRT,DUPLICATE_DESIGNATION,ligne ignorée car une première occurrence a déjà été retenue pour cette désignation
Savon nosy p3 morceaux,CARTON,DUPLICATE_DESIGNATION,ligne ignorée car une première occurrence a déjà été retenue pour cette désignation
Savon olive classic touch,CARTON,DUPLICATE_DESIGNATION,ligne ignorée car une première occurrence a déjà été retenue pour cette désignation
Savon olive lime fresh 125g,CARTON,DUPLICATE_DESIGNATION,ligne ignorée car une première occurrence a déjà été retenue pour cette désignation
Savon olive milk delight,CARTON,DUPLICATE_DESIGNATION,ligne ignorée car une première occurrence a déjà été retenue pour cette désignation
Savon ruhi 60g,CARTON,DUPLICATE_DESIGNATION,ligne ignorée car une première occurrence a déjà été retenue pour cette désignation
Savon seim barre blanc,PACQUET,DUPLICATE_DESIGNATION,ligne ignorée car une première occurrence a déjà été retenue pour cette désignation
Savon seim sc1 Fotsy,PACQUET,DUPLICATE_DESIGNATION,ligne ignorée car une première occurrence a déjà été retenue pour cette désignation
Savon solar citron  multi usage*18,CARTON,DUPLICATE_DESIGNATION,ligne ignorée car une première occurrence a déjà été retenue pour cette désignation
Savon solar grape multi usage 150g*48,CARTON,DUPLICATE_DESIGNATION,ligne ignorée car une première occurrence a déjà été retenue pour cette désignation
Savon vao bebe amande 70g,CARTON,DUPLICATE_DESIGNATION,ligne ignorée car une première occurrence a déjà été retenue pour cette désignation
SAVON VAO CITRON,CARTON,DUPLICATE_DESIGNATION,ligne ignorée car une première occurrence a déjà été retenue pour cette désignation
Savon vao line barre 500*8,CARTON,DUPLICATE_DESIGNATION,ligne ignorée car une première occurrence a déjà été retenue pour cette désignation
Savon vao line barre 800*6,CARTON,DUPLICATE_DESIGNATION,ligne ignorée car une première occurrence a déjà été retenue pour cette désignation
Savon vao line multi-usage 16mx*125g,CARTON,DUPLICATE_DESIGNATION,ligne ignorée car une première occurrence a déjà été retenue pour cette désignation
Savon vao lux camaieu ( blance ; vert ; rose ),CARTON,DUPLICATE_DESIGNATION,ligne ignorée car une première occurrence a déjà été retenue pour cette désignation
SAVONETE FLOR,CARTON,DUPLICATE_DESIGNATION,ligne ignorée car une première occurrence a déjà été retenue pour cette désignation
SAVONETTE CITRUS,CARTON,DUPLICATE_DESIGNATION,ligne ignorée car une première occurrence a déjà été retenue pour cette désignation
SAVONETTE JULIETTE,CARTON,DUPLICATE_DESIGNATION,ligne ignorée car une première occurrence a déjà été retenue pour cette désignation
SAVONETTE KRIS,CARTON,DUPLICATE_DESIGNATION,ligne ignorée car une première occurrence a déjà été retenue pour cette désignation
SAVONETTE OLIDA,CARTON,DUPLICATE_DESIGNATION,ligne ignorée car une première occurrence a déjà été retenue pour cette désignation
SAVONNETTE DIVA 125G,CRT,DUPLICATE_DESIGNATION,ligne ignorée car une première occurrence a déjà été retenue pour cette désignation
SAVONNETTE LARK,CARTON,DUPLICATE_DESIGNATION,ligne ignorée car une première occurrence a déjà été retenue pour cette désignation
Savonnette Oleda,CARTON,DUPLICATE_DESIGNATION,ligne ignorée car une première occurrence a déjà été retenue pour cette désignation
Saya flavour beef bouillon de cube 4g*25,BOITE,DUPLICATE_DESIGNATION,ligne ignorée car une première occurrence a déjà été retenue pour cette désignation
Saya flavour beef bouillon de cube 4g*25,CARTON,DUPLICATE_DESIGNATION,ligne ignorée car une première occurrence a déjà été retenue pour cette désignation
Scotch tole,ROULEAU,DUPLICATE_DESIGNATION,ligne ignorée car une première occurrence a déjà été retenue pour cette désignation
Servette de table top 100*24,BALLE,DUPLICATE_DESIGNATION,ligne ignorée car une première occurrence a déjà été retenue pour cette désignation
Servette de table top 60*60,BALLE,DUPLICATE_DESIGNATION,ligne ignorée car une première occurrence a déjà été retenue pour cette désignation
SERVIETTE HYGIENIQUE CARE,CARTON,DUPLICATE_DESIGNATION,ligne ignorée car une première occurrence a déjà été retenue pour cette désignation
Serviette molped,CARTON,DUPLICATE_DESIGNATION,ligne ignorée car une première occurrence a déjà été retenue pour cette désignation
SERVIETTE MY LEYDIE,CRT,DUPLICATE_DESIGNATION,ligne ignorée car une première occurrence a déjà été retenue pour cette désignation
Shamallow twist,CARTON,DUPLICATE_DESIGNATION,ligne ignorée car une première occurrence a déjà été retenue pour cette désignation
Shampoo emeron noir 7ml,CARTON,DUPLICATE_DESIGNATION,ligne ignorée car une première occurrence a déjà été retenue pour cette désignation
SILGUM FRESHA ENCRT,CARTON,DUPLICATE_DESIGNATION,ligne ignorée car une première occurrence a déjà été retenue pour cette désignation
SILGUM MISTER BOOM,CARTON,DUPLICATE_DESIGNATION,ligne ignorée car une première occurrence a déjà été retenue pour cette désignation
Sill gum chlorophile,CARTON,DUPLICATE_DESIGNATION,ligne ignorée car une première occurrence a déjà été retenue pour cette désignation
SILL GUM_ZOOK,CARTON,DUPLICATE_DESIGNATION,ligne ignorée car une première occurrence a déjà été retenue pour cette désignation
Sleepy  KÜLOT Jeans MAXI N°4 (5X30),BALLE,DUPLICATE_DESIGNATION,ligne ignorée car une première occurrence a déjà été retenue pour cette désignation
SLEEPY 3 MIDI,BALLE,DUPLICATE_DESIGNATION,ligne ignorée car une première occurrence a déjà été retenue pour cette désignation
SLEEPY CULOTE,BALLE,DUPLICATE_DESIGNATION,ligne ignorée car une première occurrence a déjà été retenue pour cette désignation
Sleepy culotte jeans large 5x20 n°6,BALLE,DUPLICATE_DESIGNATION,ligne ignorée car une première occurrence a déjà été retenue pour cette désignation
Sleepy kulot jeans junior 5x24 n°5,BALLE,DUPLICATE_DESIGNATION,ligne ignorée car une première occurrence a déjà été retenue pour cette désignation
Sleepy kulot jeans midi 5x34 n°3,BALLE,DUPLICATE_DESIGNATION,ligne ignorée car une première occurrence a déjà été retenue pour cette désignation
Sleepy kulot natural junoir 4x30 n°4 en sachet,PAQUET,DUPLICATE_DESIGNATION,ligne ignorée car une première occurrence a déjà été retenue pour cette désignation
Sleepy kulot natural junoir 5x24 n°5,BALLE,DUPLICATE_DESIGNATION,ligne ignorée car une première occurrence a déjà été retenue pour cette désignation
Sleepy kulot natural maxi 5x30 n°4,BALLE,DUPLICATE_DESIGNATION,ligne ignorée car une première occurrence a déjà été retenue pour cette désignation
Sleepy kulot natural midi 5x34 n°3,BALLE,DUPLICATE_DESIGNATION,ligne ignorée car une première occurrence a déjà été retenue pour cette désignation
Sleepy maxi eco . 6X25 N°4,BALLE,DUPLICATE_DESIGNATION,ligne ignorée car une première occurrence a déjà été retenue pour cette désignation
Sleepy midi 6x30 n°3,BALLE,DUPLICATE_DESIGNATION,ligne ignorée car une première occurrence a déjà été retenue pour cette désignation
Sleepy mini 6X35 N°2 en sachet,PAQUET,DUPLICATE_DESIGNATION,ligne ignorée car une première occurrence a déjà été retenue pour cette désignation
Sleepy mini eco . 6X35 N°2,BALLE,DUPLICATE_DESIGNATION,ligne ignorée car une première occurrence a déjà été retenue pour cette désignation
Sleepy nat soft 8x24,CARTON,DUPLICATE_DESIGNATION,ligne ignorée car une première occurrence a déjà été retenue pour cette désignation
Sleepy night pants culotte maxi 5x30 n°4,BALLES,DUPLICATE_DESIGNATION,ligne ignorée car une première occurrence a déjà été retenue pour cette désignation
Sleepy princess culotte maxi 5x30 n°4,BALLE,DUPLICATE_DESIGNATION,ligne ignorée car une première occurrence a déjà été retenue pour cette désignation
Sleepy princess culotte midi 5x34 n°3,BALLE,DUPLICATE_DESIGNATION,ligne ignorée car une première occurrence a déjà été retenue pour cette désignation
SLEEPY_LADY,CRT,DUPLICATE_DESIGNATION,ligne ignorée car une première occurrence a déjà été retenue pour cette désignation
Smail beach bubble water,CARTON,DUPLICATE_DESIGNATION,ligne ignorée car une première occurrence a déjà été retenue pour cette désignation
SOBA BARRE BLANC,CARTON,DUPLICATE_DESIGNATION,ligne ignorée car une première occurrence a déjà été retenue pour cette désignation
SOBA mavo bara,CARTON,DUPLICATE_DESIGNATION,ligne ignorée car une première occurrence a déjà été retenue pour cette désignation
Soda sugar boom 24*30pcs,CARTON,DUPLICATE_DESIGNATION,ligne ignorée car une première occurrence a déjà été retenue pour cette désignation
Soda sugar candy,CARTON,DUPLICATE_DESIGNATION,ligne ignorée car une première occurrence a déjà été retenue pour cette désignation
Softex day long 29cm *8 violet,CRT,DUPLICATE_DESIGNATION,ligne ignorée car une première occurrence a déjà été retenue pour cette désignation
SOFTEX maternity * 30,CARTON,DUPLICATE_DESIGNATION,ligne ignorée car une première occurrence a déjà été retenue pour cette désignation
Softex maxi wings*8 rose,CARTON,DUPLICATE_DESIGNATION,ligne ignorée car une première occurrence a déjà été retenue pour cette désignation
Softex protege slips,CARTON,DUPLICATE_DESIGNATION,ligne ignorée car une première occurrence a déjà été retenue pour cette désignation
SOY SAUCE LIGHT PRB 500ML,CARTON,DUPLICATE_DESIGNATION,ligne ignorée car une première occurrence a déjà été retenue pour cette désignation
Strawberry kiddo,CARTON,DUPLICATE_DESIGNATION,ligne ignorée car une première occurrence a déjà été retenue pour cette désignation
Strip jelly jelloo,CARTON,DUPLICATE_DESIGNATION,ligne ignorée car une première occurrence a déjà été retenue pour cette désignation
Stylo maryas plus bleu,CARTON,DUPLICATE_DESIGNATION,ligne ignorée car une première occurrence a déjà été retenue pour cette désignation
Stylo maryas plus Rouge,CARTON,DUPLICATE_DESIGNATION,ligne ignorée car une première occurrence a déjà été retenue pour cette désignation
Stylo schneider bleu,CARTON,DUPLICATE_DESIGNATION,ligne ignorée car une première occurrence a déjà été retenue pour cette désignation
Sucette big assorted mix excel,CARTON,DUPLICATE_DESIGNATION,ligne ignorée car une première occurrence a déjà été retenue pour cette désignation
Sucette big cola excel 25g,CARTON,DUPLICATE_DESIGNATION,ligne ignorée car une première occurrence a déjà été retenue pour cette désignation
Sucette big milk lollipop excel 25g,CARTON,DUPLICATE_DESIGNATION,ligne ignorée car une première occurrence a déjà été retenue pour cette désignation
Sucette big pop gm xxl,CARTON,DUPLICATE_DESIGNATION,ligne ignorée car une première occurrence a déjà été retenue pour cette désignation
SUCETTE BOCAL ROYAL,CRT,DUPLICATE_DESIGNATION,ligne ignorée car une première occurrence a déjà été retenue pour cette désignation
Sucette Donut,CARTON,DUPLICATE_DESIGNATION,ligne ignorée car une première occurrence a déjà été retenue pour cette désignation
Sucette g pop,CARTON,DUPLICATE_DESIGNATION,ligne ignorée car une première occurrence a déjà été retenue pour cette désignation
Sucette gm bigg pops en sachet,CARTON,DUPLICATE_DESIGNATION,ligne ignorée car une première occurrence a déjà été retenue pour cette désignation
Sucette hearty pop bocal,CARTON,DUPLICATE_DESIGNATION,ligne ignorée car une première occurrence a déjà été retenue pour cette désignation
Sucette icy pop bocal,CARTON,DUPLICATE_DESIGNATION,ligne ignorée car une première occurrence a déjà été retenue pour cette désignation
Sucette Love pop,CARTON,DUPLICATE_DESIGNATION,ligne ignorée car une première occurrence a déjà été retenue pour cette désignation
Sucette love pops rama gm,CARTON,DUPLICATE_DESIGNATION,ligne ignorée car une première occurrence a déjà été retenue pour cette désignation
Sucette love ring bague,CARTON,DUPLICATE_DESIGNATION,ligne ignorée car une première occurrence a déjà été retenue pour cette désignation
Sucette mix fruit naturaly,CARTON,DUPLICATE_DESIGNATION,ligne ignorée car une première occurrence a déjà été retenue pour cette désignation
Sucette mix yogofru bocal,CARTON,DUPLICATE_DESIGNATION,ligne ignorée car une première occurrence a déjà été retenue pour cette désignation
Sucette Neo pop xxl,CARTON,DUPLICATE_DESIGNATION,ligne ignorée car une première occurrence a déjà été retenue pour cette désignation
Sucette rama big bombom xxxl,CARTON,DUPLICATE_DESIGNATION,ligne ignorée car une première occurrence a déjà été retenue pour cette désignation
Sucette sweet art bocal,CARTON,DUPLICATE_DESIGNATION,ligne ignorée car une première occurrence a déjà été retenue pour cette désignation
Sucette tik tok chew pop bocal,CARTON,DUPLICATE_DESIGNATION,ligne ignorée car une première occurrence a déjà été retenue pour cette désignation
Sucette tik tok excel  xxl,CARTON,DUPLICATE_DESIGNATION,ligne ignorée car une première occurrence a déjà été retenue pour cette désignation
Sucette trio  pop,CARTON,DUPLICATE_DESIGNATION,ligne ignorée car une première occurrence a déjà été retenue pour cette désignation
Sucette Twist pop mango excel,CARTON,DUPLICATE_DESIGNATION,ligne ignorée car une première occurrence a déjà été retenue pour cette désignation
Sucette Twist pop strawberry,CARTON,DUPLICATE_DESIGNATION,ligne ignorée car une première occurrence a déjà été retenue pour cette désignation
Sucette wafer mellow fruit lollipop,CARTON,DUPLICATE_DESIGNATION,ligne ignorée car une première occurrence a déjà été retenue pour cette désignation
Sucette ziva mix fruit lollipop 25g ass,CARTON,DUPLICATE_DESIGNATION,ligne ignorée car une première occurrence a déjà été retenue pour cette désignation
Sucre ambilobe  50Kg,SAC,DUPLICATE_DESIGNATION,ligne ignorée car une première occurrence a déjà été retenue pour cette désignation
Super cone 12*60,CARTON,DUPLICATE_DESIGNATION,ligne ignorée car une première occurrence a déjà été retenue pour cette désignation
Super cone24*30 en boite,CARTON,DUPLICATE_DESIGNATION,ligne ignorée car une première occurrence a déjà été retenue pour cette désignation
Super Moustiquaire,BALLE,DUPLICATE_DESIGNATION,ligne ignorée car une première occurrence a déjà été retenue pour cette désignation
SUPER POPS_MIX FLAVOUR,BALLE,DUPLICATE_DESIGNATION,ligne ignorée car une première occurrence a déjà été retenue pour cette désignation
SUR EAU,CARTON,DUPLICATE_DESIGNATION,ligne ignorée car une première occurrence a déjà été retenue pour cette désignation
Sur eau oasis,CARTON,DUPLICATE_DESIGNATION,ligne ignorée car une première occurrence a déjà été retenue pour cette désignation
SURE EAU,CARTON,DUPLICATE_DESIGNATION,ligne ignorée car une première occurrence a déjà été retenue pour cette désignation
Surprise snack 20sht*25pcs,BALLE,DUPLICATE_DESIGNATION,ligne ignorée car une première occurrence a déjà été retenue pour cette désignation
Sweet africa cube Onion,BOITE,DUPLICATE_DESIGNATION,ligne ignorée car une première occurrence a déjà été retenue pour cette désignation
Sweet africa cube Onion,CARTON,DUPLICATE_DESIGNATION,ligne ignorée car une première occurrence a déjà été retenue pour cette désignation
SWEET BOY,CARTON,DUPLICATE_DESIGNATION,ligne ignorée car une première occurrence a déjà été retenue pour cette désignation
Sweet dreams pop,CARTON,DUPLICATE_DESIGNATION,ligne ignorée car une première occurrence a déjà été retenue pour cette désignation
Swr happy nipple candy ( teeth pops bocal ),CARTON,DUPLICATE_DESIGNATION,ligne ignorée car une première occurrence a déjà été retenue pour cette désignation
TALIA,CARTON,DUPLICATE_DESIGNATION,ligne ignorée car une première occurrence a déjà été retenue pour cette désignation
Talia bleu Nuit*60pcs,CARTON,DUPLICATE_DESIGNATION,ligne ignorée car une première occurrence a déjà été retenue pour cette désignation
Talia Violte Nuit coton*60pcs,CARTON,DUPLICATE_DESIGNATION,ligne ignorée car une première occurrence a déjà été retenue pour cette désignation
TAMARIN gm,CRT,DUPLICATE_DESIGNATION,ligne ignorée car une première occurrence a déjà été retenue pour cette désignation
TANGATRIKA 2M,BALLE,DUPLICATE_DESIGNATION,ligne ignorée car une première occurrence a déjà été retenue pour cette désignation
TARZAN SUPER ENCRT,CARTON,DUPLICATE_DESIGNATION,ligne ignorée car une première occurrence a déjà été retenue pour cette désignation
TIARA 10G,BOITE,DUPLICATE_DESIGNATION,ligne ignorée car une première occurrence a déjà été retenue pour cette désignation
Tiara 10g Voa2,CARTON,DUPLICATE_DESIGNATION,ligne ignorée car une première occurrence a déjà été retenue pour cette désignation
TIRBO PM,CARTON,DUPLICATE_DESIGNATION,ligne ignorée car une première occurrence a déjà été retenue pour cette désignation
Tomate boite alda 70g,CARTON,DUPLICATE_DESIGNATION,ligne ignorée car une première occurrence a déjà été retenue pour cette désignation
TOMATE BOITE FASTE,CRT,DUPLICATE_DESIGNATION,ligne ignorée car une première occurrence a déjà été retenue pour cette désignation
TOMATE BOITE GEFCO,CARTON,DUPLICATE_DESIGNATION,ligne ignorée car une première occurrence a déjà été retenue pour cette désignation
Tomate boite Lucie,CARTON,DUPLICATE_DESIGNATION,ligne ignorée car une première occurrence a déjà été retenue pour cette désignation
Tomate boite mama,CARTON,DUPLICATE_DESIGNATION,ligne ignorée car une première occurrence a déjà été retenue pour cette désignation
Tomate bonjour @ boite 70g,CARTON,DUPLICATE_DESIGNATION,ligne ignorée car une première occurrence a déjà été retenue pour cette désignation
Tomate bonjour en sachet 50g,CARTON,DUPLICATE_DESIGNATION,ligne ignorée car une première occurrence a déjà été retenue pour cette désignation
TOMATE BTE FANA,CARTON,DUPLICATE_DESIGNATION,ligne ignorée car une première occurrence a déjà été retenue pour cette désignation
TOMATE DELICIOSO 70GR,CARTON,DUPLICATE_DESIGNATION,ligne ignorée car une première occurrence a déjà été retenue pour cette désignation
TOMATE ELVIA EN SACHET,CARTON,DUPLICATE_DESIGNATION,ligne ignorée car une première occurrence a déjà été retenue pour cette désignation
Tomate europa @ boite 70g,CARTON,DUPLICATE_DESIGNATION,ligne ignorée car une première occurrence a déjà été retenue pour cette désignation
Tomate europa @ sachet 50g,CARTON,DUPLICATE_DESIGNATION,ligne ignorée car une première occurrence a déjà été retenue pour cette désignation
Tomate Evita en sachet *50g,CARTON,DUPLICATE_DESIGNATION,ligne ignorée car une première occurrence a déjà été retenue pour cette désignation
Tomate fana en sachet 50g*100pcs,CARTON,DUPLICATE_DESIGNATION,ligne ignorée car une première occurrence a déjà été retenue pour cette désignation
Tomate kenzy en sachet 50g,BOITE,DUPLICATE_DESIGNATION,ligne ignorée car une première occurrence a déjà été retenue pour cette désignation
Tomate kenzy en sachet 50g,CARTON,DUPLICATE_DESIGNATION,ligne ignorée car une première occurrence a déjà été retenue pour cette désignation
Tongue painter kiddo,CARTON,DUPLICATE_DESIGNATION,ligne ignorée car une première occurrence a déjà été retenue pour cette désignation
Tongue painter monstre pop kiddies,CARTON,DUPLICATE_DESIGNATION,ligne ignorée car une première occurrence a déjà été retenue pour cette désignation
Top cafe *22g*120pcs,CARTON,DUPLICATE_DESIGNATION,ligne ignorée car une première occurrence a déjà été retenue pour cette désignation
Top cafe cappuccino 25g,PAQUET,DUPLICATE_DESIGNATION,ligne ignorée car une première occurrence a déjà été retenue pour cette désignation
Top cafe cappuccino 25g,CARTON,DUPLICATE_DESIGNATION,ligne ignorée car une première occurrence a déjà été retenue pour cette désignation
Top cafe palm sugar 25g,PAQUET,DUPLICATE_DESIGNATION,ligne ignorée car une première occurrence a déjà été retenue pour cette désignation
Top cafe palm sugar 25g,CARTON,DUPLICATE_DESIGNATION,ligne ignorée car une première occurrence a déjà été retenue pour cette désignation
Top caffe Avocado 22g,PAQUET,DUPLICATE_DESIGNATION,ligne ignorée car une première occurrence a déjà été retenue pour cette désignation
Top caffe Avocado 22g,CARTON,DUPLICATE_DESIGNATION,ligne ignorée car une première occurrence a déjà été retenue pour cette désignation
Top caffe mokachinno 22g,CARTON,DUPLICATE_DESIGNATION,ligne ignorée car une première occurrence a déjà été retenue pour cette désignation
Top pop,BALLE,DUPLICATE_DESIGNATION,ligne ignorée car une première occurrence a déjà été retenue pour cette désignation
TOTOKENA MAMASOA,SACHET,DUPLICATE_DESIGNATION,ligne ignorée car une première occurrence a déjà été retenue pour cette désignation
TOTOKENA MAMASOA,SAC,DUPLICATE_DESIGNATION,ligne ignorée car une première occurrence a déjà été retenue pour cette désignation
Traffic light fudge gummy 12g,CARTON,DUPLICATE_DESIGNATION,ligne ignorée car une première occurrence a déjà été retenue pour cette désignation
TRIPLE  ACTION GM,PAQUET,DUPLICATE_DESIGNATION,ligne ignorée car une première occurrence a déjà été retenue pour cette désignation
Triple action aloe vera 100ml,CARTON,DUPLICATE_DESIGNATION,ligne ignorée car une première occurrence a déjà été retenue pour cette désignation
TUC CLASSIC 65*24,CARTON,DUPLICATE_DESIGNATION,ligne ignorée car une première occurrence a déjà été retenue pour cette désignation
TUC MINI 30G 30,CARTON,DUPLICATE_DESIGNATION,ligne ignorée car une première occurrence a déjà été retenue pour cette désignation
TUC POCKET 32G,BOITE,DUPLICATE_DESIGNATION,ligne ignorée car une première occurrence a déjà été retenue pour cette désignation
Turbo choco gm,CARTON,DUPLICATE_DESIGNATION,ligne ignorée car une première occurrence a déjà été retenue pour cette désignation
Turbo choco pm,CARTON,DUPLICATE_DESIGNATION,ligne ignorée car une première occurrence a déjà été retenue pour cette désignation
Turbo fraise gm,CARTON,DUPLICATE_DESIGNATION,ligne ignorée car une première occurrence a déjà été retenue pour cette désignation
Turbo fraise pm,CARTON,DUPLICATE_DESIGNATION,ligne ignorée car une première occurrence a déjà été retenue pour cette désignation
Vao coco,CARTON,DUPLICATE_DESIGNATION,ligne ignorée car une première occurrence a déjà été retenue pour cette désignation
Vao savon anatiseptique t.a ravintsara,CARTON,DUPLICATE_DESIGNATION,ligne ignorée car une première occurrence a déjà été retenue pour cette désignation
Vao savon antiseptique au charbon active,CARTON,DUPLICATE_DESIGNATION,ligne ignorée car une première occurrence a déjà été retenue pour cette désignation
Vao shampooing papaye,CARTON,DUPLICATE_DESIGNATION,ligne ignorée car une première occurrence a déjà été retenue pour cette désignation
Vao translucide sdoi u1*36mx*80g,CARTON,DUPLICATE_DESIGNATION,ligne ignorée car une première occurrence a déjà été retenue pour cette désignation
Vary gasy andapa 50kg,SAC,DUPLICATE_DESIGNATION,ligne ignorée car une première occurrence a déjà été retenue pour cette désignation
Vehicule lollipop 15g,CARTON,DUPLICATE_DESIGNATION,ligne ignorée car une première occurrence a déjà été retenue pour cette désignation
Verre à jetter champion,CARTON,DUPLICATE_DESIGNATION,ligne ignorée car une première occurrence a déjà été retenue pour cette désignation
Verre a jetter tranquil transparent,CARTON,DUPLICATE_DESIGNATION,ligne ignorée car une première occurrence a déjà été retenue pour cette désignation
Verre a jetter tranquil white,CARTON,DUPLICATE_DESIGNATION,ligne ignorée car une première occurrence a déjà été retenue pour cette désignation
Verre à jetter voila,CARTON,DUPLICATE_DESIGNATION,ligne ignorée car une première occurrence a déjà été retenue pour cette désignation
Verre decorrted glrss,CARTON,DUPLICATE_DESIGNATION,ligne ignorée car une première occurrence a déjà été retenue pour cette désignation
VETSIN,BALLE,DUPLICATE_DESIGNATION,ligne ignorée car une première occurrence a déjà été retenue pour cette désignation
VETSIN 250G,CARTON,DUPLICATE_DESIGNATION,ligne ignorée car une première occurrence a déjà été retenue pour cette désignation
Vetsin 50g,CARTON,DUPLICATE_DESIGNATION,ligne ignorée car une première occurrence a déjà été retenue pour cette désignation
Vetsin vita 3g*40pcs,CARTON,DUPLICATE_DESIGNATION,ligne ignorée car une première occurrence a déjà été retenue pour cette désignation
Vinaigre @ Sachet MENA,CARTON,DUPLICATE_DESIGNATION,ligne ignorée car une première occurrence a déjà été retenue pour cette désignation
Vinaigre Taf Mena 1L En pcs,PIECE,DUPLICATE_DESIGNATION,ligne ignorée car une première occurrence a déjà été retenue pour cette désignation
Vitalait 1Kg,CARTON,DUPLICATE_DESIGNATION,ligne ignorée car une première occurrence a déjà été retenue pour cette désignation
Vitalait 250g,CARTON,DUPLICATE_DESIGNATION,ligne ignorée car une première occurrence a déjà été retenue pour cette désignation
Vitalait 500gr,CARTON,DUPLICATE_DESIGNATION,ligne ignorée car une première occurrence a déjà été retenue pour cette désignation
Vnl azedinha toffee mastigavel,CARTON,DUPLICATE_DESIGNATION,ligne ignorée car une première occurrence a déjà été retenue pour cette désignation
Vnl deluxe toffee 100pcs*20bag,CARTON,DUPLICATE_DESIGNATION,ligne ignorée car une première occurrence a déjà été retenue pour cette désignation
Vnl froyo preto black to red 24pcs*16,CARTON,DUPLICATE_DESIGNATION,ligne ignorée car une première occurrence a déjà été retenue pour cette désignation
Vnl milk lollipop bocal,CARTON,DUPLICATE_DESIGNATION,ligne ignorée car une première occurrence a déjà été retenue pour cette désignation
Vnl stawberry lollipop boom splash,CARTON,DUPLICATE_DESIGNATION,ligne ignorée car une première occurrence a déjà été retenue pour cette désignation
Vnl strawberry lollipop boom splash,CARTON,DUPLICATE_DESIGNATION,ligne ignorée car une première occurrence a déjà été retenue pour cette désignation
Vovo-tsavony so klin 1kg,CARTON,DUPLICATE_DESIGNATION,ligne ignorée car une première occurrence a déjà été retenue pour cette désignation
Vovon-tsavony iriko 25g,SAC,DUPLICATE_DESIGNATION,ligne ignorée car une première occurrence a déjà été retenue pour cette désignation
WAFERZ,CARTON,DUPLICATE_DESIGNATION,ligne ignorée car une première occurrence a déjà été retenue pour cette désignation
YARICO PM,CARTON,DUPLICATE_DESIGNATION,ligne ignorée car une première occurrence a déjà été retenue pour cette désignation
Yes juice apple  1L,CARTON,DUPLICATE_DESIGNATION,ligne ignorée car une première occurrence a déjà été retenue pour cette désignation
Yes juice cocktail 200ml,CARTON,DUPLICATE_DESIGNATION,ligne ignorée car une première occurrence a déjà été retenue pour cette désignation
Yes juice orange 200ml,CARTON,DUPLICATE_DESIGNATION,ligne ignorée car une première occurrence a déjà été retenue pour cette désignation
Yes juice pineapple 1L,CARTON,DUPLICATE_DESIGNATION,ligne ignorée car une première occurrence a déjà été retenue pour cette désignation
Yes juice raisin rouge 1L,CARTON,DUPLICATE_DESIGNATION,ligne ignorée car une première occurrence a déjà été retenue pour cette désignation
Yogurt pop kiddo,CARTON,DUPLICATE_DESIGNATION,ligne ignorée car une première occurrence a déjà été retenue pour cette désignation
YOGURT SUCETTE,CRT,DUPLICATE_DESIGNATION,ligne ignorée car une première occurrence a déjà été retenue pour cette désignation
YOGURT SUCETTE GM,CRT,DUPLICATE_DESIGNATION,ligne ignorée car une première occurrence a déjà été retenue pour cette désignation
Yum yum lollipop 20*50pcs,CARTON,DUPLICATE_DESIGNATION,ligne ignorée car une première occurrence a déjà été retenue pour cette désignation
Z bonbon fruit sachet,CARTON,DUPLICATE_DESIGNATION,ligne ignorée car une première occurrence a déjà été retenue pour cette désignation
Zakuro,CARTON,DUPLICATE_DESIGNATION,ligne ignorée car une première occurrence a déjà été retenue pour cette désignation
ZINQ BARRE,CARTON,DUPLICATE_DESIGNATION,ligne ignorée car une première occurrence a déjà été retenue pour cette désignation
ZINQ MORCEAU,CARTON,DUPLICATE_DESIGNATION,ligne ignorée car une première occurrence a déjà été retenue pour cette désignation
ZINQ PRO,CARTON,DUPLICATE_DESIGNATION,ligne ignorée car une première occurrence a déjà été retenue pour cette désignation
Bougie golden (gm),PACQUET,MISSING_UNIT,unité non trouvée pour cet article
CHEESE BALLS,PIECE,MISSING_UNIT,unité non trouvée pour cet article
Saf instant 500g,PIECE,MISSING_UNIT,unité non trouvée pour cet article
