CODE;DESIGNATION;UNITE;QUANTITE;POIDS;CATEGORIE
15100177301; Bebem pants culotte maxi 4x32 n°4 ;PACQUET;1 PACQUET;1 Kg;COUCHE
15100177302; Bebem pants culotte maxi 4x32 n°4 ;BALLE;4 PACQUET;1 Kg;COUCHE
13600227001; Biscuit rockers spark hitrick ;BOCAL;1 BOCAL;1 Kg;BISCUIT 
13600227002; Biscuit rockers spark hitrick ;CARTON;16 BOCAL;1 Kg;BISCUIT 
13800155201; Bonbon Caffee;SACHET ;1 SACHET ;1 Kg;BONBON
13800155202; Bonbon Caffee;CARTON;24 SACHET ;1 Kg;BONBON
13800158001; Bonbon star POP;SACHET;1 SACHET;1 Kg;BONBON
13800158002; Bonbon star POP;CARTON ;12 SACHET;1 Kg;BONBON
13800269001; Bonbon vintage truff choco 1kg;SACHET;1 SACHET;1 Kg;BONBON
13800269002; Bonbon vintage truff choco 1kg;CARTON;12 SACHET;1 Kg;BONBON
15600217801; Pointe 90X20 de 20kg;BOITE;1 BOITE;5 Kg;DIVERS
15600217802; Pointe 90X20 de 20kg;CARTON ;4 BOITE;20 Kg;DIVERS
13800196601; Sundea choco ice cream;BOITE;1 BOITE;1 Kg;BONBON
13800196602; Sundea choco ice cream;CARTON;20 BOITE;1 Kg;BONBON
13800149801; Tongue paint assorti 5g;SACHET;1 SACHET;1 Kg;BONBON
13800149802; Tongue paint assorti 5g;CARTON;20 SACHET;1 Kg;BONBON
13800188501; Tongue_dance (100pcs);BOITE;1 BOITE;1 Kg;BONBON
13800147601; Z bonbon fruit bocal;BOCAL;1 BOCAL;1 Kg;BONBON
15600148301; Z bonbon fruit SACHET en piece;PIECE;1 PIECE;1 Kg;DIVERS
13600093101;4X4 BOKOTRA;SHT;1 SHT;1 Kg;BISCUIT 
13600273101;4x4 happy choco;SACHET;1 SACHET;1 Kg;BISCUIT 
13600273102;4x4 happy choco;CARTON;15 SACHET;1 Kg;BISCUIT 
13600140301;4x4 Happy Top pm;SACHET;1 SACHET;1 Kg;BISCUIT 
13600140302;4x4 Happy Top pm;CARTON;14 SACHET;1 Kg;BISCUIT 
13600273201;4x4 happy vanille;SACHET;1 SACHET;1 Kg;BISCUIT 
13600273202;4x4 happy vanille;CARTON;15 SACHET;1 Kg;BISCUIT 
13600239201;4x4 up beurre;SACHET;1 SACHET;1 Kg;BISCUIT 
13600239202;4x4 up beurre;CARTON;17 SACHET;1 Kg;BISCUIT 
13600239801;4x4 up fraise;SACHET;1 SACHET;1 Kg;BISCUIT 
13600239802;4x4 up fraise;CARTON;17 SACHET;1 Kg;BISCUIT 
302;ACIDE LAVA;PIECE;1 PIECE;0 Kg;DIVERS
301;ACIDE LAVA;CARTON;6 PIECE;0 Kg;DIVERS
781;ACIDEL BOTA;PIECE;1 PIECE;0 Kg;DIVERS
780;ACIDEL BOTA;CARTON;12 PIECE;0 Kg;DIVERS
18000167401;Aerosol jumbo xt  fl 680ml;PIECE;1 PIECE;1 Kg;MOSQUITO
18000167402;Aerosol jumbo xt  fl 680ml;CARTON;24 PIECE;1 Kg;MOSQUITO
18000167501;Aerosol jumbo xt fl 300ml;PIECE;1 PIECE;1 Kg;MOSQUITO
18000167502;Aerosol jumbo xt fl 300ml;CARTON;24 PIECE;1 Kg;MOSQUITO
15600203801;africa chef beef cube 108g;PIECE;1 PIECE;1 Kg;DIVERS
15600203802;africa chef beef cube 108g;BOITE;41 PIECE;1 Kg;DIVERS
15600203803;africa chef beef cube 108g;CARTON;2 BOITE;1 Kg;DIVERS
15600203301;Africa chef chicken cube 108g ;PIECE;1 PIECE;1 Kg;DIVERS
15600203302;Africa chef chicken cube 108g ;BOITE;40 PIECE;1 Kg;DIVERS
15600203303;Africa chef chicken cube 108g ;CARTON;2 BOITE;1 Kg;DIVERS
15600268201;Agharbatti seven worder fruits;PIECE;1 PIECE;1 Kg;DIVERS
15600268202;Agharbatti seven worder fruits;BOITE;12 PIECE;1 Kg;DIVERS
21300092901;AIGLE D OR PT 35 A 41;PAIRE;1 PAIRE;1 Kg;AIGLE
15600267101;Allumette italia;PAQUET;1 PAQUET;1 Kg;DIVERS
15600267102;Allumette italia;CARTON;10 PAQUET;1 Kg;DIVERS
232;Allumettes yes safety;BOITE;1 BOITE;0 Kg;ALLUMETTE
231;Allumettes yes safety;PAQUET;10 BOITE;0 Kg;ALLUMETTE
13100014303;Allumettes yes safety;CARTON;10 PAQUET;1 Kg;ALLUMETTE
15600221101;Ampoule clear bulb 100w;PIECE;1 PIECE;1 Kg;DIVERS
15600221102;Ampoule clear bulb 100w;PAQUET;10 PIECE;1 Kg;DIVERS
15600220801;Ampoule clear bulb 40w;PIECE;1 PIECE;1 Kg;DIVERS
15600220802;Ampoule clear bulb 40w;PAQUET ;10 PIECE;1 Kg;DIVERS
15600220901;Ampoule clear bulb 60w;PIECE;1 PIECE;1 Kg;DIVERS
15600220902;Ampoule clear bulb 60w;PAQUET;10 PIECE;1 Kg;DIVERS
15600221001;Ampoule clear bulb 75w;PIECE;1 PIECE;1 Kg;DIVERS
15600221002;Ampoule clear bulb 75w;PAQUET;10 PIECE;1 Kg;DIVERS
19200234701;Andapa 34kg;SAC;1 SAC;1 Kg;RIZ
262;ANGADY GM;PIECE;1 PIECE;0 Kg;DIVERS
261;ANGADY PM;PIECE;1 PIECE;0 Kg;DIVERS
15600265201;Angola bleu gm;PIECE;1 PIECE;1 Kg;DIVERS
15600265202;Angola bleu gm;PAQUET;6 PIECE;1 Kg;DIVERS
15600265203;Angola bleu gm;CARTON;12 PAQUET;1 Kg;DIVERS
19900272601;Arrow mosquito coils vert bamboo;PAQUET;1 PAQUET;1 Kg;SAVONNETTE
19900272602;Arrow mosquito coils vert bamboo;CARTON;60 PAQUET;1 Kg;SAVONNETTE
15600205401;Assiette à jette Raha ;PACQUET ;1 PACQUET ;1 Kg;DIVERS
15600205402;Assiette à jette Raha ;CARTON;20 PACQUET ;1 Kg;DIVERS
13800225601;Assorted lollipop Royale  ;SACHET;1 SACHET;1 Kg;BONBON
13800225602;Assorted lollipop Royale  ;CARTON ;20 SACHET;1 Kg;BONBON
15100145001;BABY SEA CONFORT 5X32 N°4;PAQUET;1 PAQUET;1 Kg;COUCHE
15100145002;BABY SEA CONFORT 5X32 N°4;BALLE;5 PAQUET;1 Kg;COUCHE
15100164201;BABY SEA CONFORT 5X36 N°3;PACQUET;1 PACQUET;1 Kg;COUCHE
15100164202;BABY SEA CONFORT 5X36 N°3;BALLE;5 PACQUET;1 Kg;COUCHE
15100237801;Baby sea confort 5x36 n°3 en sachet;PIECE;1 PIECE;1 Kg;COUCHE
15100237802;Baby sea confort 5x36 n°3 en sachet;PAQUET;36 PIECE;1 Kg;COUCHE
13800265001;Ball bubble gum mix fruit 3.8g;BOCAL;1 BOCAL;1 Kg;BONBON
13800265002;Ball bubble gum mix fruit 3.8g;CARTON;12 BOCAL;1 Kg;BONBON
16900116301;BAOBA CITRON 50CL;BOUTEILLE;1 BOUTEILLE;1 Kg;JUS
16900116401;BAOBA FRAISE 50CL;BOUTEILLE;1 BOUTEILLE;1 Kg;JUS
16900116501;BAOBA GRENADINE 50CL;BOUTEILLE;1 BOUTEILLE;1 Kg;JUS
16900116601;BAOBA MENTHE 50CL;BOUTEILLE;1 BOUTEILLE;1 Kg;JUS
16900116701;BAOBA ORANGE MANDARINE 50CL;BOUTEILLE;1 BOUTEILLE;1 Kg;JUS
15600118301;BAUME KATRAFAY;PAQUET;1 PAQUET;1 Kg;DIVERS
15600185001;Baume ravintsara;PAQUET;1 PAQUET;1 Kg;DIVERS
15600185002;Baume ravintsara;BALLE;10 PAQUET;1 Kg;DIVERS
15600187901;Baume ravintsara En pcs;PIECE;1 PIECE;1 Kg;DIVERS
13700160401;Bba 1.5L en pieces;PIECE;1 PIECE;1 Kg;BOISSON
15100088201;BEBEM PANTS TWIN JUNIOR 4X28 N°5;PIECES;1 PIECES;1 Kg;COUCHE
15100088202;BEBEM PANTS TWIN JUNIOR 4X28 N°5;BALLE;4 PIECES;1 Kg;COUCHE
17800131501;Bella vita Fusilli En Kapoaka;KAPOAKA;1 KAPOAKA;1 Kg;MACARONI
17800131401;Bella vita Spirales En Kapoaka;KAPOAKA;1 KAPOAKA;1 Kg;MACARONI
139;BENNY;PAQUET;1 PAQUET;0 Kg;DIVERS
138;BENNY;CARTON;8 PAQUET;1 Kg;DIVERS
15600187701;BENNY en pcs;PIECE;1 PIECE;1 Kg;DIVERS
15600236601;Bhoot unkle;PIECE;1 PIECE;1 Kg;DIVERS
15600236602;Bhoot unkle;SACHET;30 PIECE;1 Kg;DIVERS
15600236603;Bhoot unkle;CARTON;18 SACHET;1 Kg;DIVERS
13600269201;Bicuit milay be choco-fromages 24pcs;SACHET;1 SACHET;1 Kg;BISCUIT 
13600201801;Big boy wafer biscuit 40 pcs;BOCAL;1 BOCAL;1 Kg;BISCUIT 
13600201802;Big boy wafer biscuit 40 pcs;CARTON;40 BOCAL;1 Kg;BISCUIT 
13800230701;BIG TOFFEE ASSORTED;BOCAL;1 BOCAL;1 Kg;BONBON
13800230702;BIG TOFFEE ASSORTED;CARTON;12 BOCAL;1 Kg;BONBON
13800258701;Big toffee chocolate kemlo 200p*8bts;BOCAL;1 BOCAL;1 Kg;BONBON
13800258702;Big toffee chocolate kemlo 200p*8bts;CARTON;8 BOCAL;1 Kg;BONBON
13800227201;Big toffee happy birthblash;BOCAL;1 BOCAL;1 Kg;BONBON
13800227202;Big toffee happy birthblash;CARTON;12 BOCAL;1 Kg;BONBON
13800259301;Big toffee strawberry kemlo 200p*8bte;BOCAL;1 BOCAL;1 Kg;BONBON
13800259302;Big toffee strawberry kemlo 200p*8bte;CARTON;8 BOCAL;1 Kg;BONBON
13800271001;bigg pop gum carre en bocal*100pcs;BOCAL;1 BOCAL;1 Kg;BONBON
13800271002;bigg pop gum carre en bocal*100pcs;CARTON;12 BOCAL;1 Kg;BONBON
111;BIGTOX;PIECE;1 PIECE;0 Kg;MOSQUITO
110;BIGTOX;CARTON;60 PIECE;0 Kg;MOSQUITO
13600152501;Bis marie *18;SACHET;1 SACHET;1 Kg;BISCUIT 
13600152502;Bis marie *18;CARTON ;18 SACHET;1 Kg;BISCUIT 
13600237001;Bis'nice 2 biscuits;SACHET;1 SACHET;1 Kg;BISCUIT 
13600237002;Bis'nice 2 biscuits;CARTON;28 SACHET;1 Kg;BISCUIT 
13600236801;Bis'nice 9 biscuits;SACHET;1 SACHET;1 Kg;BISCUIT 
13600236802;Bis'nice 9 biscuits;CARTON;14 SACHET;1 Kg;BISCUIT 
13600235801;Biscuit  cremelo cremica ass 70g;SACHET;1 SACHET;1 Kg;BISCUIT 
13600235802;Biscuit  cremelo cremica ass 70g;CARTON;12 SACHET;1 Kg;BISCUIT 
13600137401;Biscuit  kit choco pm;SACHET;1 SACHET;1 Kg;BISCUIT 
13600137402;Biscuit  kit choco pm;CARTON;15 SACHET;1 Kg;BISCUIT 
13600124601;Biscuit  major;PIECE;1 PIECE;1 Kg;BISCUIT 
13600124602;Biscuit  major;CARTON;20 PIECE;1 Kg;BISCUIT 
80;Biscuit  Miam pm;SACHET;1 SACHET;0 Kg;BISCUIT 
79;Biscuit  Miam pm;CARTON;15 SACHET;0 Kg;BISCUIT 
13600190901;Biscuit 18 Delice ;SACHET;1 SACHET;1 Kg;BISCUIT 
13600190902;Biscuit 18 Delice ;CARTON;6 SACHET;1 Kg;BISCUIT 
92;Biscuit 18 petit beurre ;SACHET;1 SACHET;0 Kg;BISCUIT 
91;Biscuit 18 petit beurre ;CARTON;4 SACHET;0 Kg;BISCUIT 
13600175701;Biscuit 18 petit lait;SACHET;1 SACHET;1 Kg;BISCUIT 
13600175702;Biscuit 18 petit lait;CARTON;4 SACHET;1 Kg;BISCUIT 
13600114101;BISCUIT 4X4 50;SACHET;1 SACHET;1 Kg;BISCUIT 
13600114102;BISCUIT 4X4 50;CARTON;20 SACHET;1 Kg;BISCUIT 
13600092301;BISCUIT 4X4 BE VAO2;PIECES;1 PIECES;1 Kg;BISCUIT 
13600092302;BISCUIT 4X4 BE VAO2;CARTON;18 PIECES;1 Kg;BISCUIT 
1010;BISCUIT 4X4 CHOCO BE;SACHET;1 SACHET;1 Kg;BISCUIT 
1009;BISCUIT 4X4 CHOCO BE;CARTON;27 SACHET;1 Kg;BISCUIT 
13600236301;Biscuit 4x4 choco miam;SACHET;1 SACHET;1 Kg;BISCUIT 
13600236302;Biscuit 4x4 choco miam;CARTON;24 SACHET;1 Kg;BISCUIT 
13600120901;BISCUIT 4X4 GLUCOSE BE;SACHET;1 SACHET;1 Kg;BISCUIT 
13600120902;BISCUIT 4X4 GLUCOSE BE;CARTON;24 SACHET;1 Kg;BISCUIT 
13600092201;BISCUIT 4X4 GO;SHT;1 SHT;1 Kg;BISCUIT 
13600092202;BISCUIT 4X4 GO;CARTON;18 SHT;1 Kg;BISCUIT 
13600236501;Biscuit 4x4 krem banane;SACHET;1 SACHET;1 Kg;BISCUIT 
13600236502;Biscuit 4x4 krem banane;CARTON;24 SACHET;1 Kg;BISCUIT 
13600250801;Biscuit 4x4 krem citron;SACHET;1 SACHET;1 Kg;BISCUIT 
13600250802;Biscuit 4x4 krem citron;CARTON;24 SACHET;1 Kg;BISCUIT 
13600114801;Biscuit 6 delice;SACHET;1 SACHET;1 Kg;BISCUIT 
13600114802;Biscuit 6 delice;CARTON;16 SACHET;1 Kg;BISCUIT 
13600097901;BISCUIT 6 PETIT BEURRE;SHT;1 SHT;1 Kg;BISCUIT 
13600097902;BISCUIT 6 PETIT BEURRE;CARTON;12 SHT;1 Kg;BISCUIT 
13600204501;Biscuit bledor club cremica;PAQUET;1 PAQUET;1 Kg;BISCUIT 
13600204502;Biscuit bledor club cremica;CARTON;24 PAQUET;1 Kg;BISCUIT 
13600242501;Biscuit bledor En piece;PIECE;1 PIECE;1 Kg;BISCUIT 
13600235701;Biscuit bourbon cremica 20g;SACHET;1 SACHET;1 Kg;BISCUIT 
13600235702;Biscuit bourbon cremica 20g;CARTON;10 SACHET;1 Kg;BISCUIT 
13600221201;Biscuit choco bico 65g;SACHET ;1 SACHET ;1 Kg;BISCUIT 
13600221202;Biscuit choco bico 65g;CARTON;6 SACHET ;1 Kg;BISCUIT 
13600222001;Biscuit choco bico en pcs;PIECE;1 PIECE;1 Kg;BISCUIT 
13600254901;Biscuit choco champ;BOITE;1 BOITE;1 Kg;BISCUIT 
13600254902;Biscuit choco champ;CARTON;24 BOITE;1 Kg;BISCUIT 
13600230001;Biscuit choco gof 12pcs*20;SACHET;1 SACHET;1 Kg;BISCUIT 
13600230002;Biscuit choco gof 12pcs*20;CARTON;20 SACHET;1 Kg;BISCUIT 
13600265101;Biscuit chunk munk;PAQUET;1 PAQUET;1 Kg;BISCUIT 
13600265102;Biscuit chunk munk;CARTON;12 PAQUET;1 Kg;BISCUIT 
16700191201;Biscuit coconut gm;PACQUET;1 PACQUET;1 Kg;HUILE HYGIENIQUE
16700191202;Biscuit coconut gm;CARTON;8 PACQUET;1 Kg;HUILE HYGIENIQUE
13600138001;Biscuit coconut pm;SACHET;1 SACHET;1 Kg;BISCUIT 
13600138002;Biscuit coconut pm;CARTON;8 SACHET;1 Kg;BISCUIT 
13600214901;Biscuit cream cheers;SACHET;1 SACHET;1 Kg;BISCUIT 
13600214902;Biscuit cream cheers;CARTON;10 SACHET;1 Kg;BISCUIT 
13600137201;Biscuit Cream duex ;SACHET;1 SACHET;1 Kg;BISCUIT 
13600137202;Biscuit Cream duex ;CARTON;15 SACHET;1 Kg;BISCUIT 
13600213001;Biscuit cream fresh jai kada;SACHET;1 SACHET;1 Kg;BISCUIT 
13600213002;Biscuit cream fresh jai kada;CARTON;10 SACHET;1 Kg;BISCUIT 
13600213101;Biscuit cream lata;SACHET;1 SACHET;1 Kg;BISCUIT 
13600213102;Biscuit cream lata;CARTON;5 SACHET;1 Kg;BISCUIT 
13600197701;Biscuit creamy Voila;PIECE;1 PIECE;1 Kg;BISCUIT 
13600197702;Biscuit creamy Voila;CARTON;48 PIECE;1 Kg;BISCUIT 
13600204401;Biscuit creme veto 82g;PIECE;1 PIECE;1 Kg;BISCUIT 
13600204402;Biscuit creme veto 82g;CARON;24 PIECE;1 Kg;BISCUIT 
13600229801;Biscuit cremo.24pcs;PIECE;1 PIECE;1 Kg;BISCUIT 
13600229802;Biscuit cremo.24pcs;CARTON;24 PIECE;1 Kg;BISCUIT 
13600220201;Biscuit crunch coated wafer;BOITE;1 BOITE;1 Kg;BISCUIT 
13600184901;Biscuit crunchy wafer 75g;PIECE;1 PIECE;1 Kg;BISCUIT 
13600184902;Biscuit crunchy wafer 75g;CARTON ;24 PIECE;1 Kg;BISCUIT 
13600120301;BISCUIT FAMILY VANILLE;SACHET;1 SACHET;1 Kg;BISCUIT 
13600120302;BISCUIT FAMILY VANILLE;CARTON;18 SACHET;1 Kg;BISCUIT 
13600117501;BISCUIT FARILAC;SACHET;1 SACHET;1 Kg;BISCUIT 
13600117502;BISCUIT FARILAC;CARTON;6 SACHET;1 Kg;BISCUIT 
712;BISCUIT FREGO GM ;SACHET;1 SACHET;0 Kg;BISCUIT 
656;BISCUIT FREGO GM ;CARTON;7 SACHET;0 Kg;BISCUIT 
1108;Biscuit frego pocket ass (pm);SACHET;1 SACHET;0 Kg;DIVERS
1107;Biscuit frego pocket ass (pm);CARTON;23 SACHET;0 Kg;DIVERS
13600113201;BISCUIT GALETI;SASHET;1 SASHET;1 Kg;BISCUIT 
13600113202;BISCUIT GALETI;CARTON;18 SASHET;1 Kg;BISCUIT 
13600224101;Biscuit ginger;SACHET;1 SACHET;1 Kg;BISCUIT 
13600224102;Biscuit ginger;CARTON;15 SACHET;1 Kg;BISCUIT 
13600201001;Biscuit glucose pm cream anita ;SACHET;1 SACHET;1 Kg;BISCUIT 
13600201002;Biscuit glucose pm cream anita ;CARTON ;10 SACHET;1 Kg;BISCUIT 
13600137601;Biscuit glucose Zaza botra;SACHET;1 SACHET;1 Kg;BISCUIT 
13600137602;Biscuit glucose Zaza botra;CARTON;10 SACHET;1 Kg;BISCUIT 
13600229601;Biscuit hero;SACHET;1 SACHET;1 Kg;BISCUIT 
13600229602;Biscuit hero;CARTON;25 SACHET;1 Kg;BISCUIT 
14700245501;Biscuit kamco leibniz 100p*24;BOITE;1 BOITE;1 Kg;CHOCOLAT
14700245502;Biscuit kamco leibniz 100p*24;CARTON;24 BOITE;1 Kg;CHOCOLAT
13600182801;Biscuit kit coco gm;SACHET;1 SACHET;1 Kg;BISCUIT 
13600182802;Biscuit kit coco gm;CARTON;10 SACHET;1 Kg;BISCUIT 
13600137501;Biscuit kit coco pm;SACHET;1 SACHET;1 Kg;BISCUIT 
13600137502;Biscuit kit coco pm;CARTON;15 SACHET;1 Kg;BISCUIT 
13600167601;Biscuit Kreamy 'n krunch;SACHET;1 SACHET;1 Kg;BISCUIT 
13600167602;Biscuit Kreamy 'n krunch;CARTON;6 SACHET;1 Kg;BISCUIT 
880;BISCUIT KREMY;SACHET;1 SACHET;0 Kg;BISCUIT 
879;BISCUIT KREMY;CARTON;15 SACHET;0 Kg;BISCUIT 
13600186501;Biscuit lexus crackers;BOITE;1 BOITE;1 Kg;BISCUIT 
13600188001;Biscuit lexus crackers En Pcs;PIECE;1 PIECE;1 Kg;BISCUIT 
13600137301;Biscuit mahabibo;SACHET;1 SACHET;1 Kg;BISCUIT 
13600137302;Biscuit mahabibo;CARTON;14 SACHET;1 Kg;BISCUIT 
13600203201;Biscuit malt'n milt energy ;SACHET;1 SACHET;1 Kg;BISCUIT 
13600203202;Biscuit malt'n milt energy ;CARTON;10 SACHET;1 Kg;BISCUIT 
13600216001;Biscuit maria mamma mia;SACHET ;1 SACHET ;1 Kg;BISCUIT 
13600216002;Biscuit maria mamma mia;CARTON;12 SACHET ;1 Kg;BISCUIT 
13600117301;BISCUIT MARIE BE;SACHET;1 SACHET;1 Kg;BISCUIT 
13600117302;BISCUIT MARIE BE;CARTON;10 SACHET;1 Kg;BISCUIT 
13600172201;Biscuit marie be en pcs;PIECE;1 PIECE;1 Kg;BISCUIT 
13600221301;Biscuit marie classic 9.5g;SACHET ;1 SACHET ;1 Kg;BISCUIT 
13600221302;Biscuit marie classic 9.5g;CARTON;20 SACHET ;1 Kg;BISCUIT 
13600143101;Biscuit marie pm;SACHET;1 SACHET;1 Kg;BISCUIT 
13600143102;Biscuit marie pm;CARTON;10 SACHET;1 Kg;BISCUIT 
13600204701;Biscuit mini cream cookies;SACHET;1 SACHET;1 Kg;BISCUIT 
13600204702;Biscuit mini cream cookies;CARTON;10 SACHET;1 Kg;BISCUIT 
13600137801;Biscuit nice bleu gm;SACHET;1 SACHET;1 Kg;BISCUIT 
13600137802;Biscuit nice bleu gm;CARTON;10 SACHET;1 Kg;BISCUIT 
15600222501;Biscuit nice bleu gm en pcs;PIECE;1 PIECE;1 Kg;DIVERS
13600137901;Biscuit nice bleu pm;SACHET;1 SACHET;1 Kg;BISCUIT 
13600137902;Biscuit nice bleu pm;CARTON;10 SACHET;1 Kg;BISCUIT 
13600270201;Biscuit noor's wafer ass 7g;BOITE;1 BOITE;1 Kg;BISCUIT 
13600272701;Biscuit rama creamz mix 48pcs;PIECE;1 PIECE;1 Kg;BISCUIT 
13600272702;Biscuit rama creamz mix 48pcs;CARTON;48 PIECE;1 Kg;BISCUIT 
13600189101;Biscuit ronaldo;PIECE;1 PIECE;1 Kg;BISCUIT 
13600189102;Biscuit ronaldo;CARTON;24 PIECE;1 Kg;BISCUIT 
13600102501;BISCUIT SAIDA WAFER;PIECE;1 PIECE;1 Kg;BISCUIT 
13600102502;BISCUIT SAIDA WAFER;CARTON;28 PIECE;1 Kg;BISCUIT 
1002;Biscuit salto  6 pm;SACHET;1 SACHET;0 Kg;BISCUIT 
1001;Biscuit salto  6 pm;CARTON;18 SACHET;0 Kg;BISCUIT 
13600103301;Biscuit salto 15(gm );SHT;1 SHT;1 Kg;BISCUIT 
13600103302;Biscuit salto 15(gm );CRT;7 SHT;1 Kg;BISCUIT 
13800203501;Biscuit smily creamz;PAQUET;1 PAQUET;1 Kg;BONBON
13800203502;Biscuit smily creamz;CARTON;10 PAQUET;1 Kg;BONBON
13600113301;BISCUIT SUPER COCO VAOVAO;SACHET;1 SACHET;1 Kg;BISCUIT 
13600113302;BISCUIT SUPER COCO VAOVAO;CARTON;41 SACHET;1 Kg;BISCUIT 
13600258501;Biscuit super kreamo mix 48pcs;PIECE;1 PIECE;1 Kg;BISCUIT 
13600258502;Biscuit super kreamo mix 48pcs;CARTON;48 PIECE;1 Kg;BISCUIT 
1114;BISCUIT YUM YUM;PIECE;1 PIECE;0 Kg;DIVERS
1113;BISCUIT YUM YUM;CARTON;24 PIECE;0 Kg;DIVERS
13600245901;Biscuit ziva creams 65g ass;PIECE;1 PIECE;1 Kg;BISCUIT 
13600245902;Biscuit ziva creams 65g ass;CARTON;24 PIECE;1 Kg;BISCUIT 
15600194401;Black hair ;BOITE;1 BOITE;1 Kg;DIVERS
15600194402;Black hair ;CARTON;84 BOITE;1 Kg;DIVERS
15600215601;Black hair en piece;PIECE;1 PIECE;1 Kg;DIVERS
15600253701;Black rose;PIECE;1 PIECE;1 Kg;DIVERS
15600253702;Black rose;BOITE PM;5 PIECE;1 Kg;DIVERS
15600253703;Black rose;BOITE GM;10 BOITE PM;1 Kg;DIVERS
15600148601;Bledilait croissance n°3 400g;BOITE;1 BOITE;1 Kg;DIVERS
17100190401;Bledilait croissance n°3 900g;BOITE;1 BOITE;1 Kg;LAIT CONCENTRE
1142;BLEDILAIT JUNIOR  800 ;BOITE;1 BOITE;0 Kg;DIVERS
15600190501;Bledilait Junoir 800g;BOITE;1 BOITE;1 Kg;DIVERS
391;Bleu dazur (boite);BOITE;1 BOITE;0 Kg;DIVERS
392;Bleu dazur (boite);CARTON;24 BOITE;0 Kg;DIVERS
15600228401;Bobon nyra coconut crunch;BOCAL;1 BOCAL;1 Kg;DIVERS
15600228402;Bobon nyra coconut crunch;CARTON;8 BOCAL;1 Kg;DIVERS
998;BOCAL GM ;PIECE;1 PIECE;0 Kg;DIVERS
13700127601;Boisson  Djino Cola 125 CL;PACQUET;1 PACQUET;1 Kg;BOISSON
13700130501;Boisson  Djino tropical 125 CL;PAQUET;1 PAQUET;1 Kg;BOISSON
13700099901;BOISSON BIG PM;PACQUET;1 PACQUET;1 Kg;BOISSON
13700127301;Boisson djino Cola 35 CL;PACQUET;1 PACQUET;1 Kg;BOISSON
13700127401;Boisson Djino limo 35 CL;PACQUET;1 PACQUET;1 Kg;BOISSON
13700127501;Boisson Djino tropical orange 35 CL;PACQUET;1 PACQUET;1 Kg;BOISSON
1042;BOISSON GM ;PAQUET;1 PAQUET;0 Kg;BOISSON
13700126201;BOISSON GM  EN PCS;PIECE;1 PIECE;1 Kg;BOISSON
1043;BOISSON PM ;PAQUET;1 PAQUET;0 Kg;BOISSON
13700126401;BOISSON PM EN PCS;PIECE;1 PIECE;1 Kg;BOISSON
13600200801;Bolo coeur;SACHET;1 SACHET;1 Kg;BISCUIT 
13600200802;Bolo coeur;CARTON;36 SACHET;1 Kg;BISCUIT 
13600192501;Bolo donut pm*16x20;SACHET;1 SACHET;1 Kg;BISCUIT 
13600192502;Bolo donut pm*16x20;CARTON ;16 SACHET;1 Kg;BISCUIT 
800;BOLO KIDS;SACHET;1 SACHET;0 Kg;BISCUIT 
789;BOLO KIDS;CARTON;24 SACHET;0 Kg;BISCUIT 
1081;BOLO PETITO;PAQUET;1 PAQUET;0 Kg;DIVERS
1080;BOLO PETITO;CARTON;15 PAQUET;0 Kg;DIVERS
13600112801;BOLO ZOOM;SACHET;1 SACHET;1 Kg;BISCUIT 
13600112802;BOLO ZOOM;CARTON;24 SACHET;1 Kg;BISCUIT 
13800267501;Bonbon ambic koffito bocal 205pcs;BOCAL;1 BOCAL;1 Kg;BONBON
13800267502;Bonbon ambic koffito bocal 205pcs;CARTON;8 BOCAL;1 Kg;BONBON
13800267401;Bonbon ambic koffito en sht 100pcs;SACHET;1 SACHET;1 Kg;BONBON
13800267402;Bonbon ambic koffito en sht 100pcs;CARTON;30 SACHET;1 Kg;BONBON
13800117901;BONBON AMENDAS;SACHET;1 SACHET;1 Kg;BONBON
13800150801;Bonbon assorted caramel En PCS ;PIECE;1 PIECE;1 Kg;BONBON
13800239701;Bonbon assorted caramel en sht;SACHET;1 SACHET;1 Kg;BONBON
13800239702;Bonbon assorted caramel en sht;CARTON;36 SACHET;1 Kg;BONBON
13800155801;Bonbon assorted dur+ Caramel;SACHET;1 SACHET;1 Kg;BONBON
13800155802;Bonbon assorted dur+ Caramel;CARTON;20 SACHET;1 Kg;BONBON
13800195201;Bonbon assorted ju-c;BOCAL ;1 BOCAL ;1 Kg;BONBON
13800196201;Bonbon Assorted ju-c en pcs;PIECE;1 PIECE;1 Kg;BONBON
15600202001;Bonbon big time rich;BOITE;1 BOITE;1 Kg;DIVERS
15600202002;Bonbon big time rich;CARTON;24 BOITE;1 Kg;DIVERS
662;BONBON BOCAL;BOITE;1 BOITE;0 Kg;BONBON
661;BONBON BOCAL;CARTON;6 BOITE;0 Kg;BONBON
970;BONBON BROCHETTE;SACHET;1 SACHET;0 Kg;BONBON
13800245601;Bonbon buble gum phastillia;SACHET;1 SACHET;1 Kg;BONBON
13800245602;Bonbon buble gum phastillia;CARTON;24 SACHET;1 Kg;BONBON
13800246401;Bonbon Car pop 5g;SACHET;1 SACHET;1 Kg;BONBON
13800246402;Bonbon Car pop 5g;CARTON;34 SACHET;1 Kg;BONBON
13800138701;Bonbon Caramel ( vao );SACHET;1 SACHET;1 Kg;BONBON
13800138702;Bonbon Caramel ( vao );CARTON;36 SACHET;1 Kg;BONBON
13800103201;BONBON CHOCO BEAN;BOCAL;1 BOCAL;1 Kg;BONBON
13800103202;BONBON CHOCO BEAN;CRT;12 BOCAL;1 Kg;BONBON
13800145901;BONBON CHOCO BOCAL OVAL;PIECE;1 PIECE;1 Kg;BONBON
13800145902;BONBON CHOCO BOCAL OVAL;BOITE;300 PIECE;1 Kg;BONBON
13800146001;BONBON CHOCO BOCAL OVAL EN PIECE;PIECE;1 PIECE;1 Kg;BONBON
13800203601;Bonbon choco gold coin ;BOITE ;1 BOITE ;1 Kg;BONBON
13800203602;Bonbon choco gold coin ;CARTON;24 BOITE ;1 Kg;BONBON
13800240501;Bonbon choco mint 2.0;SACHET;1 SACHET;1 Kg;BONBON
13800240502;Bonbon choco mint 2.0;CARTON;16 SACHET;1 Kg;BONBON
13800202601;Bonbon choco mobile bocal ;BOCAL;1 BOCAL;1 Kg;BONBON
665;BONBON CHUPITO;SACHET;1 SACHET;0 Kg;BONBON
664;BONBON CHUPITO;CARTON;20 SACHET;0 Kg;BONBON
650;BONBON COEUR ENCRT;SACHET;1 SACHET;0 Kg;BONBON
649;BONBON COEUR ENCRT;CARTON;20 SACHET;0 Kg;BONBON
13800224301;Bonbon cola cola lollipop;SACHET;1 SACHET;1 Kg;BONBON
13800224302;Bonbon cola cola lollipop;CARTON;18 SACHET;1 Kg;BONBON
1053;Bonbon Colombina 816x16;SACHET;1 SACHET;0 Kg;BONBON
13800062802;Bonbon Colombina 816x16;CARTON;16 SACHET;1 Kg;BONBON
13800249601;Bonbon dolly lolly choco ;SACHET;1 SACHET;1 Kg;BONBON
13800249602;Bonbon dolly lolly choco ;CARTON;20 SACHET;1 Kg;BONBON
13800231001;Bonbon eclaire pop;SACHET;1 SACHET;1 Kg;BONBON
13800231002;Bonbon eclaire pop;CARTON;16 SACHET;1 Kg;BONBON
675;BONBON ENIS BOCAL;BOITE;1 BOITE;0 Kg;BONBON
13800089401;Bonbon erlan 400g;SHT;1 SHT;1 Kg;BONBON
13800089402;Bonbon erlan 400g;CARTON;20 SHT;1 Kg;BONBON
13800090001;BONBON FINGER SPRING;SHT;1 SHT;1 Kg;BONBON
13800090002;BONBON FINGER SPRING;CARTON;12 SHT;1 Kg;BONBON
13800113601;BONBON FLAMINGO;SACHET;1 SACHET;1 Kg;BONBON
13800113602;BONBON FLAMINGO;CARTON;16 SACHET;1 Kg;BONBON
13800184801;Bonbon freshynes;SACHET;1 SACHET;1 Kg;BONBON
13800184802;Bonbon freshynes;CARTON;24 SACHET;1 Kg;BONBON
13800208201;Bonbon Fruit chew toffee bocal ;BOCAL;1 BOCAL;1 Kg;BONBON
13800208202;Bonbon Fruit chew toffee bocal ;CARTON;9 BOCAL;1 Kg;BONBON
13800249101;BONBON FRUIT CHEWY 600G;SACHET;1 SACHET;1 Kg;BONBON
13800235901;Bonbon fruit crush veto ass 2.65g;BOCAL;1 BOCAL;1 Kg;BONBON
13800235902;Bonbon fruit crush veto ass 2.65g;CARTON;12 BOCAL;1 Kg;BONBON
13800208101;Bonbon Fruit flash toffee bocal ;BOCAL;1 BOCAL;1 Kg;BONBON
13800208102;Bonbon Fruit flash toffee bocal ;CARTON ;9 BOCAL;1 Kg;BONBON
687;BONBON FRUIT MAN ENCRT;SACHET;1 SACHET;0 Kg;DIVERS
686;BONBON FRUIT MAN ENCRT;CARTON;20 SACHET;0 Kg;DIVERS
13800207501;Bonbon fruit slice orange;SACHET;1 SACHET;1 Kg;BONBON
13800207502;Bonbon fruit slice orange;CARTON;12 SACHET;1 Kg;BONBON
13800205501;Bonbon fruto fils;SACHET;1 SACHET;1 Kg;BONBON
13800205502;Bonbon fruto fils;CARTON;30 SACHET;1 Kg;BONBON
13800237301;Bonbon frutta pop lollipop veto;SACHET;1 SACHET;1 Kg;BONBON
13800237302;Bonbon frutta pop lollipop veto;CARTON;20 SACHET;1 Kg;BONBON
13800208001;Bonbon gold 555 toffee bocal ;BOCAL ;1 BOCAL ;1 Kg;BONBON
13800208002;Bonbon gold 555 toffee bocal ;CARTON ;15 BOCAL ;1 Kg;BONBON
13800167301;Bonbon hoppin;BOCAL;1 BOCAL;1 Kg;BONBON
13800167302;Bonbon hoppin;CARTON;12 BOCAL;1 Kg;BONBON
13800167701;Bonbon hoppin en pieces;PIECE;1 PIECE;1 Kg;BONBON
13800174001;Bonbon huili toy candy;BOITE;1 BOITE;1 Kg;BONBON
13800174002;Bonbon huili toy candy;CARTON;20 BOITE;1 Kg;BONBON
13800269101;Bonbon janu fruitroll mix en sht;SACHET;1 SACHET;1 Kg;BONBON
116;Bonbon jok;SACHET;1 SACHET;0 Kg;BONBON
115;Bonbon jok;SAC;80 SACHET;0 Kg;BONBON
13800240601;Bonbon jok be+5 ;SACHET;1 SACHET;1 Kg;BONBON
13800240602;Bonbon jok be+5 ;SAC;16 SACHET;1 Kg;BONBON
699;BONBON JOOK MIMANA;SACHET;1 SACHET;0 Kg;BONBON
698;BONBON JOOK MIMANA;SAC;80 SACHET;0 Kg;BONBON
13800227301;Bonbon kamco elenor;BOCAL;1 BOCAL;1 Kg;BONBON
13800227302;Bonbon kamco elenor;CARTON;24 BOCAL;1 Kg;BONBON
13800259201;Bonbon kemlo caramilk en bocal blanc;BOCAL;1 BOCAL;1 Kg;BONBON
13800259202;Bonbon kemlo caramilk en bocal blanc;CARTON;8 BOCAL;1 Kg;BONBON
13800259101;Bonbon kemlo fruit punk en bocal;BOCAL;1 BOCAL;1 Kg;BONBON
13800259102;Bonbon kemlo fruit punk en bocal;CARTON;8 BOCAL;1 Kg;BONBON
13800259001;Bonbon kemlo kids double truffle ass en bocal*8pcs;BOCAL;1 BOCAL;1 Kg;BONBON
13800259002;Bonbon kemlo kids double truffle ass en bocal*8pcs;CARTON;8 BOCAL;1 Kg;BONBON
13700270801;Bonbon kemlo my birtday en bocal;BOCAL;1 BOCAL;1 Kg;BOISSON
13800258901;Bonbon kemlo my birthday ne bocal;BOCAL;1 BOCAL;1 Kg;BONBON
13800258902;Bonbon kemlo my birthday ne bocal;CARTON;8 BOCAL;1 Kg;BONBON
13800226101;Bonbon kids joy 15*65pcs;BOCAL;1 BOCAL;1 Kg;BONBON
13800202501;Bonbon kids joy 65pcs;BOCAL;1 BOCAL;1 Kg;BONBON
13800250001;Bonbon King pop 48pcs*16scht;SACHET;1 SACHET;1 Kg;BONBON
13800250002;Bonbon King pop 48pcs*16scht;CARTON;16 SACHET;1 Kg;BONBON
13800225701;Bonbon koffico;BOCAL;1 BOCAL;1 Kg;BONBON
13800225702;Bonbon koffico;CARTON;16 BOCAL;1 Kg;BONBON
13800268801;Bonbon love choco bocal 100pcs;BOCAL;1 BOCAL;1 Kg;BONBON
15600080401;BONBON LOVE DROP;SACHET;1 SACHET;1 Kg;DIVERS
13800237401;Bonbon milk double decker koffre;SACHET;1 SACHET;1 Kg;BONBON
13800237402;Bonbon milk double decker koffre;CARTON;24 SACHET;1 Kg;BONBON
827;BONBON MILK FLAVOR;CARTON;1 CARTON;0 Kg;BONBON
15600155101;Bonbon Milki z;SACHET;1 SACHET;1 Kg;DIVERS
15600155102;Bonbon Milki z;CARTON;24 SACHET;1 Kg;DIVERS
13800203701;Bonbon milky cow veto;SACHAT;1 SACHAT;1 Kg;BONBON
13800203702;Bonbon milky cow veto;CARTON;16 SACHAT;1 Kg;BONBON
13800264901;Bonbon mom big pop 8g;BOCAL;1 BOCAL;1 Kg;BONBON
13800264902;Bonbon mom big pop 8g;CARTON;12 BOCAL;1 Kg;BONBON
15600202101;Bonbon my doll rich;BOITE;1 BOITE;1 Kg;DIVERS
15600202102;Bonbon my doll rich;CARTON;24 BOITE;1 Kg;DIVERS
13800231201;Bonbon nyra butter max ;BOCAL;1 BOCAL;1 Kg;BONBON
13800231202;Bonbon nyra butter max ;CARTON;12 BOCAL;1 Kg;BONBON
13800231101;Bonbon nyra my milk mithai;BOCAL;1 BOCAL;1 Kg;BONBON
13800231102;Bonbon nyra my milk mithai;CARTON;24 BOCAL;1 Kg;BONBON
13800236901;Bonbon nyra my milk rabi;BOCAL;1 BOCAL;1 Kg;BONBON
13800236902;Bonbon nyra my milk rabi;CARTON;12 BOCAL;1 Kg;BONBON
13800227501;Bonbon nyra twins ;BOCAL;1 BOCAL;1 Kg;BONBON
13800227502;Bonbon nyra twins ;CARTON;12 BOCAL;1 Kg;BONBON
13800270301;Bonbon nyra twins orange;BOCAL;1 BOCAL;1 Kg;BONBON
13800270302;Bonbon nyra twins orange;CARTON;12 BOCAL;1 Kg;BONBON
13800094001;BONBON OPERA;SHT;1 SHT;1 Kg;BONBON
13800094002;BONBON OPERA;CARTONS;16 SHT;1 Kg;BONBON
13800208301;Bonbon party bomb toffe bocal;BOCAL;1 BOCAL;1 Kg;BONBON
13800116201;BONBON PIN POP SUCETTE MX;SACHET;1 SACHET;1 Kg;BONBON
13800116202;BONBON PIN POP SUCETTE MX;CARTON;16 SACHET;1 Kg;BONBON
13800173801;Bonbon premium candy;BOCAL;1 BOCAL;1 Kg;BONBON
13800173802;Bonbon premium candy;CARTON;6 BOCAL;1 Kg;BONBON
13800174501;Bonbon premium candy en pcs;PIECES;1 PIECES;1 Kg;BONBON
13800184701;Bonbon premium tamarino;SACHET;1 SACHET;1 Kg;BONBON
13800184702;Bonbon premium tamarino;CARTON;20 SACHET;1 Kg;BONBON
13800149501;Bonbon racing car ;SACHET;1 SACHET;1 Kg;BONBON
13800149502;Bonbon racing car ;CARTON;30 SACHET;1 Kg;BONBON
14700244501;Bonbon rainbow dry figs;SACHET;1 SACHET;1 Kg;CHOCOLAT
14700244502;Bonbon rainbow dry figs;CARTON;12 SACHET;1 Kg;CHOCOLAT
13800141201;Bonbon ring lollipop;BOCAL;1 BOCAL;1 Kg;BONBON
88;Bonbon Robin ;PAQUET;1 PAQUET;0 Kg;BONBON
87;Bonbon Robin ;CARTON;20 PAQUET;0 Kg;BONBON
148;BONBON RONONO;SACHET;1 SACHET;0 Kg;BONBON
642;BONBON SILLY BILLY ENCRT;SACHET;1 SACHET;0 Kg;BONBON
641;BONBON SILLY BILLY ENCRT;CARTON;16 SACHET;0 Kg;BONBON
13800117701;BONBON SIMON DUE;SACHET;1 SACHET;1 Kg;BONBON
15600187601;Bonbon Simonetto assorted ;SACHET;1 SACHET;1 Kg;DIVERS
15600187602;Bonbon Simonetto assorted ;CARTON;16 SACHET;1 Kg;DIVERS
673;BONBON SMALL OLIVARY CRT;BOITE;1 BOITE;0 Kg;BONBON
672;BONBON SMALL OLIVARY CRT;CARTON;24 BOITE;0 Kg;BONBON
13800174401;Bonbon speed racing;BOITE;1 BOITE;1 Kg;BONBON
13800224401;Bonbon sprint lollipop;SACHET;1 SACHET;1 Kg;BONBON
13800224402;Bonbon sprint lollipop;CARTON;18 SACHET;1 Kg;BONBON
13800162101;Bonbon sucette Chupito ;SACHET;1 SACHET;1 Kg;BONBON
13800162102;Bonbon sucette Chupito ;CARTON;20 SACHET;1 Kg;BONBON
13700172401;Bonbon sucette Chupito en Pcs;PIECE;1 PIECE;1 Kg;BOISSON
15600136601;Bonbon sucette Fruit Lolipop;SACHET;1 SACHET;1 Kg;DIVERS
15600136602;Bonbon sucette Fruit Lolipop;SAC;20 SACHET;1 Kg;DIVERS
13800149101;Bonbon sucette kely milk lollipop;SACHET;1 SACHET;1 Kg;BONBON
13800149102;Bonbon sucette kely milk lollipop;CARTON;20 SACHET;1 Kg;BONBON
13800163801;Bonbon sucette kely milk lollipop En pcs;PIECE;1 PIECE;1 Kg;BONBON
15600136501;Bonbon sucette Milk Lolipop;SACHET;1 SACHET;1 Kg;DIVERS
15600136502;Bonbon sucette Milk Lolipop;SAC;20 SACHET;1 Kg;DIVERS
13800162301;Bonbon sucette Mix fruit ;SACHET;1 SACHET;1 Kg;BONBON
13800162302;Bonbon sucette Mix fruit ;CARTON;20 SACHET;1 Kg;BONBON
13800162201;Bonbon sucette Pin pon ;SACHET;1 SACHET;1 Kg;BONBON
13800162202;Bonbon sucette Pin pon ;CARTON;12 SACHET;1 Kg;BONBON
13800122301;BONBON SUCETTE PM;SACHET;1 SACHET;1 Kg;BONBON
13800194901;Bonbon sucette pm choco caramel ;SACHET;1 SACHET;1 Kg;BONBON
13800194902;Bonbon sucette pm choco caramel ;CATRON;20 SACHET;1 Kg;BONBON
13800195001;Bonbon sucette pm choco vanilla;SACHET;1 SACHET;1 Kg;BONBON
13800195002;Bonbon sucette pm choco vanilla;CARTON;20 SACHET;1 Kg;BONBON
13800195101;Bonbon sucette pm cola;SACHET;1 SACHET;1 Kg;BONBON
13800195102;Bonbon sucette pm cola;CARTON;20 SACHET;1 Kg;BONBON
13800203401;Bonbon sucette roze pop;SACHET;1 SACHET;1 Kg;BONBON
13800203402;Bonbon sucette roze pop;CARTON;16 SACHET;1 Kg;BONBON
15600136701;Bonbon sucette Yogurt Lolipop;SACHET;1 SACHET;1 Kg;DIVERS
15600136702;Bonbon sucette Yogurt Lolipop;SAC;20 SACHET;1 Kg;DIVERS
13800185801;Bonbon supa filled;SACHET;1 SACHET;1 Kg;BONBON
13800185802;Bonbon supa filled;CARTON;20 SACHET;1 Kg;BONBON
13800205601;Bonbon super milk candy;SACHET;1 SACHET;1 Kg;BONBON
13800205602;Bonbon super milk candy;CARTON;20 SACHET;1 Kg;BONBON
13800204801;Bonbon sweet cup choco bocal;BOCAL;1 BOCAL;1 Kg;BONBON
13800213301;Bonbon switch pop;SACHET;1 SACHET;1 Kg;BONBON
13800213302;Bonbon switch pop;CARTON;20 SACHET;1 Kg;BONBON
644;BONBON TAMARIN N CRT;SACHET;1 SACHET;0 Kg;BONBON
643;BONBON TAMARIN N CRT;CARTON;10 SACHET;0 Kg;BONBON
1118;BONBON TAMARIN PM;SACHET;1 SACHET;0 Kg;DIVERS
1117;BONBON TAMARIN PM;CARTON;48 SACHET;0 Kg;DIVERS
13800243801;Bonbon tamarind candy veto 3.5g;BOITE;1 BOITE;1 Kg;BONBON
13800243501;Bonbon tamarind cone pop;SACHET;1 SACHET;1 Kg;BONBON
13800243502;Bonbon tamarind cone pop;CACRTON;20 SACHET;1 Kg;BONBON
13800185701;Bonbon tennis bubble gum bocal;BOCAL;1 BOCAL;1 Kg;BONBON
13800270901;Bonbon tennis gum jolly boy bocal*115pcs;BOCAL;1 BOCAL;1 Kg;BONBON
13800204601;Bonbon tik tok gum vita;SACHET;1 SACHET;1 Kg;BONBON
13800204602;Bonbon tik tok gum vita;CARTON;16 SACHET;1 Kg;BONBON
13800184601;Bonbon top mint candy;SACHET;1 SACHET;1 Kg;BONBON
13800184602;Bonbon top mint candy;CARTON;16 SACHET;1 Kg;BONBON
13800149201;Bonbon top mint candy En pcs;PIECE;1 PIECE;1 Kg;BONBON
13800158101;Bonbon toy candy ( basy );PACQUET;1 PACQUET;1 Kg;BONBON
13800158102;Bonbon toy candy ( basy );CARTON;24 PACQUET;1 Kg;BONBON
13800120401;BONBON YOLO POP;SACHET;1 SACHET;1 Kg;BONBON
15600079501;BOUGIE 3 ETOILE;PQT;1 PQT;1 Kg;DIVERS
15600079502;BOUGIE 3 ETOILE;CRT;50 PQT;1 Kg;DIVERS
13900260101;Bougie Anita;PAQUET;1 PAQUET;1 Kg;BOUGIE
13900260102;Bougie Anita;CARTON;50 PAQUET;1 Kg;BOUGIE
13900082301;BOUGIE CLASSIC;PACQUET;1 PACQUET;1 Kg;BOUGIE
13900082302;BOUGIE CLASSIC;CARTON;40 PACQUET;1 Kg;BOUGIE
8;BOUGIE GM;PAQUET;1 PAQUET;0 Kg;DIVERS
7;BOUGIE GM;CARTON;40 PAQUET;1 Kg;DIVERS
13900192901;Bougie golden (gm);PACQUET;1 PACQUET;1 Kg;BOUGIE
13900192902;Bougie golden (gm);CARTON;40 PACQUET;1 Kg;BOUGIE
13900094501;BOUGIE GOLDEN GM;PACQUE;1 PACQUE;1 Kg;BOUGIE
13900094502;BOUGIE GOLDEN GM;CARTON;40 PACQUE;1 Kg;BOUGIE
13900086801;BOUGIE LEENA GM;PAQUET;1 PAQUET;1 Kg;BOUGIE
13900086802;BOUGIE LEENA GM;CARTON;50 PAQUET;1 Kg;BOUGIE
13900145501;Bougie mateza *30;PACQUET;1 PACQUET;1 Kg;BOUGIE
13900145502;Bougie mateza *30;CARTON;30 PACQUET;1 Kg;BOUGIE
15600206901;Bougie nitro gm;PAQUET;1 PAQUET;1 Kg;DIVERS
15600206902;Bougie nitro gm;CARTON;50 PAQUET;1 Kg;DIVERS
13900241201;Bougie nitro pm;PAQUET;1 PAQUET;1 Kg;BOUGIE
13900241202;Bougie nitro pm;CARTON;50 PAQUET;1 Kg;BOUGIE
13800189701;Bracelet jump candy 9g;BOITE;1 BOITE;1 Kg;BONBON
13800196501;Brillant ring candy ;PACQUET;1 PACQUET;1 Kg;BONBON
13800196502;Brillant ring candy ;CARTON;24 PACQUET;1 Kg;BONBON
14000210801;Briquet galaxy;BOITE;1 BOITE;1 Kg;BRIQUET
14000210802;Briquet galaxy;CARTON;20 BOITE;1 Kg;BRIQUET
14000212601;Briquet galaxy pcs;PIECE;1 PIECE;1 Kg;BRIQUET
14000204901;BRIQUET LIGHTER BIG STAR;PACQUET;1 PACQUET;1 Kg;BRIQUET
14000204902;BRIQUET LIGHTER BIG STAR;CARTON;200 PACQUET;1 Kg;BRIQUET
15600272101;Briquet nitro led*50;BOITE;1 BOITE;1 Kg;DIVERS
14000073701;BRIQUET OUI;BTE;1 BTE;1 Kg;BRIQUET
14000073702;BRIQUET OUI;CRT;20 BTE;1 Kg;BRIQUET
14000118101;BRIQUET STAR;BOITE;1 BOITE;1 Kg;BRIQUET
15600156201;Briquet voila;BOITE;1 BOITE;1 Kg;DIVERS
15600156202;Briquet voila;CARTON;20 BOITE;1 Kg;DIVERS
419;Briquet Yes;BOITE;1 BOITE;0 Kg;DIVERS
534;Briquet Yes;CARTON;20 BOITE;0 Kg;DIVERS
14100243701;Brosse à dent angola;BOITE;1 BOITE;1 Kg;BROSSE A DENT
14100243702;Brosse à dent angola;CARTON;6 BOITE;1 Kg;BROSSE A DENT
14100173701;Brosse à dent Anita;PACQUETS;1 PACQUETS;1 Kg;BROSSE A DENT
15600161101;Brosse a dent carona;PACQUET;1 PACQUET;1 Kg;DIVERS
15600161102;Brosse a dent carona;CARTON;50 PACQUET;1 Kg;DIVERS
1079;Brosse à dent ciptadent;BOITE;1 BOITE;0 Kg;DIVERS
1078;Brosse à dent ciptadent;CARTON;6 BOITE;0 Kg;DIVERS
1090;BROSSE A DENT COLGATE DOUBLE ACTION;PIECE;1 PIECE;1 Kg;DIVERS
15600065102;BROSSE A DENT COLGATE DOUBLE ACTION;BOITE;12 PIECE;1 Kg;DIVERS
15400124001;BROSSE A DENT COLGATE EN PQT;PACQUET;1 PACQUET;1 Kg;DENTIFRICE
15600272001;Brosse à dent dr joy finnest;PAQUET;1 PAQUET;1 Kg;DIVERS
15600272002;Brosse à dent dr joy finnest;CARTON;100 PAQUET;1 Kg;DIVERS
14100125701;BROSSE A DENT TRIKA;BOITE;1 BOITE;1 Kg;BROSSE A DENT
14100130301;Brosse a dent trika en Pcs ;PIECE;1 PIECE;1 Kg;BROSSE A DENT
15600227401;Brosse à dent white doctor;PAQUET;1 PAQUET;1 Kg;DIVERS
15600248001;Brox cola canette 250ml;PIECE;1 PIECE;1 Kg;DIVERS
15600219901;Brox cola canette 250ml ;PIECE;1 PIECE;1 Kg;DIVERS
15600248002;Brox cola canette 250ml;PAQUET;24 PIECE;1 Kg;DIVERS
15600219902;Brox cola canette 250ml ;PAQUET;24 PAQUET;1 Kg;DIVERS
15600219801;Brox energy canette 250ml;PIECE;1 PIECE;1 Kg;DIVERS
15600219802;Brox energy canette 250ml;PAQUET;24 PIECE;1 Kg;DIVERS
13800196301;Bubble stick;BOITE;1 BOITE;1 Kg;BONBON
13800196302;Bubble stick;CARTON;20 BOITE;1 Kg;BONBON
15600197401;Bubble sword ( animal );BOITE;1 BOITE;1 Kg;DIVERS
13800101901;BUBLE -CICLE;SACHET;1 SACHET;1 Kg;BONBON
818;CAFE 50KG en kp;KAPOAKA;1 KAPOAKA;0 Kg;CAFE
332;CAFE 50KG en kp;SAC;200 KAPOAKA;1 Kg;CAFE
15600219301;Cafe cappuccino lemser ;PIECE;1 PIECE;1 Kg;DIVERS
15600219302;Cafe cappuccino lemser ;PAQUET;20 PIECE;1 Kg;DIVERS
15600219303;Cafe cappuccino lemser ;CARTON;12 PAQUET;1 Kg;DIVERS
14200119501;CAFE TSY LEFY 20G;SACHET;1 SACHET;1 Kg;CAFE
14200119601;CAFE TSY LEFY 30G;SACHET;1 SACHET;1 Kg;CAFE
14200119401;CAFE TSY LEFY 90G;PIECE;1 PIECE;1 Kg;CAFE
14300110401;Cahier  Triumph 100p ( Pf );PACQUET;1 PACQUET;1 Kg;CAHIER
14300110402;Cahier  Triumph 100p ( Pf );CARTON;20 PACQUET;1 Kg;CAHIER
14300180701;Cahier  Triumph 100p En pcs  ;PCS;1 PCS;1 Kg;CAHIER
14300180801;Cahier  Triumph 200p En pcs;PIECE;1 PIECE;1 Kg;CAHIER
14300181601;Cahier  Triumph Plastique 100p En pcs  ;PIECES;1 PIECES;1 Kg;CAHIER
1057;CAHIER 100 P SUPER;PAQUET;1 PAQUET;0 Kg;DIVERS
1056;CAHIER 100 P SUPER;CARTON;20 PAQUET;0 Kg;DIVERS
14300087101;CAHIER 100P CALLIGRAPHE;PACQUE;1 PACQUE;1 Kg;CAHIER
14300087102;CAHIER 100P CALLIGRAPHE;CRT;20 PACQUE;1 Kg;CAHIER
14300109701;CAHIER 100P CHEVALIER GF;PQT;1 PQT;1 Kg;CAHIER
369;CAHIER 100P elite;PAQUET;1 PAQUET;0 Kg;CAHIER
14300024602;CAHIER 100P elite;CRT;16 PAQUET;1 Kg;CAHIER
375;CAHIER 100P GF EUROPE;PAQUET;1 PAQUET;0 Kg;CAHIER
377;CAHIER 100P GF MN;PAQUET;1 PAQUET;0 Kg;CAHIER
396;CAHIER 100P PLAST;PAQUET;1 PAQUET;0 Kg;CAHIER
14300026802;CAHIER 100P PLAST;CRT;20 PAQUET;1 Kg;CAHIER
1021;CAHIER 100P SUPER;PAQUET;1 PAQUET;0 Kg;DIVERS
1020;CAHIER 100P SUPER;CARTON;20 PAQUET;0 Kg;DIVERS
14300144401;Cahier 100p Triump Plas gf en pcs;PIECE;1 PIECE;1 Kg;CAHIER
14300086401;CAHIER 100P TRIUMPH PLAST GF;PACQUE;1 PACQUE;1 Kg;CAHIER
14300086402;CAHIER 100P TRIUMPH PLAST GF;CARTON ;14 PACQUE;1 Kg;CAHIER
15600077801;CAHIER 100P TRIUMPH PLASTIC PF;PACQUET;1 PACQUET;1 Kg;DIVERS
15600077802;CAHIER 100P TRIUMPH PLASTIC PF;CARTON;20 PACQUET;1 Kg;DIVERS
373;CAHIER 200P  lord;PAQUET;1 PAQUET;0 Kg;CAHIER
14300025002;CAHIER 200P  lord;CRT;20 PAQUET;1 Kg;CAHIER
14300072501;CAHIER 200P CHEVALIER GF;PACQUET;1 PACQUET;1 Kg;CAHIER
14300072502;CAHIER 200P CHEVALIER GF;CARTON;12 PACQUET;10 Kg;CAHIER
378;CAHIER 200P GF LUX;PAQUET;1 PAQUET;0 Kg;CAHIER
379;CAHIER 200P GF SUPER;PAQUET;1 PAQUET;0 Kg;CAHIER
380;CAHIER 200P GF TSOTRA;PAQUET;1 PAQUET;0 Kg;CAHIER
374;CAHIER 200P LUX;PAQUET;1 PAQUET;0 Kg;CAHIER
397;CAHIER 200P PLAST;PAQUET;1 PAQUET;0 Kg;CAHIER
14300026902;CAHIER 200P PLAST;CRT;20 PAQUET;1 Kg;CAHIER
14300161401;Cahier 200p Triump gf en piece;PIECE;1 PIECE;1 Kg;CAHIER
14300144301;Cahier 200p Triump Plas gf en pcs;PIECE;1 PIECE;1 Kg;CAHIER
14300089001;Cahier 200P Triumph plastique pf;PACQUE;1 PACQUE;1 Kg;CAHIER
14300089002;Cahier 200P Triumph plastique pf;CARTON;20 PACQUE;1 Kg;CAHIER
14300229401;Cahier 200P Triumph plastique pf Pcs;PIECE;1 PIECE;1 Kg;CAHIER
14300086501;CAHIER 200P TRIUMPH PLST GF;PACQUE;1 PACQUE;1 Kg;CAHIER
14300086502;CAHIER 200P TRIUMPH PLST GF;CARTON;12 PACQUE;1 Kg;CAHIER
14300089101;CAHIER 200P TRIUMPH TSOTRA PF;PACQUE;1 PACQUE;1 Kg;CAHIER
14300089102;CAHIER 200P TRIUMPH TSOTRA PF;CARTON;20 PACQUE;1 Kg;CAHIER
14300183401;CAHIER 200P TRIUMPH TSOTRA PF EN PCS;PIECE;1 PIECE;1 Kg;CAHIER
372;CAHIER 200P TSOTRA;PAQUET;1 PAQUET;0 Kg;CAHIER
366;CAHIER 50P elite;PAQUET;1 PAQUET;0 Kg;CAHIER
14300024402;CAHIER 50P elite;CRT;12 PAQUET;1 Kg;CAHIER
367;CAHIER 50P TRIUMPH;PAQUET;1 PAQUET;0 Kg;CAHIER
14300024502;CAHIER 50P TRIUMPH;CRT;16 PAQUET;1 Kg;CAHIER
14300182101;CAHIER 50P TRIUMPH en piece;PIECE;1 PIECE;1 Kg;CAHIER
1066;CAHIER BOSEUR 200 P;PAQUET;1 PAQUET;0 Kg;CAHIER
14300088601;CAHIER CHAMPION 100P;PACQUE;1 PACQUE;1 Kg;CAHIER
14300088602;CAHIER CHAMPION 100P;CARTON;20 PACQUE;1 Kg;CAHIER
14300088701;CAHIER CHAMPION 200P ;PACQUES;1 PACQUES;1 Kg;CAHIER
14300088702;CAHIER CHAMPION 200P ;CARTON;20 PACQUES;1 Kg;CAHIER
14300071901;CAHIER DE DESSIN;PQT;1 PQT;1 Kg;CAHIER
14300071902;CAHIER DE DESSIN;CRT;24 PQT;1 Kg;CAHIER
14300087201;CAHIER DIGITAL 200P;PACQUES;1 PACQUES;1 Kg;CAHIER
14300087202;CAHIER DIGITAL 200P;CRT;20 PACQUES;1 Kg;CAHIER
14300179501;CAHIER DIGITAL 50P;PAQUET;1 PAQUET;1 Kg;CAHIER
14300179502;CAHIER DIGITAL 50P;CARTON;20 PAQUET;1 Kg;CAHIER
14300181201;Cahier digital 50pg en pcs;PIECE;1 PIECE;1 Kg;CAHIER
14300085901;CAHIER ECRITURE;PACQUES;1 PACQUES;1 Kg;CAHIER
14300085902;CAHIER ECRITURE;CARTON;20 PACQUES;1 Kg;CAHIER
14300112701;CAHIER ECRITURE CALLIGRAPHE REF5403;PACQUE;1 PACQUE;1 Kg;CAHIER
14300112702;CAHIER ECRITURE CALLIGRAPHE REF5403;CERTON;24 PACQUE;1 Kg;CAHIER
14300179901;Cahier ecriture En Pcs;PIECE;1 PIECE;1 Kg;CAHIER
14300144901;Cahier france  100p pf ;PAQUET;1 PAQUET;1 Kg;CAHIER
14300144902;Cahier france  100p pf ;CARTON;20 PAQUET;1 Kg;CAHIER
14300110301;Cahier le bosseur 100pg pf ;PACQUET;1 PACQUET;1 Kg;CAHIER
14300110302;Cahier le bosseur 100pg pf ;CARTON;20 PACQUET;1 Kg;CAHIER
14300181101;Cahier le bosseur 200pg En pcs;PIECE;1 PIECE;1 Kg;CAHIER
14300110201;Cahier le bosseur 200pg pf ;PACQUET;1 PACQUET;1 Kg;CAHIER
14300110202;Cahier le bosseur 200pg pf ;CARTONS;20 PACQUET;1 Kg;CAHIER
14300179801;Cahier le bosseur 200pg pf En Pcs;PIECE;1 PIECE;1 Kg;CAHIER
14300267001;Cahier le ecolaire 100pf;PAQUET;1 PAQUET;1 Kg;CAHIER
14300267002;Cahier le ecolaire 100pf;CARTON;20 PAQUET;1 Kg;CAHIER
14300226901;Cahier le ecolaire 48pg;PAQUET;1 PAQUET;1 Kg;CAHIER
14300226902;Cahier le ecolaire 48pg;CARTON;16 PAQUET;1 Kg;CAHIER
14300142801;Cahier Nitroline 100p pf;PACQUET;1 PACQUET;1 Kg;CAHIER
14300142802;Cahier Nitroline 100p pf;CARTON;20 PACQUET;1 Kg;CAHIER
14300142901;Cahier Nitroline 200p pf;PACQUET;1 PACQUET;1 Kg;CAHIER
14300142902;Cahier Nitroline 200p pf;CARTON;20 PACQUET;1 Kg;CAHIER
14300143801;Cahier Nitroline 50p pf;PACQUET;1 PACQUET;1 Kg;CAHIER
14300143802;Cahier Nitroline 50p pf;CARTON;20 PACQUET;1 Kg;CAHIER
14300110101;Cahier Scolaire 200p tsotra  ( Pf );PACQUET;1 PACQUET;1 Kg;CAHIER
14300110102;Cahier Scolaire 200p tsotra  ( Pf );CARTONS;20 PACQUET;1 Kg;CAHIER
14300088801;CAHIER SCOLAIRE SEYES 100 GF;PACQUES;1 PACQUES;1 Kg;CAHIER
14300088802;CAHIER SCOLAIRE SEYES 100 GF;CARTON;16 PACQUES;1 Kg;CAHIER
14300205901;Cahier super lord's 100pg;PACQUET;1 PACQUET;1 Kg;CAHIER
14300205902;Cahier super lord's 100pg;CARTON;20 PACQUET;1 Kg;CAHIER
14300225201;Cahier super lord's 200pg;PAQUET;1 PAQUET;1 Kg;CAHIER
14300225202;Cahier super lord's 200pg;CARTON;20 PAQUET;1 Kg;CAHIER
14300085801;CAHIER SUPER LORD'S 50 PAGE;PACQUES;1 PACQUES;1 Kg;CAHIER
14300085802;CAHIER SUPER LORD'S 50 PAGE;CARTON;16 PACQUES;1 Kg;CAHIER
14300156301;Cahier super tops 50Pg;PACQUET;1 PACQUET;1 Kg;CAHIER
14300156302;Cahier super tops 50Pg;CARTON;16 PACQUET;1 Kg;CAHIER
14300085501;Cahier Triump 200p gf ;PACQUET;1 PACQUET;1 Kg;CAHIER
14300085502;Cahier Triump 200p gf ;CARTONS;12 PACQUET;1 Kg;CAHIER
14300110801;CAHIER TRIUMPH 100P GF TSOTRA;PQT;1 PQT;1 Kg;CAHIER
14300110802;CAHIER TRIUMPH 100P GF TSOTRA;CRT;16 PQT;1 Kg;CAHIER
14300179201;CAHIER TRIUMPH DESIGN 100P;PAQUET;1 PAQUET;1 Kg;CAHIER
14300179202;CAHIER TRIUMPH DESIGN 100P;CARTON;20 PAQUET;1 Kg;CAHIER
14300230401;CAHIER TRIUMPH DESIGN 100P en piece;PIECE;1 PIECE;1 Kg;CAHIER
14300179301;CAHIER TRIUMPH DESIGN 200P;PAQUET;1 PAQUET;1 Kg;CAHIER
14300179302;CAHIER TRIUMPH DESIGN 200P;CARTON;20 PAQUET;1 Kg;CAHIER
14300181001;Cahier triumph desingn 100g en pcs;PIECE;1 PIECE;1 Kg;CAHIER
14300180901;Cahier triumph desingn 200pg en pcs;PIECE;1 PIECE;1 Kg;CAHIER
14300230601;CAHIER TRIUMPH SCOLAIRE ETOILE 100PG PF;PACQUET;1 PACQUET;1 Kg;CAHIER
14300230602;CAHIER TRIUMPH SCOLAIRE ETOILE 100PG PF;CARTON;20 PACQUET;1 Kg;CAHIER
14300230501;CAHIER TRIUMPH SCOLAIRE ETOILE 200PG PF;PACQUET;1 PACQUET;1 Kg;CAHIER
14300230502;CAHIER TRIUMPH SCOLAIRE ETOILE 200PG PF;CARTON;20 PACQUET;1 Kg;CAHIER
15600080301;CANDI CRUSH EN PCE;PCE;1 PCE;1 Kg;DIVERS
16900226601;Candia lait 150ml*30;PIECE;1 PIECE;1 Kg;JUS
16900226602;Candia lait 150ml*30;CARTON;30 PIECE;1 Kg;JUS
1116;Candia lait 1l*12;PIECE;1 PIECE;0 Kg;DIVERS
1115;Candia lait 1l*12;CARTON;12 PIECE;0 Kg;DIVERS
15600252701;Candia lait 500ml 1/2 ec;PIECE;1 PIECE;1 Kg;DIVERS
15600252702;Candia lait 500ml 1/2 ec;CARTON;24 PIECE;1 Kg;DIVERS
15600232201;Candia le fromage gourmande 36*8g;PIECE;1 PIECE;1 Kg;DIVERS
15600232202;Candia le fromage gourmande 36*8g;CARTON;36 PIECE;1 Kg;DIVERS
13800235401;Candy  bonbon bonjourne cola bocal;BOCAL;1 BOCAL;1 Kg;BONBON
13800235402;Candy  bonbon bonjourne cola bocal;CARTON;12 BOCAL;1 Kg;BONBON
13800235501;Candy  bonbon bonjourne sprint bocal;BOCAL;1 BOCAL;1 Kg;BONBON
13800235502;Candy  bonbon bonjourne sprint bocal;CARTON;12 BOCAL;1 Kg;BONBON
15600190101;Candy gloss 7g;BOITE;1 BOITE;1 Kg;DIVERS
15600190102;Candy gloss 7g;CARTON;24 BOITE;1 Kg;DIVERS
13800199101;Candy king fanta orange    ;SACHET ;1 SACHET ;1 Kg;BONBON
13800199102;Candy king fanta orange    ;CARTON;20 SACHET ;1 Kg;BONBON
16900240001;Candy up fraise 150ml*30;PIECE;1 PIECE;1 Kg;JUS
16900240002;Candy up fraise 150ml*30;CARTON;30 PIECE;1 Kg;JUS
15600210301;Candy up fraise 1L;PIECE;1 PIECE;1 Kg;DIVERS
15600210302;Candy up fraise 1L;CARTON;12 PIECE;1 Kg;DIVERS
16900240201;Candy up raisin 150ml*30;PIECE;1 PIECE;1 Kg;JUS
16900240202;Candy up raisin 150ml*30;CARTON;30 PIECE;1 Kg;JUS
16900240101;Candy up vanille 150ml*30;PIECE;1 PIECE;1 Kg;JUS
16900240102;Candy up vanille 150ml*30;CARTON;30 PIECE;1 Kg;JUS
13700140501;Caprice  Grenadine 50cl;PACQUET;1 PACQUET;1 Kg;BOISSON
13700140601;Caprice  Youzou 50CL;PACQUES;1 PACQUES;1 Kg;BOISSON
13700131901;Caprice ananas 50cl;PACQUET;1 PACQUET;1 Kg;BOISSON
13700127101;Caprice Bba 1,5L;PAQUET;1 PAQUET;1 Kg;BOISSON
13700131801;Caprice bba 50cl;PACQUET;1 PACQUET;1 Kg;BOISSON
13700256101;Caprice bba 50cl En pcs;PIECE;1 PIECE;1 Kg;BOISSON
13700254201;Caprice bba 50cl En pcs;PIECE;1 PIECE;1 Kg;BOISSON
13700130401;Caprice Fanta Ananas  1,5L;PAQUET;1 PAQUET;1 Kg;BOISSON
13700255401;Caprice Fanta Ananas  1,5L En pcs;PIECE;1 PIECE;1 Kg;BOISSON
13700131301;Caprice grenadine 1,5L;PACQUET;1 PACQUET;1 Kg;BOISSON
15600209501;CAPRICE GRENADINE 1,5L EN PCS;PIECE;1 PIECE;1 Kg;DIVERS
13700144201;Caprice pomme 1.5L;PACQUET;1 PACQUET;1 Kg;BOISSON
13700127001;Caprice Soda Orange 1,5L;PAQUET;1 PAQUET;1 Kg;BOISSON
13700161001;Caprice Soda Orange 1,5L En piece;PIECE;1 PIECE;1 Kg;BOISSON
13700139001;Caprice soda orange 50cL;PACQUET;1 PACQUET;1 Kg;BOISSON
13700130601;Caprice World cola 1.5L;PAQUET;1 PAQUET;1 Kg;BOISSON
13700198801;Caprice World cola 1.5L en pcs;PIECE;1 PIECE;1 Kg;BOISSON
13700131701;Caprice World Cola 50cl;PACQUET;1 PACQUET;1 Kg;BOISSON
84;CARAMEL;SACHET;1 SACHET;0 Kg;BONBON
83;CARAMEL;CARTON;34 SACHET;0 Kg;BONBON
171;CARBONATE;KG;1 KG;0 Kg;CARBONATE 
170;CARBONATE;SAC;25 KG;0 Kg;CARBONATE 
15900151901;Carbonate en KILOS;KILOS;1 KILOS;1 Kg;ENZOY
14500159001;Carnet polo pqt de 15;PACQUET;1 PACQUET;1 Kg;CARNET
14500159002;Carnet polo pqt de 15;CARTON ;30 PACQUET;1 Kg;CARNET
222;CARNET PQT DE 15;PAQUET;1 PAQUET;0 Kg;CARNET
925;CARNET PQT DE 15;CARTON;30 PAQUET;0 Kg;CARNET
777;Carry 30g;PAQUET;1 PAQUET;0 Kg;EPICE
16000047402;Carry 30g;BALLE;10 PAQUET;10 Kg;EPICE
15600161801;Carry moulu doypack;SACHET;1 SACHET;1 Kg;DIVERS
15600161802;Carry moulu doypack;CARTON ;10 SACHET;1 Kg;DIVERS
13800147701;Cars pop;SACHET;1 SACHET;1 Kg;BONBON
13800147702;Cars pop;CARTON;20 SACHET;1 Kg;BONBON
15600269801;Cartable enfant lisse;PIECE;1 PIECE;1 Kg;DIVERS
15600269701;Cartable enfant lux;PIECE;1 PIECE;1 Kg;DIVERS
13800189801;Cartoon  lollipop 15g;BOITE;1 BOITE;1 Kg;BONBON
13800189802;Cartoon  lollipop 15g;CARTON;20 BOITE;1 Kg;BONBON
13800267601;Cartoon zoo lollipop 15g;PAQUET;1 PAQUET;1 Kg;BONBON
13800267602;Cartoon zoo lollipop 15g;CARTON;20 PAQUET;1 Kg;BONBON
15600267901;Cebon  bouillon de boeuf cubes;PIECE;1 PIECE;1 Kg;DIVERS
15600267902;Cebon  bouillon de boeuf cubes;CARTON;80 PIECE;1 Kg;DIVERS
252;CHAISE PLASTIC;PIECE;1 PIECE;0 Kg;DIVERS
15600184201;Champigno europa 400g;BOITE;1 BOITE;1 Kg;DIVERS
15600201101;Champignons shitake 250g;SACHTE;1 SACHTE;1 Kg;DIVERS
15600078101;CHANPIGON;BTE;1 BTE;1 Kg;DIVERS
13800075001;CHANTILLY;SHT;1 SHT;1 Kg;BONBON
195;CHAPEAU DE PLUIE;PIECE;1 PIECE;0 Kg;DIVERS
15600158401;Cheese balls;SACHETS;1 SACHETS;1 Kg;DIVERS
13600111101;CHEESE BALLS;PIECE;1 PIECE;1 Kg;BISCUIT 
15600158402;Cheese balls;BALLES;10 PIECE;1 Kg;DIVERS
13600111102;CHEESE BALLS;SACHET;30 BALLES;1 Kg;BISCUIT 
15600141401;Cheesse rings;SACHET;1 SACHET;1 Kg;DIVERS
15600142001;Cheesse rings en pcs;PIECE;1 PIECE;1 Kg;DIVERS
240;CHEMISE DE DOSSIER;PIECE;1 PIECE;0 Kg;DIVERS
13600154101;Chikito choco caramel;SACHET;1 SACHET;1 Kg;BISCUIT 
13600154102;Chikito choco caramel;CARTON;24 SACHET;1 Kg;BISCUIT 
13600154201;Chikito choco coco;SACHET;1 SACHET;1 Kg;BISCUIT 
13600154202;Chikito choco coco;CARTON;24 SACHET;1 Kg;BISCUIT 
13800193901;Chilli pop;SACHET ;1 SACHET ;1 Kg;BONBON
13800193902;Chilli pop;CARTON;12 SACHET ;1 Kg;BONBON
15600207101;Choco balls football veto;BOITE;1 BOITE;1 Kg;DIVERS
15600207102;Choco balls football veto;CARTON;48 BOITE;1 Kg;DIVERS
15600218901;Choco balls football veto Pcs;PIECE;1 PIECE;1 Kg;DIVERS
982;CHOCO BUTTERFLY;PAQUET;1 PAQUET;0 Kg;BONBON
971;CHOCO BUTTERFLY;SACHET;1 SACHET;0 Kg;CHOCOLAT
15600222201;choco cube bocal;BOITE;1 BOITE;1 Kg;DIVERS
995;CHOCO CUP;PIECE;1 PIECE;0 Kg;BONBON
994;CHOCO CUP;BOITE;150 PIECE;0 Kg;BONBON
15600134001;Choco mini balls;BOCAL;1 BOCAL;1 Kg;DIVERS
13800146101;Choco mini balls en piece;PIECE;1 PIECE;1 Kg;BONBON
13800212301;Choco minitella bocal ;BOCAL ;1 BOCAL ;1 Kg;BONBON
13800212302;Choco minitella bocal ;CARTON;24 BOCAL ;1 Kg;BONBON
13800093301;CHOCOLAT DUCREM;BOITES;1 BOITES;1 Kg;BONBON
13800093302;CHOCOLAT DUCREM;CARTON;16 BOITES;1 Kg;BONBON
13800268701;Chocolat euro gold bocal 125 pcs;BOCAL;1 BOCAL;1 Kg;BONBON
13800268702;Chocolat euro gold bocal 125 pcs;CARTON;16 BOCAL;1 Kg;BONBON
13600216701;Chocolat gaufrette 77 italiano au choco 65g;PIECE;1 PIECE;1 Kg;BISCUIT 
13600216702;Chocolat gaufrette 77 italiano au choco 65g;BOITE;24 PIECE;1 Kg;BISCUIT 
13600216703;Chocolat gaufrette 77 italiano au choco 65g;CARTON;6 BOITE;1 Kg;BISCUIT 
13600216601;Chocolat gaufrette 77 italiano au lait 65g;PIECE;1 PIECE;1 Kg;BISCUIT 
13600216602;Chocolat gaufrette 77 italiano au lait 65g;BOITE;24 PIECE;1 Kg;BISCUIT 
13600216603;Chocolat gaufrette 77 italiano au lait 65g;CARTON;6 BOITE;1 Kg;BISCUIT 
14700244901;Chocolat golden heart;BOCAL;1 BOCAL;1 Kg;CHOCOLAT
13800105101;CHOCOLAT MONTRE;SHT;1 SHT;1 Kg;BONBON
14700244401;Chocolat royce bocal*12;BOCAL;1 BOCAL;1 Kg;CHOCOLAT
14700244402;Chocolat royce bocal*12;CARTON;12 BOCAL;1 Kg;CHOCOLAT
778;CHOCOLAT TR?êS BON;BOCAL;1 BOCAL;0 Kg;CHOCOLAT
779;CHOCOLAT TR?êS BON;CARTON;12 BOCAL;0 Kg;CHOCOLAT
15600139101;Chocolate biscuit ;BOITE;1 BOITE;1 Kg;DIVERS
14700269401;Chocolate golden coin 200pcs;BOCAL;1 BOCAL;1 Kg;CHOCOLAT
15600189201;Chocolate pen 10g;BOITE;1 BOITE;1 Kg;DIVERS
15600189202;Chocolate pen 10g;CARTON;24 BOITE;1 Kg;DIVERS
13600096001;CIKIDAY 20G;BTS;1 BTS;1 Kg;BISCUIT 
13600096002;CIKIDAY 20G;CRT;6 BTS;1 Kg;BISCUIT 
717;CIMENT LUCKY;SAC;1 SAC;0 Kg;CIMENT
244;CIMENT WP;SAC;1 SAC;0 Kg;CIMENT
716;CIMENT WP;SAC;1 SAC;0 Kg;CIMENT
19600079901;CITRON 200G;PCE;1 PCE;1 Kg;SAVON
19600079902;CITRON 200G;CRT;30 PCE;1 Kg;SAVON
19600085601;CITRON FRAIS 200 GR;PIECES;1 PIECES;1 Kg;SAVON
19600085602;CITRON FRAIS 200 GR;CARTONS;30 PIECES;1 Kg;SAVON
19600105901;CITRON FRAIS BARRE 750G;BARRE;1 BARRE;1 Kg;SAVON
19600105902;CITRON FRAIS BARRE 750G;CARTON;12 BARRE;1 Kg;SAVON
19800255001;Citron frais barre 800gr;BARRE;1 BARRE;1 Kg;SAVON BARRE
19800255002;Citron frais barre 800gr;CARTON;16 BARRE;1 Kg;SAVON BARRE
19800079801;CITRON FRAIS BARRE 900GR;PCE;1 PCE;1 Kg;SAVON BARRE
19800079802;CITRON FRAIS BARRE 900GR;CRT;16 PCE;1 Kg;SAVON BARRE
31;CITRON PLUS;BARRE;1 BARRE;0 Kg;SAVON BARRE
30;CITRON PLUS;CARTON;16 BARRE;0 Kg;SAVON BARRE
257;CLASSICO GM;PAQUET;1 PAQUET;0 Kg;JUS
258;CLASSICO PM;PAQUET;1 PAQUET;0 Kg;JUS
225;CLE VACHETTE DOUBLE;BOITE;1 BOITE;0 Kg;DIVERS
13700143401;Coca cola canette 300ml;PIECE;1 PIECE;1 Kg;BOISSON
13700143402;Coca cola canette 300ml;PACQUET;6 PIECE;1 Kg;BOISSON
13700143403;Coca cola canette 300ml;CARTON;4 PACQUET;1 Kg;BOISSON
15600234501;Coca cola pet 1.5 en pcs;PIECE;1 PIECE;1 Kg;DIVERS
13700171701;Coca cola pet 1.5*6;PACQUET;1 PACQUET;1 Kg;BOISSON
13700253801;Coca cola pet 350CL en pcs;PIECE;1 PIECE;1 Kg;BOISSON
13700171801;Coca cola pet 350ml *12;PACQUET;1 PACQUET;1 Kg;BOISSON
13700230801;COCA COLA PET 50CL *12;PACQUET;1 PACQUET;1 Kg;BOISSON
13700144801;Cocacola 1.5L En piece;PIECE;1 PIECE;1 Kg;BOISSON
13700154501;Cocacola 50CL En piece;PIECE;1 PIECE;1 Kg;BOISSON
737;COLGAT  FORMULA;PIECE;1 PIECE;0 Kg;BROSSE A DENT
95;COLGAT  FORMULA;PAQUET;6 PIECE;1 Kg;BROSSE A DENT
15400118401;COLGATE & BROSSE DENT ANGOLA BLEU &ROUGE GM;PACQUET;1 PACQUET;1 Kg;DENTIFRICE
409;Colgate gm 100ml ;PIECE;1 PIECE;1 Kg;DENTIFRICE
15400027702;Colgate gm 100ml ;PACQUES;12 PIECE;1 Kg;DENTIFRICE
15400027703;Colgate gm 100ml ;CARTON;4 PACQUES;1 Kg;DENTIFRICE
15600232001;Colgate maximum cavity 100ml en pcs;PIECE;1 PIECE;1 Kg;DIVERS
15600230201;Colgate maximum cavity 100ml*72;PAQUET;1 PAQUET;1 Kg;DIVERS
15600230202;Colgate maximum cavity 100ml*72;CARTON;6 PAQUET;1 Kg;DIVERS
15600231801;Colgate maximum cavity 25ml en pcs;PIECE;1 PIECE;1 Kg;DIVERS
15600230101;Colgate maximum cavity 25ml*144;PAQUET;1 PAQUET;1 Kg;DIVERS
15600084901;Colgate pm 50ml ( 77g );PIECE;1 PIECE;1 Kg;DIVERS
15600084902;Colgate pm 50ml ( 77g );PACQUES;12 PIECE;1 Kg;DIVERS
15600084903;Colgate pm 50ml ( 77g );CARTON;6 PACQUES;1 Kg;DIVERS
1024;COLGATE SIGNALE;PIECE;1 PIECE;0 Kg;DIVERS
1023;COLGATE SIGNALE;PAQUET;12 PIECE;0 Kg;DIVERS
15400107701;COLGATE TOTAL PRO 75ML (100G);PCS;1 PCS;1 Kg;DENTIFRICE
15400107702;COLGATE TOTAL PRO 75ML (100G);PQT;12 PCS;1 Kg;DENTIFRICE
15400107703;COLGATE TOTAL PRO 75ML (100G);CRT;4 PQT;1 Kg;DENTIFRICE
15600255601;Colle Super glue 3g;PAQUET;1 PAQUET;1 Kg;DIVERS
13800195801;Colombina jumbo sucette 1250g;SACHET;1 SACHET;1 Kg;BONBON
237;COLORANT;PIECE;1 PIECE;0 Kg;DIVERS
15600273001;Colorant parfum nandi's chocolate;PIECE;1 PIECE;1 Kg;DIVERS
15600273002;Colorant parfum nandi's chocolate;PAQUET;12 PIECE;1 Kg;DIVERS
13800222101;Colorful jelly candy;BOCAL;1 BOCAL;1 Kg;BONBON
15100109101;CONFORT COUCHE ADULTE 6 XL10;PQT;1 PQT;1 Kg;COUCHE
15100109102;CONFORT COUCHE ADULTE 6 XL10;BALLE;6 PQT;1 Kg;COUCHE
573;Contre tout;SACHET;1 SACHET;0 Kg;DIVERS
572;Contre tout;SAC;40 SACHET;0 Kg;DIVERS
15500101701;CONVERT 180WATTS;PIECE;1 PIECE;1 Kg;DETERGENT
13600113801;COOKIE BE;SACHET;1 SACHET;1 Kg;BISCUIT 
63;COOL;SACHET;1 SACHET;0 Kg;SILL GUM
62;COOL;CARTON;30 SACHET;0 Kg;SILL GUM
15600074801;CORD N°03;RLX;1 RLX;1 Kg;DIVERS
204;CORDE N2;ROULEAUX;1 ROULEAUX;0 Kg;DIVERS
203;CORDE N4;ROULEAUX;1 ROULEAUX;0 Kg;DIVERS
202;CORDE N6;ROULEAUX;1 ROULEAUX;0 Kg;DIVERS
201;CORDE N8;ROULEAUX;1 ROULEAUX;0 Kg;DIVERS
15600171001;Corde n°10*8;ROULEAU;1 ROULEAU;1 Kg;DIVERS
15600272901;Corde n°12*6;ROULEAU;1 ROULEAU;1 Kg;DIVERS
15600215801;Corde n°2*50;ROULEAU;1 ROULEAU;1 Kg;DIVERS
15600215901;Corde n°3*48;ROULEAU;1 ROULEAU;1 Kg;DIVERS
15600171201;Corde n°4*36;ROULEAU;1 ROULEAU;1 Kg;DIVERS
15600171101;Corde n°6*14;ROULEAU;1 ROULEAU;1 Kg;DIVERS
15600171301;Corde n°8*10;ROULEAU;1 ROULEAU;1 Kg;DIVERS
15600141601;Corn puff;SACHET;1 SACHET;1 Kg;DIVERS
15600142101;Corn puff en pcs;PIECE;1 PIECE;1 Kg;DIVERS
34;CORRY GM;CARTON;1 CARTON;0 Kg;SAVON BARRE
427;CORRY PM;CARTON;1 CARTON;0 Kg;SAVON BARRE
15100177201;Couche bebeo culotte junior 5x28 n°5;PACQUET;1 PACQUET;1 Kg;COUCHE
15100177202;Couche bebeo culotte junior 5x28 n°5;BALLE;5 PACQUET;1 Kg;COUCHE
15100237701;Couche bebeo culotte junior 5x28 n°5 en sachet;PIECE;1 PIECE;1 Kg;COUCHE
15100237702;Couche bebeo culotte junior 5x28 n°5 en sachet;PAQUET;28 PIECE;1 Kg;COUCHE
15100219701;Couche bebeo culotte maxi 5x32 n°4;PAQUET ;1 PAQUET ;1 Kg;COUCHE
15100219702;Couche bebeo culotte maxi 5x32 n°4;BALLE;5 PAQUET ;1 Kg;COUCHE
15100177401;Couche bebeo culotte midi 5x36 n°3;PACQUET;1 PACQUET;1 Kg;COUCHE
15100177402;Couche bebeo culotte midi 5x36 n°3;BALLE;5 PACQUET;1 Kg;COUCHE
15100264101;Couche bebeo culotte midi n°3 en piece;PIECE;1 PIECE;1 Kg;COUCHE
15100264201;Couche bebeo midi N°2 en piece;PIECE;1 PIECE;1 Kg;COUCHE
15100165301;Couche bebeo N°2 mini 2x40 ;PACQUET;1 PACQUET;1 Kg;COUCHE
15100165302;Couche bebeo N°2 mini 2x40 ;BALLE;4 PACQUET;1 Kg;COUCHE
15100165201;Couche bebeo N°3 midi 4x36;PACQUET;1 PACQUET;1 Kg;COUCHE
15100165202;Couche bebeo N°3 midi 4x36;BALLE;4 PACQUET;1 Kg;COUCHE
15100183501;Couche bebeo N°4 maxi 4x32;PACQUET;1 PACQUET;1 Kg;COUCHE
15100183502;Couche bebeo N°4 maxi 4x32;BALLE;4 PACQUET;1 Kg;COUCHE
15100228601;Couche calinou maxi 4*32 n°4;PAQUET;1 PAQUET;1 Kg;COUCHE
15100228602;Couche calinou maxi 4*32 n°4;BALLE;4 PAQUET;1 Kg;COUCHE
15100228701;Couche calinou midi 4*36 n°3;PAQUET;1 PAQUET;1 Kg;COUCHE
15100228702;Couche calinou midi 4*36 n°3;BALLE;4 PAQUET;1 Kg;COUCHE
15100228801;Couche calinou mini 4*40 n°2;PAQUET;1 PAQUET;1 Kg;COUCHE
15100228802;Couche calinou mini 4*40 n°2;BALLE;4 PAQUET;1 Kg;COUCHE
15100106301;COUCHE CULOTTE SWEETY FIT PANTZ L1 MAXI;PIECE;1 PIECE;1 Kg;COUCHE
15100106302;COUCHE CULOTTE SWEETY FIT PANTZ L1 MAXI;PACQUET;6 PIECE;1 Kg;COUCHE
15100106601;COUCHE CULOTTE SWEETY FIT PANTZ L8 MAXI;PQT;1 PQT;1 Kg;COUCHE
15100106602;COUCHE CULOTTE SWEETY FIT PANTZ L8 MAXI;CRT;16 PQT;1 Kg;COUCHE
15100153401;Couche culotte sweety fit pantz m24;PACQUET;1 PACQUET;1 Kg;COUCHE
15100153402;Couche culotte sweety fit pantz m24;CARTON;12 PACQUET;1 Kg;COUCHE
15600210501;Couche mavis maxi 10;PAQUET;1 PAQUET;1 Kg;DIVERS
15600210502;Couche mavis maxi 10;BALLE;10 PAQUET;1 Kg;DIVERS
1150;COUCHE MOLFIX MINI;PAQUET;1 PAQUET;0 Kg;DIVERS
15600069602;COUCHE MOLFIX MINI;BALLE;10 PAQUET;1 Kg;DIVERS
15100165101;Couche molly maxi 4x32 n°4;PACQUET;1 PACQUET;1 Kg;COUCHE
15100165102;Couche molly maxi 4x32 n°4;BALLE;4 PACQUET;1 Kg;COUCHE
15100171501;Couche molly midi 4x36 n°3;PACQUET;1 PACQUET;1 Kg;COUCHE
15100171502;Couche molly midi 4x36 n°3;BALLE;4 PACQUET;1 Kg;COUCHE
15100171601;Couche molly mini 4x40 n°2;PACQUET;1 PACQUET;1 Kg;COUCHE
15100171602;Couche molly mini 4x40 n°2;BALLE;4 PACQUET;1 Kg;COUCHE
15100110001;COUCHE PAMPERS N°5 (5X30);PACQUET;1 PACQUET;1 Kg;COUCHE
1149;COUVERTURE VANILLE;PIECE;1 PIECE;0 Kg;DIVERS
13800247601;Cpp dice cartoon lollipop 15g;PAQUET;1 PAQUET;1 Kg;BONBON
13800247701;Cpp fruit  cartoon lollipop 15g;PAQUET;1 PAQUET;1 Kg;BONBON
13800247801;Cpp mixed shape lollipop 15g;PAQUET;1 PAQUET;1 Kg;BONBON
159;CRAIE BLANCHE;BOITE;1 BOITE;0 Kg;CRAIE
160;CRAIE COULEUR;BOITE;1 BOITE;0 Kg;DIVERS
15600202901;Craie hi blanche 100pcs ;BOITE;1 BOITE;1 Kg;DIVERS
15600202902;Craie hi blanche 100pcs ;CARTON;40 BOITE;1 Kg;DIVERS
15600202801;Craie hi couleur 100pcs;BOITE;1 BOITE;1 Kg;DIVERS
15600202802;Craie hi couleur 100pcs;CARTON;40 BOITE;1 Kg;DIVERS
15600221701;Craie reflex blanche;BOITE;1 BOITE;1 Kg;DIVERS
15600221702;Craie reflex blanche;CARTON;40 BOITE;1 Kg;DIVERS
15600221801;Craie reflex couleur;BOITE;1 BOITE;1 Kg;DIVERS
15600221802;Craie reflex couleur;CARTON;40 BOITE;1 Kg;DIVERS
13600263801;Cream biscuit tik tok 50g*10*10sht;SACHET;1 SACHET;1 Kg;BISCUIT 
13600263802;Cream biscuit tik tok 50g*10*10sht;CARTON;10 SACHET;1 Kg;BISCUIT 
13800248401;Cream biscuit tik tok 70g;SACHET;1 SACHET;1 Kg;BONBON
13800248402;Cream biscuit tik tok 70g;CARTON;3 SACHET;1 Kg;BONBON
13600201901;Cream wafer oye biscuits;BOITE;1 BOITE;1 Kg;BISCUIT 
13600201902;Cream wafer oye biscuits;CARTON;18 BOITE;1 Kg;BISCUIT 
15600208801;Creme mousquito dudu 70g;PIECE;1 PIECE;1 Kg;DIVERS
15600208802;Creme mousquito dudu 70g;PACQUET;12 PIECE;1 Kg;DIVERS
15600208803;Creme mousquito dudu 70g;CARTON;10 PACQUET;1 Kg;DIVERS
15600208901;Creme mousquito family care 70g;PIECE;1 PIECE;1 Kg;DIVERS
15600208902;Creme mousquito family care 70g;PAQUET;12 PIECE;1 Kg;DIVERS
15600208903;Creme mousquito family care 70g;CARTON;10 PAQUET;1 Kg;DIVERS
13600152001;Crispy cone dy coneo;BOCAL;1 BOCAL;1 Kg;BISCUIT 
13600152002;Crispy cone dy coneo;CARTON ;9 BOCAL;1 Kg;BISCUIT 
15600148401;Crispy cone en Piece;PIECE;1 PIECE;1 Kg;DIVERS
15600100201;Cristaline 1L;PQT;1 PQT;1 Kg;DIVERS
15600100301;Cristaline 2L ;PQT;1 PQT;1 Kg;DIVERS
15600150301;CRISTALINE 2L  EN PIECE;PIECE;1 PIECE;1 Kg;DIVERS
15600188701;Cristo;SACHET;1 SACHET;1 Kg;DIVERS
15600188702;Cristo;BALLE;20 SACHET;1 Kg;DIVERS
238;CROCHE N10;PIECE;1 PIECE;0 Kg;DIVERS
239;CROCHE N12;PIECE;1 PIECE;0 Kg;DIVERS
460;CROCHE N14;PIECE;1 PIECE;0 Kg;DIVERS
425;Croquette au fromage luxe;PIECE;1 PIECE;0 Kg;DIVERS
15600163301;Croquette au fromage luxe gm;PIECE;1 PIECE;1 Kg;DIVERS
15600197301;Crown light lollipop;BOITE;1 BOITE;1 Kg;DIVERS
15600197302;Crown light lollipop;CARTON;24 BOITE;1 Kg;DIVERS
19900149401;Crown rose 25g ;PACQUET;1 PACQUET;1 Kg;SAVONNETTE
19900149402;Crown rose 25g ;CARTON;12 PACQUET;1 Kg;SAVONNETTE
13800259401;Cube candy water bottle en bocal*275pcs;BOCAL;1 BOCAL;1 Kg;BONBON
13800259402;Cube candy water bottle en bocal*275pcs;CARTON;12 BOCAL;1 Kg;BONBON
13800209301;Cube pops choco bocal;BOCAL ;1 BOCAL ;1 Kg;BONBON
13800209302;Cube pops choco bocal;CARTON ;12 BOCAL ;1 Kg;BONBON
13800209901;Cube pops choco en pcs;PIECE;1 PIECE;1 Kg;BONBON
1012;CUIVETTE 45 D;PIECE;1 PIECE;0 Kg;DIVERS
1013;CUIVETTE BICOLRE;PIECE;1 PIECE;0 Kg;DIVERS
183;CURDENT;PAQUET;1 PAQUET;0 Kg;DIVERS
930;CUVETTE 45 GRAV MADAPLAST;PIECE;1 PIECE;0 Kg;DIVERS
482;CUVETTE 46 GRAVURE;PIECE;1 PIECE;0 Kg;DIVERS
710;CUVETTE 50 GRAVURE;PIECE;1 PIECE;0 Kg;DIVERS
493;CUVETTE 52 GRAV;PIECE;1 PIECE;0 Kg;DIVERS
974;CUVETTE 55 GRAVURE;PIECE;1 PIECE;0 Kg;DIVERS
975;CUVETTE B 40;PIECE;1 PIECE;0 Kg;DIVERS
568;CUVETTE BROUSSE;PIECE;1 PIECE;0 Kg;DIVERS
976;CUVETTE EAGLE 35 L;PIECE;1 PIECE;0 Kg;DIVERS
977;CUVETTE EAGLE 45 L;PIECE;1 PIECE;0 Kg;DIVERS
247;CUVETTE MN;PIECE;1 PIECE;0 Kg;DIVERS
932;CUVETTE OVALE;PIECE;1 PIECE;0 Kg;DIVERS
978;CUVETTE VAOLINE;PIECE;1 PIECE;0 Kg;DIVERS
13800231301;Dairy decker toffee bocal;BOCAL;1 BOCAL;1 Kg;BONBON
13800231302;Dairy decker toffee bocal;CARTON;8 BOCAL;1 Kg;BONBON
16900122901;Danica sweeetwhip;PIECE;1 PIECE;1 Kg;JUS
16900122902;Danica sweeetwhip;CARTON;12 PIECE;1 Kg;JUS
15600222701;Dantifrice ciptandent  75g en piece ;PIECE;1 PIECE;1 Kg;DIVERS
14100185401;Dantifrice ciptandent 30g;PACQUET;1 PACQUET;1 Kg;DIVERS
14100185402;Dantifrice ciptandent 30g;CARTON;12 PACQUET;1 Kg;DIVERS
15400222801;Dantifrice ciptandent 30g en piece;PIECE;1 PIECE;1 Kg;DENTIFRICE
15600185501;Dantifrice ciptandent 75g;PACQUET;1 PACQUET;1 Kg;DIVERS
15600185502;Dantifrice ciptandent 75g;CARTON;6 PACQUET;1 Kg;DIVERS
16900117101;DARBEL  MENTHE 100 CL;BOUTEILLE;1 BOUTEILLE;1 Kg;JUS
16900116801;DARBEL CITRON 100CL;BOUTEILLE;1 BOUTEILLE;1 Kg;JUS
16900116901;DARBEL FRAISE 100CL;BOUTEILLE;1 BOUTEILLE;1 Kg;JUS
16900117001;DARBEL GRENADINER 100 CL;BOUTEILLE;1 BOUTEILLE;1 Kg;JUS
16900117201;DARBEL ORANGE 100 CL;BOUTEILLE;1 BOUTEILLE;1 Kg;JUS
13800232101;Day&night balls kiddies 420g;BOITE;1 BOITE;1 Kg;BONBON
13800232102;Day&night balls kiddies 420g;CARTON;12 BOITE;1 Kg;BONBON
15600149301;Delice choco poudre 20g;PIECE;1 PIECE;1 Kg;DIVERS
14700115201;Delice chocolat poudre 200g*45;SACHET;1 SACHET;1 Kg;CHOCOLAT
14700115202;Delice chocolat poudre 200g*45;CATRON;45 SACHET;1 Kg;CHOCOLAT
15600187501;Delice chocolat poudre en bocal 400g;BOCAL;1 BOCAL;1 Kg;DIVERS
15600187502;Delice chocolat poudre en bocal 400g;CARTON;24 BOCAL;1 Kg;DIVERS
17300114301;DELICE LAIT 1KG;SACHET;1 SACHET;1 Kg;LAIT EN POUDRE
17300114302;DELICE LAIT 1KG;CARTON;8 SACHET;1 Kg;LAIT EN POUDRE
18900159101;Delice lait 20g ;PIECE;1 PIECE;1 Kg;POUDRE LAIT
18900159102;Delice lait 20g ;CARTON;252 PIECE;1 Kg;POUDRE LAIT
18900123601;DELICE LAIT 250G;SACHET;1 SACHET;1 Kg;POUDRE LAIT
18900123602;DELICE LAIT 250G;CARTON;32 SACHET;1 Kg;POUDRE LAIT
13600114201;DELICE LAIT 500G;SACHET;1 SACHET;1 Kg;BISCUIT 
13600114202;DELICE LAIT 500G;CARTON;16 SACHET;1 Kg;BISCUIT 
881;DELICHOCO;PIECE;1 PIECE;0 Kg;CHOCOLAT
516;DELICHOCO;CARTON;30 PIECE;0 Kg;CHOCOLAT
959;DELICIOUS CHIPS;SACHET;1 SACHET;0 Kg;BISCUIT 
1008;DELICIUOS CHIPS;PAQUET;1 PAQUET;0 Kg;DIVERS
15400268001;Dentifrice  dabur herb'l charcoal 140g;PAQUET;1 PAQUET;1 Kg;DENTIFRICE
15400268101;Dentifrice  dabur herb'l toothpast 140g mint;PAQUET;1 PAQUET;1 Kg;DENTIFRICE
15600234201;Dentifrice bosivo charcoal 100ml;PAQUET;1 PAQUET;1 Kg;DIVERS
15600234202;Dentifrice bosivo charcoal 100ml;CARTON;12 PAQUET;1 Kg;DIVERS
15600234901;Dentifrice bosivo charcoal 100ml En pcs;PIECE;1 PIECE;1 Kg;DIVERS
15400079701;Dentifrice Merielce 150G;PIECE;1 PIECE;1 Kg;DENTIFRICE
15400079702;Dentifrice Merielce 150G;PAQUET;6 PIECE;1 Kg;DENTIFRICE
15400079703;Dentifrice Merielce 150G;CARTON;12 PAQUET;1 Kg;DENTIFRICE
15600150401;Dentifrice SIGNAL en Piece;PIECE;1 PIECE;1 Kg;DIVERS
15400123101;DENTIFRICE SIGNAL vao2;PAQUET;1 PAQUET;1 Kg;DENTIFRICE
15600166601;Deo emotion aqua kiss;PIECE;1 PIECE;1 Kg;DIVERS
15600166501;Deo emotion love;PIECE;1 PIECE;1 Kg;DIVERS
15600228201;Deo emotion romance 200ml;PIECE;1 PIECE;1 Kg;DIVERS
15600261001;Deo emotion violet kiss;PIECE;1 PIECE;1 Kg;DIVERS
15600227901;Deo my ego apollo 200ml;PIECE;1 PIECE;1 Kg;DIVERS
15600228001;Deo my ego energy 200ml;PIECE;1 PIECE;1 Kg;DIVERS
15600228101;Deo my ego sport 200ml;PIECE;1 PIECE;1 Kg;DIVERS
13800197901;Dinosaur buble gum;BOCAL;1 BOCAL;1 Kg;BONBON
13800266001;Dinosaur cartoon lollipop*20;PAQUET;1 PAQUET;1 Kg;BONBON
13700126301;DJINO 35CL EN PCS;PIECE;1 PIECE;1 Kg;BOISSON
15100264601;Dolphin culotte twin maxi 5x30 n°4;PAQUET;1 PAQUET;1 Kg;COUCHE
15100264602;Dolphin culotte twin maxi 5x30 n°4;BALLE;5 PAQUET;1 Kg;COUCHE
264;DOMINO;PIECE;1 PIECE;0 Kg;DIVERS
738;DOMINO;PAQUET;12 PIECE;0 Kg;DIVERS
13800188901;Donuts lollipop 15g;BOCAL;1 BOCAL;1 Kg;BONBON
13800188902;Donuts lollipop 15g;CARTON;20 BOCAL;1 Kg;BONBON
15600212701;Double 7 seven 250ml;PIECE;1 PIECE;1 Kg;DIVERS
15600212702;Double 7 seven 250ml;PAQUET;6 PIECE;1 Kg;DIVERS
15600212703;Double 7 seven 250ml;CARTON;24 PAQUET;1 Kg;DIVERS
13800231401;Double koffee bocal 240pcs;BOCAL;1 BOCAL;1 Kg;BONBON
13800231402;Double koffee bocal 240pcs;CARTON;12 BOCAL;1 Kg;BONBON
13800231501;Double koffee en sachet;SACHET;1 SACHET;1 Kg;BONBON
13800231502;Double koffee en sachet;CARTON;40 SACHET;1 Kg;BONBON
13800248101;Double koffre veto (orizon cafe) en sht;SACHET;1 SACHET;1 Kg;BONBON
263;DOUE;PIECE;1 PIECE;0 Kg;DIVERS
16900155401;Drink Botle Candy;PACQUET;1 PACQUET;1 Kg;JUS
16900155402;Drink Botle Candy;CARTON;20 PACQUET;1 Kg;JUS
13800198901;Dum dum gum 16*48pcs;SACHET;1 SACHET;1 Kg;BONBON
13800198902;Dum dum gum 16*48pcs;CARTON;16 SACHET;1 Kg;BONBON
107;Durata r20 ( gm );BOITE;1 BOITE;0 Kg;PILE
106;Durata r20 ( gm );CARTON;24 BOITE;0 Kg;PILE
697;Durata r6  ( pm );BOITE;1 BOITE;0 Kg;PILE
696;Durata r6  ( pm );CARTON;50 BOITE;0 Kg;PILE
15600143901;Dynamic Lotte 250ml;PIECE;1 PIECE;1 Kg;DIVERS
15600143902;Dynamic Lotte 250ml;CARTON;30 PIECE;1 Kg;DIVERS
1129;EAU DE JAVEL;PIECE;1 PIECE;0 Kg;DIVERS
260;Eau vive 1,5L;PAQUET;1 PAQUET;0 Kg;DIVERS
15600086601;Eau vive 50 cL;PACQUES;1 PACQUES;1 Kg;DIVERS
15600125901;EAU VIVE GM EN PCS;PIECE;1 PIECE;1 Kg;DIVERS
15600126001;EAU VIVE PM EN PCS;PIECE;1 PIECE;1 Kg;DIVERS
529;ELASTIC;SACHET;1 SACHET;0 Kg;DIVERS
708;ELASTIC FLECHE;PIECE;1 PIECE;0 Kg;DIVERS
15600126501;ELASTIQUE  VOLO;SACHET ;1 SACHET ;1 Kg;DIVERS
15600147401;Elastique fleche circle original;SACHET;1 SACHET;1 Kg;DIVERS
15700210101;Elastique volo aigle pm;SACHET;1 SACHET;1 Kg;ENCAUSTIQUE
15700210102;Elastique volo aigle pm;BALLE;30 SACHET;1 Kg;ENCAUSTIQUE
210;ELBEBEK PM;PAQUET;1 PAQUET;0 Kg;DIVERS
269;ELO FOHY LUX;PIECE;1 PIECE;0 Kg;DIVERS
270;ELON JAZA;PIECE;1 PIECE;0 Kg;DIVERS
15600193501;Emballage - tsotra pm  (56*76);PIECE;1 PIECE;1 Kg;DIVERS
15600193502;Emballage - tsotra pm  (56*76);PACQUET;10 PIECE;1 Kg;DIVERS
15600193503;Emballage - tsotra pm  (56*76);RAM;500 PACQUET;1 Kg;DIVERS
1155;EMBALLANGE VANILLE;PIECE;1 PIECE;0 Kg;DIVERS
709;EMPOGEM-BOLA @PCE;PIECE;1 PIECE;0 Kg;DIVERS
15700175801;Encaustique tselatra acajou;PIECES;1 PIECES;1 Kg;ENCAUSTIQUE
15700175802;Encaustique tselatra acajou;CARTON;36 PIECES;1 Kg;ENCAUSTIQUE
15700175901;Encaustique tselatra jaune;PIECES;1 PIECES;1 Kg;ENCAUSTIQUE
15700175902;Encaustique tselatra jaune;CARTON;36 PIECES;1 Kg;ENCAUSTIQUE
15700176001;Encaustique tselatra neutre;PIECES;1 PIECES;1 Kg;ENCAUSTIQUE
15700176002;Encaustique tselatra neutre;CARTON;36 PIECES;1 Kg;ENCAUSTIQUE
15700176101;Encaustique tselatra spacial;PIECES;1 PIECES;1 Kg;ENCAUSTIQUE
15700176102;Encaustique tselatra spacial;CARTON;36 PIECES;1 Kg;ENCAUSTIQUE
459;Encostique jewel;PIECE;1 PIECE;0 Kg;DIVERS
15600030802;Encostique jewel;CARTON ;24 PIECE;1 Kg;DIVERS
15700146601;Encostique tsotra bois;PIECE;1 PIECE;1 Kg;ENCAUSTIQUE
15700146602;Encostique tsotra bois;CARTON;20 PIECE;1 Kg;ENCAUSTIQUE
15600103601;ENCOSTIQUE TSOTRA CIMENT;PIECE;1 PIECE;1 Kg;DIVERS
105;ENERGIE GM CRT;BOITE;1 BOITE;0 Kg;PILE
104;ENERGIE GM CRT;CARTON;24 BOITE;0 Kg;PILE
15600102601;ENVELLOPPE GRAND FORMAT;PACQUET;1 PACQUET;1 Kg;DIVERS
15800088301;Enveloppe officce 11x16;PACQUES;1 PACQUES;1 Kg;ENVELOPPE
15800088302;Enveloppe officce 11x16;BOITE;10 PACQUES;1 Kg;ENVELOPPE
15800133201;Enveloppes grand format A4;PACQUET;1 PACQUET;1 Kg;ENVELOPPE
15800133301;Enveloppes moyenne format A5;PACQUET;1 PACQUET;1 Kg;ENVELOPPE
15800212101;Enveloppes Nitro c6;PAQUET ;1 PAQUET ;1 Kg;ENVELOPPE
15800212102;Enveloppes Nitro c6;BOITE;5 PAQUET ;1 Kg;ENVELOPPE
15600215401;Enveloppes nitro format A5;PAQUET;1 PAQUET;1 Kg;DIVERS
15600215402;Enveloppes nitro format A5;BOITE;5 PAQUET;1 Kg;DIVERS
15600215301;Enveloppes nitro format c4;PAQUET;1 PAQUET;1 Kg;DIVERS
326;EPONGE VOLA;PIECE;1 PIECE;0 Kg;DIVERS
324;EQUER;PIECE;1 PIECE;0 Kg;DIVERS
15800125101;ESSUIT RENOVA JAUNE;PAQUET;1 PAQUET;1 Kg;ENVELOPPE
19600163101;EX-40 (Extra propre blanc 36mx);CARTON;1 CARTON;1 Kg;SAVON
19600163001;EX-65 (Extra propre maron 24mx);CARTON;1 CARTON;1 Kg;SAVON
15600115901;Expert prop'or liquide vaisselle 1l citron;PIECE;1 PIECE;1 Kg;DIVERS
15600115902;Expert prop'or liquide vaisselle 1l citron;CARTON;8 PIECE;1 Kg;DIVERS
19800200001;Extra propre barre citron 800g ;BARRE ;1 BARRE ;1 Kg;SAVON BARRE
19800200002;Extra propre barre citron 800g ;CARTON;12 BARRE ;1 Kg;SAVON BARRE
19600190001;Extra propre blanc 24pcs;CARTON;1 CARTON;1 Kg;SAVON
15500083701;Extra propre bleu [ citron ];PIECE;1 PIECE;1 Kg;DETERGENT
15500083702;Extra propre bleu [ citron ];CARTON;150 PIECE;1 Kg;DETERGENT
15600156901;Extra propre Citrus;CARTON;1 CARTON;1 Kg;DIVERS
15600220401;Extra propre Citrus En pcs;PIECE;1 PIECE;1 Kg;DIVERS
15600152601;Extra propre floral;CARTON;1 CARTON;1 Kg;DIVERS
15600207301;Extra propre liquide vaisselle 1L;PIECE;1 PIECE;1 Kg;DIVERS
15600207302;Extra propre liquide vaisselle 1L;PAQUET;10 PIECE;1 Kg;DIVERS
706;FACTURATION PM;PIECE;1 PIECE;0 Kg;DIVERS
329;FACTURE TSOTRA;PIECE;1 PIECE;0 Kg;DIVERS
15600084001;Famafa;PIECE;1 PIECE;1 Kg;DIVERS
15600128601;Famafa ASIE;PIECE;1 PIECE;1 Kg;DIVERS
15600134101;Famafa B11;PIECE;1 PIECE;1 Kg;DIVERS
15600271501;Famafa brosse dure;PIECE;1 PIECE;1 Kg;DIVERS
180;Famafa brosse ib;PIECE;1 PIECE;0 Kg;DIVERS
15600271601;Famafa ch besom 2235;PIECE;1 PIECE;1 Kg;DIVERS
15600271701;Famafa ch besom 9222;PIECE;1 PIECE;1 Kg;DIVERS
859;Famafa lux 812;PIECE;1 PIECE;0 Kg;DIVERS
15600190201;Famafa rasta 180g;PIECE;1 PIECE;1 Kg;DIVERS
15600190301;Famafa rasta 300g;PIECE;1 PIECE;1 Kg;DIVERS
15600271801;Famafa rasta ch cotton mop 180g;PIECE;1 PIECE;1 Kg;DIVERS
707;FANJAITRA GONY @ PCE;PIECE;1 PIECE;0 Kg;DIVERS
13700263301;Fanta ananas pet 1.5*6;PAQUET;1 PAQUET;1 Kg;BOISSON
13700263401;Fanta ananas pet 1.5*6 en pcs;PIECE;1 PIECE;1 Kg;BOISSON
13700263501;Fanta ananas pet 350ml;PAQUET;1 PAQUET;1 Kg;BOISSON
13700209001;Fanta orange canette 300ml*24;PIECE;1 PIECE;1 Kg;BOISSON
13700209002;Fanta orange canette 300ml*24;PAQUET;6 PIECE;1 Kg;BOISSON
13700209003;Fanta orange canette 300ml*24;CARTON;4 PAQUET;1 Kg;BOISSON
13700247401;Fanta Orange pet 1.5L en pcs;PIECE;1 PIECE;1 Kg;BOISSON
13700170201;Fanta orange pet 1.5L*6;PACQUET;1 PACQUET;1 Kg;BOISSON
13700170401;Fanta orange pet 350ml*12;PACQUET;1 PACQUET;1 Kg;BOISSON
13700198701;Fanta passion  1,5L en pcs;PIECE;1 PIECE;1 Kg;BOISSON
13700227701;Fanta passion pet 1.5L*6;PAQUET;1 PAQUET;1 Kg;BOISSON
13700259501;Fanta passion pet 350ml En pcs;PIECE;1 PIECE;1 Kg;BOISSON
13700227801;Fanta passion pet 350ml*12;PAQUET;1 PAQUET;1 Kg;BOISSON
13800194601;Fantastic flavoured;PACQUET;1 PACQUET;1 Kg;BONBON
13800194602;Fantastic flavoured;CARTON;20 PACQUET;1 Kg;BONBON
13800173901;Fantastic spray candy;PACQUET;1 PACQUET;1 Kg;BONBON
13800173902;Fantastic spray candy;CARTON;30 PACQUET;1 Kg;BONBON
1102;FARILAC;BOITE;1 BOITE;0 Kg;DIVERS
1101;FARILAC;CARTON;24 BOITE;0 Kg;DIVERS
15600159301;Farilac 400gr;BOITE;1 BOITE;1 Kg;DIVERS
15600159302;Farilac 400gr;CARTON;24 BOITE;1 Kg;DIVERS
15600223301;Farilac vanille 200g;SACHET;1 SACHET;1 Kg;DIVERS
15600223302;Farilac vanille 200g;CARTON;48 SACHET;1 Kg;DIVERS
15600223401;Farilac vanille 25g*100;PIECE;1 PIECE;1 Kg;DIVERS
15600223402;Farilac vanille 25g*100;PAQUET;10 PIECE;1 Kg;DIVERS
15600223403;Farilac vanille 25g*100;CARTON;100 PAQUET;1 Kg;DIVERS
15600223501;Farilac vanille 50g*120;PIECE;1 PIECE;1 Kg;DIVERS
15600223502;Farilac vanille 50g*120;PAQUET;12 PIECE;1 Kg;DIVERS
15600223503;Farilac vanille 50g*120;CARTON;120 PAQUET;1 Kg;DIVERS
16100132201;FARINE Barea 50Kg;SAC;1 SAC;1 Kg;FARINE
16100263201;Farine barea en sac 25kg;SAC;1 SAC;25 Kg;FARINE
16100105401;Farine _ lafarina  En Kg;1KG;1 1KG;1 Kg;FARINE
16100181301;Farine _ lafarina 25Kg;SAC;1 SAC;25 Kg;FARINE
16100105301;Farine _ lafarina 50Kg;SAC;1 SAC;1 Kg;FARINE
473;Fecule 500g;SACHET;1 SACHET;0 Kg;DIVERS
660;Fecule 500g;CARTON;30 SACHET;0 Kg;DIVERS
15600198201;Fengchipa opaobang;BOITE;1 BOITE;1 Kg;DIVERS
15600198202;Fengchipa opaobang;CARTON;20 BOITE;1 Kg;DIVERS
569;FERGO GM;SACHET;1 SACHET;0 Kg;DIVERS
570;FERGO GM;CARTON;6 SACHET;0 Kg;DIVERS
205;FIL ROUGE NOIR;ROULEAUX;1 ROULEAUX;0 Kg;DIVERS
13800189601;Finger pacifier 5g;PACQUET;1 PACQUET;1 Kg;BONBON
15600258301;Floor cleaner klin sol en btl rose 450ml;PIECE;1 PIECE;1 Kg;DIVERS
15600258302;Floor cleaner klin sol en btl rose 450ml;CARTON;12 PIECE;1 Kg;DIVERS
15600258201;Floor cleaner klin sol en btl vert 450ml;PIECE;1 PIECE;1 Kg;DIVERS
15600258202;Floor cleaner klin sol en btl vert 450ml;CARTON;12 PIECE;1 Kg;DIVERS
15600258001;Floor cleaner klin sol en btl violet 450ml;PIECE;1 PIECE;1 Kg;DIVERS
15600258002;Floor cleaner klin sol en btl violet 450ml;CARTON;12 PIECE;1 Kg;DIVERS
503;FOM;CARTON;1 CARTON;0 Kg;SAVON  EN POUDRE
18900134601;Fontera en Sac Rouge  25kg;SAC;1 SAC;1 Kg;POUDRE LAIT
15600197801;Football candy ;PAQUET;1 PAQUET;1 Kg;DIVERS
15600197802;Football candy ;CARTON;24 PAQUET;1 Kg;DIVERS
456;FORCHETTE LUX;PAQUET;1 PAQUET;0 Kg;DIVERS
15600217701;Fortune Coconut 1L;BOUTEILLE;1 BOUTEILLE;1 Kg;DIVERS
15600217601;Fortune vanille 1L;BOUTEILLE;1 BOUTEILLE;1 Kg;DIVERS
109;France coils jaune citron;PAQUET;1 PAQUET;0 Kg;MOSQUITO
108;France coils jaune citron;CARTON;60 PAQUET;0 Kg;MOSQUITO
854;FRESHA;PIECE;1 PIECE;0 Kg;DIVERS
14;FRESHA;CARTON;150 PIECE;0 Kg;DIVERS
719;FROMAGE LABANITA;BOITE;1 BOITE;0 Kg;DIVERS
718;FROMAGE LABANITA;CARTON;36 BOITE;0 Kg;DIVERS
13800233101;Frootola chocland;BOITE;1 BOITE;1 Kg;BONBON
13800233201;Frootola phone 4U;BOITE;1 BOITE;1 Kg;BONBON
13800268501;Fruit filled center candy 12 bocal;BOCAL;1 BOCAL;1 Kg;BONBON
13800108601;FRUTAS ACIDULADAS;BOCAL;1 BOCAL;1 Kg;BONBON
13800108602;FRUTAS ACIDULADAS;CRT;12 BOCAL;1 Kg;BONBON
13800161901;Frutas Acidulas en pieces;PIECES;1 PIECES;1 Kg;BONBON
113;Fumakila ;BOITE;1 BOITE;0 Kg;MOSQUITO
112;Fumakila ;CARTON;60 BOITE;0 Kg;MOSQUITO
15700070501;GADANA  GM;PIECE;1 PIECE;1 Kg;ENCAUSTIQUE
216;GADANA MOYENNE;PIECE;1 PIECE;0 Kg;DIVERS
15600072801;GAIN DE 8CM;PIECE;1 PIECE;1 Kg;DIVERS
832;GAINE 10CM/100G;PIECE;1 PIECE;0 Kg;DIVERS
839;GAINE 12CM/100GRAMME;PIECE;1 PIECE;0 Kg;DIVERS
833;GAINE 14CM/100G;PIECE;1 PIECE;0 Kg;DIVERS
834;GAINE 15CM/100G;PIECE;1 PIECE;0 Kg;DIVERS
489;GAINE 1KG;METRE;1 METRE;0 Kg;DIVERS
304;GAINE 1KG;ROULEAUX;15 METRE;0 Kg;DIVERS
305;GAINE 25 CM / 1/2 KG;PIECE;1 PIECE;0 Kg;DIVERS
836;GAINE 25CM/1KG;PIECE;1 PIECE;0 Kg;DIVERS
15600193001;Gaine 4cm / 260g;PIECE;1 PIECE;1 Kg;DIVERS
841;GAINE 4CM/100G;PIECE;1 PIECE;0 Kg;DIVERS
15600193101;Gaine 5cm / 260g;PIECE;1 PIECE;1 Kg;DIVERS
15600193201;Gaine 6cm / 260g;PIECE;1 PIECE;1 Kg;DIVERS
835;GAINE 6CM/100G;PIECE;1 PIECE;0 Kg;DIVERS
286;GAINE 80CM;ROULEAUX;1 ROULEAUX;0 Kg;DIVERS
451;GAINE PM 1000AR;PIECE;1 PIECE;0 Kg;DIVERS
13600164001;Galeti local;PACQUET;1 PACQUET;1 Kg;BISCUIT 
15600264701;Gas'care gel douche aqua energy 300ml;PIECE;1 PIECE;1 Kg;DIVERS
15600264702;Gas'care gel douche aqua energy 300ml;CARTON;12 PIECE;1 Kg;DIVERS
15600262501;Gas'care gel douche coco miel 300ml;PIECE;1 PIECE;1 Kg;DIVERS
15600262502;Gas'care gel douche coco miel 300ml;CARTON;12 PIECE;1 Kg;DIVERS
15600264801;Gas'care gel douche passion 300ml;PIECE;1 PIECE;1 Kg;DIVERS
15600264802;Gas'care gel douche passion 300ml;CARTON;12 PIECE;1 Kg;DIVERS
984;GERCAN VIDE;PIECE;1 PIECE;0 Kg;DIVERS
15600198001;Gira lengua candy;PAQUET;1 PAQUET;1 Kg;DIVERS
15600198002;Gira lengua candy;CARTON;24 PAQUET;1 Kg;DIVERS
36;GIV;PAQUET;1 PAQUET;0 Kg;SAVON
535;GIV;CARTON;12 PAQUET;0 Kg;SAVON
694;GLACIER 13L;PIECE;1 PIECE;0 Kg;DIVERS
695;GLACIER 16  PM;PIECE;1 PIECE;0 Kg;DIVERS
693;GLACIERE 24L;PIECE;1 PIECE;0 Kg;DIVERS
13800081801;GLASS EN PCE;PCE;1 PCE;1 Kg;BONBON
13600169101;Global cracker tub ranch 227g;BOITE;1 BOITE;1 Kg;BISCUIT 
13600169201;Global cracker tub vegetable 227g ;BOITE;1 BOITE;1 Kg;BISCUIT 
13600251401;Glucose coconut pm 30pcs;SACHET;1 SACHET;1 Kg;BISCUIT 
13600251402;Glucose coconut pm 30pcs;CARTON;8 SACHET;1 Kg;BISCUIT 
86;GLUCOSE PM;SACHET;1 SACHET;0 Kg;BONBON
85;GLUCOSE PM;CARTON;10 SACHET;0 Kg;BONBON
13600147201;Glucose pm ( malt'n'milk );SACHET;1 SACHET;1 Kg;BISCUIT 
13600147202;Glucose pm ( malt'n'milk );CARTON;10 SACHET;1 Kg;BISCUIT 
13600177701;Glucose pm [ angry bid ];SACHET;1 SACHET;1 Kg;BISCUIT 
13600177702;Glucose pm [ angry bid ];CARTON;10 SACHET;1 Kg;BISCUIT 
13600182601;Glucose pm [ Superman ];SACHET;1 SACHET;1 Kg;BISCUIT 
13600182602;Glucose pm [ Superman ];CARTON;10 SACHET;1 Kg;BISCUIT 
13600194501;Glucose pm [assorted];SACHET;1 SACHET;1 Kg;BISCUIT 
13600194502;Glucose pm [assorted];CARTON;10 SACHET;1 Kg;BISCUIT 
13800209201;Gofrette swiss wafer;PIECE;1 PIECE;1 Kg;BONBON
13800209202;Gofrette swiss wafer;CARTON;36 PIECE;1 Kg;BONBON
13600157001;Gofrety 8 (gm);SACHET;1 SACHET;1 Kg;BISCUIT 
13600157002;Gofrety 8 (gm);CARTON;12 SACHET;1 Kg;BISCUIT 
13600154301;Gofrety ass pm;SACHET;1 SACHET;1 Kg;BISCUIT 
13600154302;Gofrety ass pm;CARTON;16 SACHET;1 Kg;BISCUIT 
13800113701;GOLDEN COIN CHOCOLAT CAR JAR;BOITE;1 BOITE;1 Kg;BONBON
15600210901;Goldy curly boucles parfaites;PAQUET;1 PAQUET;1 Kg;DIVERS
15600210902;Goldy curly boucles parfaites;BALLE;10 PAQUET;1 Kg;DIVERS
15600211001;Goldy plaquage volo;PAQUET;1 PAQUET;1 Kg;DIVERS
15600211002;Goldy plaquage volo;BALLE;10 PAQUET;1 Kg;DIVERS
15600211101;Goldy serum volo ginseng;PAQUET;1 PAQUET;1 Kg;DIVERS
15600211201;Goldy shampooing anti-pelliculaire;PAQUET;1 PAQUET;1 Kg;DIVERS
15600211202;Goldy shampooing anti-pelliculaire;BALLE;10 PAQUET;1 Kg;DIVERS
14100118501;GOLGATE & BROSSE DENT ANGOLA BLEU PM;PACQUET;1 PACQUET;1 Kg;BROSSE A DENT
14100118502;GOLGATE & BROSSE DENT ANGOLA BLEU PM;CARTON;12 PACQUET;1 Kg;BROSSE A DENT
15600155001;Gomas de Mascar;PACQUET;1 PACQUET;1 Kg;DIVERS
15600155002;Gomas de Mascar;CARTON;1 PACQUET;1 Kg;DIVERS
13600122401;Gouty 6 BEURRE pm;SACHET;1 SACHET;1 Kg;BOISSON
13600122402;Gouty 6 BEURRE pm;CARTON;12 SACHET;1 Kg;BOISSON
13600133801;Gouty 6 LAIT pm;SACHET;1 SACHET;1 Kg;BISCUIT 
13600133802;Gouty 6 LAIT pm;CARTON;12 SACHET;1 Kg;BISCUIT 
82;Gouty beurre gm;SACHET;1 SACHET;0 Kg;BISCUIT 
81;Gouty beurre gm;CARTON;7 SACHET;0 Kg;BISCUIT 
13600129701;Gouty biscuit complet;SACHET;1 SACHET;1 Kg;BISCUIT 
13600129702;Gouty biscuit complet;CARTON;6 SACHET;1 Kg;BISCUIT 
13600132401;Gouty biscuit complet En Pcs;PIECE;1 PIECE;1 Kg;BISCUIT 
13600223901;Gouty choco coco*6x10;SACHET;1 SACHET;1 Kg;BISCUIT 
13600223902;Gouty choco coco*6x10;CARTON;6 SACHET;1 Kg;BISCUIT 
13600089301;GOUTY COOKIES;SHT;1 SHT;1 Kg;BISCUIT 
13600089302;GOUTY COOKIES;CARTON;6 SHT;1 Kg;BISCUIT 
13600162001;GOUTY COOKIES EN PIECES;PIECES;1 PIECES;1 Kg;BISCUIT 
13600115601;GOUTY DOR 12 GM ;SACHET;1 SACHET;1 Kg;BISCUIT 
13600115602;GOUTY DOR 12 GM ;CARTON;8 SACHET;1 Kg;BISCUIT 
13600071001;Gouty dor 6 ;PTQ;1 PTQ;1 Kg;BISCUIT 
13600071002;Gouty dor 6 ;CRT;18 PTQ;1 Kg;BISCUIT 
15600073201;GOUTY GRANDI +6;PACQUET;1 PACQUET;1 Kg;DIVERS
15600073202;GOUTY GRANDI +6;CARTON;17 PACQUET;5 Kg;DIVERS
13600220001;Gouty la galette ;SACHET;1 SACHET;1 Kg;BISCUIT 
13600220002;Gouty la galette ;CARTON;20 SACHET;1 Kg;BISCUIT 
13600130101;Gouty Lait gm;SACHET;1 SACHET;1 Kg;BISCUIT 
13600130102;Gouty Lait gm;CARTON;7 SACHET;1 Kg;BISCUIT 
15600082201;GOUTY MADELEINE;PCS;1 PCS;1 Kg;DIVERS
15600082202;GOUTY MADELEINE;SHT;10 PCS;1 Kg;DIVERS
15600082203;GOUTY MADELEINE;CRT;3 SHT;1 Kg;DIVERS
13600122501;GOUTY PETITS SABLES;SACHET;1 SACHET;1 Kg;BISCUIT 
13600122502;GOUTY PETITS SABLES;BALLE;4 SACHET;1 Kg;BISCUIT 
13600122601;GOUTY PETITS SABLES EN PCS;PIECE;1 PIECE;1 Kg;BISCUIT 
13600223201;Gouty sable beurre *cococ *12;SACHET;1 SACHET;1 Kg;BISCUIT 
13600223202;Gouty sable beurre *cococ *12;CARTON;8 SACHET;1 Kg;BISCUIT 
13600245801;Gouty sablé coco pm;SACHET;1 SACHET;1 Kg;BISCUIT 
13600245802;Gouty sablé coco pm;CARTON;8 SACHET;1 Kg;BISCUIT 
15900151101;Gros poid 50kg ( vao ) ;SAC;1 SAC;1 Kg;ENZOY
15900121201;GROS POIDS EN KAPOAKA;KPK;1 KPK;1 Kg;ENZOY
13800189301;Gun candy 3.5g;PACQUET;1 PACQUET;1 Kg;BONBON
13800189302;Gun candy 3.5g;CARTON;24 PACQUET;1 Kg;BONBON
19500262901;Haday signature oyster sauce 550g ;PIECE;1 PIECE;1 Kg;SAUCE
19500262902;Haday signature oyster sauce 550g ;CARTON;12 PIECE;1 Kg;SAUCE
78;HAPPY;SACHET;1 SACHET;0 Kg;BISCUIT 
77;HAPPY;CARTON;15 SACHET;0 Kg;BISCUIT 
862;HAYLA;SAC;1 SAC;0 Kg;MACARONI
1000;HENA MAMASOA;PIECE;1 PIECE;0 Kg;DIVERS
785;HENA MAMASOA;SACHET;48 PIECE;0 Kg;DIVERS
784;HENA MAMASOA;SAC;48 SACHET;0 Kg;DIVERS
773;HERBAL;PAQUET;1 PAQUET;0 Kg;DENTIFRICE
758;HERBAL;CARTON;24 PAQUET;0 Kg;DENTIFRICE
14700182701;Hoho big sticks;BOCAL;1 BOCAL;1 Kg;CHOCOLAT
14700182702;Hoho big sticks;CARTON;20 BOCAL;1 Kg;CHOCOLAT
411;HUILE  importer 20L;JERYCAN;1 JERYCAN;1 Kg;HUILE ALIMENTAIRE
16600210001;Huile caste evita 2L;PIECE;1 PIECE;1 Kg;HUILE ALIMENTAIRE
16600210002;Huile caste evita 2L;CARTON;6 PIECE;1 Kg;HUILE ALIMENTAIRE
444;HUILE CASTE SUNNY;PIECE;1 PIECE;0 Kg;DIVERS
495;HUILE CASTE SUNNY;CARTON;12 PIECE;0 Kg;DIVERS
16700171401;Huile coco samba;JERYCAN;1 JERYCAN;1 Kg;HUILE HYGIENIQUE
16700102701;Huile coco tsara 5L;JER;1 JER;1 Kg;HUILE HYGIENIQUE
16600236001;Huile d'olive orkide 1L;BOUTEIL;1 BOUTEIL;1 Kg;HUILE ALIMENTAIRE
16600236002;Huile d'olive orkide 1L;CARTON;12 BOUTEIL;1 Kg;HUILE ALIMENTAIRE
16600236101;Huile d'olive orkide 500ml;BOUTEIL;1 BOUTEIL;1 Kg;HUILE ALIMENTAIRE
16600236102;Huile d'olive orkide 500ml;CARTON;24 BOUTEIL;1 Kg;HUILE ALIMENTAIRE
16600169801;Huile de soja Elvia 1L;PIECE;1 PIECE;1 Kg;HUILE ALIMENTAIRE
16600169802;Huile de soja Elvia 1L;CARTON;12 PIECE;1 Kg;HUILE ALIMENTAIRE
16600138901;Huile de soja Hina 0.5L;PIECE;1 PIECE;1 Kg;HUILE ALIMENTAIRE
16600138902;Huile de soja Hina 0.5L;CARTON;12 PIECE;1 Kg;HUILE ALIMENTAIRE
1087;Huile de soja Hina 1L;PIECE;1 PIECE;0 Kg;DIVERS
1086;Huile de soja Hina 1L;CARTON;12 PIECE;0 Kg;DIVERS
16600247201;Huile de tournesol lafatra 1l;PIECE;1 PIECE;1 Kg;HUILE ALIMENTAIRE
16600247202;Huile de tournesol lafatra 1l;CARTON;12 PIECE;1 Kg;HUILE ALIMENTAIRE
16600224201;Huile de tournesol oscar 1L;PIECE;1 PIECE;1 Kg;HUILE ALIMENTAIRE
16600224202;Huile de tournesol oscar 1L;CARTON;12 PIECE;1 Kg;HUILE ALIMENTAIRE
16600183901;Huile ELVIA  importer 10L;JERYCAN;1 JERYCAN;1 Kg;HUILE ALIMENTAIRE
16600148501;Huile evita 250cl;PIECE;1 PIECE;1 Kg;HUILE ALIMENTAIRE
16600148502;Huile evita 250cl;CARTON;48 PIECE;1 Kg;HUILE ALIMENTAIRE
16600077501;Huile rajah en jerycan 20L;JERYCAN;1 JERYCAN;1 Kg;HUILE ALIMENTAIRE
16600259601;HUILE RAJAH JERYCAN 20L;JERYCAN;1 JERYCAN;1 Kg;HUILE ALIMENTAIRE
16600259701;HUILE RAJAH LITRE ;LITRE;1 LITRE;1 Kg;HUILE ALIMENTAIRE
16600115501;HUILE TOURNESOL 1L;PIECE;1 PIECE;1 Kg;HUILE ALIMENTAIRE
16600115502;HUILE TOURNESOL 1L;CATON;15 PIECE;1 Kg;HUILE ALIMENTAIRE
16600140401;Huile tournesol Coeur d'or  1L;PIECE;1 PIECE;1 Kg;HUILE ALIMENTAIRE
16600140402;Huile tournesol Coeur d'or  1L;CARTON;12 PIECE;1 Kg;HUILE ALIMENTAIRE
16600210201;Huile tournesol lusso 1L;PIECE;1 PIECE;1 Kg;HUILE ALIMENTAIRE
16600210202;Huile tournesol lusso 1L;CARTON;12 PIECE;1 Kg;HUILE ALIMENTAIRE
16600169501;Huile tournesol sunlife 1L;PIECE;1 PIECE;1 Kg;HUILE ALIMENTAIRE
16600169502;Huile tournesol sunlife 1L;CARTON;12 PIECE;1 Kg;HUILE ALIMENTAIRE
1022;HUILLE COCO;BIDON;1 BIDON;0 Kg;DIVERS
15600060702;HUILLE COCO;CRT;4 BIDON;1 Kg;DIVERS
16600124901;HUILLE RAJAH  En litre ;LITRE;1 LITRE;1 Kg;HUILE ALIMENTAIRE
16600115401;HUILLE TOURNESOL 5L;PIECE;1 PIECE;1 Kg;HUILE ALIMENTAIRE
15600080001;HUILOR EN CASTE;PCE;1 PCE;1 Kg;DIVERS
15600080002;HUILOR EN CASTE;CRT;15 PCE;1 Kg;DIVERS
13800233001;Ice Cream lollipop coloful 8g;BOITE;1 BOITE;1 Kg;BONBON
13800270601;Ice cream sorbetes marshamallow 3g;SACHET;1 SACHET;1 Kg;BONBON
13800185601;Ice pop drinks [ jus bocal ];BOCAL;1 BOCAL;1 Kg;BONBON
13800185602;Ice pop drinks [ jus bocal ];CARTON ;12 BOCAL;1 Kg;BONBON
13800075201;ICE SWEET;SHT;1 SHT;1 Kg;BONBON
15600249301;Impec vaisselle_fleur de cerisier maxi 1L;PIECE;1 PIECE;1 Kg;DIVERS
15600249302;Impec vaisselle_fleur de cerisier maxi 1L;CARTON;12 PIECE;1 Kg;DIVERS
15600249401;Impec vaisselle_menthe citron maxi 1L;PIECE;1 PIECE;1 Kg;DIVERS
15600249402;Impec vaisselle_menthe citron maxi 1L;CARTON;12 PIECE;1 Kg;DIVERS
15600249501;Impec vaisselle_pomme raisin maxi 1L;PIECE;1 PIECE;1 Kg;DIVERS
15600249502;Impec vaisselle_pomme raisin maxi 1L;CARTON;12 PIECE;1 Kg;DIVERS
15600240901;Impect gel wc bleu marine 500ml;PIECE;1 PIECE;1 Kg;DIVERS
15600241001;Impect gel wc floral 500ml;PIECE;1 PIECE;1 Kg;DIVERS
15600241101;Impect gel wc pin vert 500ml;PIECE;1 PIECE;1 Kg;DIVERS
15600124101;IMPECT NETTOYANT DESINFECTANT SOL 1L;PIECE;1 PIECE;1 Kg;DIVERS
15600262601;Impect vaisselle assorti midi 500ml;PIECE;1 PIECE;1 Kg;DIVERS
15600262602;Impect vaisselle assorti midi 500ml;CARTON;12 PIECE;1 Kg;DIVERS
15600225001;Insecticide attack multi propose;PIECE;1 PIECE;1 Kg;DIVERS
15600225002;Insecticide attack multi propose;BOITE;12 PIECE;1 Kg;DIVERS
15600225003;Insecticide attack multi propose;CARTON;4 BOITE;1 Kg;DIVERS
15600262201;Insecticide prochitox 300ml;PIECE;1 PIECE;1 Kg;DIVERS
15600262202;Insecticide prochitox 300ml;CARTON;24 PIECE;1 Kg;DIVERS
15600262301;Insecticide prochitox 600ml;PIECE;1 PIECE;1 Kg;DIVERS
15600262302;Insecticide prochitox 600ml;CARTON;24 PIECE;1 Kg;DIVERS
593;JABA;PAQUET;1 PAQUET;0 Kg;DIVERS
592;JABA;CARTON;8 PAQUET;0 Kg;DIVERS
15600218501;JABA CUBE POULET*24;PAQUET;1 PAQUET;1 Kg;DIVERS
15600218502;JABA CUBE POULET*24;CARTON;24 PAQUET;1 Kg;DIVERS
15600156001;Jaba cube Viande*24;PACQUET;1 PACQUET;1 Kg;DIVERS
15600156002;Jaba cube Viande*24;CARTON;24 PACQUET;1 Kg;DIVERS
15600155901;Jaba spice @ Bocal;PIECE;1 PIECE;1 Kg;DIVERS
15600155902;Jaba spice @ Bocal;PACQUET;4 PIECE;1 Kg;DIVERS
15600156101;Jaba viande vao;PACQUET;1 PACQUET;1 Kg;DIVERS
15600156102;Jaba viande vao;CARTON;8 PACQUET;1 Kg;DIVERS
15600166101;Jadida 1kg;BOITE;1 BOITE;1 Kg;DIVERS
15600166102;Jadida 1kg;CARTON;6 BOITE;1 Kg;DIVERS
15600166301;Jadida 2.5Kg;BOITE;1 BOITE;1 Kg;DIVERS
15600166302;Jadida 2.5Kg;CARTON ;4 BOITE;1 Kg;DIVERS
15600117401;JADIDA 2.5KG VAOVAO;BOITE;1 BOITE;1 Kg;DIVERS
15600117402;JADIDA 2.5KG VAOVAO;CARTON;4 BOITE;1 Kg;DIVERS
606;Jadida 250g ;PIECE;1 PIECE;0 Kg;DIVERS
605;Jadida 250g ;CARTON;16 PIECE;0 Kg;DIVERS
15600166201;Jadida 450g;BOITE;1 BOITE;1 Kg;DIVERS
15600166202;Jadida 450g;CARTON ;12 BOITE;1 Kg;DIVERS
15600197201;Jelly bean ;BOITE;1 BOITE;1 Kg;DIVERS
15600197202;Jelly bean ;CARTON;12 BOITE;1 Kg;DIVERS
13800202401;Jelly cup;SACHET;1 SACHET;1 Kg;BONBON
13800202402;Jelly cup;CARTON;12 SACHET;1 Kg;BONBON
13800224001;Jelly double eye 3d;BOCAL;1 BOCAL;1 Kg;BONBON
13800224002;Jelly double eye 3d;CARTON;12 BOCAL;1 Kg;BONBON
13800269301;Jelly fruit bocal 35*50g;BOCAL;1 BOCAL;1 Kg;BONBON
16900108201;Jelly fruit en bocal 3g*30pcs ;BOCAL;1 BOCAL;1 Kg;JUS
16900108202;Jelly fruit en bocal 3g*30pcs ;CRT;6 BOCAL;1 Kg;JUS
13800267701;Jelly fruit jus en bocal 3g*30pcs;BOCAL;1 BOCAL;1 Kg;BONBON
13800267702;Jelly fruit jus en bocal 3g*30pcs;CARTON;6 BOCAL;1 Kg;BONBON
15600269501;Jelly microphene en bocal 20*32g;BOCAL;1 BOCAL;1 Kg;DIVERS
16900099601;JELLY STICK;SACHET;1 SACHET;1 Kg;JUS
16900099602;JELLY STICK;CRT;6 SACHET;1 Kg;JUS
485;JOGY;PIECE;1 PIECE;0 Kg;DIVERS
15600089901;Jolly jus 6*72;PACQUET;1 PACQUET;1 Kg;DIVERS
15600089902;Jolly jus 6*72;CARTON;6 PACQUET;1 Kg;DIVERS
16900238301;Jolly jus pm 6*40;PAQUET;1 PAQUET;1 Kg;JUS
16900238302;Jolly jus pm 6*40;CARTON;6 PAQUET;1 Kg;JUS
71;JUM PM;SACHET;1 SACHET;0 Kg;BISCUIT 
70;JUM PM;CARTON;6 SACHET;0 Kg;BISCUIT 
631;JUMBO POULET;BOITE;1 BOITE;0 Kg;DIVERS
632;JUMBO POULET;CARTON;24 BOITE;0 Kg;DIVERS
915;Jumbo viande;BTE;1 BTE;1 Kg;DIVERS
914;Jumbo viande;CARTON;24 BTE;0 Kg;DIVERS
15600256701;Jumbo vovony poulet en sht*8g;PIECE;1 PIECE;1 Kg;DIVERS
15600256702;Jumbo vovony poulet en sht*8g;PAQUET;10 PIECE;1 Kg;DIVERS
15600256703;Jumbo vovony poulet en sht*8g;CARTON;40 PAQUET;1 Kg;DIVERS
67;JUMP GM;SACHET;1 SACHET;0 Kg;BISCUIT 
66;JUMP GM;BALLES;3 SACHET;1 Kg;BISCUIT 
13600074701;JUMP PM;SHT;1 SHT;1 Kg;BISCUIT 
13800234001;Jus briquet lighter spray candy;BOITE;1 BOITE;1 Kg;BONBON
13800234002;Jus briquet lighter spray candy;CARTON;16 BOITE;1 Kg;BONBON
13700259801;Jus canette caprice bba 33cl;PIECE;1 PIECE;1 Kg;BOISSON
13700259802;Jus canette caprice bba 33cl;PAQUET;24 PIECE;1 Kg;BOISSON
13700259901;Jus canette caprice Orange 33cl;PIECE;1 PIECE;1 Kg;BOISSON
13700259902;Jus canette caprice Orange 33cl;PAQUET;24 PIECE;1 Kg;BOISSON
16900153501;JUS COCKTAIL GOLDEN;BOITE;1 BOITE;1 Kg;JUS
16900153502;JUS COCKTAIL GOLDEN;CARTON;12 BOITE;1 Kg;JUS
16900153503;JUS COCKTAIL GOLDEN;BALLE;2 CARTON;1 Kg;JUS
15600202301;Jus en boite toffee jelly;BOITE;1 BOITE;1 Kg;DIVERS
16900229101;Jus faragello cocktail 200ml;PIECE;1 PIECE;1 Kg;JUS
16900229201;Jus faragello guava 200ml;PIECE;1 PIECE;1 Kg;JUS
16900229202;Jus faragello guava 200ml;CARTON;27 PIECE;1 Kg;JUS
16900229001;Jus faragello mangue 200ml;PIECE;1 PIECE;1 Kg;JUS
16900229301;Jus faragello pomme 200ml;PIECE;1 PIECE;1 Kg;JUS
16900153601;JUS FRAISE GOLDEN;BOITE;1 BOITE;1 Kg;JUS
16900153602;JUS FRAISE GOLDEN;CARTON;12 BOITE;1 Kg;JUS
16900153603;JUS FRAISE GOLDEN;BALLE;2 CARTON;1 Kg;JUS
16900151301;Jus golden cocktail;BOITE;1 BOITE;1 Kg;JUS
16900151302;Jus golden cocktail;CARTON;12 BOITE;1 Kg;JUS
16900151303;Jus golden cocktail;BALLE;2 CARTON;1 Kg;JUS
16900151401;Jus golden coconut;BOITE;1 BOITE;1 Kg;JUS
16900151402;Jus golden coconut;CARTON;12 BOITE;1 Kg;JUS
16900151403;Jus golden coconut;BALLE;2 CARTON;1 Kg;JUS
16900151501;Jus golden fraise;BOITE;1 BOITE;1 Kg;JUS
16900151502;Jus golden fraise;CARTON;12 BOITE;1 Kg;JUS
16900151503;Jus golden fraise;BALLE;2 CARTON;1 Kg;JUS
16900151601;Jus golden lemon;BOITE;1 BOITE;1 Kg;JUS
16900151602;Jus golden lemon;CARTON;12 BOITE;1 Kg;JUS
16900151603;Jus golden lemon;BALLE;2 CARTON;1 Kg;JUS
16900151801;Jus golden orange;BOITE;1 BOITE;1 Kg;JUS
16900151802;Jus golden orange;CARTON;12 BOITE;1 Kg;JUS
16900151803;Jus golden orange;BALLE;2 CARTON;1 Kg;JUS
16900151701;Jus golden pineaple;BOITE;1 BOITE;1 Kg;JUS
16900151702;Jus golden pineaple;CARTON;12 BOITE;1 Kg;JUS
16900151703;Jus golden pineaple;BALLE;2 CARTON;1 Kg;JUS
16900133401;Jus le fruit the;PIECE;1 PIECE;1 Kg;JUS
16900153701;JUS LEMON GOLDEN ;BOITE;1 BOITE;1 Kg;JUS
16900153702;JUS LEMON GOLDEN ;CARTON;12 BOITE;1 Kg;JUS
16900153703;JUS LEMON GOLDEN ;BALLE;2 CARTON;1 Kg;JUS
1049;JUS LOLLY;SACHET;1 SACHET;0 Kg;DIVERS
16900188401;Jus mina ananas;BOITE;1 BOITE;1 Kg;JUS
16900188402;Jus mina ananas;CARTON;24 BOITE;1 Kg;JUS
16900199401;Jus mina banane;BOITE ;1 BOITE ;1 Kg;JUS
16900199402;Jus mina banane;CARTON;24 BOITE ;1 Kg;JUS
16800188101;Jus mina cocktail;BOITE;1 BOITE;1 Kg;JUS
16800188102;Jus mina cocktail;CARTON;24 BOITE;1 Kg;JUS
16900236401;Jus mina Coco;BOITE;1 BOITE;1 Kg;JUS
16900236402;Jus mina Coco;CARTON;24 BOITE;1 Kg;JUS
16900188201;Jus mina cola;BOITE;1 BOITE;1 Kg;JUS
16900188202;Jus mina cola;CARTON;24 BOITE;1 Kg;JUS
235;Jus mina fraise;BOITE;1 BOITE;1 Kg;JUS
16900014402;Jus mina fraise;CARTON;24 BOITE;1 Kg;JUS
16900199301;Jus mina lemon ;BOITE ;1 BOITE ;1 Kg;JUS
16900199302;Jus mina lemon ;CARTON;24 BOITE ;1 Kg;JUS
16900199501;Jus mina menthe;BOITE ;1 BOITE ;1 Kg;JUS
16900199502;Jus mina menthe;CARTON;24 BOITE ;1 Kg;JUS
16900188301;Jus mina orange;BOITE;1 BOITE;1 Kg;JUS
16900188302;Jus mina orange;CARTON;24 BOITE;1 Kg;JUS
16900153801;JUS ORANGE GOLDEN ;BOITE;1 BOITE;1 Kg;JUS
16900153802;JUS ORANGE GOLDEN ;CARTON;12 BOITE;1 Kg;JUS
16900153803;JUS ORANGE GOLDEN ;BALLE;2 CARTON;1 Kg;JUS
16900153901;JUS PINEAPLE GOLDEN ;BOITE;1 BOITE;1 Kg;JUS
16900153902;JUS PINEAPLE GOLDEN ;CARTON;12 BOITE;1 Kg;JUS
16900153903;JUS PINEAPLE GOLDEN ;BALLE;2 CARTON;1 Kg;JUS
16900246601;Jus pm jojo cocktail 200ml;PIECE;1 PIECE;1 Kg;JUS
16900246602;Jus pm jojo cocktail 200ml;CARTON;27 PIECE;1 Kg;JUS
16900247001;Jus pm jojo goyave 200ml;PIECE;1 PIECE;1 Kg;JUS
19900246801;Jus pm jojo mongo  200ml;PIECE;1 PIECE;1 Kg;SAVONNETTE
16900246901;Jus pm jojo pomme 200ml;PIECE;1 PIECE;1 Kg;JUS
16900201401;Jus samia cola;BOITE ;1 BOITE ;1 Kg;JUS
16900201402;Jus samia cola;CARTON;24 BOITE ;1 Kg;JUS
16900201501;Jus samia fraise;BOITE;1 BOITE;1 Kg;JUS
16900201502;Jus samia fraise;CARTON;24 BOITE;1 Kg;JUS
16900201601;Jus samia lemon;BOITE;1 BOITE;1 Kg;JUS
16900201602;Jus samia lemon;CARTON;24 BOITE;1 Kg;JUS
16900201201;Jus samia mandarine ;BOITE;1 BOITE;1 Kg;JUS
16900201301;Jus samia orange ;BOITE;1 BOITE;1 Kg;JUS
16900201302;Jus samia orange ;CARTON;24 BOITE;1 Kg;JUS
15600093901;JUS SHAMPART;BOITES;1 BOITES;1 Kg;DIVERS
16900237101;Jus valore cocktail;BOITE;1 BOITE;1 Kg;JUS
16900237102;Jus valore cocktail;CARTON;24 BOITE;1 Kg;JUS
16900237201;Jus valore orange;BOITE;1 BOITE;1 Kg;JUS
16900237202;Jus valore orange;CARTON;24 BOITE;1 Kg;JUS
16900099201;JUS_CLARINETTE;PIECE;1 PIECE;1 Kg;JUS
15600077301;KABARO;SAC;1 SAC;1 Kg;DIVERS
1045;KAHIER 50P TSOTRA;PAQUET;1 PAQUET;0 Kg;DIVERS
1011;KANTO K5;CARTON;1 CARTON;0 Kg;SAVON
987;KANTO K6;CARTON;1 CARTON;0 Kg;SAVON
285;KAPA BATEUA;PAIRE;1 PAIRE;0 Kg;DIVERS
283;KAPA BRESIL;PAIRE;1 PAIRE;0 Kg;DIVERS
284;KAPA FLEURIS;PAIRE;1 PAIRE;0 Kg;DIVERS
282;KAPA POINT2;PAIRE;1 PAIRE;0 Kg;DIVERS
281;KAPA SPORT;PAIRE;1 PAIRE;0 Kg;DIVERS
276;KAPA WITHE DOVE;PAIRE;1 PAIRE;0 Kg;DIVERS
266;KAPANJAZA;PAIRE;1 PAIRE;0 Kg;DIVERS
15500074001;KAROBONETRA;KG;1 KG;1 Kg;DETERGENT
15500074002;KAROBONETRA;SAC;25 KG;1 Kg;DETERGENT
321;Katsaka vaingany 50kg ;SAC;1 SAC;0 Kg;DIVERS
15900181501;Katsaka vaingany en kapoaka;KAPOAKA;1 KAPOAKA;1 Kg;ENZOY
21900111401;Katsaka voatoto 50kg;SAC;1 SAC;1 Kg;MAIIS
15500121301;KATSAKA VOATOTO En kap;KPK;1 KPK;1 Kg;DETERGENT
15600083501;KEON;PIECES;1 PIECES;1 Kg;DIVERS
20;KEON;SAC;1 SAC;0 Kg;SAVON  EN POUDRE
1061;KETCHUP;PIECE;1 PIECE;0 Kg;DIVERS
15600063402;KETCHUP;CARTON;12 PIECE;1 Kg;DIVERS
17000172001;Ketchup europa 340g;BOUTEILLE;1 BOUTEILLE;1 Kg;KETCHUP
17000172002;Ketchup europa 340g;CARTON;24 BOUTEILLE;1 Kg;KETCHUP
15600210401;Ketchup milana squeezy 340g;PIECE;1 PIECE;1 Kg;DIVERS
15600210402;Ketchup milana squeezy 340g;CARTON;24 PIECE;1 Kg;DIVERS
13800256501;Kfp big toffee stawberry 200p*12boite;BOCAL;1 BOCAL;1 Kg;BONBON
13800256502;Kfp big toffee stawberry 200p*12boite;CARTON;12 BOCAL;1 Kg;BONBON
13800258101;Kfp fruit roll toffee 200pcs;BOCAL;1 BOCAL;1 Kg;BONBON
13800258102;Kfp fruit roll toffee 200pcs;CARTON;12 BOCAL;1 Kg;BONBON
13800239901;Kfp toffee gold 888 bocal*12;BOCAL;1 BOCAL;1 Kg;BONBON
13800239902;Kfp toffee gold 888 bocal*12;CARTON;12 BOCAL;1 Kg;BONBON
13800237501;Kfp toffee world flavoured;BOCAL;1 BOCAL;1 Kg;BONBON
13800237502;Kfp toffee world flavoured;CARTON;12 BOCAL;1 Kg;BONBON
13800226201;Kids joy en boite 12*33pcs;BOITE;1 BOITE;1 Kg;BONBON
15600198101;King ice fruity;PAQUET;1 PAQUET;1 Kg;DIVERS
15600198102;King ice fruity;CARTON ;40 PAQUET;1 Kg;DIVERS
972;Kiong dark soy sauce 625ml;PIECE;1 PIECE;0 Kg;SAUCE
19500057102;Kiong dark soy sauce 625ml;CARTON;12 PIECE;1 Kg;SAUCE
13600114401;KIP COCO;SACHET;1 SACHET;1 Kg;BISCUIT 
13600114402;KIP COCO;CARTON;8 SACHET;1 Kg;BISCUIT 
13600154801;Kip coco en piece ;PIECE;1 PIECE;1 Kg;BISCUIT 
278;KIRANIL LUX;PAIRE;1 PAIRE;0 Kg;DIVERS
15600076901;KIRANIL LUXE fotsy;PAIRE;1 PAIRE;1 Kg;DIVERS
277;KIRANIL TSOTRA;PAIRE;1 PAIRE;0 Kg;DIVERS
;KIRANILE TSOTRA;;0 null;0 Kg;DIVERS
772;Kiso fohy _crocodille;PIECE;1 PIECE;0 Kg;DIVERS
771;Kiso fohy _crocodille;CARTON;48 PIECE;0 Kg;DIVERS
15600099001;KISO FOHY_DIAMANT;PIECE;1 PIECE;1 Kg;DIVERS
15600099002;KISO FOHY_DIAMANT;CARTON;48 PIECE;1 Kg;DIVERS
317;KISO KAROTY;PIECE;1 PIECE;0 Kg;DIVERS
1136;KISO LAVA CROCODILLE;PIECE;1 PIECE;0 Kg;DIVERS
579;KISO LAVA CROCODILLE;CARTON;48 PIECE;0 Kg;DIVERS
15600099101;Kiso Lava _crocodille;PIECE;1 PIECE;1 Kg;DIVERS
15600099102;Kiso Lava _crocodille;CARTON;48 PIECE;1 Kg;DIVERS
15600273301;Klin smart 1L Bleu;BOUTEILLE;1 BOUTEILLE;1 Kg;DIVERS
15600245001;Klin smart 30ml bleu;PIECE;1 PIECE;1 Kg;DIVERS
15600245002;Klin smart 30ml bleu;CARTON;156 PIECE;1 Kg;DIVERS
15600245101;Klin smart 30ml rose;PIECE;1 PIECE;1 Kg;DIVERS
15600245102;Klin smart 30ml rose;CARTON;156 PIECE;1 Kg;DIVERS
15600206601;Koba aina banane 35g;PIECE;1 PIECE;1 Kg;DIVERS
15600206602;Koba aina banane 35g;PAQUET;40 PIECE;1 Kg;DIVERS
15600206301;Koba aina fraise 35g;PIECE;1 PIECE;1 Kg;DIVERS
15600206302;Koba aina fraise 35g;PACQUET;40 PIECE;1 Kg;DIVERS
15600206401;Koba aina moosli 25g;PIECE;1 PIECE;1 Kg;DIVERS
15600206402;Koba aina moosli 25g;PAQUET;30 PIECE;1 Kg;DIVERS
15600206501;Koba aina nature 35g;PIECE;1 PIECE;1 Kg;DIVERS
15600206502;Koba aina nature 35g;PAQUET;40 PIECE;1 Kg;DIVERS
15600166801;Koba katsaka en kilos;KILOS;1 KILOS;1 Kg;DIVERS
19200169001;Kobam-bary 50kg;SAC;1 SAC;50 Kg;RIZ
19200157601;Kobam-bary en kilos ;KILOS;1 KILOS;1 Kg;RIZ
985;KOFEHY;BOITE;1 BOITE;0 Kg;DIVERS
390;KOPIKO;SACHET;1 SACHET;0 Kg;BONBON
389;KOPIKO;CARTON;24 SACHET;0 Kg;BONBON
13800248201;Kopiko cafe black 3 in 1;PIECE;1 PIECE;1 Kg;BONBON
13800248202;Kopiko cafe black 3 in 1;PAQUET;10 PIECE;1 Kg;BONBON
13800248203;Kopiko cafe black 3 in 1;CARTON;12 PAQUET;1 Kg;BONBON
14200248301;Kopiko cafe brown 3 in 1;PIECE;1 PIECE;1 Kg;CAFE
14200248302;Kopiko cafe brown 3 in 1;PAQUET;10 PIECE;1 Kg;CAFE
14200248303;Kopiko cafe brown 3 in 1;CARTON;12 PAQUET;1 Kg;CAFE
13600160901;Krazy kreamz;PIECE;1 PIECE;1 Kg;BISCUIT 
13600160902;Krazy kreamz;CARTON;48 PIECE;1 Kg;BISCUIT 
15600150601;Kreamy 'n krunch;PIECE;1 PIECE;1 Kg;DIVERS
15600150602;Kreamy 'n krunch;BOITE;40 PIECE;1 Kg;DIVERS
13600113101;Kreamy wafer biscuits;BOITES;1 BOITES;1 Kg;BISCUIT 
13600113102;Kreamy wafer biscuits;CARTON;12 BOITES;1 Kg;BISCUIT 
13600152401;kreamy wafer biscuits (vao);BOCAL;1 BOCAL;1 Kg;BISCUIT 
13600152402;kreamy wafer biscuits (vao);CARTON;6 BOCAL;1 Kg;BISCUIT 
15600150201;Kreamy wafer biscuits En piece;PIECE;1 PIECE;1 Kg;DIVERS
13600131101;Krik krak;SACHET ;1 SACHET ;1 Kg;BISCUIT 
13800260901;Kwt toffee assorted double decker violet ;BOCAL;1 BOCAL;1 Kg;BONBON
13800260902;Kwt toffee assorted double decker violet ;CARTON;8 BOCAL;1 Kg;BONBON
13800250401;Kwt toffee coconut 200p*12boite;BOCAL;1 BOCAL;1 Kg;BONBON
13800250402;Kwt toffee coconut 200p*12boite;CARTON;12 BOCAL;1 Kg;BONBON
13800243101;Kwt toffee coconut double decker bleu;BOCAL;1 BOCAL;1 Kg;BONBON
13800243102;Kwt toffee coconut double decker bleu;CARTON;8 BOCAL;1 Kg;BONBON
13800260501;Kwt toffee fruit jam decker 100 pcs;BOCAL;1 BOCAL;1 Kg;BONBON
13800260502;Kwt toffee fruit jam decker 100 pcs;CARTON;8 BOCAL;1 Kg;BONBON
13800243201;Kwt toffee hazelnut double decker orange;BOCAL;1 BOCAL;1 Kg;BONBON
13800243202;Kwt toffee hazelnut double decker orange;CARTON;8 BOCAL;1 Kg;BONBON
13800266801;Kwt toffee milk double decker marron en bocal;BOCAL;1 BOCAL;1 Kg;BONBON
13800266802;Kwt toffee milk double decker marron en bocal;CARTON;8 BOCAL;1 Kg;BONBON
13800243401;Kwt toffee strawberry double decker rose;BOCAL;1 BOCAL;1 Kg;BONBON
13800243402;Kwt toffee strawberry double decker rose;CARTON;8 BOCAL;1 Kg;BONBON
13800243301;Kwt trouffle milk en bocal jaune ;BOCAL;1 BOCAL;1 Kg;BONBON
13800243302;Kwt trouffle milk en bocal jaune ;CARTON;8 BOCAL;1 Kg;BONBON
15600145401;La vache quit rit 112g;BOITE;1 BOITE;1 Kg;DIVERS
15600145402;La vache quit rit 112g;CARTON;36 BOITE;1 Kg;DIVERS
15600169401;La vache quit rit en pcs;PIECE;1 PIECE;1 Kg;DIVERS
17300199601;Lait bonjour 250g*24;SACHET;1 SACHET;1 Kg;LAIT EN POUDRE
17300199602;Lait bonjour 250g*24;CARTON;24 SACHET;1 Kg;LAIT EN POUDRE
316;LALOSY PM;PIECE;1 PIECE;0 Kg;DIVERS
640;LAME BIC EN BOITE;BOITE;1 BOITE;0 Kg;DIVERS
15600266301;Lame dorco platinium stl300;PAQUET;1 PAQUET;1 Kg;DIVERS
15600266302;Lame dorco platinium stl300;CARTON;100 PAQUET;1 Kg;DIVERS
17400172801;Lame dorco titan stl300;PACQUET;1 PACQUET;1 Kg;LAME
17400123901;LAME FLYING EAGLE BRAND;PACQUET;1 PACQUET;1 Kg;LAME
13200098801;LAMPE FANALA PM;PIECE;1 PIECE;1 Kg;AMPOULE
15600073101;LANTI ;KAPOAKA;1 KAPOAKA;1 Kg;DIVERS
16900158701;Le fruit jus ananas;PIECE;1 PIECE;1 Kg;JUS
16900158702;Le fruit jus ananas;CARTON;12 PIECE;1 Kg;JUS
16900170601;Le fruit jus ananas 150ml*30;PIECE;1 PIECE;1 Kg;JUS
16900170602;Le fruit jus ananas 150ml*30;CARTON;30 PIECE;1 Kg;JUS
16900158601;Le fruit jus cocktail;PIECE;1 PIECE;1 Kg;JUS
16900158602;Le fruit jus cocktail;CARTON;12 PIECE;1 Kg;JUS
16900223101;Le fruit jus cocktail 150ml*30;PIECE;1 PIECE;1 Kg;JUS
16900223102;Le fruit jus cocktail 150ml*30;CARTON;30 PIECE;1 Kg;JUS
16900144701;Le fruit jus orange ;PIECE;1 PIECE;1 Kg;JUS
16900144702;Le fruit jus orange ;CARTON;12 PIECE;1 Kg;JUS
16900170501;Le fruit jus orange 150ml;PIECE;1 PIECE;1 Kg;JUS
16900170502;Le fruit jus orange 150ml;CARTON;30 PIECE;1 Kg;JUS
13700160301;Le fruit jus pomme;PIECE;1 PIECE;1 Kg;BOISSON
13700160302;Le fruit jus pomme;CARTON;12 PIECE;1 Kg;BOISSON
16900199801;Le fruit jus raisin ;PIECE;1 PIECE;1 Kg;JUS
16900199802;Le fruit jus raisin ;CARTON;12 PIECE;1 Kg;JUS
13800261101;Lemon bubble gum en bocal 115 pcs;BOCAL;1 BOCAL;1 Kg;BONBON
13800261102;Lemon bubble gum en bocal 115 pcs;CARTON;12 BOCAL;1 Kg;BONBON
17600086901;LEVURE ANGEL 11G;PIECE;1 PIECE;1 Kg;LEVURE
17600086902;LEVURE ANGEL 11G;PACQUES;10 PIECE;1 Kg;LEVURE
479;LEVURE CHIMIQUE  MENA;PAQUET;1 PAQUET;0 Kg;DIVERS
890;LEVURE CHIMIQUE  MENA;CARTON;16 PAQUET;1 Kg;DIVERS
15600187801;Levure Chimique mena en Pcs;PIECE;1 PIECE;1 Kg;DIVERS
14300110501;LEVURE HASMAYA 500G;BTS;1 BTS;1 Kg;CAHIER
14300110502;LEVURE HASMAYA 500G;CARTON;20 BTS;1 Kg;CAHIER
15600251701;Levure Hasmaya pm 125g;PCS;1 PCS;1 Kg;DIVERS
15600251702;Levure Hasmaya pm 125g;BOITE;12 PCS;1 Kg;DIVERS
15600251703;Levure Hasmaya pm 125g;CARTON;3 BOITE;1 Kg;DIVERS
15600084301;LEVURE IDEAL 125G;PIECE;1 PIECE;1 Kg;DIVERS
15600084302;LEVURE IDEAL 125G;BOITE;12 PIECE;1 Kg;DIVERS
15600084303;LEVURE IDEAL 125G;CARTON;2 BOITE;1 Kg;DIVERS
120;LEVURE IDEAL 500G;PIECE;1 PIECE;1 Kg;DIVERS
15600005802;LEVURE IDEAL 500G;CRT;20 PIECE;1 Kg;DIVERS
15600212001;Levure tsiro karbonetra;PAQUET ;1 PAQUET ;1 Kg;DIVERS
15600212002;Levure tsiro karbonetra;BALLE;10 PAQUET ;1 Kg;DIVERS
15600125301;LINGETTE PATAPON;PIECE;1 PIECE;1 Kg;DIVERS
15600189001;Lipstick choco flavor;BOITE;1 BOITE;1 Kg;DIVERS
15600189002;Lipstick choco flavor;CARTON;24 BOITE;1 Kg;DIVERS
13800184401;Lollipop bonjour chocolate;SACHET;1 SACHET;1 Kg;BONBON
13800184501;Lollipop bonjour milk;SACHET;1 SACHET;1 Kg;BONBON
13800184301;Lollipop cafe big bonbon;SACHET;1 SACHET;1 Kg;BONBON
13800210701;Lollipop frosty bocal;BOCAL;1 BOCAL;1 Kg;BONBON
13800210702;Lollipop frosty bocal;CARTON;6 BOCAL;1 Kg;BONBON
13800270401;Lollipop jungle fun bocal;BOCAL;1 BOCAL;1 Kg;BONBON
13800149001;Lollipops candies bocal;BOCAL;1 BOCAL;1 Kg;BONBON
13800149002;Lollipops candies bocal;CARTON;12 BOCAL;1 Kg;BONBON
13800075701;LOLO CHOCO;BTE;1 BTE;1 Kg;BONBON
13800182501;Love heart pop;SACHET;1 SACHET;1 Kg;BONBON
13800182502;Love heart pop;CARTON;24 SACHET;1 Kg;BONBON
13800087801;LOVE POP SUCETTE;SACHET;1 SACHET;1 Kg;BONBON
13800087802;LOVE POP SUCETTE;CARTON;20 SACHET;1 Kg;BONBON
685;MA?ÄS DOUS KARN;BOITE;1 BOITE;0 Kg;DIVERS
684;MA?ÄS DOUS KARN;CARTON;24 BOITE;0 Kg;DIVERS
17800226501;Macarinie Rossini spirale 5kg;SAC;1 SAC;4 Kg;MACARONI
15600205801;Macaroni bon pasta elbow;SAC;1 SAC;1 Kg;DIVERS
17800103801;Macaroni champion Spirale 5kg;SAC;1 SAC;1 Kg;MACARONI
15600082401;MACARONI CHERIE ;SACHET;1 SACHET;1 Kg;DIVERS
15600082402;MACARONI CHERIE ;CARTON;20 SACHET;1 Kg;DIVERS
134;MACARONI DOGA;SACHET;1 SACHET;0 Kg;MACARONI
799;MACARONI ELVIA;PIECE;1 PIECE;0 Kg;MACARONI
798;MACARONI ELVIA;CARTON;20 PIECE;0 Kg;MACARONI
17800234101;Macaroni felicia flamingo n47;SACHET;1 SACHET;1 Kg;MACARONI
17800234102;Macaroni felicia flamingo n47;CARTON;20 SACHET;1 Kg;MACARONI
17800228901;Macaroni francia coquillette 500g;SACHET;1 SACHET;1 Kg;MACARONI
17800228902;Macaroni francia coquillette 500g;CARTON;20 SACHET;1 Kg;MACARONI
17800187301;Macaroni francia spiral 500g;SACHET;1 SACHET;1 Kg;MACARONI
17800187302;Macaroni francia spiral 500g;CARTON;20 SACHET;1 Kg;MACARONI
17800187201;Macaroni francia tortie;SACHET;1 SACHET;1 Kg;MACARONI
17800187202;Macaroni francia tortie;CARTON;20 SACHET;1 Kg;MACARONI
142;MACARONI GEFCO;SACHET;1 SACHET;0 Kg;DIVERS
136;MACARONI LUCHINI;SACHET;1 SACHET;0 Kg;MACARONI
17800187101;Macaroni panzani fusilli 500g;SACHET;1 SACHET;1 Kg;MACARONI
17800187102;Macaroni panzani fusilli 500g;CARTON;20 SACHET;1 Kg;MACARONI
17800241301;Macaroni panzani Spiral 500g;SACHET;1 SACHET;1 Kg;MACARONI
17800241302;Macaroni panzani Spiral 500g;CARTON;20 SACHET;1 Kg;MACARONI
17800265301;Macaroni pastalino 5kg double twiste;SAC;1 SAC;5 Kg;MACARONI
17800265401;Macaroni pastalino 5kg Fusilli;SAC;1 SAC;5 Kg;MACARONI
17800209601;Macaroni Rossin Fusil 500g;SACHET;1 SACHET;1 Kg;MACARONI
17800209602;Macaroni Rossin Fusil 500g;CARTON;20 SACHET;1 Kg;MACARONI
15600080101;Macaroni Rossin Spiral 500g;SHT;1 SHT;1 Kg;DIVERS
15600080102;Macaroni Rossin Spiral 500g;CRT;20 SHT;1 Kg;DIVERS
15600205701;Macaroni rossini Spiral 5kg;SAC;1 SAC;1 Kg;DIVERS
17800187401;Macaroni vermicelle 500g;SACHET;1 SACHET;1 Kg;MACARONI
17800187402;Macaroni vermicelle 500g;CARTON;20 SACHET;1 Kg;MACARONI
135;MACARONI VICTORIA;SACHET;1 SACHET;0 Kg;MACARONI
979;Macaronie bella vita fusilli;SAC;1 SAC;0 Kg;MACARONI
17800082601;Macaronie bella vita spirale;SAC;1 SAC;1 Kg;MACARONI
17800085201;MACARONIE FRANCIA;SACHES;1 SACHES;1 Kg;MACARONI
17800085202;MACARONIE FRANCIA;CARTONS;20 SACHES;1 Kg;MACARONI
540;MACARONIE MOMO;SACHET;1 SACHET;0 Kg;MACARONI
1099;MACARONIE PM;PIECE;1 PIECE;0 Kg;DIVERS
15600065702;MACARONIE PM;CRT;20 PIECE;1 Kg;DIVERS
17800108901;MACARONNI CHAMPION 450G;SHT;1 SHT;1 Kg;MACARONI
17800108902;MACARONNI CHAMPION 450G;CRT;20 SHT;1 Kg;MACARONI
226;MACHINE TOTOKENA N32;PIECE;1 PIECE;0 Kg;DIVERS
15600228301;Maestro chocolat lait noisettes;BOITE;1 BOITE;1 Kg;DIVERS
14700229501;Maestro chocolat lait noisettes pcs;PIECE;1 PIECE;1 Kg;CHOCOLAT
15600168401;Maeva E20 pcs;PIECE;1 PIECE;1 Kg;DIVERS
19600257001;Maeva r50;CARTON;1 CARTON;1 Kg;SAVON
13600248601;Magic roll choco veto 9g*100;BOITE;1 BOITE;1 Kg;BISCUIT 
13600248602;Magic roll choco veto 9g*100;CARTON;8 BOITE;1 Kg;BISCUIT 
13600248701;Magic roll fraise veto 9g*100;BOITE;1 BOITE;1 Kg;BISCUIT 
13600248702;Magic roll fraise veto 9g*100;CARTON;8 BOITE;1 Kg;BISCUIT 
13600248801;Magic roll vanille veto 9g*100;BOITE;1 BOITE;1 Kg;BISCUIT 
13600248802;Magic roll vanille veto 9g*100;CARTON;8 BOITE;1 Kg;BISCUIT 
15600240801;Mais doux bonjour 340g;BOITE;1 BOITE;1 Kg;DIVERS
15600240802;Mais doux bonjour 340g;CARTON;24 BOITE;1 Kg;DIVERS
15600186601;Mais doux europa 340g;BOITE;1 BOITE;1 Kg;DIVERS
15600262701;Mais doux isha 340g;PIECE;1 PIECE;1 Kg;DIVERS
15600262702;Mais doux isha 340g;CARTON;12 PIECE;1 Kg;DIVERS
15600160701;Mais doux leena;PIECE;1 PIECE;1 Kg;DIVERS
15600160702;Mais doux leena;CARTON;24 PIECE;1 Kg;DIVERS
15600166001;Mais doux soleil d'or 340g;BOITE;1 BOITE;1 Kg;DIVERS
15600166002;Mais doux soleil d'or 340g;CARTON;24 BOITE;1 Kg;DIVERS
15600238401;Maize en sachet 40*250g;SACHET;1 SACHET;1 Kg;DIVERS
15600238402;Maize en sachet 40*250g;CARTON;40 SACHET;1 Kg;DIVERS
15600238501;Maize etui en boite 20*350g;BOITE;1 BOITE;1 Kg;DIVERS
19200234601;Makalioka 32Kg;SAC;1 SAC;1 Kg;RIZ
15600263701;Mamangout cube  boeuf;PIECE;1 PIECE;1 Kg;DIVERS
15600263702;Mamangout cube  boeuf;BOITE;40 PIECE;1 Kg;DIVERS
15600263703;Mamangout cube  boeuf;CARTON;2 BOITE;1 Kg;DIVERS
15600220601;Mamangout cube poulet;PIECE;1 PIECE;1 Kg;DIVERS
15600220602;Mamangout cube poulet;BOITE;40 PIECE;1 Kg;DIVERS
15600220603;Mamangout cube poulet;CARTON;2 BOITE;1 Kg;DIVERS
327;MANIFOLD GM;PIECE;1 PIECE;0 Kg;DIVERS
328;MANIFOLD MN;PIECE;1 PIECE;0 Kg;DIVERS
400;MANIFOLD PM;PIECE;1 PIECE;0 Kg;CAHIER
13500226401;Margarine jad'or 250g;PIECE;1 PIECE;1 Kg;BEURRE
13500226402;Margarine jad'or 250g;CARTON;24 PIECE;1 Kg;BEURRE
13500110701;MARGARINE ULTRA 500G;PIECE;1 PIECE;1 Kg;BEURRE
13500110702;MARGARINE ULTRA 500G;CRT;24 PIECE;1 Kg;BEURRE
13600113501;MARIE LONDON;SACHET;1 SACHET;1 Kg;BISCUIT 
13600113502;MARIE LONDON;CARTON;4 SACHET;1 Kg;BISCUIT 
15600273501;Marker dollard noir;PIECE;1 PIECE;1 Kg;DIVERS
15600273502;Marker dollard noir;BOITE;12 PIECE;1 Kg;DIVERS
15600273601;Marker dollard rouge;PIECE;1 PIECE;1 Kg;DIVERS
15600273602;Marker dollard rouge;BOITE;12 PIECE;1 Kg;DIVERS
13800270701;Marshmallow cone barqullitas rellenas;BOCAL;1 BOCAL;1 Kg;BONBON
13800270702;Marshmallow cone barqullitas rellenas;CARTON;12 BOCAL;1 Kg;BONBON
15600266201;Marshmallows choco sandwich 13g;PAQUET;1 PAQUET;1 Kg;DIVERS
15600266202;Marshmallows choco sandwich 13g;CARTON;20 PAQUET;1 Kg;DIVERS
13800266101;Marshmallows colored sandwich 13g;PAQUET;1 PAQUET;1 Kg;BONBON
13800266102;Marshmallows colored sandwich 13g;CARTON;20 PAQUET;1 Kg;BONBON
188;MARTEAU HAZO;PIECE;1 PIECE;0 Kg;DIVERS
747;MARTEAU PLASTIQUE;PIECE;1 PIECE;0 Kg;DIVERS
15600078601;MATEZA M30 JAUNE;CRT;1 CRT;1 Kg;DIVERS
15600221901;Mateza M30 jaune en pcs;PIECE;1 PIECE;1 Kg;DIVERS
15600078701;MATEZA M30 MARRON;CRT;1 CRT;1 Kg;DIVERS
18100096101;Mauchoir à Jeter Blanc;PAQUET;1 PAQUET;1 Kg;MOUCHOIR
18100096102;Mauchoir à Jeter Blanc;CARTON;72 PAQUET;1 Kg;MOUCHOIR
15400095201;MAXAM BLANCHEUR;PQT ;1 PQT ;1 Kg;DENTIFRICE
15400081501;MAXAM CHARBON;PQT;1 PQT;1 Kg;DENTIFRICE
15400081502;MAXAM CHARBON;CRT;24 PQT;1 Kg;DENTIFRICE
15400071101;MAXAM EN PCE;PCE;1 PCE;1 Kg;DENTIFRICE
15600162701;Maxam fluor 50g;PACQUET;1 PACQUET;1 Kg;DIVERS
15600162702;Maxam fluor 50g;CARTON;24 PACQUET;1 Kg;DIVERS
15600193801;Maxam herbal vert;PACQUET;1 PACQUET;1 Kg;DIVERS
15600193802;Maxam herbal vert;CARTON;24 PACQUET;1 Kg;DIVERS
15400095001;MAXAM MENTHE;PQT;1 PQT;1 Kg;DENTIFRICE
15600211901;Maxam mouthwash 100g;PAQUET;1 PAQUET;1 Kg;DIVERS
15600211902;Maxam mouthwash 100g;CARTON;12 PAQUET;1 Kg;DIVERS
15600214201;Maxam mouthwash en pcs;PIECE;1 PIECE;1 Kg;DIVERS
15400095101;MAXAM SOURIRE;PQT;1 PQT;1 Kg;DENTIFRICE
764;MAXAM TRIPLE ACTION;PAQUET;1 PAQUET;0 Kg;DENTIFRICE
763;MAXAM TRIPLE ACTION;CARTON;24 PAQUET;0 Kg;DENTIFRICE
15600077901;MAXAM VITAMIN;PTQ;1 PTQ;1 Kg;DIVERS
15400081601;MAXAME ALOE VERA;PQT;1 PQT;1 Kg;DENTIFRICE
15400081602;MAXAME ALOE VERA;CARTON;24 PQT;1 Kg;DENTIFRICE
1063;MAYONAISSE LESIEUR 235G ;PIECE;1 PIECE;0 Kg;DIVERS
15600063602;MAYONAISSE LESIEUR 235G ;CARTON;12 PIECE;1 Kg;DIVERS
1062;MAYONNAISE LESIEUR 475G ;PIECE;1 PIECE;0 Kg;DIVERS
15600063502;MAYONNAISE LESIEUR 475G ;CARTON;12 PIECE;1 Kg;DIVERS
17900118001;MAYONNAISE LESIEUR 710G;PIECE;1 PIECE;1 Kg;MAYONNAISE
17900118002;MAYONNAISE LESIEUR 710G;CARTON;12 PIECE;1 Kg;MAYONNAISE
15600253001;Menabolo aloe vera familly care 25g;PAQUET;1 PAQUET;1 Kg;DIVERS
15600253002;Menabolo aloe vera familly care 25g;CARTON;10 PAQUET;1 Kg;DIVERS
428;Menabolo aloe vera family care 50g;PAQUET;1 PAQUET;0 Kg;DIVERS
15600028502;Menabolo aloe vera family care 50g;CARTON;10 PAQUET;1 Kg;DIVERS
15600157801;Menabolo aloe vera_pm;PACQUET ;1 PACQUET ;1 Kg;DIVERS
15600157802;Menabolo aloe vera_pm;CARTON ;10 PACQUET ;1 Kg;DIVERS
15600223001;Menabolo avocat aloevera gm;PAQUET;1 PAQUET;1 Kg;DIVERS
15600223002;Menabolo avocat aloevera gm;CARTON;8 PAQUET;1 Kg;DIVERS
15600152801;Menabolo Baby care  _gm;PACQUET;1 PACQUET;1 Kg;DIVERS
15600152802;Menabolo Baby care  _gm;CARTON;8 PACQUET;1 Kg;DIVERS
15600191301;Menabolo baby care formula 55g;PACQUET;1 PACQUET;1 Kg;DIVERS
15600191302;Menabolo baby care formula 55g;CARTON;10 PACQUET;1 Kg;DIVERS
15600156501;Menabolo banane pm;PACQUET;1 PACQUET;1 Kg;DIVERS
15600156502;Menabolo banane pm;CARTON;10 PACQUET;1 Kg;DIVERS
15600138501;Menabolo Baobab  pm;PACQUET;1 PACQUET;1 Kg;DIVERS
15600138502;Menabolo Baobab  pm;CARTON;10 PACQUET;1 Kg;DIVERS
15600160601;Menabolo Beauty care aloevera  25g;PACQUET;1 PACQUET;1 Kg;DIVERS
15600160602;Menabolo Beauty care aloevera  25g;CARTON;10 PACQUET;1 Kg;DIVERS
15600218601;Menabolo Beauty care aloevera  gm;PAQUET;1 PAQUET;1 Kg;DIVERS
15600218602;Menabolo Beauty care aloevera  gm;CARTON;8 PAQUET;1 Kg;DIVERS
15600138601;Menabolo Beauty care aloevera  pm;PACQUET;1 PACQUET;1 Kg;DIVERS
15600138602;Menabolo Beauty care aloevera  pm;CARTON;10 PACQUET;1 Kg;DIVERS
15600254401;Menabolo beauty care avocat gm;PAQUET;1 PAQUET;1 Kg;DIVERS
15600254402;Menabolo beauty care avocat gm;CARTON;8 PAQUET;1 Kg;DIVERS
15600160001;Menabolo beauty care avocat pm;PACQUET;1 PACQUET;1 Kg;DIVERS
15600160002;Menabolo beauty care avocat pm;CARTON;10 PACQUET;1 Kg;DIVERS
15600222901;Menabolo beauty care banane gm;PAQUET;1 PAQUET;1 Kg;DIVERS
15600222902;Menabolo beauty care banane gm;CARTON;8 PAQUET;1 Kg;DIVERS
15600253101;Menabolo beauty care carotte 25g;PAQUET;1 PAQUET;1 Kg;DIVERS
15600253102;Menabolo beauty care carotte 25g;CARTON;10 PAQUET;1 Kg;DIVERS
15600255301;Menabolo beauty care carotte 50g;PAQUET;1 PAQUET;1 Kg;DIVERS
15600255302;Menabolo beauty care carotte 50g;CARTON;10 PAQUET;1 Kg;DIVERS
15600191401;Menabolo beauty care jojoba 50g;PACQUET;1 PACQUET;1 Kg;DIVERS
15600191402;Menabolo beauty care jojoba 50g;CARTON;10 PACQUET;1 Kg;DIVERS
15600209101;Menabolo beauty care jojoba gm;PAQUET;1 PAQUET;1 Kg;DIVERS
15600209102;Menabolo beauty care jojoba gm;CARTON;8 PAQUET;1 Kg;DIVERS
15600253201;Menabolo body lux 25g;PAQUET;1 PAQUET;1 Kg;DIVERS
15600253202;Menabolo body lux 25g;CARTON;10 PAQUET;1 Kg;DIVERS
15600254501;Menabolo body lux charmign 50g;PAQUET;1 PAQUET;1 Kg;DIVERS
15600254502;Menabolo body lux charmign 50g;CARTON;10 PAQUET;1 Kg;DIVERS
15600135701;Menabolo body Lux Gm;PACQUET;1 PACQUET;1 Kg;DIVERS
15600135702;Menabolo body Lux Gm;CARTON;8 PACQUET;1 Kg;DIVERS
15600129901;Menabolo body lux swahiba 50g;PACQUET;1 PACQUET;1 Kg;DIVERS
15600129902;Menabolo body lux swahiba 50g;CARTON;10 PACQUET;1 Kg;DIVERS
15600138201;Menabolo Boss  pm;PACQUET;1 PACQUET;1 Kg;DIVERS
15600138202;Menabolo Boss  pm;CARTON;10 PACQUET;1 Kg;DIVERS
15600253601;Menabolo Boss 25g;PAQUET;1 PAQUET;1 Kg;DIVERS
15600253602;Menabolo Boss 25g;CARTON;10 PAQUET;1 Kg;DIVERS
15600135201;Menabolo Boss gm;PACQUET;1 PACQUET;1 Kg;DIVERS
15600135202;Menabolo Boss gm;CARTON;8 PACQUET;1 Kg;DIVERS
15600208401;Menabolo carotte gm;PAQUET ;1 PAQUET ;1 Kg;DIVERS
15600208402;Menabolo carotte gm;CARTON;8 PAQUET ;1 Kg;DIVERS
15600152901;Menabolo Cocoa  gm;PACQUET;1 PACQUET;1 Kg;DIVERS
15600152902;Menabolo Cocoa  gm;CARTON;8 PACQUET;1 Kg;DIVERS
15600138401;Menabolo Cocoa  pm;PACQUET;1 PACQUET;1 Kg;DIVERS
15600138402;Menabolo Cocoa  pm;CARTON;10 PACQUET;1 Kg;DIVERS
15600167201;Menabolo cocoa butter  pm;PACQUET;1 PACQUET;1 Kg;DIVERS
15600167202;Menabolo cocoa butter  pm;CARTON;10 PACQUET;1 Kg;DIVERS
15600253301;Menabolo cocoa butter 25g;PAQUET;1 PAQUET;1 Kg;DIVERS
15600253302;Menabolo cocoa butter 25g;CARTON;10 PAQUET;1 Kg;DIVERS
15600253501;Menabolo coconut 25g;PAQUET;1 PAQUET;1 Kg;DIVERS
15600253502;Menabolo coconut 25g;CARTON;10 PAQUET;1 Kg;DIVERS
15600156701;Menabolo coconut gm;PACQUET;1 PACQUET;1 Kg;DIVERS
15600156702;Menabolo coconut gm;CARTON;8 PACQUET;1 Kg;DIVERS
15600253901;Menabolo coconut gm en pcs;PIECE;1 PIECE;1 Kg;DIVERS
15600138101;Menabolo Coconut pm;PACQUET;1 PACQUET;1 Kg;DIVERS
15600138102;Menabolo Coconut pm;CARTON;10 PACQUET;1 Kg;DIVERS
15600152101;Menabolo day tody carotte 50g;PACQUET;1 PACQUET;1 Kg;DIVERS
15600152102;Menabolo day tody carotte 50g;CARTON;10 PACQUET;1 Kg;DIVERS
15600252901;Menabolo ella 50g;PAQUET;1 PAQUET;1 Kg;DIVERS
15600252902;Menabolo ella 50g;CARTON;10 PAQUET;1 Kg;DIVERS
15600160101;Menabolo ella petroleum 55g;PACQUET;1 PACQUET;1 Kg;DIVERS
15600160102;Menabolo ella petroleum 55g;CARTON ;10 PACQUET;1 Kg;DIVERS
16700175001;Menabolo Family care  25g;PACQUET;1 PACQUET;1 Kg;HUILE HYGIENIQUE
16700175002;Menabolo Family care  25g;CARTON;10 PACQUET;1 Kg;HUILE HYGIENIQUE
15600135501;Menabolo Family care  gm;PACQUET;1 PACQUET;1 Kg;DIVERS
15600135502;Menabolo Family care  gm;CARTON;8 PACQUET;1 Kg;DIVERS
711;MENABOLO GM;PIECE;1 PIECE;0 Kg;DIVERS
429;MENABOLO GM;PAQUET;6 PIECE;0 Kg;DIVERS
15600028603;MENABOLO GM;CARTON;8 PAQUET;1 Kg;DIVERS
15600211301;Menabolo goldy karita farehitra;PAQUET;1 PAQUET;1 Kg;DIVERS
15600211401;Menabolo goldy orange amandes;PAQUET;1 PAQUET;1 Kg;DIVERS
15600211402;Menabolo goldy orange amandes;BALLE;10 PAQUET;1 Kg;DIVERS
15600211501;Menabolo goldy vert jojoba;PAQUET;1 PAQUET;1 Kg;DIVERS
15600211601;Menabolo goldy vert karite;PAQUET;1 PAQUET;1 Kg;DIVERS
15600170901;Menabolo herbal gm;PACQUE;1 PACQUE;1 Kg;DIVERS
15600170902;Menabolo herbal gm;CARTON;8 PACQUE;1 Kg;DIVERS
15600159701;Menabolo jojoba sara be;PACQUET ;1 PACQUET ;1 Kg;DIVERS
15600159702;Menabolo jojoba sara be;BALLE ;10 PACQUET ;1 Kg;DIVERS
15600138301;Menabolo Madame  pm;PACQUET;1 PACQUET;1 Kg;DIVERS
15600138302;Menabolo Madame  pm;CARTON;10 PACQUET;1 Kg;DIVERS
15600159801;Menabolo Madame 25gr;PACQUET;1 PACQUET;1 Kg;DIVERS
15600159802;Menabolo Madame 25gr;CARTON;10 PACQUET;1 Kg;DIVERS
15600253401;Menabolo madame desir 25g;PAQUET;1 PAQUET;1 Kg;DIVERS
15600253402;Menabolo madame desir 25g;CARTON;10 PAQUET;1 Kg;DIVERS
15600191601;Menabolo madame desire 50g ;PACQUET;1 PACQUET;1 Kg;DIVERS
15600191602;Menabolo madame desire 50g ;CARTON;10 PACQUET;1 Kg;DIVERS
15600135601;Menabolo Madame gm;PACQUET;1 PACQUET;1 Kg;DIVERS
15600135602;Menabolo Madame gm;CARTON;8 PACQUET;1 Kg;DIVERS
15600191501;Menabolo madame golg 50g;PACQUET;1 PACQUET;1 Kg;DIVERS
15600191502;Menabolo madame golg 50g;CARTON;10 PACQUET;1 Kg;DIVERS
15600223701;Menabolo madame golg gm;PAQUET;1 PAQUET;1 Kg;DIVERS
15600223702;Menabolo madame golg gm;CARTON;8 PAQUET;1 Kg;DIVERS
15600254301;Menabolo marina 50g;PAQUET;1 PAQUET;1 Kg;DIVERS
15600254302;Menabolo marina 50g;CARTON;10 PAQUET;1 Kg;DIVERS
15600159901;Menabolo medicare pm;PACQUET;1 PACQUET;1 Kg;DIVERS
15600159902;Menabolo medicare pm;CARTON;10 PACQUET;1 Kg;DIVERS
15600153001;Menabolo Moringa gm;PACQUET;1 PACQUET;1 Kg;DIVERS
15600153002;Menabolo Moringa gm;CARTON;8 PACQUET;1 Kg;DIVERS
15600272801;Menabolo moringa young gm;PAQUET;1 PAQUET;1 Kg;DIVERS
15600272802;Menabolo moringa young gm;CARTON;8 PAQUET;1 Kg;DIVERS
15600135401;Menabolo Podoa gm;PACQUET;1 PACQUET;1 Kg;DIVERS
15600135402;Menabolo Podoa gm;CARTON;8 PACQUET;1 Kg;DIVERS
15600152301;Menabolo Podoa pm;PACQUET;1 PACQUET;1 Kg;DIVERS
15600152302;Menabolo Podoa pm;CARTON;10 PACQUET;1 Kg;DIVERS
15600209801;Menabolo pommade gm  en pcs;PIECE;1 PIECE;1 Kg;DIVERS
15600167101;Menabolo shea butter  pm;PACQUET;1 PACQUET;1 Kg;DIVERS
15600167102;Menabolo shea butter  pm;CARTON;10 PACQUET;1 Kg;DIVERS
15600153101;Menabolo shea butter cocoa gm;PACQUET;1 PACQUET;1 Kg;DIVERS
15600153102;Menabolo shea butter cocoa gm;CARTON;8 PACQUET;1 Kg;DIVERS
15600135801;Menabolo SHEA butter gm;PACQUET;1 PACQUET;1 Kg;DIVERS
15600135802;Menabolo SHEA butter gm;CARTON;8 PACQUET;1 Kg;DIVERS
15600177501;Menabolo skala gm;PACQUET;1 PACQUET;1 Kg;DIVERS
15600177502;Menabolo skala gm;CARTON;8 PACQUET;1 Kg;DIVERS
15600263101;Menabolo Skala herbal 60ml;PAQUET;1 PAQUET;1 Kg;DIVERS
15600263102;Menabolo Skala herbal 60ml;CARTON;10 PAQUET;1 Kg;DIVERS
15600156601;Menabolo Skala pm;PACQUET;1 PACQUET;1 Kg;DIVERS
15600156602;Menabolo Skala pm;CARTON;10 PACQUET;1 Kg;DIVERS
15600250201;Menabolo stella 25g;PAQUET;1 PAQUET;1 Kg;DIVERS
15600250202;Menabolo stella 25g;CARTON;10 PAQUET;1 Kg;DIVERS
15600156801;Menabolo stella gm;PACQUET;1 PACQUET;1 Kg;DIVERS
15600156802;Menabolo stella gm;CARTON;8 PACQUET;1 Kg;DIVERS
15600152201;Menabolo stella pm;PACQUET;1 PACQUET;1 Kg;DIVERS
15600152202;Menabolo stella pm;CARTON ;10 PACQUET;1 Kg;DIVERS
15600250101;Menabolo vestiline pommade ;PAQUET;1 PAQUET;1 Kg;DIVERS
15600250102;Menabolo vestiline pommade ;CARTON;10 PAQUET;1 Kg;DIVERS
15600139901;Menabolo Vestline Aloe vera gm;PACQUET;1 PACQUET;1 Kg;DIVERS
15600139902;Menabolo Vestline Aloe vera gm;CARTON;8 PACQUET;1 Kg;DIVERS
15600166701;Menabolo vestline garlic gm 200g;PACQUET ;1 PACQUET ;1 Kg;DIVERS
15600166702;Menabolo vestline garlic gm 200g;CARTON ;8 PACQUET ;1 Kg;DIVERS
15600135301;Menabolo Vestline gm;PACQUET;1 PACQUET;1 Kg;DIVERS
15600135302;Menabolo Vestline gm;CARTON;8 PACQUET;1 Kg;DIVERS
15600250301;Menabolo vestline hair food avocado gm;PAQUET;1 PAQUET;1 Kg;DIVERS
15600250302;Menabolo vestline hair food avocado gm;CARTON;8 PAQUET;1 Kg;DIVERS
15600208501;Menabolo vestline lemon pm ;PAQUET;1 PAQUET;1 Kg;DIVERS
15600208502;Menabolo vestline lemon pm ;CARTON;10 PAQUET;1 Kg;DIVERS
15600129801;Menabolo vestline pm ;PACQUET;1 PACQUET;1 Kg;DIVERS
15600129802;Menabolo vestline pm ;CARTON;10 PACQUET;1 Kg;DIVERS
15600252801;Menabolo vestline pommade 50g;PAQUET;1 PAQUET;1 Kg;DIVERS
15600252802;Menabolo vestline pommade 50g;CARTON;10 PAQUET;1 Kg;DIVERS
15600164801;Menabolo vestline pommade gm;PACQUET;1 PACQUET;1 Kg;DIVERS
15600164802;Menabolo vestline pommade gm;CARTON;8 PACQUET;1 Kg;DIVERS
15600256801;Menabolo vestline rose 25g;PAQUET;1 PAQUET;1 Kg;DIVERS
15600256802;Menabolo vestline rose 25g;CARTON;10 PAQUET;1 Kg;DIVERS
15600160201;Menabolo viocare gm;PACQUET;1 PACQUET;1 Kg;DIVERS
15600160202;Menabolo viocare gm;CARTON;8 PACQUET;1 Kg;DIVERS
15600206701;Menaka kinana papaye sara be;PAQUET;1 PAQUET;1 Kg;DIVERS
15600206702;Menaka kinana papaye sara be;BALLE;10 PAQUET;1 Kg;DIVERS
15600207601;Menaka kinana papaye sara be Pcs;PIECE;1 PIECE;1 Kg;DIVERS
15600206801;Menaka kinana sara be;PAQUET;1 PAQUET;1 Kg;DIVERS
15600206802;Menaka kinana sara be;BALLE;10 PAQUET;1 Kg;DIVERS
15600207701;Menaka kinana sara be Pcs;PIECE;1 PIECE;1 Kg;DIVERS
15400106001;MERIELCE  ALOE VERA 130G;PQT;1 PQT;1 Kg;DENTIFRICE
219;MESURE 1L;PIECE;1 PIECE;0 Kg;DIVERS
15600168901;Meva m27 pcs;PIECE;1 PIECE;1 Kg;DIVERS
15600096201;MILANA POULET;BTS;1 BTS;1 Kg;DIVERS
15600096202;MILANA POULET;CRT;8 BTS;1 Kg;DIVERS
15600268401;Milay be mini bar fromage 24pcs*10;SACHET;1 SACHET;1 Kg;DIVERS
15600268301;Milay be rouleau de coquillage 24pcs*20;SACHET;1 SACHET;1 Kg;DIVERS
13600213201;Milk paste likme-likme;SACHET;1 SACHET;1 Kg;BISCUIT 
13600213202;Milk paste likme-likme;CARTON;50 SACHET;1 Kg;BISCUIT 
15600243001;Milk stick chocolate flavour 2.5g;SACHET;1 SACHET;1 Kg;DIVERS
18900242801;Milk stick orange flavour 2.5g;SACHET;1 SACHET;1 Kg;POUDRE LAIT
15600242901;Milk stick strawberry flavour 2.5g;SACHET;1 SACHET;1 Kg;DIVERS
15600204201;Milk stik pure veto;SACHET;1 SACHET;1 Kg;DIVERS
15600204202;Milk stik pure veto;CARTON;50 SACHET;1 Kg;DIVERS
13800095301;Milkee power 2.8G;SACHET;1 SACHET;1 Kg;BONBON
13800095302;Milkee power 2.8G;CARTON;40 SACHET;1 Kg;BONBON
13800212201;Milki balls kiddies 420G;BOCAL;1 BOCAL;1 Kg;BONBON
13800212202;Milki balls kiddies 420G;CARTON;12 BOCAL;1 Kg;BONBON
15600202201;Milky creamer monde 15g;PIECE;1 PIECE;1 Kg;DIVERS
15600202202;Milky creamer monde 15g;CARTON;288 PIECE;1 Kg;DIVERS
13800242401;Milky lollipop cartoon;BOITE;1 BOITE;1 Kg;BONBON
13600103001;MILKY_STIK;BOCAL;1 BOCAL;1 Kg;BISCUIT 
13600103002;MILKY_STIK;CARTON;18 BOCAL;1 Kg;BISCUIT 
15600141701;Mimi snacks;PACQUET;1 PACQUET;1 Kg;DIVERS
15600142201;Mimi snacks en piece;PIECE;1 PIECE;1 Kg;DIVERS
13800076101;MINI BUTTERFLY;BTE;1 BTE;1 Kg;BONBON
999;MINI CHOCO;PIECE;1 PIECE;0 Kg;CHOCOLAT
766;MINI CHOCO;PAQUET;10 PIECE;1 Kg;CHOCOLAT
765;MINI CHOCO;CARTON;36 PAQUET;1 Kg;CHOCOLAT
14700132901;Mini Choco  noire new;SACHET;1 SACHET;1 Kg;CHOCOLAT
14700132902;Mini Choco  noire new;CARTON;36 SACHET;1 Kg;CHOCOLAT
14700173001;Mini choco 16 carre;SACHET;1 SACHET;1 Kg;CHOCOLAT
14700173002;Mini choco 16 carre;CARTON;12 SACHET;1 Kg;CHOCOLAT
15600204101;Mini cracker cheese flavoured 227g;BOCAL;1 BOCAL;1 Kg;DIVERS
15600204102;Mini cracker cheese flavoured 227g;CARTON;12 BOCAL;1 Kg;DIVERS
13800113901;MINI JELLY STICK EN BCL;BOCAL ;1 BOCAL ;1 Kg;BONBON
15600074201;MIRA 750ML;PCE;1 PCE;1 Kg;DIVERS
15600074202;MIRA 750ML;CRT;8 PCE;1 Kg;DIVERS
1130;Mira lave vitre 750ml;PIECE;1 PIECE;0 Kg;DIVERS
15600067802;Mira lave vitre 750ml;CARTON;8 PIECE;1 Kg;DIVERS
15600193301;Mira maika assorti 1/4L;PIECE;1 PIECE;1 Kg;DIVERS
15600193302;Mira maika assorti 1/4L;PACQUET ;15 PIECE;1 Kg;DIVERS
1131;Mira max ultra dégraissante 1L;PIECE;1 PIECE;0 Kg;DIVERS
15600067902;Mira max ultra dégraissante 1L;CARTON;8 PIECE;1 Kg;DIVERS
15500073501;MIRA VAISEL 500ML;PCE;1 PCE;1 Kg;DETERGENT
15500073502;MIRA VAISEL 500ML;CRT;15 PCE;1 Kg;DETERGENT
15500104401;MIRA VAISSELLE MAIKA 0.25L;PCS;1 PCS;1 Kg;DETERGENT
15500104402;MIRA VAISSELLE MAIKA 0.25L;CRT;30 PCS;1 Kg;DETERGENT
15500077401;MIRA VITRE;PCE;1 PCE;1 Kg;DETERGENT
15600233901;Mister boom elastico;SACHET;1 SACHET;1 Kg;DIVERS
15600233902;Mister boom elastico;CARTON;16 SACHET;1 Kg;DIVERS
13800196701;Mix fruit kiddo;SACHET;1 SACHET;1 Kg;BONBON
13800196702;Mix fruit kiddo;CARTON;20 SACHET;1 Kg;BONBON
13800225301;Mix fruit pop royale;SACHET ;1 SACHET ;1 Kg;BONBON
13800225302;Mix fruit pop royale;CARTON;20 SACHET ;1 Kg;BONBON
15100157301;Molfix junoir 4x30 n°5;PACQUET;1 PACQUET;1 Kg;COUCHE
15100157302;Molfix junoir 4x30 n°5;BALLE;4 PACQUET;1 Kg;COUCHE
15100162801;Molfix midi 10x9 n°3;PACQUET;1 PACQUET;1 Kg;COUCHE
15100162802;Molfix midi 10x9 n°3;BALLES;10 PACQUET;1 Kg;COUCHE
15100142701;Molfix pants culottes midi 4x36 n°3;PACQUET;1 PACQUET;1 Kg;COUCHE
15100142702;Molfix pants culottes midi 4x36 n°3;BALLE;4 PACQUET;1 Kg;COUCHE
15100264301;Molfix pants culottes midi n°3 en piece;PIECE;1 PIECE;1 Kg;COUCHE
15100142601;Molfix twin kulot maxi 4x32 n°4;PACQUET;1 PACQUET;1 Kg;COUCHE
15100142602;Molfix twin kulot maxi 4x32 n°4;BALLE;4 PACQUET;1 Kg;COUCHE
15600220301;Mosquito anita citronel;PAQUET ;1 PAQUET ;1 Kg;DIVERS
15600220302;Mosquito anita citronel;BOITE;12 PAQUET ;1 Kg;DIVERS
562;MOSQUITO ATTACK;BOITE;1 BOITE;0 Kg;DIVERS
563;MOSQUITO ATTACK;CTR;60 BOITE;0 Kg;DIVERS
15600220101;Mosquito france stick;PAQUET;1 PAQUET;1 Kg;DIVERS
15600220102;Mosquito france stick;CARTON;60 PAQUET;1 Kg;DIVERS
18100163701;Mouchoir à jeter Top ;PACQUET;1 PACQUET;1 Kg;MOUCHOIR
18100163702;Mouchoir à jeter Top ;BALLES;20 PACQUET;1 Kg;MOUCHOIR
15600195401;Moutarde lesieur 260g;PIECE;1 PIECE;1 Kg;DIVERS
15600214601;Mr propre bleu coton;PIECE;1 PIECE;1 Kg;DIVERS
15600214501;Mr propre jaune citron ;PIECE;1 PIECE;1 Kg;DIVERS
15500073801;mura 750ml;PCE;1 PCE;1 Kg;DETERGENT
15500073802;mura 750ml;CRT;8 PCE;1 Kg;DETERGENT
187;MY LEIDIE;PAQUET;1 PAQUET;0 Kg;DIVERS
13800244701;Nect Choco caramel pop;SACHET;1 SACHET;1 Kg;BONBON
13800244702;Nect Choco caramel pop;CARTON;16 SACHET;1 Kg;BONBON
13800244601;Nect xtra painter xxl ;SACHET;1 SACHET;1 Kg;BONBON
13800244602;Nect xtra painter xxl ;CARTON;16 SACHET;1 Kg;BONBON
13800257701;Nect yum yum orange 20*50pcs;SACHET;1 SACHET;1 Kg;BONBON
13800257702;Nect yum yum orange 20*50pcs;CARTON;20 SACHET;1 Kg;BONBON
13800257601;Nect yum yum pineapple  20*50pcs;SACHET;1 SACHET;1 Kg;BONBON
13800257602;Nect yum yum pineapple  20*50pcs;CARTON;20 SACHET;1 Kg;BONBON
13800257501;Nect yum yum Strawberry 20*50pcs;SACHET;1 SACHET;1 Kg;BONBON
13800257502;Nect yum yum Strawberry 20*50pcs;CARTON;20 SACHET;1 Kg;BONBON
13800257401;Nect yum yum yogurt 20*50pcs;SACHET;1 SACHET;1 Kg;BONBON
13800257402;Nect yum yum yogurt 20*50pcs;CARTON;20 SACHET;1 Kg;BONBON
14200260201;Nescafé classic en bocal 50g;BOCAL;1 BOCAL;1 Kg;CAFE
14200260202;Nescafé classic en bocal 50g;CARTON ;24 BOCAL;1 Kg;CAFE
14200260001;Nescafe classic en sachet 1.5g;PIECE;1 PIECE;1 Kg;CAFE
14200260002;Nescafe classic en sachet 1.5g;PAQUET;84 PIECE;1 Kg;CAFE
14200260003;Nescafe classic en sachet 1.5g;CARTON;6 PAQUET;1 Kg;CAFE
14700260301;Nesquik 200g;PIECE;1 PIECE;1 Kg;CHOCOLAT
14700260302;Nesquik 200g;CARTON;12 PIECE;1 Kg;CHOCOLAT
15600231701;Nesquik 420g;BOITE;1 BOITE;1 Kg;DIVERS
15600182401;Nesquik 500g ;BOCAL;1 BOCAL;1 Kg;DIVERS
1089;NETOI;PIECE;1 PIECE;0 Kg;DIVERS
1088;NETOI;PAQUET;10 PIECE;0 Kg;DIVERS
15600207201;Nicke super javel 12° chl 1L ;PIECE;1 PIECE;1 Kg;DIVERS
15600207202;Nicke super javel 12° chl 1L ;PAQUET;10 PIECE;1 Kg;DIVERS
15600233501;Nickel bleu nettoyant multi-usage 1L;PIECE;1 PIECE;1 Kg;DIVERS
15600233502;Nickel bleu nettoyant multi-usage 1L;PAQUET;15 PIECE;1 Kg;DIVERS
15600262401;Nickel detartrant 12*1L;PIECE;1 PIECE;1 Kg;DIVERS
15600262402;Nickel detartrant 12*1L;PAQUET;12 PIECE;1 Kg;DIVERS
15600181901;Nickel lave sol 1L;PIECE;1 PIECE;1 Kg;DIVERS
15600213601;Nickel lave vitre 750ml;PIECE;1 PIECE;1 Kg;DIVERS
15600213602;Nickel lave vitre 750ml;PAQUET;15 PIECE;1 Kg;DIVERS
15600261201;Nickel liquide vaisselle ass12*500ml;PIECE;1 PIECE;1 Kg;DIVERS
15600261202;Nickel liquide vaisselle ass12*500ml;PAQUET;12 PIECE;1 Kg;DIVERS
15600104101;NICKEL VAISSELLE 500ML;PIECE;1 PIECE;1 Kg;DIVERS
15600104102;NICKEL VAISSELLE 500ML;PQT;25 PIECE;1 Kg;DIVERS
298;Nickel vaisselle jaune 1L;PIECE;1 PIECE;0 Kg;DIVERS
733;Nickel vaisselle jaune 1L;PAQUET;15 PIECE;0 Kg;DIVERS
15600255701;Nickel vaisselle jaune 1l*12 jaune citron;PIECE;1 PIECE;1 Kg;DIVERS
15600255702;Nickel vaisselle jaune 1l*12 jaune citron;PAQUET;12 PIECE;1 Kg;DIVERS
15600255801;Nickel vaisselle jaune 1l*12 vanille marron;PIECE;1 PIECE;1 Kg;DIVERS
15600255802;Nickel vaisselle jaune 1l*12 vanille marron;PAQUET;12 PIECE;1 Kg;DIVERS
15600136901;Nickel vaisselle Vert pomme 1L;PIECE;1 PIECE;1 Kg;DIVERS
15600136902;Nickel vaisselle Vert pomme 1L;PACQUET;15 PIECE;1 Kg;DIVERS
15600181801;Nickel wc 500ml;PIECE;1 PIECE;1 Kg;DIVERS
15600181802;Nickel wc 500ml;PACQUET;15 PIECE;1 Kg;DIVERS
21700096501;NOKIA MISY CAMERA;PIECE;1 PIECE;1 Kg;TELEPHONE
21700096401;NOKIA TSOTRA;PIECE;1 PIECE;1 Kg;TELEPHONE
940;NOSY  CARE GM P8P;PIECE;1 PIECE;0 Kg;SAVON
1027;NOSY  CARE GM P8P;CARTON;24 PIECE;0 Kg;SAVON
146;Nosy B;PIECE;1 PIECE;0 Kg;SAVON
938;Nosy B;CARTON;27 PIECE;0 Kg;SAVON
937;NOSY B52 bara;BARRE;1 BARRE;0 Kg;SAVON BARRE
936;NOSY B52 bara;CARTON;12 BARRE;0 Kg;SAVON BARRE
668;Nosy kelly;PIECE;1 PIECE;0 Kg;SAVON
939;Nosy kelly;CARTON;72 PIECE;0 Kg;SAVON
18700256201;Nouille 2x sukses's bleu oignon 115g;CARTON;1 CARTON;1 Kg;PATE
18700147301;Nouille 2x sukses's En Piece;PIECE;1 PIECE;1 Kg;PATE
18700147001;Nouille 2x sukses's jaune carry 115g;CARTON;1 CARTON;1 Kg;PATE
15600072701;Nouilles 138;SACHET;1 SACHET;2 Kg;DIVERS
15600072702;Nouilles 138;CARTON;24 SACHET;5 Kg;DIVERS
18700154001;Nouilles illico 60pcs;CATRON;1 CATRON;1 Kg;PATE
18700188601;Nouilles Pate Wana 80g;CARTON;1 CARTON;1 Kg;PATE
18700173401;Nouilles presto 60pcs;CARTON;1 CARTON;1 Kg;PATE
18700256301;Nouilles Sedaap korean spice chicken;PIECE;1 PIECE;1 Kg;PATE
18700256302;Nouilles Sedaap korean spice chicken;CARTON;8 PIECE;1 Kg;PATE
13800231601;Nura f bon frooty;BOCAL;1 BOCAL;1 Kg;BONBON
13800231602;Nura f bon frooty;CARTON;8 BOCAL;1 Kg;BONBON
15600087501;NURSE 2-900G;BOITE;1 BOITE;1 Kg;DIVERS
1138;NURSIE 1 -400;BOITE;1 BOITE;0 Kg;DIVERS
1139;NURSIE 1 -900 gm;BOITE;1 BOITE;0 Kg;DIVERS
1137;NURSIE 2 -400;BOITE;1 BOITE;0 Kg;DIVERS
14700268901;Nyra chocolay velvet truffles;BOCAL;1 BOCAL;1 Kg;CHOCOLAT
13800232601;Nyra coconut cube;BOITE;1 BOITE;1 Kg;BONBON
13800232602;Nyra coconut cube;CARTON;12 BOITE;1 Kg;BONBON
13800269901;Nyra crunch milk balls 125g;BOCAL;1 BOCAL;1 Kg;BONBON
13800269902;Nyra crunch milk balls 125g;CARTON;36 BOCAL;1 Kg;BONBON
14700245301;Nyra elro choco ;BOITE;1 BOITE;1 Kg;CHOCOLAT
14700245302;Nyra elro choco ;CARTON;24 BOITE;1 Kg;CHOCOLAT
14700247101;Nyra elro choco 12bte fisaka;BOITE;1 BOITE;1 Kg;CHOCOLAT
14700247102;Nyra elro choco 12bte fisaka;CARTON;12 BOITE;1 Kg;CHOCOLAT
14700245401;Nyra elro milk;BOITE;1 BOITE;1 Kg;CHOCOLAT
14700245402;Nyra elro milk;CARTON;24 BOITE;1 Kg;CHOCOLAT
13800266901;Nyra fruit burst ass 12*200pcs;BOCAL;1 BOCAL;1 Kg;BONBON
13800266902;Nyra fruit burst ass 12*200pcs;CARTON;12 BOCAL;1 Kg;BONBON
13800233401;Nyra royale creme candy 12 jar;BOCAL;1 BOCAL;1 Kg;BONBON
13800233402;Nyra royale creme candy 12 jar;CARTON;12 BOCAL;1 Kg;BONBON
13800260801;Nyra swissland 125pcs;BOCAL;1 BOCAL;1 Kg;BONBON
13800260802;Nyra swissland 125pcs;CARTON;12 BOCAL;1 Kg;BONBON
13800244101;Nyra toffilo 100p*20;SACHET;1 SACHET;1 Kg;BONBON
13800244102;Nyra toffilo 100p*20;CARTON;20 SACHET;1 Kg;BONBON
13800260401;Nyra valentine 150pcs;BOCAL;1 BOCAL;1 Kg;BONBON
13800260402;Nyra valentine 150pcs;CARTON;12 BOCAL;1 Kg;BONBON
13800246501;Nyra yogi yogi 50 original;SACHET;1 SACHET;1 Kg;BONBON
13800246502;Nyra yogi yogi 50 original;CARTON;40 SACHET;1 Kg;BONBON
14700266401;Ok choco milk cube pops ass bocal*200pcs;BOCAL;1 BOCAL;1 Kg;CHOCOLAT
14700266402;Ok choco milk cube pops ass bocal*200pcs;CARTON;12 BOCAL;1 Kg;CHOCOLAT
13800257901;Ok eye ball gummy candy*30pcs;BOCAL;1 BOCAL;1 Kg;BONBON
13800257902;Ok eye ball gummy candy*30pcs;CARTON;20 BOCAL;1 Kg;BONBON
13800237601;Ok football chocolate EN pcs;PIECE;1 PIECE;1 Kg;BONBON
13800236701;Ok football chocolate*100pcs;BOCAL;1 BOCAL;1 Kg;BONBON
13800236702;Ok football chocolate*100pcs;CARTON;24 BOCAL;1 Kg;BONBON
15600265501;Ok ice sweet 30pqt;PAQUET;1 PAQUET;1 Kg;DIVERS
15600265502;Ok ice sweet 30pqt;CARTON;30 PAQUET;1 Kg;DIVERS
315;ONDROKA LUX;PIECE;1 PIECE;0 Kg;DIVERS
307;ONDROKA MAKARAKARA;PIECE;1 PIECE;0 Kg;DIVERS
15600197501;Pail candy;PACQUET;1 PACQUET;1 Kg;DIVERS
179;Paille de fer;PAQUET;1 PAQUET;0 Kg;DIVERS
15100122001;PAMPERS N°2,5 EN PIECE;PIECE;1 PIECE;1 Kg;COUCHE
15100139301;Pampers N°3 culotte midi;PACQUET;1 PACQUET;1 Kg;COUCHE
15100139701;PAMPERS N°4 ( 4 X 32 );PACQUET;1 PACQUET;1 Kg;COUCHE
311;PANEAU JAUNE;PIECE;1 PIECE;0 Kg;DIVERS
15600162401;Papier Dolphin A4;RAMME;1 RAMME;1 Kg;DIVERS
15600162402;Papier Dolphin A4;CARTON ;5 RAMME;1 Kg;DIVERS
18500194001;Papier epaper;RAM;1 RAM;1 Kg;PAPIER 
18500194002;Papier epaper;CARTON;5 RAM;1 Kg;PAPIER 
18500176201;Papier hygienique doucy;PACQUET;1 PACQUET;1 Kg;PAPIER 
18600176301;Papier hygienique lys;PACQUET;1 PACQUET;1 Kg;PAPIER HYGIENIQUE
15600226701;Papier hygienique lys En pcs;PIECE;1 PIECE;1 Kg;DIVERS
476;Papier ik copy A4;RAME;1 RAME;0 Kg;DIVERS
475;Papier ik copy A4;CARTON;5 RAME;0 Kg;DIVERS
15600216801;Papier pro print A4;RAM;1 RAM;1 Kg;DIVERS
15600216802;Papier pro print A4;CARTON;5 RAM;1 Kg;DIVERS
15600152701;Papier velin bleu;RAM;1 RAM;1 Kg;DIVERS
15600152702;Papier velin bleu;CARTON;5 RAM;1 Kg;DIVERS
271;PARASOL ARC;PIECE;1 PIECE;0 Kg;DIVERS
15600160801;Parfum;PIECE;1 PIECE;1 Kg;DIVERS
15600160802;Parfum;PACQUET;12 PIECE;1 Kg;DIVERS
15600160803;Parfum;CARTON;12 PACQUET;1 Kg;DIVERS
15100214001;Patapon bleu couche l9 (9-18kg);PAQUET;1 PAQUET;1 Kg;COUCHE
15100214002;Patapon bleu couche l9 (9-18kg);BALLE;24 PAQUET;1 Kg;COUCHE
15100157901;Patapon cullote L10;PACQUET;1 PACQUET;1 Kg;COUCHE
15100157902;Patapon cullote L10;BALLE;24 PACQUET;1 Kg;COUCHE
15100163401;Patapon maxi bleu l28 (9-18kg);PACQUET;1 PACQUET;1 Kg;COUCHE
15100163402;Patapon maxi bleu l28 (9-18kg);BALLES;6 PACQUET;1 Kg;COUCHE
;PATAPON MIDI ORANGE M30 (5-11KG);;0 null;0 Kg;COUCHE
217;Patapon midi orange m30 (5-11kg);PAQUET;1 PAQUET;0 Kg;DIVERS
521;Patapon midi orange m30 (5-11kg);BALLE;8 PAQUET;1 Kg;DIVERS
15100111301;PATAPON PM;PIECE;1 PIECE;1 Kg;COUCHE
15100111302;PATAPON PM;PACQUE;9 PIECE;1 Kg;COUCHE
15100111303;PATAPON PM;CARTON;24 PACQUE;1 Kg;COUCHE
991;PATATI PATATA;SACHET;1 SACHET;0 Kg;BONBON
594;Pate apollo ;CARTON;1 CARTON;0 Kg;DIVERS
15600148901;Pate apollo En piece;PIECE;1 PIECE;1 Kg;DIVERS
18700158901;Pate egg noodle 400g red river;PIECE;1 PIECE;1 Kg;PATE
18700158902;Pate egg noodle 400g red river;CARTON ;30 PIECE;1 Kg;PATE
1156;PATE HAKA;CARTON;1 CARTON;0 Kg;DETERGENT
18700070701;Pate illico 60 pcs;CRT;1 CRT;1 Kg;PATE
133;PATE MIYA;CARTON;1 CARTON;0 Kg;PATE
18700158801;Pate nouille aux oeufs 250gr 1er choix;PIECE;1 PIECE;1 Kg;PATE
18700158802;Pate nouille aux oeufs 250gr 1er choix;CARTON;30 PIECE;1 Kg;PATE
18700154701;PATE PREMIER MILAY;CARTON;1 CARTON;1 Kg;PATE
474;Pate premier prix;CARTON;1 CARTON;0 Kg;DIVERS
131;PATE RONI;CARTON;1 CARTON;0 Kg;PATE
610;Pate salone matsiro ;CARTON;1 CARTON;0 Kg;PATE
15600082101;PATE SALONE NAKA;CRT;1 CRT;1 Kg;DIVERS
18700120701;Pate Sedaap En  Pcs;PIECE;1 PIECE;1 Kg;PATE
123;Pate Sedaap Supreme;CARTON;1 CARTON;0 Kg;PATE
846;PATE YUMMY;PIECE;1 PIECE;0 Kg;PATE
129;PATE YUMMY;CARTON;60 PIECE;0 Kg;PATE
13800257801;Pe ice cream mama tik tok pop 100p*12bag;BOCAL;1 BOCAL;1 Kg;BONBON
13800257802;Pe ice cream mama tik tok pop 100p*12bag;CARTON;12 BOCAL;1 Kg;BONBON
1083;PECTO BE;SACHET;1 SACHET;0 Kg;DIVERS
1082;PECTO BE;CARTON;16 SACHET;0 Kg;DIVERS
1098;PECTO PM;SACHET;1 SACHET;0 Kg;BONBON
1097;PECTO PM;SAC;80 SACHET;0 Kg;BONBON
228;PEINTURE 1KG;PIECE;1 PIECE;0 Kg;DIVERS
229;PEINTURE 3KG;PIECE;1 PIECE;0 Kg;DIVERS
230;PEINTURE PM;PIECE;1 PIECE;0 Kg;DIVERS
13800233301;Pen finger hard candy 3g;PAQUET;1 PAQUET;1 Kg;BONBON
13800108401;PENGUIM CHOCO;PQT;1 PQT;1 Kg;BONBON
13800108402;PENGUIM CHOCO;CRT;36 PQT;1 Kg;BONBON
20200114901;PERFIT;PACQUET;1 PACQUET;1 Kg;SERVIETTE HYGIENIQUE
20200114902;PERFIT;CARTON;36 PACQUET;1 Kg;SERVIETTE HYGIENIQUE
15600141501;Petit pizza;SACHET;1 SACHET;1 Kg;DIVERS
15600141901;Petit pizza en pcs;PIECE;1 PIECE;1 Kg;DIVERS
487;Pétrole  250L;LITRE;1 LITRE;0 Kg;DIVERS
15600032402;Pétrole  250L;TONELET;250 LITRE;1 Kg;DIVERS
99;Pile Alkaline Ir6 aorata7;BOITE;1 BOITE;0 Kg;PILE
18800004902;Pile Alkaline Ir6 aorata7;CARTON;15 BOITE;1 Kg;PILE
15600172901;Pile champion r6;BOITE;1 BOITE;1 Kg;DIVERS
15600172902;Pile champion r6;CARTON;25 BOITE;1 Kg;DIVERS
18800234301;Pile duratec r20;BOITE;1 BOITE;1 Kg;PILE
18800234302;Pile duratec r20;CARTON;24 BOITE;1 Kg;PILE
18800234401;Pile duratec r6;BOITE;1 BOITE;1 Kg;PILE
18800234402;Pile duratec r6;CARTON;25 BOITE;1 Kg;PILE
18800105801;PILE ENERGY PM;BTS;1 BTS;1 Kg;PILE
18800105802;PILE ENERGY PM;CRT;25 BTS;1 Kg;PILE
755;PILE EVERLASTE GM;BOITE;1 BOITE;0 Kg;PILE
754;PILE EVERLASTE GM;CARTON;24 BOITE;0 Kg;PILE
757;PILE EVERLASTE PM;BOITE;1 BOITE;0 Kg;PILE
756;PILE EVERLASTE PM;CARTON;50 BOITE;0 Kg;PILE
443;PILE MOTOMA;BOITE;1 BOITE;0 Kg;DIVERS
702;PILE YARICO GM;BOITE;1 BOITE;0 Kg;PILE
688;PILE YARICO GM;CARTON;24 BOITE;0 Kg;PILE
189;PINCE;PIECE;1 PIECE;0 Kg;DIVERS
393;PINCE LUX;PAQUET;1 PAQUET;0 Kg;DIVERS
153;PINCE SILIPO;PIECE;1 PIECE;0 Kg;DIVERS
394;PINCE TSOTRA;PAQUET;1 PAQUET;0 Kg;DIVERS
447;PINCEAU N02;PIECE;1 PIECE;0 Kg;DIVERS
176;PINCEAU N1;PIECE;1 PIECE;0 Kg;DIVERS
177;PINCEAU N3;PIECE;1 PIECE;0 Kg;DIVERS
824;PINCEAU N4;PIECE;1 PIECE;0 Kg;DIVERS
175;PINCEAU N6;PIECE;1 PIECE;0 Kg;DIVERS
15600143501;Pistasy avaratra mena 200 kapoaka;SAC;1 SAC;1 Kg;DIVERS
15900143601;Pistasy mena AVARATRA En kapoaka;KAPOAKA;1 KAPOAKA;1 Kg;ENZOY
19200206101;Pistasy mena kely 50kg;SAC;1 SAC;1 Kg;RIZ
19200206201;Pistasy mena kely En Kap;KAPOAKA;1 KAPOAKA;1 Kg;RIZ
15600265901;Pizza jelly strawberry;BOITE;1 BOITE;1 Kg;DIVERS
265;PNEUS;BOITE;1 BOITE;0 Kg;DIVERS
242;POID 2KG;PIECE;1 PIECE;0 Kg;DIVERS
746;POIDS 5KG;PIECE;1 PIECE;0 Kg;DIVERS
356;Pointe 100X20 de 20kg;KG;1 KG;0 Kg;DIVERS
15600023902;Pointe 100X20 de 20kg;BOITE;5 KG;1 Kg;DIVERS
15600023903;Pointe 100X20 de 20kg;CARTON;4 BOITE;20 Kg;DIVERS
364;POINTE 120X20;KG;1 KG;1 Kg;DIVERS
363;POINTE 120X20;BTE;5 KG;1 Kg;DIVERS
15600024203;POINTE 120X20;CRT;4 BTE;1 Kg;DIVERS
15600098901;Pointe 120X21 de 20kg;BOITE;1 BOITE;1 Kg;DIVERS
15600098902;Pointe 120X21 de 20kg;CRT;4 BOITE;1 Kg;DIVERS
886;POINTE 140;KG;1 KG;0 Kg;DIVERS
826;POINTE 140;BOITE;5 KG;1 Kg;DIVERS
15600050403;POINTE 140;CARTON;4 BOITE;20 Kg;DIVERS
347;Pointe 30X13 de 20kg;KG;1 KG;1 Kg;DIVERS
346;Pointe 30X13 de 20kg;BOITE;5 KG;1 Kg;DIVERS
15600023603;Pointe 30X13 de 20kg;CARTON;4 BOITE;20 Kg;DIVERS
351;Pointe 40X14 de 20kg;KG;1 KG;0 Kg;DIVERS
350;Pointe 40X14 de 20kg;BOITE;5 KG;1 Kg;DIVERS
349;Pointe 40X14 de 20kg;CARTON;4 BOITE;1 Kg;DIVERS
468;Pointe 50X16 de 20 kg;KILOS;1 KILOS;1 Kg;DIVERS
467;Pointe 50X16 de 20 kg;BOITE;5 KILOS;1 Kg;DIVERS
15600031403;Pointe 50X16 de 20 kg;CARTON;4 BOITE;20 Kg;DIVERS
848;Pointe 50X18 de 20 kg;KILOS;1 KILOS;1 Kg;DIVERS
825;Pointe 50X18 de 20 kg;BOITE;5 KILOS;1 Kg;DIVERS
15600050303;Pointe 50X18 de 20 kg;CARTON;4 BOITE;20 Kg;DIVERS
361;Pointe 60X17 de 20kg;KILOS;1 KILOS;1 Kg;DIVERS
360;Pointe 60X17 de 20kg;BOITE;5 KILOS;1 Kg;DIVERS
15600024103;Pointe 60X17 de 20kg;CARTON;4 BOITE;20 Kg;DIVERS
341;POINTE 60X20;KG;1 KG;1 Kg;DIVERS
340;POINTE 60X20;BOITE;5 KG;1 Kg;DIVERS
15600023203;POINTE 60X20;CARTON;4 BOITE;20 Kg;DIVERS
358;Pointe 70X18 de 20kg;KG;1 KG;1 Kg;DIVERS
357;Pointe 70X18 de 20kg;BOITE;5 KG;1 Kg;DIVERS
15600024003;Pointe 70X18 de 20kg;CARTON;4 BOITE;20 Kg;DIVERS
344;POINTE 80X18;KG;1 KG;1 Kg;DIVERS
15600023402;POINTE 80X18;BOITE;5 KG;1 Kg;DIVERS
15600023403;POINTE 80X18;CARTON;4 BOITE;20 Kg;DIVERS
15600074501;Pointe 80x19 de 20kg;KG;1 KG;1 Kg;DIVERS
15600074502;Pointe 80x19 de 20kg;BOITE;5 KG;1 Kg;DIVERS
15600074503;Pointe 80x19 de 20kg;CARTON;4 BOITE;20 Kg;DIVERS
15600074601;POINTE 90X19;KG;1 KG;1 Kg;DIVERS
15600074602;POINTE 90X19;BOITE;5 KG;1 Kg;DIVERS
15600074603;POINTE 90X19;CARTON;4 BOITE;20 Kg;DIVERS
339;POINTE 90X20;KG;1 KG;0 Kg;DIVERS
15600023102;POINTE 90X20;BOITE;5 KG;1 Kg;DIVERS
15600023103;POINTE 90X20;CARTON;4 BOITE;20 Kg;DIVERS
775;POINTE A TOLE;BOITE;1 BOITE;0 Kg;DIVERS
774;POINTE A TOLE;CARTON;20 BOITE;0 Kg;DIVERS
21800125201;POIVRE DE L'EST;BOUTEIL;1 BOUTEIL;1 Kg;POIVRE
194;Poivre etui 30g;PAQUET;1 PAQUET;0 Kg;EPICE
776;Poivre etui 30g;BALLE;10 PAQUET;0 Kg;EPICE
21800109501;POIVRE MOULU TAF;PQT;1 PQT;1 Kg;POIVRE
21800109502;POIVRE MOULU TAF;CRT;10 PQT;1 Kg;POIVRE
816;PORTE ASSI?êTE LUX;PIECE;1 PIECE;0 Kg;DIVERS
386;PORTE ASSIETTE;PIECE;1 PIECE;0 Kg;DIVERS
15600077701;Pot yaourt high quality;PQT;1 PQT;1 Kg;DIVERS
178;POT YAOURT MADA;PAQUET;1 PAQUET;0 Kg;DIVERS
13600185301;Potata 100g;PIECE;1 PIECE;1 Kg;BISCUIT 
13600185302;Potata 100g;CARTON;48 PIECE;1 Kg;BISCUIT 
15600136801;Potata 15g;PIECE;1 PIECE;1 Kg;DIVERS
15600136802;Potata 15g;SACHET;10 PIECE;1 Kg;DIVERS
15600136803;Potata 15g;BOITE;5 SACHET;1 Kg;DIVERS
13600218401;POTATA 70G;PECE;1 PECE;1 Kg;BISCUIT 
13600119101;POTATA 80G;SACHET;1 SACHET;1 Kg;BISCUIT 
13600119102;POTATA 80G;CARTON;48 SACHET;1 Kg;BISCUIT 
13600149701;Potata bare-b-que 75g;PIECE;1 PIECE;1 Kg;BISCUIT 
13600149702;Potata bare-b-que 75g;CARTON;48 PIECE;1 Kg;BISCUIT 
13600245701;Potato chips pizza adoro 75g;PIECE;1 PIECE;1 Kg;BISCUIT 
13600245702;Potato chips pizza adoro 75g;CARTON;24 PIECE;1 Kg;BISCUIT 
13600248501;Potato chipz quatre epices adoro 75g ;PIECE;1 PIECE;1 Kg;BISCUIT 
13600248502;Potato chipz quatre epices adoro 75g ;CARTON;24 PIECE;1 Kg;BISCUIT 
609;POUDRE KLIN;CARTON;1 CARTON;0 Kg;SAVON  EN POUDRE
15600215101;Poudre savon ariel floral 500g;PIECE;1 PIECE;1 Kg;DIVERS
15600215001;Poudre savon ariel lavendrer 500g;PIECE;1 PIECE;1 Kg;DIVERS
15600215201;Poudre savon ariel spring 500g;PIECE;1 PIECE;1 Kg;DIVERS
19700238901;Poudre savon special  en piece;PIECE;1 PIECE;1 Kg;SAVON  EN POUDRE
19700238801;Poudre savon special bleu;SAC;1 SAC;1 Kg;SAVON  EN POUDRE
735;POUDRE SIRO;BOITE;1 BOITE;0 Kg;DIVERS
13600107901;PRINCE FOURRE VANILLE/CHOCO GM 130G*20;PIECE;1 PIECE;1 Kg;BISCUIT 
13600107902;PRINCE FOURRE VANILLE/CHOCO GM 130G*20;CARTON;20 PIECE;1 Kg;BISCUIT 
13600108001;PRINCE VANILLE POCHON 60G*35;PIECE;1 PIECE;1 Kg;BISCUIT 
13600108002;PRINCE VANILLE POCHON 60G*35;CARTON;35 PIECE;1 Kg;BISCUIT 
13800224701;PRINCESS*18X30;PIECE;1 PIECE;1 Kg;BONBON
13800224702;PRINCESS*18X30;PAQUET;30 PIECE;1 Kg;BONBON
13800224703;PRINCESS*18X30;CARTON;18 PAQUET;1 Kg;BONBON
150;PRISE FEMEL;PIECE;1 PIECE;0 Kg;DIVERS
149;PRISE MAL;PIECE;1 PIECE;0 Kg;DIVERS
279;PROTEGE GM;PIECE;1 PIECE;0 Kg;DIVERS
280;PROTEGE PM;PIECE;1 PIECE;0 Kg;DIVERS
15900191701;Provende Akoho gasy  démarrage ;KILOS;1 KILOS;1 Kg;ENZOY
15900192001;Provende akoho gasy finition ;KILOS;1 KILOS;1 Kg;ENZOY
15600191801;Provende Chaire démarrage id en kg;KILOS;1 KILOS;1 Kg;DIVERS
15900191901;Provende Chaire finition id en kg ;KILOS;1 KILOS;1 Kg;ENZOY
15600200301;Provende croissance poisson intensif kg;KILOS;1 KILOS;1 Kg;DIVERS
15900192201;Provende demarrage porc en kg;KILOS;1 KILOS;1 Kg;ENZOY
15900192301;Provende finition porc en kg;KILOS;1 KILOS;1 Kg;ENZOY
15900192101;Provende pondeuse 1Id en kg;KILOS;1 KILOS;1 Kg;ENZOY
15900252201;Provendre chaire démarrage id 50kg d2;SAC;1 SAC;50 Kg;ENZOY
15900252301;Provendre chaire finition id 50kg ;SAC;1 SAC;50 Kg;ENZOY
15900251801;Provendre croissance poisson intensif 25kg;SAC ;1 SAC ;1 Kg;ENZOY
15900252001;Provendre fermier démarrage 50kg ;SAC;1 SAC;1 Kg;ENZOY
15900252101;Provendre fermier finition 50kg ;SAC;1 SAC;50 Kg;ENZOY
15900251901;Provendre poisson démarage intensif ;SAC;1 SAC;1 Kg;ENZOY
15900252401;Provendre poisson démarage intensif kg;KILOS;1 KILOS;1 Kg;ENZOY
13800212401;Pub gun bocal ;BOCAL;1 BOCAL;1 Kg;BONBON
15600242201;Pur'o impec 150ml;PIECE;1 PIECE;1 Kg;DIVERS
15600242202;Pur'o impec 150ml;CARTON;40 PIECE;1 Kg;DIVERS
13600249001;Pure butte cookies original 120g veto;PIECE;1 PIECE;1 Kg;BISCUIT 
13600249002;Pure butte cookies original 120g veto;CARTON;24 PIECE;1 Kg;BISCUIT 
13800224801;Pure gold khazana*18x30;PIECE;1 PIECE;1 Kg;BONBON
13800224802;Pure gold khazana*18x30;PAQUET;30 PIECE;1 Kg;BONBON
13800224803;Pure gold khazana*18x30;CARTON;18 PAQUET;1 Kg;BONBON
13700248901;Pure milk cookies 120g veto;PIECE;1 PIECE;1 Kg;BOISSON
13700248902;Pure milk cookies 120g veto;CARTON;24 PIECE;1 Kg;BOISSON
13800155301;Racing  car en Bocal;BOCAL ;1 BOCAL ;1 Kg;BONBON
13800155302;Racing  car en Bocal;CARTON;12 BOCAL ;1 Kg;BONBON
13800251201;Rajsi frubon roll en bocal 200pcs;BOITE;1 BOITE;1 Kg;BONBON
13800251202;Rajsi frubon roll en bocal 200pcs;CARTON;8 BOITE;1 Kg;BONBON
13800251301;Rajsi kulfi milk 200pcs;BOITE;1 BOITE;1 Kg;BONBON
13800251302;Rajsi kulfi milk 200pcs;CARTON;8 BOITE;1 Kg;BONBON
13800251101;Rajsi strawberry roll 200pcs;BOITE;1 BOITE;1 Kg;BONBON
13800251102;Rajsi strawberry roll 200pcs;CARTON;8 BOITE;1 Kg;BONBON
13800251001;Rajsi super star caramel 200pcs;BOITE;1 BOITE;1 Kg;BONBON
13800251002;Rajsi super star caramel 200pcs;CARTON;8 BOITE;1 Kg;BONBON
13800250501;Rajsi truffles coco 100pcs;BOITE;1 BOITE;1 Kg;BONBON
13800250502;Rajsi truffles coco 100pcs;CARTON;8 BOITE;1 Kg;BONBON
13800250601;Rajsi truffles milk 100pcs;BOITE;1 BOITE;1 Kg;BONBON
13800250602;Rajsi truffles milk 100pcs;CARTON;8 BOITE;1 Kg;BONBON
14700108501;RAMBO CHOCOLAT (CHEWING CANDY);BOITE;1 BOITE;1 Kg;CHOCOLAT
14700108502;RAMBO CHOCOLAT (CHEWING CANDY);CRT;12 BOITE;1 Kg;CHOCOLAT
323;RAPORTEUR;PIECE;1 PIECE;0 Kg;DIVERS
4;Rasoir Bic;PIECE;1 PIECE;0 Kg;DIVERS
3;Rasoir Bic;CARTON;100 PIECE;0 Kg;DIVERS
19100172701;Rasoir dorco double;PIECE;1 PIECE;1 Kg;RASOIR
19100172702;Rasoir dorco double;PACQUE;10 PIECE;1 Kg;RASOIR
19100172703;Rasoir dorco double;BOITE;80 PACQUE;1 Kg;RASOIR
19100172704;Rasoir dorco double;CARTON;12 BOITE;1 Kg;RASOIR
19100172601;Rasoir dorco simple;PIECE;1 PIECE;1 Kg;RASOIR
19100172602;Rasoir dorco simple;PACQUET;6 PIECE;1 Kg;RASOIR
19100121701;RASOIR SUPER MAX;PIECE;1 PIECE;1 Kg;RASOIR
19100121702;RASOIR SUPER MAX;CARTON;120 PIECE;1 Kg;RASOIR
241;REGISTRE D APEL;PIECE;1 PIECE;0 Kg;DIVERS
275;REGLE ABC;PIECE;1 PIECE;0 Kg;DIVERS
274;REGLE AVEC CRAYON;PIECE;1 PIECE;0 Kg;DIVERS
13800212501;Rich bite premium bocal;BOCAL;1 BOCAL;1 Kg;BONBON
19600073601;RIM;CRT;1 CRT;1 Kg;SAVON
15600188801;Ringos;SACHET;1 SACHET;1 Kg;DIVERS
15600188802;Ringos;BALLE;20 SACHET;1 Kg;DIVERS
13800189401;Robot lollipop 5.4g;BOCAL ;1 BOCAL ;1 Kg;BONBON
330;ROJO VY;PIECE;1 PIECE;0 Kg;DIVERS
17100254801;Ronono barea en boite gm;PIECE;1 PIECE;1 Kg;LAIT CONCENTRE
17100254802;Ronono barea en boite gm;CARTON;24 PIECE;1 Kg;LAIT CONCENTRE
17100254701;Ronono barea en boite pm;PIECE;1 PIECE;1 Kg;LAIT CONCENTRE
17100254702;Ronono barea en boite pm;CARTON;48 PIECE;1 Kg;LAIT CONCENTRE
15600192701;Ronono barea gm;PIECE;1 PIECE;1 Kg;DIVERS
15600192702;Ronono barea gm;CARTON;24 PIECE;1 Kg;DIVERS
17100252601;Ronono boite Tople pm;BOITE;1 BOITE;1 Kg;LAIT CONCENTRE
17100252602;Ronono boite Tople pm;CARTON;48 BOITE;1 Kg;LAIT CONCENTRE
125;RONONO CEBON GM;BOITE;1 BOITE;0 Kg;LAIT CONCENTRE
124;RONONO CEBON GM;CARTON;24 BOITE;0 Kg;LAIT CONCENTRE
618;RONONO CEBON PM;PIECE;1 PIECE;0 Kg;LAIT CONCENTRE
615;RONONO CEBON PM;CARTON;48 PIECE;0 Kg;LAIT CONCENTRE
17100240701;Ronono champion pm;BOITE;1 BOITE;1 Kg;LAIT CONCENTRE
17100240702;Ronono champion pm;CARTON;48 BOITE;1 Kg;LAIT CONCENTRE
15600169701;Ronono Elvia gm;PIECE;1 PIECE;1 Kg;DIVERS
15600169702;Ronono Elvia gm;CARTON;24 PIECE;1 Kg;DIVERS
15600169601;Ronono Elvia pm;PIECE;1 PIECE;1 Kg;DIVERS
15600169602;Ronono Elvia pm;CARTON;48 PIECE;1 Kg;DIVERS
17100258401;Ronono evita en boite pm*390g*24;PIECE;1 PIECE;1 Kg;LAIT CONCENTRE
17100258402;Ronono evita en boite pm*390g*24;CARTON;24 PIECE;1 Kg;LAIT CONCENTRE
17100223601;Ronono lucky cow pm;BOITE;1 BOITE;1 Kg;LAIT CONCENTRE
17100223602;Ronono lucky cow pm;CARTON;48 BOITE;1 Kg;LAIT CONCENTRE
17100134201;Ronono Mama gm;PIECE;1 PIECE;1 Kg;LAIT CONCENTRE
17100134202;Ronono Mama gm;CARTON;24 PIECE;1 Kg;LAIT CONCENTRE
17100134301;Ronono Mama pm;PIECE;1 PIECE;1 Kg;LAIT CONCENTRE
17100134302;Ronono Mama pm;CARTON;48 PIECE;1 Kg;LAIT CONCENTRE
961;Ronono poudre fonterra  En kg;1/2 KG;1 1/2 KG;0 Kg;POUDRE LAIT
960;Ronono poudre fonterra 25Kg;SAC;1 SAC;0 Kg;POUDRE LAIT
18900110901;RONONO POUDRE LACTIMILK;SAC;1 SAC;1 Kg;POUDRE LAIT
18900111001;RONONO POUDRE LACTIMILK;1/2 KG;1 1/2 KG;1 Kg;POUDRE LAIT
17100206001;Ronono shasa gm;PIECE;1 PIECE;1 Kg;LAIT CONCENTRE
17100206002;Ronono shasa gm;CARTON;24 PIECE;1 Kg;LAIT CONCENTRE
884;RONONO SOCOLAIT;PIECE;1 PIECE;0 Kg;LAIT CONCENTRE
883;RONONO SOCOLAIT;CARTON;48 PIECE;0 Kg;LAIT CONCENTRE
17100154401;Ronono Socolait 390g*48;BOITE;1 BOITE;1 Kg;LAIT CONCENTRE
17100154402;Ronono Socolait 390g*48;CARTON;48 BOITE;1 Kg;LAIT CONCENTRE
947;RONONO SOCOLAIT GM;PIECE;1 PIECE;0 Kg;LAIT CONCENTRE
946;RONONO SOCOLAIT GM;CARTON;24 PIECE;0 Kg;LAIT CONCENTRE
17100183201;Ronono white gold pm;PIECE;1 PIECE;1 Kg;LAIT CONCENTRE
17100183202;Ronono white gold pm;CARTON;48 PIECE;1 Kg;LAIT CONCENTRE
17100271901;Ronono Yama gm 1kg*24;PIECE;1 PIECE;1 Kg;LAIT CONCENTRE
17100271902;Ronono Yama gm 1kg*24;CARTON;24 PIECE;1 Kg;LAIT CONCENTRE
17100239101;Ronono yama pm*390g;BOITE;1 BOITE;1 Kg;LAIT CONCENTRE
17100239102;Ronono yama pm*390g;CARTON;48 BOITE;1 Kg;LAIT CONCENTRE
14700232901;Rootola chocland;BOITE;1 BOITE;1 Kg;CHOCOLAT
14700232902;Rootola chocland;CARTON;1 BOITE;1 Kg;CHOCOLAT
19700272301;Saba Bleu 25g;SAC;1 SAC;1 Kg;SAVON  EN POUDRE
1;SAC VIDE 250 Kg;PIECE;1 PIECE;0 Kg;DIVERS
15600151201;Sac vide gm matoa 250kg;PIECE;1 PIECE;1 Kg;DIVERS
15600085101;Sac vide sp 55*90 60KG;PIECE;1 PIECE;1 Kg;DIVERS
15600148001;Sachet best price;PACQUET;1 PACQUET;1 Kg;DIVERS
15600273901;Sachet best price en piece;PIECE;1 PIECE;1 Kg;DIVERS
19300227601;Sachet best prince gm 80cm*50;PAQUET;1 PAQUET;1 Kg;SACHET
15600273801;Sachet best prince gm 80cm*50 en piece;PIECE;1 PIECE;1 Kg;DIVERS
19300145601;Sachet hipper le magnifique;PACQUET;1 PACQUET;1 Kg;SACHET
15600083201;SACHET MOYENNE;PACQUET;1 PACQUET;1 Kg;DIVERS
15600273701;Sachet moyenne en piece;PIECE;1 PIECE;1 Kg;DIVERS
14600076601;SACHET PM;PQT;1 PQT;1 Kg;CD - DVD
15600132001;Sachet pm  transparent;PAQUET;1 PAQUET;1 Kg;DIVERS
19300195901;Sachet pm couleur;PACQUET;1 PACQUET;1 Kg;SACHET
19300195902;Sachet pm couleur;BALLE;10 PACQUET;1 Kg;SACHET
15600160501;Sachet pm HD20;PACQUET;1 PACQUET;1 Kg;DIVERS
15600083101;Sachet pm Tsara kalitao unis 60U;PACQUET;1 PACQUET;1 Kg;DIVERS
19300196001;Sachet rose mm;PACQUET;1 PACQUET;1 Kg;SACHET
1148;Sachet sous vide;PIECE;1 PIECE;0 Kg;DIVERS
15600262801;Saf instant 500g;PIECE;1 PIECE;1 Kg;DIVERS
15600262802;Saf instant 500g;CARTON;20 PIECE;1 Kg;DIVERS
17600183101;Saf intsant rouge 11g;PIECE;1 PIECE;1 Kg;LEVURE
17600183102;Saf intsant rouge 11g;PACQUET;12 PIECE;1 Kg;LEVURE
17600183103;Saf intsant rouge 11g;CARTON;15 PACQUET;1 Kg;LEVURE
17600084401;SAF_INSTANT 500G;BOITE;1 BOITE;1 Kg;LEVURE
17600084402;SAF_INSTANT 500G;CARTON;20 BOITE;1 Kg;LEVURE
14200257201;Salone cafe 20g*30pcs;PIECE;1 PIECE;1 Kg;CAFE
14200257202;Salone cafe 20g*30pcs;PAQUET;30 PIECE;1 Kg;CAFE
14200257203;Salone cafe 20g*30pcs;SAC;20 PAQUET;1 Kg;CAFE
14200257301;Salone cafe 30g*20pcs;PIECE;1 PIECE;1 Kg;CAFE
14200257302;Salone cafe 30g*20pcs;PAQUET;20 PIECE;1 Kg;CAFE
14200257303;Salone cafe 30g*20pcs;SAC;20 PAQUET;1 Kg;CAFE
496;Salto chips chili;SACHET;1 SACHET;0 Kg;DIVERS
13600131001;Salto Chips En Pcs;PCS;1 PCS;1 Kg;BISCUIT 
19600123801;SAMBA 9 BARRE EN BARRE;BARRE;1 BARRE;1 Kg;SAVON
19600161201;Samba detergeant en poudre;CARTON;1 CARTON;1 Kg;SAVON
13800247901;Sambapito lollipop whitstle 5g bocal;BOCAL;1 BOCAL;1 Kg;BONBON
13800247902;Sambapito lollipop whitstle 5g bocal;CARTON;12 BOCAL;1 Kg;BONBON
15600250701;Sampoing marina ass;PAQUET;1 PAQUET;1 Kg;DIVERS
15600250702;Sampoing marina ass;CARTON;12 PAQUET;1 Kg;DIVERS
21700096601;SAMSUNG GALAXY;PIECE;1 PIECE;1 Kg;TELEPHONE
442;SANTEX;PAQUET;1 PAQUET;0 Kg;DIVERS
441;SANTEX;CARTON;12 PAQUET;0 Kg;DIVERS
19400115301;SARDINE ANNY;PIECE;1 PIECE;1 Kg;SARDINE
19400115302;SARDINE ANNY;CARTON;50 PIECE;1 Kg;SARDINE
19400212901;Sardine bon appetit 125g;PIECE;1 PIECE;1 Kg;SARDINE
19400212902;Sardine bon appetit 125g;CARTON;50 PIECE;1 Kg;SARDINE
19400191001;Sardine cebon;PIECE;1 PIECE;1 Kg;SARDINE
19400191002;Sardine cebon;CARTON;50 PIECE;1 Kg;SARDINE
15500085001;SARDINE CHAMPION;PIECE;1 PIECE;1 Kg;DIVERS
15500085002;SARDINE CHAMPION;CARTON;50 PIECE;1 Kg;DIVERS
753;SARDINE delmonaco;PIECE;1 PIECE;0 Kg;SARDINE
752;SARDINE delmonaco;CARTON;50 PIECE;0 Kg;SARDINE
19400256901;Sardine isha;PIECE;1 PIECE;1 Kg;SARDINE
19400256902;Sardine isha;CARTON;50 PIECE;1 Kg;SARDINE
608;SARDINE JULIE;PIECE;1 PIECE;0 Kg;SARDINE
607;SARDINE JULIE;CARTON;50 PIECE;0 Kg;SARDINE
743;SARDINE MONICA;PIECE;1 PIECE;0 Kg;SARDINE
742;SARDINE MONICA;CARTON;50 PIECE;0 Kg;SARDINE
19400182201;Sardine Vivo ;PIECE;1 PIECE;1 Kg;SARDINE
19400182202;Sardine Vivo ;CARTON;25 PIECE;1 Kg;SARDINE
19400178301;SARDINE VIVO EN PIECE;PCS;1 PCS;1 Kg;SARDINE
19500212801;Sauce chili bon appetit 280g;PIECE;1 PIECE;1 Kg;SAUCE
19500212802;Sauce chili bon appetit 280g;CARTON;24 PIECE;1 Kg;SAUCE
19500122201;SAUCE CLAIRE PM;PIECE;1 PIECE;1 Kg;SAUCE
19500122202;SAUCE CLAIRE PM;CRT ;24 PIECE;1 Kg;SAUCE
15600081301;SAUCE DARK PM 150ML;PCE;1 PCE;1 Kg;DIVERS
15600081302;SAUCE DARK PM 150ML;CARTON;24 PCE;1 Kg;DIVERS
19500205001;SAUCE DARK SUPERIEUR PET 400ML;PCS;1 PCS;1 Kg;SAUCE
19500205002;SAUCE DARK SUPERIEUR PET 400ML;PACQUET;6 PCS;1 Kg;SAUCE
1092;SAUCE GERCAN BE;GER;1 GER;0 Kg;DIVERS
997;Sauce huitre 280g;PIECE;1 PIECE;0 Kg;DIVERS
996;Sauce huitre 280g;CARTON;24 PIECE;0 Kg;DIVERS
15600154601;Sauce huitre 500g;PIECE;1 PIECE;1 Kg;DIVERS
15600154602;Sauce huitre 500g;CARTON;15 PIECE;1 Kg;DIVERS
1127;SAUCE HUITRE 710g;PIECE;1 PIECE;0 Kg;DIVERS
15600067502;SAUCE HUITRE 710g;CRT;12 PIECE;1 Kg;DIVERS
19500157101;Sauce jerycan pm dark rrb;JERYCAN;1 JERYCAN;1 Kg;SAUCE
19500157201;Sauce jerycan pm light rrb;JERYCAN;1 JERYCAN;1 Kg;SAUCE
19500157202;Sauce jerycan pm light rrb;CARTON;12 JERYCAN;1 Kg;SAUCE
15600114701;SAUCE LIGHT 150ML;PIECE;1 PIECE;1 Kg;DIVERS
15600114702;SAUCE LIGHT 150ML;CARTON;24 PIECE;1 Kg;DIVERS
404;Sauce light 625 ml ;BOUTEIL;1 BOUTEIL;0 Kg;DIVERS
15600027502;Sauce light 625 ml ;CRT;12 BOUTEIL;1 Kg;DIVERS
403;SAUCE PLASTIC TSARAHIRATRA;PIECE;1 PIECE;0 Kg;DIVERS
15600027402;SAUCE PLASTIC TSARAHIRATRA;PACQUET;6 PIECE;1 Kg;DIVERS
19500199701;Sauce soja 0.25L;PIECE;1 PIECE;1 Kg;SAUCE
19500199702;Sauce soja 0.25L;PACQUET;10 PIECE;1 Kg;SAUCE
15600273401;Sauce soja 1L;PIECE;1 PIECE;1 Kg;DIVERS
15600273402;Sauce soja 1L;PAQUET;10 PIECE;1 Kg;DIVERS
19500196101;Sauce soja matsiro;BOUTEIL;1 BOUTEIL;1 Kg;SAUCE
15600102801;SAUCE TSA SIOU;JER;1 JER;1 Kg;DIVERS
19500116001;SAUCE TSA SIOU 230G RRB;BOCAL;1 BOCAL;1 Kg;SAUCE
15600211801;Saven garbathi ag miracle;PIECE;1 PIECE;1 Kg;DIVERS
15600211802;Saven garbathi ag miracle;BOITE;12 PIECE;1 Kg;DIVERS
15600211803;Saven garbathi ag miracle;CARTON;20 BOITE;1 Kg;DIVERS
15700133001;Savoka TARATRA;BOITE;1 BOITE;1 Kg;ENCAUSTIQUE
19600104801;SAVON  SAMBA 36MX70G ;CRT;1 CRT;1 Kg;SAVON
19600104001;Savon  Soba tsara Barre 1kg;CARTON;1 CARTON;1 Kg;SAVON
15600173501;Savon  Soba tsara Barre en pcs;BARRE;1 BARRE;1 Kg;DIVERS
19600123001;SAVON B29 MULTI USAGE96X150G;PIECE;1 PIECE;1 Kg;SAVON
19600123002;SAVON B29 MULTI USAGE96X150G;CARTON;96 PIECE;1 Kg;SAVON
39;Savon barre national 800g;BARRE;1 BARRE;0 Kg;DIVERS
38;Savon barre national 800g;CARTON;16 BARRE;0 Kg;DIVERS
19800176401;Savon barre parfume citron ;BARRE;1 BARRE;1 Kg;SAVON BARRE
19800176402;Savon barre parfume citron ;CARTON;9 BARRE;1 Kg;SAVON BARRE
739;SAVON BARRE ROBUSTE;PIECE;1 PIECE;0 Kg;SAVON
740;SAVON BARRE ROBUSTE;CARTON;16 PIECE;0 Kg;SAVON
19600107401;SAVON BARRE RUBIS CITRUS 800G;PCS;1 PCS;1 Kg;SAVON
19600107402;SAVON BARRE RUBIS CITRUS 800G;CRT;16 PCS;1 Kg;SAVON
19800266701;Savon barre vao lemon 800g;BARRE;1 BARRE;1 Kg;SAVON BARRE
19800266702;Savon barre vao lemon 800g;CARTON;6 BARRE;1 Kg;SAVON BARRE
41;SAVON BERYL;BARRE;1 BARRE;0 Kg;SAVON BARRE
40;SAVON BERYL;CARTON;12 BARRE;0 Kg;SAVON BARRE
1077;SAVON CAPITALE;PIECE;1 PIECE;0 Kg;DIVERS
1076;SAVON CAPITALE;CARTON;16 PIECE;0 Kg;DIVERS
19900170701;Savon charbon antiseptic 90g;PIECE;1 PIECE;1 Kg;SAVONNETTE
19900170702;Savon charbon antiseptic 90g;CARTON;72 PIECE;1 Kg;SAVONNETTE
19800186401;Savon citron plus king;BARRE;1 BARRE;1 Kg;SAVON BARRE
19800186402;Savon citron plus king;CARTON;12 BARRE;1 Kg;SAVON BARRE
19900216201;Savon classic cucumber;BOITE;1 BOITE;1 Kg;SAVONNETTE
19900216202;Savon classic cucumber;CARTON;6 BOITE;1 Kg;SAVONNETTE
436;Savon classic whit;BOITE;1 BOITE;0 Kg;DIVERS
435;Savon classic whit;CARTON;6 BOITE;0 Kg;DIVERS
1091;SAVON CORRY MORCEAU;CARTON;1 CARTON;0 Kg;SAVON
15600071501;Savon Duru Blanc;PCE;1 PCE;1 Kg;DIVERS
15600071502;Savon Duru Blanc;CRT;30 PCE;1 Kg;DIVERS
19900257101;Savon Duru rose;PIECE;1 PIECE;1 Kg;SAVONNETTE
19900257102;Savon Duru rose;CARTON;30 PIECE;1 Kg;SAVONNETTE
19600131201;Savon Duru verte Olive;PIECE;1 PIECE;1 Kg;SAVON
19600131202;Savon Duru verte Olive;CARTON;30 PIECE;1 Kg;SAVON
19600204301;Savon ekono multi purpose soap;PIECE;1 PIECE;1 Kg;SAVON
19600204302;Savon ekono multi purpose soap;CARTON;24 PIECE;1 Kg;SAVON
19600115101;SAVON EXTRA MARRON 65G;CARTON;1 CARTON;1 Kg;SAVON
15600165601;Savon fax fruit cocktail 60g;PACQUET;1 PACQUET;1 Kg;DIVERS
15600165701;Savon fax lemon fresh 60g;PACQUET;1 PACQUET;1 Kg;DIVERS
15600165501;Savon fax pink flowers 60g;PACQUET;1 PACQUET;1 Kg;DIVERS
15600165801;Savon fax sunshine appeles 60g;PACQUET;1 PACQUET;1 Kg;DIVERS
19800159501;Savon flor barre 900 gr [ Bleu];BARRE;1 BARRE;1 Kg;SAVON BARRE
19800159502;Savon flor barre 900 gr [ Bleu];CARTON;10 BARRE;1 Kg;SAVON BARRE
19600097001;Savon flor barre 900g;PIECE;1 PIECE;1 Kg;SAVON
19600097002;Savon flor barre 900g;CARTON;10 PIECE;1 Kg;SAVON
19800187001;Savon flor En pcs;PIECE;1 PIECE;1 Kg;SAVON BARRE
19900146501;SAVON FRES 75G;PIECE;1 PIECE;1 Kg;SAVONNETTE
19900146502;SAVON FRES 75G;PACQUET;6 PIECE;1 Kg;SAVONNETTE
19900146503;SAVON FRES 75G;CARTON;12 PACQUET;1 Kg;SAVONNETTE
19900159201;Savon hotel 14g vert;SACHET;1 SACHET;1 Kg;SAVONNETTE
19900159202;Savon hotel 14g vert;CARTON;20 SACHET;1 Kg;SAVONNETTE
19900159601;Savon hotel 14g vert en pieces;PIECES;1 PIECES;1 Kg;SAVONNETTE
19900272501;Savon hotel dejoi 15g*500pcs;PIECE;1 PIECE;1 Kg;SAVONNETTE
19900272502;Savon hotel dejoi 15g*500pcs;CARTON;500 PIECE;1 Kg;SAVONNETTE
19600176501;Savon iriko andramena xg;CARTON;1 CARTON;1 Kg;SAVON
19600176601;Savon iriko fotsy mm;CARTON ;1 CARTON ;1 Kg;SAVON
19600176701;Savon iriko menakely xg;CARTON ;1 CARTON ;1 Kg;SAVON
19600207901;Savon iriko mm tantely;CARTON;1 CARTON;1 Kg;SAVON
19600207801;Savon iriko tantely xg;CARTON;1 CARTON;1 Kg;SAVON
387;SAVON KALINA GM;CARTON;1 CARTON;0 Kg;DIVERS
388;SAVON KALINA PM;CARTON;1 CARTON;0 Kg;SAVON
950;SAVON KIM BARRE;PIECE;1 PIECE;0 Kg;SAVON BARRE
949;SAVON KIM BARRE;CARTON;12 PIECE;0 Kg;SAVON BARRE
934;SAVON KIMSA;PIECE;1 PIECE;0 Kg;SAVON BARRE
933;SAVON KIMSA;CARTON;20 PIECE;0 Kg;SAVON BARRE
888;SAVON MABEL;PAQUET;1 PAQUET;0 Kg;SAVONNETTE
887;SAVON MABEL;CARTON;12 PAQUET;0 Kg;SAVONNETTE
19600148201;Savon maeva 3 blanc;CARTON;1 CARTON;1 Kg;SAVON
15600168201;Savon maeva 3 blanc pcs;PIECE;1 PIECE;1 Kg;DIVERS
22;SAVON MAEVA E20;CARTON;1 CARTON;0 Kg;SAVON
23;SAVON MAEVA M20;CARTON;1 CARTON;0 Kg;DIVERS
1019;SAVON MAEVA M27;CARTON;1 CARTON;0 Kg;SAVON
19600107301;Savon maeva maxie 09 barres;CRT;1 CRT;1 Kg;SAVON
19800158201;Savon maeva maxie 09 barres En pieces;PIECE;1 PIECE;1 Kg;SAVON BARRE
19600146901;Savon maeva p10 blanc;CARTON;1 CARTON;1 Kg;SAVON
15600168701;Savon maeva p10 blanc pcs;PIECE;1 PIECE;1 Kg;DIVERS
19600176801;Savon maeva p10 marron;CARTON;1 CARTON;1 Kg;SAVON
19600148101;Savon maeva p20 blanc;CARTON;1 CARTON;1 Kg;SAVON
15600168601;Savon maeva p20 blanc pcs;PIECE;1 PIECE;1 Kg;DIVERS
19600144501;Savon Maeva P20 Marron;CARTON;1 CARTON;1 Kg;SAVON
15600168101;Savon mateza m30 jaune pcs;PIECE;1 PIECE;1 Kg;DIVERS
15600078801;Savon mateza m30+ blanc;CRT;1 CRT;1 Kg;DIVERS
15600168001;Savon mateza m30+ blanc pcs;PIECE;1 PIECE;1 Kg;DIVERS
19600175201;Savon meva 100 soa 24mx;CARTON;1 CARTON;1 Kg;SAVON
19600175301;Savon meva 200 soa 36mx;CARTON;1 CARTON;1 Kg;SAVON
19600175401;Savon meva 300 soa 36mx;CARTON;1 CARTON;1 Kg;SAVON
19600175501;Savon meva 400 soa 36mx;CARTON;1 CARTON;1 Kg;SAVON
19600175601;Savon meva 500 soa 36mx;CARTON;1 CARTON;1 Kg;SAVON
19600271301;Savon meva mv200 soa 36mx;CARTON;1 CARTON;1 Kg;SAVON
19600190801;Savon meva mv40 soa;CATRON;1 CATRON;1 Kg;SAVON
19600190701;Savon meva mv70 soa;CARTON;1 CARTON;1 Kg;SAVON
19600190601;Savon meva rv75 tsara;CARTON;1 CARTON;1 Kg;SAVON
19900246101;Savon moreva Blanc 4*100g;PAQUET;1 PAQUET;1 Kg;SAVONNETTE
19900246102;Savon moreva Blanc 4*100g;CARTON;20 PAQUET;1 Kg;SAVONNETTE
19900246001;Savon moreva rose 4*100g;PAQUET;1 PAQUET;1 Kg;SAVONNETTE
19900246002;Savon moreva rose 4*100g;CARTON;20 PAQUET;1 Kg;SAVONNETTE
15600247301;Savon moreva vert 4*100g;PAQUET;1 PAQUET;1 Kg;DIVERS
15600247302;Savon moreva vert 4*100g;CARTON;20 PAQUET;1 Kg;DIVERS
19600109401;Savon nosy p1 80gr 36 mx;PIECE;1 PIECE;1 Kg;SAVON
19600109402;Savon nosy p1 80gr 36 mx;CRT;36 PIECE;1 Kg;SAVON
1120;Savon nosy p3 morceaux;PIECE;1 PIECE;0 Kg;DIVERS
1119;Savon nosy p3 morceaux;CARTON;18 PIECE;0 Kg;DIVERS
19600204001;Savon olive classic touch;PAQUET ;1 PAQUET ;1 Kg;SAVON
19600204002;Savon olive classic touch;CARTON;12 PAQUET ;1 Kg;SAVON
19900213801;Savon olive classic touch 125g;PAQUET;1 PAQUET;1 Kg;SAVONNETTE
19900213901;Savon olive lime fresh 125g;PAQUET;1 PAQUET;1 Kg;SAVONNETTE
19900213902;Savon olive lime fresh 125g;CARTON;12 PAQUET;1 Kg;SAVONNETTE
19600203901;Savon olive milk delight;PACQUET;1 PACQUET;1 Kg;SAVON
19600203902;Savon olive milk delight;CARTON;12 PACQUET;1 Kg;SAVON
15600213701;Savon olive milk delight 125g;PAQUET;1 PAQUET;1 Kg;DIVERS
19600232701;Savon p10 marron en pcs;PIECE;1 PIECE;1 Kg;SAVON
19600105001;SAVON PALMINDUS 36MX150G5(crt FOTSY);CRT ;1 CRT ;1 Kg;SAVON
19600118201;SAVON RIM M3;CARTON;1 CARTON;1 Kg;SAVON
15600182901;Savon ruhi 60g;PIECE;1 PIECE;1 Kg;DIVERS
15600182902;Savon ruhi 60g;CARTON;72 PIECE;1 Kg;DIVERS
19600177601;SAVON SAFIDY EN PCS;PIECE;1 PIECE;1 Kg;SAVON
19600141001;Savon samba 12mx 500g ;CARTON;1 CARTON;1 Kg;SAVON
19800156401;Savon samba 12mx en barre;BARRE;1 BARRE;1 Kg;SAVON BARRE
19600104501;SAVON SAMBA 18MX120G;CRT;1 CRT;1 Kg;SAVON
19600104601;SAVON SAMBA 20MX85G;CRT;1 CRT;1 Kg;SAVON
19600104701;SAVON SAMBA 30MX100G;CRT;1 CRT;1 Kg;SAVON
19600122801;SAVON SAMBA 32MX100G;CARTON;1 CARTON;1 Kg;SAVON
19600104901;SAVON SAMBA 36MX130G (RCT MAVENTY);CRT;1 CRT;1 Kg;SAVON
19600107101;SAVON SAMBA 9 BARRE 800G;CRT;1 CRT;1 Kg;SAVON
19600164501;Savon samba S21 24MX;CARTON ;1 CARTON ;1 Kg;SAVON
19600164601;Savon samba S22 24MX;CARTON;1 CARTON;1 Kg;SAVON
19600164701;Savon samba S23 36MX;CARTON;1 CARTON;1 Kg;SAVON
19600107001;SAVON SAMBA(PALMINDUS)36MX150G;CRT;1 CRT;1 Kg;SAVON
15600167901;Savon sb27 Marron 36mx;CARTON;1 CARTON;1 Kg;DIVERS
19800143001;Savon seim barre blanc;BARRE;1 BARRE;1 Kg;SAVON BARRE
19800143002;Savon seim barre blanc;PACQUET;6 BARRE;1 Kg;SAVON BARRE
19600095701;SAVON SEIM S20 BLANC NORD;CRT;1 CRT;1 Kg;SAVON
19600121601;Savon seim s24 mena;PACQUET;1 PACQUET;1 Kg;SAVON
19600095501;SAVON SEIM S27 BLANC;CARTON;1 CARTON;1 Kg;SAVON
15600167801;Savon seim s27 blanc pce;PIECE;1 PIECE;1 Kg;DIVERS
19600095401;SAVON SEIM S27 MARRON;CARTON;1 CARTON;1 Kg;SAVON
19600095601;SAVON SEIM S3;CRT;1 CRT;1 Kg;SAVON
19600161301;Savon seim sbp 36mx;CARTON;1 CARTON;1 Kg;SAVON
15600080601;Savon seim sc1 Fotsy;PIECE;1 PIECE;1 Kg;DIVERS
15600080602;Savon seim sc1 Fotsy;PACQUET;24 PIECE;1 Kg;DIVERS
19600141301;Savon seim sc3 90g ;PACQUET;1 PACQUET;1 Kg;SAVON
19600119201;Savon seim sc30 160g ;PACQUET;1 PACQUET;1 Kg;SAVON
15600080801;Savon seim sr1 rose;PQT;1 PQT;1 Kg;DIVERS
35;SAVON SK1;CARTON;1 CARTON;0 Kg;SAVON
15600168301;Savon sk1 pcs;PIECE;1 PIECE;1 Kg;DIVERS
430;SAVON SK20;CARTON;1 CARTON;0 Kg;SAVON
19;SAVON SKT BARRE;CARTON;1 CARTON;0 Kg;SAVON BARRE
15600079001;Savon soba m20 + Blanc;CRT;1 CRT;1 Kg;DIVERS
15600168801;Savon soba m20 marro pcs;PIECE;1 PIECE;1 Kg;DIVERS
15600168501;Savon soba SB3+blanc*30mx;CARTON;1 CARTON;1 Kg;DIVERS
19900182001;Savon solar citron  multi usage*18;PAQUET;1 PAQUET;1 Kg;SAVONNETTE
19900182002;Savon solar citron  multi usage*18;CARTON ;18 PAQUET;1 Kg;SAVONNETTE
19900249701;Savon solar grape multi usage 150g*48;PIECE;1 PIECE;1 Kg;SAVONNETTE
19900249702;Savon solar grape multi usage 150g*48;CARTON;48 PIECE;1 Kg;SAVONNETTE
19900265701;Savon vao bebe amande 70g;PIECE;1 PIECE;1 Kg;SAVONNETTE
19900265702;Savon vao bebe amande 70g;CARTON;24 PIECE;1 Kg;SAVONNETTE
19600103901;SAVON VAO CITRON;PIECE;1 PIECE;1 Kg;SAVON
19600103902;SAVON VAO CITRON;CARTON;9 PIECE;1 Kg;SAVON
19800235001;Savon vao line barre 500*8;BARRE;1 BARRE;1 Kg;SAVON BARRE
19800235002;Savon vao line barre 500*8;CARTON;8 BARRE;1 Kg;SAVON BARRE
19800235101;Savon vao line barre 800*6;BARRE;1 BARRE;1 Kg;SAVON BARRE
19800235102;Savon vao line barre 800*6;CARTON;6 BARRE;1 Kg;SAVON BARRE
19600235201;Savon vao line multi-usage 16mx*125g;PIECE;1 PIECE;1 Kg;SAVON
19600235202;Savon vao line multi-usage 16mx*125g;CARTON;16 PIECE;1 Kg;SAVON
13800217301;"Savon vao lux camaieu ( blance ; vert ; rose )";PIECE;1 PIECE;1 Kg;BONBON
13800217302;"Savon vao lux camaieu ( blance ; vert ; rose )";CARTON ;24 PIECE;1 Kg;BONBON
19600185101;Savon vao up20+80g;CARTON;1 CARTON;1 Kg;SAVON
19600185201;Savon vao v27+175g;CARTON;1 CARTON;1 Kg;SAVON
19600235301;Savon vao V30*24mx*140g;CARTON;1 CARTON;1 Kg;SAVON
19600135901;Savon za koa Dr24  ;CARTON;1 CARTON;1 Kg;SAVON
19600136401;Savon za koa Tv24;CARTON;1 CARTON;1 Kg;SAVON
19600136201;Savon za koa V40;CARTON;1 CARTON;1 Kg;SAVON
1071;SAVONETE FLOR;PIECE;1 PIECE;0 Kg;SAVONNETTE
1070;SAVONETE FLOR;CARTON;100 PIECE;0 Kg;SAVONNETTE
622;SAVONETTE CITRUS;PQT;1 PQT;1 Kg;SAVONNETTE
621;SAVONETTE CITRUS;CARTON;12 PQT;0 Kg;SAVONNETTE
537;SAVONETTE JULIETTE;PAQUET;1 PAQUET;0 Kg;SAVONNETTE
536;SAVONETTE JULIETTE;CARTON;12 PAQUET;0 Kg;SAVONNETTE
624;SAVONETTE KRIS;PAQUET;1 PAQUET;0 Kg;SAVONNETTE
623;SAVONETTE KRIS;CARTON;12 PAQUET;0 Kg;SAVONNETTE
628;SAVONETTE OLIDA;PAQUET;1 PAQUET;0 Kg;SAVONNETTE
627;SAVONETTE OLIDA;CARTON;12 PAQUET;0 Kg;SAVONNETTE
19600107501;SAVONNETTE DIVA 125G;PQT;1 PQT;1 Kg;SAVON
19600107502;SAVONNETTE DIVA 125G;CRT;12 PQT;1 Kg;SAVON
19600119301;SAVONNETTE LARK;PIECE;1 PIECE;1 Kg;SAVON
19600119302;SAVONNETTE LARK;CARTON;48 PIECE;1 Kg;SAVON
29;Savonnette Oleda ;PAQUET;1 PAQUET;0 Kg;SAVON
28;Savonnette Oleda ;CARTON;12 PAQUET;0 Kg;SAVON
15600267801;Saya flavour beef bouillon de cube 4g*25;PIECE;1 PIECE;1 Kg;DIVERS
15600267802;Saya flavour beef bouillon de cube 4g*25;BOITE;40 PIECE;1 Kg;DIVERS
15600267803;Saya flavour beef bouillon de cube 4g*25;CARTON;2 BOITE;1 Kg;DIVERS
20000172101;Scotch tole;METRE;1 METRE;1 Kg;SCOTCH
20000172102;Scotch tole;ROULEAU;10 METRE;1 Kg;SCOTCH
251;SEAU 05L;PIECE;1 PIECE;0 Kg;DIVERS
723;SEAU 06 L;PIECE;1 PIECE;0 Kg;DIVERS
564;SEAU 08L;PIECE;1 PIECE;0 Kg;DIVERS
250;SEAU 10L;PIECE;1 PIECE;0 Kg;DIVERS
927;SEAU 15L;PIECE;1 PIECE;0 Kg;DIVERS
549;SEEDAP PM;CARTON;1 CARTON;0 Kg;DIVERS
15600080701;SEIM S30 MENA ;CARTON;1 CARTON;1 Kg;DIVERS
156;SEL FIN  SACHET 50kg;SAC;1 SAC;0 Kg;DIVERS
20100200201;Sel fin en sachet 25kg;SAC;1 SAC;25 Kg;SEL
20100177101;Sel fin en vrac 25kg;SAC;1 SAC;25 Kg;SEL
162;Sel fin en vrac 50kg ;SAC;1 SAC;0 Kg;SEL
158;Sel gros en sac 50kg;SAC;1 SAC;0 Kg;SEL
1153;SERPILLERE DOUBLE;PIECE;1 PIECE;0 Kg;DIVERS
18100200601;Servette de table top 100*24;PIECE;1 PIECE;1 Kg;MOUCHOIR
18100200602;Servette de table top 100*24;BALLE;24 PIECE;1 Kg;MOUCHOIR
18100200701;Servette de table top 60*60;PIECE;1 PIECE;1 Kg;MOUCHOIR
18100200702;Servette de table top 60*60;BALLE;60 PIECE;1 Kg;MOUCHOIR
213;SERVIETTE  de table;PAQUET;1 PAQUET;0 Kg;DIVERS
18100121901;Serviette de table pastel;PACQUET;1 PACQUET;1 Kg;MOUCHOIR
920;SERVIETTE HYGIENIQUE CARE;PAQUET;1 PAQUET;0 Kg;SERVIETTE HYGIENIQUE
919;SERVIETTE HYGIENIQUE CARE;CARTON;60 PAQUET;0 Kg;SERVIETTE HYGIENIQUE
15600134501;Serviette molped;PACQUET;1 PACQUET;1 Kg;DIVERS
15600134502;Serviette molped;CARTON ;24 PACQUET;1 Kg;DIVERS
15100108801;SERVIETTE MY LEYDIE;PQT;1 PQT;1 Kg;COUCHE
15100108802;SERVIETTE MY LEYDIE;CRT;24 PQT;1 Kg;COUCHE
823;SEVILY N3;PIECE;1 PIECE;0 Kg;DIVERS
462;SEVILY N5;PIECE;1 PIECE;0 Kg;DIVERS
402;SEVILY N6;PIECE;1 PIECE;0 Kg;DIVERS
401;SEVILY N8;PIECE;1 PIECE;0 Kg;DIVERS
13800194201;Shamallow twist;BOCAL;1 BOCAL;1 Kg;BONBON
13800194202;Shamallow twist;CARTON;8 BOCAL;1 Kg;BONBON
15600165401;Shampoo emeron noir 7ml;PACQUET;1 PACQUET;1 Kg;DIVERS
15600165402;Shampoo emeron noir 7ml;CARTON;12 PACQUET;1 Kg;DIVERS
15600219001;Shampoo emeron noir En pcs;PIECE;1 PIECE;1 Kg;DIVERS
15600222401;Shape chocolate bocal;BOCAL;1 BOCAL;1 Kg;DIVERS
14200194301;Shine coffee;SACHET;1 SACHET;1 Kg;CAFE
15600195301;Shine coffee en piece;PIECE;1 PIECE;1 Kg;DIVERS
1047;SILGUM BUBBLE GUM;SACHET;1 SACHET;0 Kg;DIVERS
1125;SILGUM FRESHA ENCRT;SACHET;1 SACHET;0 Kg;DIVERS
1124;SILGUM FRESHA ENCRT;CARTON;16 SACHET;0 Kg;DIVERS
630;SILGUM MISTER BOOM;SACHET;1 SACHET;0 Kg;DIVERS
629;SILGUM MISTER BOOM;CARTON;16 SACHET;0 Kg;DIVERS
561;Sill gum chlorophile;SACHET;1 SACHET;0 Kg;DIVERS
560;Sill gum chlorophile;CARTON;16 SACHET;0 Kg;DIVERS
20400100001;SILL GUM_ZOOK;SACHET;1 SACHET;1 Kg;SILL GUM
20400100002;SILL GUM_ZOOK;CARTON;16 SACHET;1 Kg;SILL GUM
15100123401;Sleepy  KÜLOT Jeans MAXI N°4 (5X30);PACQUET;1 PACQUET;1 Kg;COUCHE
15100123402;Sleepy  KÜLOT Jeans MAXI N°4 (5X30);BALLE;5 PACQUET;1 Kg;COUCHE
1144;SLEEPY 3 MIDI;PAQUET;1 PAQUET;0 Kg;DIVERS
15600069102;SLEEPY 3 MIDI;BALLE;6 PAQUET;1 Kg;DIVERS
15100081101;SLEEPY CULOTE;PQT;1 PQT;1 Kg;COUCHE
15100081102;SLEEPY CULOTE;BALLE;5 PQT;1 Kg;COUCHE
15100195601;Sleepy culotte jeans large 5x20 n°6;PACQUET;1 PACQUET;1 Kg;COUCHE
15100195602;Sleepy culotte jeans large 5x20 n°6;BALLE;5 PACQUET;1 Kg;COUCHE
15100195701;Sleepy culotte natural large 5x20 n°6;PACQUET;1 PACQUET;1 Kg;COUCHE
15100145701;Sleepy kulot jeans junior 5x24 n°5;PAQUETS;1 PAQUETS;1 Kg;COUCHE
15100145702;Sleepy kulot jeans junior 5x24 n°5;BALLE;5 PAQUETS;1 Kg;COUCHE
15100145801;Sleepy kulot jeans midi 5x34 n°3;PAQUETS;1 PAQUETS;1 Kg;COUCHE
15100145802;Sleepy kulot jeans midi 5x34 n°3;BALLE;5 PAQUETS;1 Kg;COUCHE
15100237901;Sleepy kulot natural junoir 4x30 n°4 en sachet;PIECE;1 PIECE;1 Kg;COUCHE
15100237902;Sleepy kulot natural junoir 4x30 n°4 en sachet;PAQUET;24 PIECE;1 Kg;COUCHE
15100164401;Sleepy kulot natural junoir 5x24 n°5;PACQUET;1 PACQUET;1 Kg;COUCHE
15100164402;Sleepy kulot natural junoir 5x24 n°5;BALLE;5 PACQUET;1 Kg;COUCHE
15100129301;Sleepy kulot natural maxi 5x30 n°4;PACQUET;1 PACQUET;1 Kg;COUCHE
15100129302;Sleepy kulot natural maxi 5x30 n°4;BALLE;5 PACQUET;1 Kg;COUCHE
15100149901;Sleepy kulot natural midi 5x34 n°3;PACQUET;1 PACQUET;1 Kg;COUCHE
15100149902;Sleepy kulot natural midi 5x34 n°3;BALLE;5 PACQUET;1 Kg;COUCHE
15100123301;Sleepy maxi eco . 6X25 N°4;PACQUET;1 PACQUET;1 Kg;COUCHE
15100123302;Sleepy maxi eco . 6X25 N°4;BALLE;6 PACQUET;1 Kg;COUCHE
15100129001;Sleepy midi 6x30 n°3 ;PACQUET;1 PACQUET;1 Kg;COUCHE
15100129002;Sleepy midi 6x30 n°3 ;BALLE;6 PACQUET;1 Kg;COUCHE
15100254601;Sleepy midi 6x30 n°3  en pcs;PIECE;1 PIECE;1 Kg;COUCHE
15100238001;Sleepy mini 6X35 N°2 en sachet;PIECE;1 PIECE;1 Kg;COUCHE
15100238002;Sleepy mini 6X35 N°2 en sachet;PAQUET;35 PIECE;1 Kg;COUCHE
15100123201;Sleepy mini eco . 6X35 N°2;PACQUET;1 PACQUET;1 Kg;COUCHE
15100123202;Sleepy mini eco . 6X35 N°2;BALLE;6 PACQUET;1 Kg;COUCHE
15100129101;Sleepy nat soft 8x24 ;PACQUET;1 PACQUET;1 Kg;COUCHE
15100129102;Sleepy nat soft 8x24 ;CARTON;24 PACQUET;1 Kg;COUCHE
15100271401;Sleepy night pants culotte maxi 5x30 n°4;PAQUET;1 PAQUET;1 Kg;COUCHE
15100271402;Sleepy night pants culotte maxi 5x30 n°4;BALLES;5 PAQUET;1 Kg;COUCHE
15100267301;Sleepy princess culotte maxi 5x30 n°4;PAQUET;1 PAQUET;1 Kg;COUCHE
15100267302;Sleepy princess culotte maxi 5x30 n°4;BALLE;5 PAQUET;1 Kg;COUCHE
15100267201;Sleepy princess culotte midi 5x34 n°3;PAQUET;1 PAQUET;1 Kg;COUCHE
15100267202;Sleepy princess culotte midi 5x34 n°3;BALLE;5 PAQUET;1 Kg;COUCHE
15600107601;SLEEPY_LADY;PQT;1 PQT;1 Kg;DIVERS
15600107602;SLEEPY_LADY;CRT;24 PQT;1 Kg;DIVERS
13800196401;Smail beach bubble water;BOITE;1 BOITE;1 Kg;BONBON
13800196402;Smail beach bubble water;CARTON;20 BOITE;1 Kg;BONBON
15600197101;Smail beach bubble water En piece;PIECE;1 PIECE;1 Kg;DIVERS
889;SMILEY FUNNY FACE BOCAL PM;BOCAL;1 BOCAL;0 Kg;BONBON
13600239601;Sn 4x4 bomba choco;SACHET;1 SACHET;1 Kg;BISCUIT 
15600239401;Sn piwi news poulet;SACHET;1 SACHET;1 Kg;DIVERS
15600239301;Sn salto chips bleu double ;SACHET;1 SACHET;1 Kg;DIVERS
15600246201;Sn salto kids ringz;SACHET;1 SACHET;1 Kg;DIVERS
15600246301;Sn salto loop;SACHET;1 SACHET;1 Kg;DIVERS
15600239501;Sn salto pop;SACHET;1 SACHET;1 Kg;DIVERS
967;SOBA BARRE BLANC ;PIECE;1 PIECE;0 Kg;SAVON BARRE
964;SOBA BARRE BLANC ;CARTON;12 PIECE;1 Kg;SAVON BARRE
15600078901;SOBA M20 MARRON;CRT;1 CRT;1 Kg;DIVERS
969;SOBA mavo bara;PIECE;1 PIECE;0 Kg;SAVON BARRE
963;SOBA mavo bara;CARTON;13 PIECE;0 Kg;SAVON BARRE
13800194101;Soda sugar boom 24*30pcs;BOITE;1 BOITE;1 Kg;BONBON
13800194102;Soda sugar boom 24*30pcs;CARTON;24 BOITE;1 Kg;BONBON
15600174301;Soda sugar candy;BOITE;1 BOITE;1 Kg;DIVERS
15600174302;Soda sugar candy;CARTON;24 BOITE;1 Kg;DIVERS
20200110601;Softex day long 29cm *8 violet;PQT;1 PQT;1 Kg;SERVIETTE HYGIENIQUE
20200110602;Softex day long 29cm *8 violet;CRT;60 PQT;1 Kg;SERVIETTE HYGIENIQUE
15600133101;SOFTEX maternity * 30;PACQUET;1 PACQUET;1 Kg;DIVERS
15600133102;SOFTEX maternity * 30;CARTON;30 PACQUET;1 Kg;DIVERS
15100214101;Softex maxi fit wing*8 alveole;PAQUET;1 PAQUET;1 Kg;COUCHE
196;Softex maxi wings*8 rose;PAQUET;1 PAQUET;0 Kg;DIVERS
715;Softex maxi wings*8 rose;CARTON;60 PAQUET;0 Kg;DIVERS
15100177001;Softex protege slips;PACQUET;1 PACQUET;1 Kg;COUCHE
15100177002;Softex protege slips;CARTON;48 PACQUET;1 Kg;COUCHE
15600076701;SOJA  EN SHT;SHT;1 SHT;1 Kg;DIVERS
13200098701;SOLAR LIGHT;PIECE;1 PIECE;1 Kg;AMPOULE
490;SOPIERA MN;PIECE;1 PIECE;0 Kg;DIVERS
491;SOPIERA PM;PIECE;1 PIECE;0 Kg;DIVERS
299;SOPIERE GM;PIECE;1 PIECE;0 Kg;DIVERS
15600078501;SOTRO AJETER;PQT;1 PQT;1 Kg;DIVERS
313;SOTRO LUX;PIECE;1 PIECE;0 Kg;DIVERS
314;SOTRO TSOTRA;PIECE;1 PIECE;0 Kg;DIVERS
15900148801;Soude caustique perlinee En KG;KILOS;1 KILOS;1 Kg;ENZOY
19500205101;SOY SAUCE LIGHT PRB 500ML;PCS;1 PCS;1 Kg;SAUCE
19500205102;SOY SAUCE LIGHT PRB 500ML;CARTON;24 PCS;1 Kg;SAUCE
720;SPAGETTEI BANDY;CARTON;1 CARTON;0 Kg;SPAGHETTI 
721;SPAGETTEI GEFCO;CARTON;1 CARTON;0 Kg;SPAGHETTI 
1128;SPAGETTI CAPTAINE;CARTON;1 CARTON;0 Kg;DIVERS
126;SPAGHETI LUCHINIE;CARTON;1 CARTON;0 Kg;SPAGHETTI 
20500254001;Spaghetti  barea en carton;CARTON;1 CARTON;1 Kg;SPAGHETTI 
20500254101;Spaghetti  barea en Pcs;PIECE;1 PIECE;1 Kg;SPAGHETTI 
866;SPAGHETTI  CHAMPION;CARTON;1 CARTON;1 Kg;MACARONI
20500126701;SPAGHETTI CHAMPION EN PCS;PIECE;1 PIECE;1 Kg;SPAGHETTI 
20500084601;Spaghetti cherie;CARTON;1 CARTON;1 Kg;SPAGHETTI 
20500177901;Spaghetti cherie en pieces;PIECE;1 PIECE;1 Kg;SPAGHETTI 
132;SPAGHETTI DELICIA;CARTON;1 CARTON;0 Kg;SPAGHETTI 
18700164901;Spaghetti felicia;CARTON;1 CARTON;1 Kg;PATE
15600165001;Spaghetti felicia En pcs;PIECE;1 PIECE;1 Kg;DIVERS
20500120601;Spaghetti Francia  En Pcs;PIECE;1 PIECE;1 Kg;SPAGHETTI 
127;Spaghetti Francia en carton;CARTON;1 CARTON;0 Kg;SPAGHETTI 
20500112601;SPAGHETTI NOUR D OR;CARTON;1 CARTON;1 Kg;SPAGHETTI 
18700133901;Spaghetti Rasmi 500g;CARTON;1 CARTON;1 Kg;SPAGHETTI 
20500145201;Spaghetti Rasmi En piece;PIECE;1 PIECE;1 Kg;SPAGHETTI 
1132;SPAGHETTI ROSSINI 500g *20;CARTON;1 CARTON;0 Kg;DIVERS
15600083401;SPAGHETTI ROSSINI En pcs;PIECE;1 PIECE;1 Kg;DIVERS
20500106701;SPAGHETTI SANREMO;CARTON;1 CARTON;1 Kg;SPAGHETTI 
15600197601;Spider man srap;BOITE;1 BOITE;1 Kg;DIVERS
15600198301;Spider man srap en pcs;PIECE;1 PIECE;1 Kg;DIVERS
13700256601;Sprite citron pet 1.5L en pcs;PIECE;1 PIECE;1 Kg;BOISSON
13700170301;Sprite citron pet 1.5L*6;PACQUET;1 PACQUET;1 Kg;BOISSON
13700214401;Sprite citron pet 350ml;PAQUET ;1 PAQUET ;1 Kg;BOISSON
13800196901;Strawberry kiddo;SACHET;1 SACHET;1 Kg;BONBON
13800196902;Strawberry kiddo;CARTON;20 SACHET;1 Kg;BONBON
13800194701;Strip jelly jelloo;BOITE;1 BOITE;1 Kg;BONBON
13800194702;Strip jelly jelloo;CARTON;24 BOITE;1 Kg;BONBON
20600186001;Stylo classin bleu;BOITE;1 BOITE;1 Kg;STYLO
20600195501;Stylo classin bleu en pcs;PIECE;1 PIECE;1 Kg;STYLO
20600186201;Stylo classin rouge;BOITE;1 BOITE;1 Kg;STYLO
15600225401;Stylo classin rouge en pcs;PIECE;1 PIECE;1 Kg;DIVERS
20600186101;Stylo classin verte;BOITE;1 BOITE;1 Kg;STYLO
15600230901;Stylo classin verte en pcs;PIECE;1 PIECE;1 Kg;DIVERS
20600272201;Stylo europa noir;BOITE;1 BOITE;1 Kg;STYLO
20600145101;Stylo europa rouge;BOITE;1 BOITE;1 Kg;STYLO
15600225501;Stylo europe en piece;PIECE;1 PIECE;1 Kg;DIVERS
20600112501;STYLO LAUREAT BLEU;BOITE;1 BOITE;1 Kg;STYLO
20600144001;Stylo Laureat noir;BOITE;1 BOITE;1 Kg;STYLO
20600144101;Stylo Laureat rouge;BOITE;1 BOITE;1 Kg;STYLO
20600252501;Stylo maryas plus bleu;BOITE;1 BOITE;1 Kg;STYLO
20600252502;Stylo maryas plus bleu;CARTON;20 BOITE;1 Kg;STYLO
20600272401;Stylo maryas plus Rouge;BOITE;1 BOITE;1 Kg;STYLO
20600272402;Stylo maryas plus Rouge;CARTON;20 BOITE;1 Kg;STYLO
20600226301;Stylo nova 1mm;BOITE;1 BOITE;1 Kg;STYLO
20600128201;Stylo schneider bleu;BOITE;1 BOITE;1 Kg;STYLO
20600128202;Stylo schneider bleu;CARTON;20 BOITE;1 Kg;STYLO
20600180401;Stylo schneider bleu En pcs;PIECE;1 PIECE;1 Kg;STYLO
450;Stylo schneider Noir ;BOITE;1 BOITE;0 Kg;DIVERS
20600180601;Stylo schneider noir En pcs;PIECE;1 PIECE;1 Kg;STYLO
20600140701;Stylo schneider Rouge;BOITE;1 BOITE;1 Kg;STYLO
20600180501;Stylo schneider rouge En pcs;PIECE;1 PIECE;1 Kg;STYLO
20600140801;Stylo schneider Vert;BOITE;1 BOITE;1 Kg;STYLO
15600214301;Stylo schneider Vert en pcs;PIECE;1 PIECE;1 Kg;DIVERS
13800216901;Sucette big assorted mix excel;SACHET ;1 SACHET ;1 Kg;BONBON
13800216902;Sucette big assorted mix excel;CARTON;16 SACHET ;1 Kg;BONBON
13800217001;Sucette big cola excel 25g;SACHET;1 SACHET;1 Kg;BONBON
13800217002;Sucette big cola excel 25g;CARTON;16 SACHET;1 Kg;BONBON
13800255901;Sucette big milk lollipop excel 25g;SACHET;1 SACHET;1 Kg;BONBON
13800255902;Sucette big milk lollipop excel 25g;CARTON;16 SACHET;1 Kg;BONBON
13800245201;Sucette big pop gm xxl;BOCAL;1 BOCAL;1 Kg;BONBON
13800245202;Sucette big pop gm xxl;CARTON;6 BOCAL;1 Kg;BONBON
13800105201;SUCETTE BOCAL ROYAL;BOCAL;1 BOCAL;1 Kg;BONBON
13800105202;SUCETTE BOCAL ROYAL;CRT;6 BOCAL;1 Kg;BONBON
13800089601;SUCETTE CHOCO VANILLA DOLLY LOLLY;SHT;1 SHT;1 Kg;BONBON
13800155601;Sucette Donut;SACHET;1 SACHET;1 Kg;BONBON
13800155602;Sucette Donut;CARTON;12 SACHET;1 Kg;BONBON
13800184101;Sucette g pop;SACHET;1 SACHET;1 Kg;BONBON
13800184102;Sucette g pop;CARTON;20 SACHET;1 Kg;BONBON
13800209401;Sucette g pop en pcs;PIECE;1 PIECE;1 Kg;BONBON
13800258801;Sucette gm bigg pops en sachet;SACHET;1 SACHET;1 Kg;BONBON
13800258802;Sucette gm bigg pops en sachet;CARTON;16 SACHET;1 Kg;BONBON
13800118901;Sucette hearty pop bocal;BOCAL;1 BOCAL;1 Kg;BONBON
13800118902;Sucette hearty pop bocal;CARTON;12 BOCAL;1 Kg;BONBON
13800213501;Sucette icy pop bocal;BOCAL;1 BOCAL;1 Kg;BONBON
13800213502;Sucette icy pop bocal;CARTON ;12 BOCAL;1 Kg;BONBON
13800169301;Sucette Love pop;SACHET;1 SACHET;1 Kg;BONBON
13800169302;Sucette Love pop;CARTON;34 SACHET;1 Kg;BONBON
13800243601;Sucette love pops rama gm;SACHET;1 SACHET;1 Kg;BONBON
13800243602;Sucette love pops rama gm;CARTON;16 SACHET;1 Kg;BONBON
13800217401;Sucette love ring bague;SACHET;1 SACHET;1 Kg;BONBON
13800217402;Sucette love ring bague;CARTON;20 SACHET;1 Kg;BONBON
13800214701;Sucette mix fruit naturaly;SACHET;1 SACHET;1 Kg;BONBON
13800214702;Sucette mix fruit naturaly;CARTON;20 SACHET;1 Kg;BONBON
13800213401;Sucette mix yogofru bocal;BOCAL;1 BOCAL;1 Kg;BONBON
13800213402;Sucette mix yogofru bocal;CARTON;6 BOCAL;1 Kg;BONBON
13800224901;Sucette Neo pop xxl;SACHET;1 SACHET;1 Kg;BONBON
13800224902;Sucette Neo pop xxl;CARTON;16 SACHET;1 Kg;BONBON
13800243901;Sucette rama big bombom xxxl;SACHET;1 SACHET;1 Kg;BONBON
13800243902;Sucette rama big bombom xxxl;CARTON;16 SACHET;1 Kg;BONBON
15600203101;Sucette sweet art bocal;BOCAL;1 BOCAL;1 Kg;DIVERS
15600203102;Sucette sweet art bocal;CARTON;12 BOCAL;1 Kg;DIVERS
13800216301;Sucette tik tok chew pop bocal ;BOCAL;1 BOCAL;1 Kg;BONBON
13800216302;Sucette tik tok chew pop bocal ;CARTON;12 BOCAL;1 Kg;BONBON
13800217101;Sucette tik tok excel  xxl ;SACHET ;1 SACHET ;1 Kg;BONBON
13800217102;Sucette tik tok excel  xxl ;CARTON;14 SACHET ;1 Kg;BONBON
13800155701;Sucette trio  pop;SACHET;1 SACHET;1 Kg;BONBON
13800155702;Sucette trio  pop;CARTON;12 SACHET;1 Kg;BONBON
13800217501;Sucette Twist pop mango excel;SACHET;1 SACHET;1 Kg;BONBON
13800217502;Sucette Twist pop mango excel;CARTON;14 SACHET;1 Kg;BONBON
13800256001;Sucette Twist pop strawberry;SACHET;1 SACHET;1 Kg;BONBON
13800256002;Sucette Twist pop strawberry;CARTON;14 SACHET;1 Kg;BONBON
13800228501;Sucette wafer mellow fruit lollipop;BOITE;1 BOITE;1 Kg;BONBON
13800228502;Sucette wafer mellow fruit lollipop;CARTON;20 BOITE;1 Kg;BONBON
13800244001;Sucette ziva mix fruit lollipop 25g ass;SACHET;1 SACHET;1 Kg;BONBON
13800244002;Sucette ziva mix fruit lollipop 25g ass;CARTON;16 SACHET;1 Kg;BONBON
20700126601;Sucre  Mena En Kg ;KG;1 KG;1 Kg;SUCRE
161;SUCRE 25 KG;SAC;1 SAC;0 Kg;SUCRE
806;Sucre ambilobe  50Kg;KG;1 KG;0 Kg;SUCRE
398;Sucre ambilobe  50Kg;SAC;50 KG;0 Kg;SUCRE
20700161701;Sucre blanc 50kg;SAC;1 SAC;1 Kg;SUCRE
20700263001;Sucre blanc En kg;KILOS;1 KILOS;1 Kg;SUCRE
20700205301;Sucre rouge selati 50kg;SAC;1 SAC;50 Kg;SUCRE
13800225901;Super cone 12*60 ;BOITE;1 BOITE;1 Kg;BONBON
13800225902;Super cone 12*60 ;CARTON;12 BOITE;1 Kg;BONBON
13800225801;Super cone24*30 en boite;BOITE;1 BOITE;1 Kg;BONBON
13800225802;Super cone24*30 en boite;CARTON;24 BOITE;1 Kg;BONBON
267;Super Moustiquaire;PIECE;1 PIECE;0 Kg;DIVERS
734;Super Moustiquaire;BALLE;50 PIECE;0 Kg;DIVERS
13600103501;SUPER POPS_MIX FLAVOUR;SHT;1 SHT;1 Kg;BISCUIT 
13600103502;SUPER POPS_MIX FLAVOUR;BALLE;20 SHT;1 Kg;BISCUIT 
407;SUR EAU;PIECE;1 PIECE;0 Kg;DIVERS
406;SUR EAU;CARTON;28 PIECE;0 Kg;DIVERS
15600200501;Sur eau oasis;PIECE ;1 PIECE ;1 Kg;DIVERS
15600200502;Sur eau oasis;CARTON;40 PIECE ;1 Kg;DIVERS
547;SURE EAU;PIECE;1 PIECE;0 Kg;DIVERS
548;SURE EAU;CARTON;40 PIECE;0 Kg;DIVERS
15600263601;Surprise snack 20sht*25pcs;SACHET;1 SACHET;1 Kg;DIVERS
15600263602;Surprise snack 20sht*25pcs;BALLE;20 SACHET;1 Kg;DIVERS
13800199201;Sweet africa cube Onion;PIECE;1 PIECE;1 Kg;BONBON
13800199202;Sweet africa cube Onion;BOITE;40 PIECE;1 Kg;BONBON
13800199203;Sweet africa cube Onion;CARTON;2 BOITE;1 Kg;BONBON
13800075801;SWEET BOY;BTE;1 BTE;1 Kg;BONBON
13800075802;SWEET BOY;CARTON;30 BTE;1 Kg;BONBON
13800225101;Sweet dreams pop;BOITE;1 BOITE;1 Kg;BONBON
13800225102;Sweet dreams pop;CARTON;12 BOITE;1 Kg;BONBON
13800251501;Swr happy nipple candy ( teeth pops bocal );BOCAL;1 BOCAL;1 Kg;BONBON
13800251502;Swr happy nipple candy ( teeth pops bocal );CARTON;20 BOCAL;1 Kg;BONBON
20600174801;Sytlo supra bleu;BOITE;1 BOITE;1 Kg;STYLO
20600180001;Sytlo supra bleu en Pcs;PIECE;1 PIECE;1 Kg;STYLO
20600174601;Sytlo supra rouge;BOITE;1 BOITE;1 Kg;STYLO
20600180101;Sytlo supra rouge En pcs;PIECE;1 PIECE;1 Kg;STYLO
20600174701;Sytlo supra vert;BOITE;1 BOITE;1 Kg;STYLO
20600180301;Sytlo supra vert En pcs;PIECE;1 PIECE;1 Kg;STYLO
15600189501;Table candy in cola ,sprite , fanta;PACQUET;1 PACQUET;1 Kg;DIVERS
303;TADY LUX;ROULEAUX;1 ROULEAUX;0 Kg;DIVERS
760;TALIA;PAQUET;1 PAQUET;0 Kg;SERVIETTE HYGIENIQUE
759;TALIA;CARTON;60 PAQUET;0 Kg;SERVIETTE HYGIENIQUE
15100183601;Talia bleu Nuit*60pcs;PACQUET;1 PACQUET;1 Kg;COUCHE
15100183602;Talia bleu Nuit*60pcs;CARTON;60 PACQUET;1 Kg;COUCHE
15100183701;Talia Violte Nuit coton*60pcs;PACQUET;1 PACQUET;1 Kg;COUCHE
15100183702;Talia Violte Nuit coton*60pcs;CARTON;60 PACQUET;1 Kg;COUCHE
15600071301;TAMARIN gm;SHT;1 SHT;1 Kg;DIVERS
15600071302;TAMARIN gm;CRT;12 SHT;1 Kg;DIVERS
325;TAMIS;PIECE;1 PIECE;0 Kg;DIVERS
486;TANGATRIKA;METRE;1 METRE;0 Kg;DIVERS
1004;TANGATRIKA 2M;METRE;1 METRE;1 Kg;DIVERS
15600059502;TANGATRIKA 2M;BALLE;100 METRE;1 Kg;DIVERS
679;TARZAN SUPER ENCRT;BOITE;1 BOITE;0 Kg;BONBON
678;TARZAN SUPER ENCRT;CARTON;12 BOITE;0 Kg;BONBON
59;TERMOS PLASTIQUE 3L;PIECE;1 PIECE;0 Kg;DIVERS
57;TERMOS VISTA  3.2L;PIECE;1 PIECE;0 Kg;DIVERS
454;TERMOS VISTA 2L;PIECE;1 PIECE;0 Kg;DIVERS
58;TERMOSY ALWAYS 1L;PIECE;1 PIECE;0 Kg;DIVERS
446;TERMOSY HOPESTAR 2L;PIECE;1 PIECE;0 Kg;DIVERS
15600125401;Thermos vista ravinala 3L;PIECE;1 PIECE;1 Kg;DIVERS
15600224501;Thermos vista vvf-1120h 2L;PIECE;1 PIECE;1 Kg;DIVERS
15600224601;Thermos vista vvf-1132h 3.2L;PIECE;1 PIECE;1 Kg;DIVERS
15600125501;Thermos vy K826 3.2L;PIECE;1 PIECE;1 Kg;DIVERS
15600165901;Thon en miettes 185g;PIECES;1 PIECES;1 Kg;DIVERS
15600121401;TIARA 10G;PIECE;1 PIECE;1 Kg;DIVERS
15600121402;TIARA 10G;BOITE;24 PIECE;1 Kg;DIVERS
16900149601;Tiara 10g Voa2;BOITE;1 BOITE;1 Kg;JUS
16900149602;Tiara 10g Voa2;CARTON;24 BOITE;1 Kg;JUS
306;TIBINO;PAQUET;1 PAQUET;0 Kg;DIVERS
1025;TIRBO GM;PIECE;1 PIECE;0 Kg;BISCUIT 
1032;TIRBO PM;PAQUET;1 PAQUET;0 Kg;DIVERS
1031;TIRBO PM;CARTON;24 PAQUET;0 Kg;DIVERS
544;TOKO  VY;PIECE;1 PIECE;0 Kg;DIVERS
15600227101;Tomate boite alda 70g; PIECE;1  PIECE;1 Kg;DIVERS
15600227102;Tomate boite alda 70g;CARTON;100  PIECE;1 Kg;DIVERS
15600109301;TOMATE BOITE FASTE;BTS;1 BTS;1 Kg;DIVERS
15600109302;TOMATE BOITE FASTE;CRT;100 BTS;1 Kg;DIVERS
140;TOMATE BOITE GEFCO;BOITE;1 BOITE;0 Kg;DIVERS
141;TOMATE BOITE GEFCO;CARTON;50 BOITE;0 Kg;DIVERS
15600143301;Tomate boite Lucie;PIECE;1 PIECE;1 Kg;DIVERS
15600143302;Tomate boite Lucie;CARTON;100 PIECE;1 Kg;DIVERS
15600200401;Tomate boite mama ;PIECE;1 PIECE;1 Kg;DIVERS
15600200402;Tomate boite mama ;CARTON;100 PIECE;1 Kg;DIVERS
15600244801;Tomate bonjour @ boite 70g;PIECE;1 PIECE;1 Kg;DIVERS
15600244802;Tomate bonjour @ boite 70g;CARTON;50 PIECE;1 Kg;DIVERS
15600229701;Tomate bonjour en sachet 50g;PIECE;1 PIECE;1 Kg;DIVERS
15600229702;Tomate bonjour en sachet 50g;CARTON;100 PIECE;1 Kg;DIVERS
1015;TOMATE BTE FANA;PIECE;1 PIECE;0 Kg;DIVERS
1014;TOMATE BTE FANA;CARTON;100 PIECE;0 Kg;DIVERS
913;TOMATE DELICIOSO 400GR;PIECE;1 PIECE;0 Kg;DIVERS
15600086001;TOMATE DELICIOSO 70GR;PIECES;1 PIECES;1 Kg;DIVERS
15600086002;TOMATE DELICIOSO 70GR;CARTON;50 PIECES;1 Kg;DIVERS
15600112201;TOMATE ELVIA EN SACHET;SHT;1 SHT;1 Kg;DIVERS
15600112202;TOMATE ELVIA EN SACHET;CARTON;100 SHT;1 Kg;DIVERS
15600186701;Tomate europa @ boite 70g;PIECE;1 PIECE;1 Kg;DIVERS
15600186702;Tomate europa @ boite 70g;CARTON;50 PIECE;1 Kg;DIVERS
15600171901;Tomate europa @ sachet 50g;PIECE;1 PIECE;1 Kg;DIVERS
15600171902;Tomate europa @ sachet 50g;CARTON;100 PIECE;1 Kg;DIVERS
15600150101;Tomate Evita en sachet *50g;PIECE;1 PIECE;1 Kg;DIVERS
15600150102;Tomate Evita en sachet *50g;CARTON;50 PIECE;1 Kg;DIVERS
15600256401;Tomate fana en sachet 50g*100pcs;PIECE;1 PIECE;1 Kg;DIVERS
15600256402;Tomate fana en sachet 50g*100pcs;CARTON;100 PIECE;1 Kg;DIVERS
15600216101;Tomate kenzy en sachet 50g;PIECE;1 PIECE;1 Kg;DIVERS
15600216102;Tomate kenzy en sachet 50g;BOITE;25 PIECE;1 Kg;DIVERS
15600216103;Tomate kenzy en sachet 50g;CARTON;4 BOITE;1 Kg;DIVERS
15900226001;Tongolo be @ kilos ;KILOS;1 KILOS;1 Kg;ENZOY
13800172301;Tongue paint assorti 5g en pcs;PIECE;1 PIECE;1 Kg;BONBON
13800196801;Tongue painter kiddo;SACHET;1 SACHET;1 Kg;BONBON
13800196802;Tongue painter kiddo;CARTON;20 SACHET;1 Kg;BONBON
13800232301;Tongue painter monstre pop kiddies;SACHET;1 SACHET;1 Kg;BONBON
13800232302;Tongue painter monstre pop kiddies;CARTON;16 SACHET;1 Kg;BONBON
14200179401;Top cafe *22g*120pcs;PIECE;1 PIECE;1 Kg;CAFE
14200179402;Top cafe *22g*120pcs;CARTON;120 PIECE;1 Kg;CAFE
14200264001;Top cafe cappuccino 25g;PIECE;1 PIECE;1 Kg;CAFE
14200264002;Top cafe cappuccino 25g;PAQUET;10 PIECE;1 Kg;CAFE
14200264003;Top cafe cappuccino 25g;CARTON;12 PAQUET;1 Kg;CAFE
14200263901;Top cafe palm sugar 25g;PIECE;1 PIECE;1 Kg;CAFE
14200263902;Top cafe palm sugar 25g;PAQUET;10 PIECE;1 Kg;CAFE
14200263903;Top cafe palm sugar 25g;CARTON;12 PAQUET;1 Kg;CAFE
14200221401;Top caffe Avocado 22g;PIECE;1 PIECE;1 Kg;CAFE
14200221402;Top caffe Avocado 22g;PAQUET;15 PIECE;1 Kg;CAFE
14200221403;Top caffe Avocado 22g;CARTON;12 PAQUET;1 Kg;CAFE
14200221601;Top caffe mokachinno 22g;SACHET;1 SACHET;1 Kg;CAFE
14200221602;Top caffe mokachinno 22g;CARTON;20 SACHET;1 Kg;CAFE
14200222601;Top caffe mokachinno en piece;PIECE;1 PIECE;1 Kg;CAFE
13600100101;Top pop;SACHET;1 SACHET;1 Kg;BISCUIT 
13600100102;Top pop;BALLE;20 SACHET;1 Kg;BISCUIT 
15600097801;TORCHE;PIECE;1 PIECE;1 Kg;DIVERS
15600097701;TORCHE DE TETE;PIECE;1 PIECE;1 Kg;DIVERS
15600098201;TORCHE SOLAR CHARGE FLASHIGHT;PIECE;1 PIECE;1 Kg;DIVERS
1003;TOTOKENA MAMASOA;PIECE;1 PIECE;0 Kg;DIVERS
787;TOTOKENA MAMASOA;SACHET;48 PIECE;0 Kg;DIVERS
786;TOTOKENA MAMASOA;SAC;48 SACHET;0 Kg;DIVERS
13800266501;Traffic light fudge gummy 12g;PAQUET;1 PAQUET;1 Kg;BONBON
13800266502;Traffic light fudge gummy 12g;CARTON;20 PAQUET;1 Kg;BONBON
1029;TRIPLE  ACTION GM;PIECE;1 PIECE;0 Kg;DIVERS
1028;TRIPLE  ACTION GM;PAQUET;12 PIECE;0 Kg;DIVERS
15600163501;Triple action aloe vera 100ml;PACQUET ;1 PACQUET ;1 Kg;DIVERS
15600163502;Triple action aloe vera 100ml;CARTON;24 PACQUET ;1 Kg;DIVERS
15900238201;Tsaramaso avaratra 50kg;SAC;1 SAC;50 Kg;ENZOY
15900238101;Tsaramaso avaratra en kapoaka;KAPOAKA;1 KAPOAKA;1 Kg;ENZOY
15900154901;Tsaramaso bota 50kg;SAC;1 SAC;50 Kg;ENZOY
15900200901;Tsaramaso bota En Kapoaka;KAPOAKA;1 KAPOAKA;1 Kg;ENZOY
15600130701;Tsaramaso Lava 50Kg;SAC;1 SAC;1 Kg;DIVERS
15600132701;Tsaramaso Lava En Kap;KAPOAKA;1 KAPOAKA;1 Kg;DIVERS
15600088901;TSARAMASO MENA;KAPOAKA;1 KAPOAKA;1 Kg;DIVERS
1051;Tsaramaso miandrivazo 50kg;SAC;1 SAC;0 Kg;DIVERS
15500121101;Tsaramaso miandrivazo en Kap;KPK;1 KPK;1 Kg;DETERGENT
15900192601;Tsaramaso vazo 25kg;SAC;1 SAC;1 Kg;ENZOY
322;Tsiasisa 50kg;SAC;1 SAC;0 Kg;DIVERS
15900145301;Tsiasisa 50kg (Vao);SAC;1 SAC;1 Kg;ENZOY
15600146801;Tsiasisa 50kg (Vao) En Kapoaka;KAPOAKA;1 KAPOAKA;1 Kg;DIVERS
1040;TSIK NACK;SACHET;1 SACHET;0 Kg;DIVERS
13600107801;TUC CLASSIC 65*24;PIECE;1 PIECE;1 Kg;BISCUIT 
13600107802;TUC CLASSIC 65*24;CARTON;24 PIECE;1 Kg;BISCUIT 
13600119001;TUC MINI 30G 30;PIECE;1 PIECE;1 Kg;BISCUIT 
13600119002;TUC MINI 30G 30;CARTON;30 PIECE;1 Kg;BISCUIT 
13600108101;TUC POCKET 32G;PIECE;1 PIECE;1 Kg;BISCUIT 
13600108102;TUC POCKET 32G;BOITE;24 PIECE;1 Kg;BISCUIT 
13600129501;Turbo choco gm ;SACHET;1 SACHET;1 Kg;BISCUIT 
13600129502;Turbo choco gm ;CARTON;12 SACHET;1 Kg;BISCUIT 
13600240301;Turbo choco pm;SACHET;1 SACHET;1 Kg;BISCUIT 
13600240302;Turbo choco pm;CARTON;21 SACHET;1 Kg;BISCUIT 
13600129601;Turbo fraise gm  ;SACHET;1 SACHET;1 Kg;BISCUIT 
13600129602;Turbo fraise gm  ;CARTON;12 SACHET;1 Kg;BISCUIT 
13600240401;Turbo fraise pm;SACHET;1 SACHET;1 Kg;BISCUIT 
13600240402;Turbo fraise pm;CARTON;21 SACHET;1 Kg;BISCUIT 
13800222301;U&mé minis en boite;BOITE;1 BOITE;1 Kg;BONBON
15600185901;Vao coco;PACQUET;1 PACQUET;1 Kg;DIVERS
15600185902;Vao coco;CARTON;12 PACQUET;1 Kg;DIVERS
19900265801;Vao savon anatiseptique t.a ravintsara;PEICE;1 PEICE;1 Kg;SAVONNETTE
19900265802;Vao savon anatiseptique t.a ravintsara;CARTON;24 PEICE;1 Kg;SAVONNETTE
19900266601;Vao savon antiseptique au charbon active;PIECE;1 PIECE;1 Kg;SAVONNETTE
19900266602;Vao savon antiseptique au charbon active;CARTON;24 PIECE;1 Kg;SAVONNETTE
15600249201;Vao shampooing papaye ;PAQUET;1 PAQUET;1 Kg;DIVERS
15600249202;Vao shampooing papaye ;CARTON;12 PAQUET;1 Kg;DIVERS
19600265601;Vao translucide sdoi u1*36mx*80g;PIECE;1 PIECE;1 Kg;SAVON
19600265602;Vao translucide sdoi u1*36mx*80g;CARTON;36 PIECE;1 Kg;SAVON
13;Vaoline 30g*108pcs;CARTON;1 CARTON;0 Kg;SAVON  EN POUDRE
19200271101;Vary Diste Vao 25kg;SAC;1 SAC;1 Kg;RIZ
19200084801;Vary diste vao 50kg;SAC;1 SAC;1 Kg;RIZ
19200218301;Vary diste vao en kapoaka;KAPOAKA;1 KAPOAKA;1 Kg;RIZ
19200223801;Vary gasy andapa  50kg;SAC;1 SAC;50 Kg;RIZ
15600218101;Vary gasy andapa 50 kg En Kapoaka;KAPOAKA;1 KAPOAKA;1 Kg;DIVERS
19200143201;Vary gasy andapa 50kg;SAC;1 SAC;1 Kg;RIZ
19200140901;Vary gasy andapa 60kg;SAC;1 SAC;1 Kg;RIZ
19200084101;Vary gasy andapa 60kg En kapoaka  ;KAPOAKA;1 KAPOAKA;1 Kg;RIZ
19200269601;Vary gasy Bota vao sac 25kg;SAC;1 SAC;1 Kg;RIZ
19200094801;Vary gasy Bota vaovao  50kg;SAC ;1 SAC ;1 Kg;RIZ
19200150701;Vary gasy bota vaovao 60kg;SAC;1 SAC;1 Kg;RIZ
19200163201;Vary gasy fotsy 25kg;SAC;1 SAC;1 Kg;RIZ
19200193701;Vary gasy fotsy 2ém choix 50kg;SAC;1 SAC;1 Kg;RIZ
19200166901;Vary gasy fotsy 60kg Vao;SAC;1 SAC;60 Kg;RIZ
19200177801;Vary gasy fotsy boribory 50kg;SAC;1 SAC;50 Kg;RIZ
19200217901;Vary gasy fotsy en  Kapoaka;KAPOAKA;1 KAPOAKA;1 Kg;RIZ
19200153301;Vary haraka tsansparent 50kg;SAC;1 SAC;1 Kg;RIZ
19200073401;VARY jaune inde;SAC;1 SAC;50 Kg;RIZ
19200250901;Vary Lux mahavoky  50kg;SAC;1 SAC;50 Kg;RIZ
19200198401;Vary makalioka 25kg;SAC;1 SAC;25 Kg;RIZ
19200140001;Vary Makalioka 50kg  ;SAC;1 SAC;1 Kg;RIZ
19200173301;Vary makalioka 60kg;SAC;1 SAC;60 Kg;RIZ
19200218001;Vary Makalioka en Kapoaka;KAPOAKA;1 KAPOAKA;1 Kg;RIZ
19200271201;Vary Makalioka Vao 25kg;SAC;1 SAC;1 Kg;RIZ
19200114501;Vary manitra mme rose 50kg;SAC;1 SAC;1 Kg;RIZ
19200114601;Vary manitra mme rose En kp;EN KPK;1 EN KPK;1 Kg;RIZ
19200205201;Vary r r premium 50kg;SAC;1 SAC;50 Kg;RIZ
19200074401;VARY STAR 25Kg;SAC;1 SAC;1 Kg;RIZ
19200255201;Vary stock ace rice 50kg;SAC;1 SAC;50 Kg;RIZ
19200239001;Vary stock Adelco 25kg;SAC;1 SAC;25 Kg;RIZ
19200157401;Vary stock Barea 50kg;SAC ;1 SAC ;50 Kg;RIZ
19200175101;Vary stock bon 50kg;SAC;1 SAC;50 Kg;RIZ
19200241501;Vary stock boule petanque 50kg;SAC;1 SAC;50 Kg;RIZ
19200186801;Vary stock bulmex 25kg;SAC;1 SAC;25 Kg;RIZ
19200234801;Vary stock ce bon sac 50kg;SAC;1 SAC;50 Kg;RIZ
19200235601;Vary stock champion 50kg;SAC;1 SAC;1 Kg;RIZ
19100172501;VARY STOCK COMMANDER 50KG;SAC;1 SAC;1 Kg;RASOIR
19200157701;Vary stock eagle 50kg;SAC ;1 SAC ;50 Kg;RIZ
19200232501;Vary stock ehoala 50kg;SAC ;1 SAC ;50 Kg;RIZ
1109;Vary stock FANEVA 50Kg;SAC;1 SAC;1 Kg;RIZ
19200184001;Vary stock foot ball  50kg;SAC;1 SAC;50 Kg;RIZ
19200183801;Vary stock global 50kg;SAC;1 SAC;1 Kg;RIZ
19200238701;Vary stock gold coin 50kg;SAC;1 SAC;50 Kg;RIZ
19200167001;Vary stock gold sac 50kg;SAC;1 SAC;50 Kg;RIZ
19200150501;Vary stock haraka jaune  50kg;SAC;1 SAC;1 Kg;RIZ
19200232401;Vary stock hary fitia 50kg;SAC ;1 SAC ;50 Kg;RIZ
19200087001;VARY STOCK INDUS 50KG;SAC;1 SAC;1 Kg;RIZ
19200143701;Vary stock Kintana  50kg;SAC;1 SAC;1 Kg;RIZ
19200148701;Vary stock Kintana 25kg;SAC;1 SAC;1 Kg;RIZ
19200264401;Vary stock la cascade 50kg;SAC;1 SAC;50 Kg;RIZ
19200176901;Vary stock la famille 50kg;SAC;1 SAC;50 Kg;RIZ
15600079201;VARY STOCK LALA;SAC;1 SAC;1 Kg;DIVERS
19200073001;VARY STOCK laxim;SAC;1 SAC;50 Kg;RIZ
19200150001;Vary stock lemur 50kg;SAC;1 SAC;1 Kg;RIZ
19200238601;Vary stock mahavoky 50kg;SAC;1 SAC;50 Kg;RIZ
19200164101;Vary stock Manjarika 50kg;SAC;1 SAC;50 Kg;RIZ
19200192401;Vary stock mara 50kg;SAC;1 SAC;1 Kg;RIZ
19200173201;Vary stock mol 50kg;SAC;1 SAC;50 Kg;RIZ
19200163901;Vary stock nitra 50kg;SAC;1 SAC;50 Kg;RIZ
19200162601;Vary stock pack rhino 25kg;SAC;1 SAC;1 Kg;RIZ
19200200101;Vary stock pogo 50kg;SAC;1 SAC;50 Kg;RIZ
19200249801;Vary stock Romazava 50kg;SAC ;1 SAC ;1 Kg;RIZ
19200173101;Vary stock saksi silver 50kg;SAC;1 SAC;1 Kg;RIZ
19200112901;VARY STOCK STAR 50KG;SAC;1 SAC;1 Kg;RIZ
19200166401;Vary stock tanishk 50kg ;SAC;1 SAC;50 Kg;RIZ
19200161501;Vary stock tigre pakistan 50kg;SAC;1 SAC;50 Kg;RIZ
19200158301;Vary stock tuc tuc 50kg;SAC ;1 SAC ;1 Kg;RIZ
19200249901;Vary stock Tulip 50kg;SAC ;1 SAC ;50 Kg;RIZ
19200161601;Vary stock volamena 50kg;SAC ;1 SAC ;50 Kg;RIZ
19200242301;Vary stock volga 50kg;SAC;1 SAC;50 Kg;RIZ
1050;VARY STOCK WARRIO;SAC;1 SAC;0 Kg;RIZ
19200105601;Vary Tsinjo 25 kg;SAC;1 SAC;1 Kg;RIZ
19200092501;Vary Tsinjo 50kg;SAC ;1 SAC ;1 Kg;RIZ
19200219101;Vary voky stock luxe 5% sac 50kg;SAC;1 SAC;50 Kg;RIZ
19200219201;Vary voky stock luxe kapoaka;KAPOAKA;1 KAPOAKA;1 Kg;RIZ
19200104301;VARY VOKY TSARA 50KG;SAC;1 SAC;1 Kg;RIZ
13800189901;Vehicule lollipop 15g;BOCAL;1 BOCAL;1 Kg;BONBON
13800189902;Vehicule lollipop 15g;CARTON;20 BOCAL;1 Kg;BONBON
15600229901;Verre à jetter champion;PAQUET;1 PAQUET;1 Kg;DIVERS
15600229902;Verre à jetter champion;CARTON;20 PAQUET;1 Kg;DIVERS
15600150901;Verre a jetter tranquil transparent;PACQUET;1 PACQUET;1 Kg;DIVERS
15600150902;Verre a jetter tranquil transparent;CARTON;40 PACQUET;1 Kg;DIVERS
15600151001;Verre a jetter tranquil white;PACQUET;1 PACQUET;1 Kg;DIVERS
15600151002;Verre a jetter tranquil white;CARTON;40 PACQUET;1 Kg;DIVERS
15600191101;Verre à jetter voila;PACQUET;1 PACQUET;1 Kg;DIVERS
15600191102;Verre à jetter voila;CARTON;20 PACQUET;1 Kg;DIVERS
15600203001;Verre decorrted glrss;PAQUET;1 PAQUET;1 Kg;DIVERS
15600203002;Verre decorrted glrss;CARTON;12 PAQUET;1 Kg;DIVERS
526;VETSIN;PAQUET;1 PAQUET;0 Kg;DIVERS
525;VETSIN;BALLE;20 PAQUET;0 Kg;DIVERS
414;VETSIN 250G;PIECE;1 PIECE;0 Kg;VETSIN
413;VETSIN 250G;CARTON;48 PIECE;0 Kg;VETSIN
15600202701;Vetsin 50g;PIECE;1 PIECE;1 Kg;DIVERS
15600202702;Vetsin 50g;CARTON;100 PIECE;1 Kg;DIVERS
1074;Vetsin vita 3g*40pcs;PAQUET;1 PAQUET;0 Kg;DIVERS
1073;Vetsin vita 3g*40pcs;CARTON;50 PAQUET;0 Kg;DIVERS
291;VILIA BAKOLY PM;PIECE;1 PIECE;0 Kg;DIVERS
293;VILIA BOL ARC;PIECE;1 PIECE;0 Kg;DIVERS
287;VILIA BOL BAKOLY;PIECE;1 PIECE;0 Kg;DIVERS
151;VILIA BOL INOX;PIECE;1 PIECE;0 Kg;DIVERS
294;VILIA SPAGHETTI;PIECE;1 PIECE;0 Kg;DIVERS
1085;Vinaigre @ Sachet MENA;SACHET;1 SACHET;0 Kg;DIVERS
1084;Vinaigre @ Sachet MENA;CARTON;5 SACHET;0 Kg;DIVERS
21100086101;VINAIGRE FOTSY 1L;PACQUE;1 PACQUE;1 Kg;VINAIGRE
15600170001;Vinaigre taf fotsy 0.25L;PACQUET;1 PACQUET;1 Kg;DIVERS
15600170101;Vinaigre taf fotsy 1L Vao;PACQUET;1 PACQUET;1 Kg;DIVERS
21100130201;Vinaigre taf mena 0.25L;PACQUET;1 PACQUET;1 Kg;VINAIGRE
21100130001;Vinaigre Taf Mena 1L;PACQUET;1 PACQUET;1 Kg;VINAIGRE
15600231901;Vinaigre Taf Mena 1L En pcs;PIECE;1 PIECE;1 Kg;DIVERS
15600215701;Vinaigre Taf Mena 1L En pcs;PIECE;1 PIECE;1 Kg;DIVERS
13700261301;Vinut cocktail mixed fruit juice 330ml;PIECE;1 PIECE;1 Kg;BOISSON
13700261401;Vinut coconut water juice 330ml;PIECE;1 PIECE;1 Kg;BOISSON
13700261501;Vinut orange juice 330ml;PIECE;1 PIECE;1 Kg;BOISSON
13700261601;Vinut passion fruit juice 330ml;PIECE;1 PIECE;1 Kg;BOISSON
13700261701;Vinut strawberry juice 330ml;PIECE;1 PIECE;1 Kg;BOISSON
13700261801;Vinut voltric 220 energy juice 330ml;PICEE;1 PICEE;1 Kg;BOISSON
18900198601;Vitalait 1Kg;SACHET;1 SACHET;1 Kg;POUDRE LAIT
18900198602;Vitalait 1Kg;CARTON;8 SACHET;1 Kg;POUDRE LAIT
18900199901;Vitalait 250g;SACHET;1 SACHET;1 Kg;POUDRE LAIT
18900199902;Vitalait 250g;CARTON;32 SACHET;1 Kg;POUDRE LAIT
18900198501;Vitalait 500gr;SACHET;1 SACHET;1 Kg;POUDRE LAIT
18900198502;Vitalait 500gr;CARTON;16 SACHET;1 Kg;POUDRE LAIT
1146;Vitogaz gm 12kg;BOUTEIL;1 BOUTEIL;0 Kg;DETERGENT
15600207401;Vitogaz pm 4kg;BOUTEIL;1 BOUTEIL;1 Kg;DIVERS
1147;Vitogaz_moyenne 09kg;BOUTEIL;1 BOUTEIL;0 Kg;DETERGENT
13800244201;Vnl azedinha toffee mastigavel;SACHET;1 SACHET;1 Kg;BONBON
13800244202;Vnl azedinha toffee mastigavel;CARTON;20 SACHET;1 Kg;BONBON
13800244301;Vnl deluxe toffee 100pcs*20bag;SACHET;1 SACHET;1 Kg;BONBON
13800244302;Vnl deluxe toffee 100pcs*20bag;CARTON;20 SACHET;1 Kg;BONBON
13800251601;Vnl froyo preto black to red 24pcs*16;SACHET;1 SACHET;1 Kg;BONBON
13800251602;Vnl froyo preto black to red 24pcs*16;CARTON;16 SACHET;1 Kg;BONBON
13800233601;Vnl jumbo pops lollipop;BOCAL;1 BOCAL;1 Kg;BONBON
13800233801;Vnl milk lollipop bocal;BOCAL;1 BOCAL;1 Kg;BONBON
13800233802;Vnl milk lollipop bocal;CARTON;6 BOCAL;1 Kg;BONBON
15600233701;Vnl stawberry lollipop boom splash;BOCAL;1 BOCAL;1 Kg;DIVERS
15600233702;Vnl stawberry lollipop boom splash;CARTON;6 BOCAL;1 Kg;DIVERS
13800260701;Vnl strawberry lollipop boom splash;BOCAL;1 BOCAL;1 Kg;BONBON
13800260702;Vnl strawberry lollipop boom splash;CARTON;6 BOCAL;1 Kg;BONBON
169;Voanemba 50kg lj;SAC;1 SAC;0 Kg;DIVERS
917;Voanemba en Kap;KAPOAKA;1 KAPOAKA;0 Kg;DIVERS
15500121001;Voanjobory  En Kap;EN KPK;1 EN KPK;1 Kg;DETERGENT
16800072001;VOANJOBORY 50KG;SAC;1 SAC;1 Kg;INSECTICIDE
15900132601;Voantsoroka Maintso en Kap;KAPOAKA;1 KAPOAKA;1 Kg;ENZOY
15600141801;Voantsoroka Mavo en Kp;KAPOAKA;1 KAPOAKA;1 Kg;DIVERS
15900077601;Voantsoroko maintso 50kg ;SAC;1 SAC;50 Kg;ENZOY
15900132801;Voantsoroko mavo 50kg;SAC;1 SAC;1 Kg;ENZOY
15600207001;Vovo-tsavony so klin 1kg;PIECE;1 PIECE;1 Kg;DIVERS
15600207002;Vovo-tsavony so klin 1kg;CARTON;10 PIECE;1 Kg;DIVERS
15600094401;VOVON TSAVONY FLOR;SAC;1 SAC;1 Kg;DIVERS
15600106901;VOVON TSAVONY SEIM;SAC;1 SAC;1 Kg;DIVERS
17;Vovon-tsavony boom Floral;CARTON;1 CARTON;0 Kg;DIVERS
15600214801;Vovon-tsavony boom jaune citron ;CARTON;1 CARTON;1 Kg;DIVERS
19700182301;Vovon-tsavony iriko 25g;PIECE;1 PIECE;1 Kg;SAVON  EN POUDRE
19700182302;Vovon-tsavony iriko 25g;SAC;150 PIECE;1 Kg;SAVON  EN POUDRE
19600163601;Vovon-tsavony Keon 200g* 20 sht;SAC;1 SAC;1 Kg;SAVON
15600230301;Vovon-tsavony Keon En pcs;PIECE;1 PIECE;1 Kg;DIVERS
15600093801;Vovon-tsavony Oxi;CARTON;1 CARTON;1 Kg;DIVERS
15600183301;Vovon-tsavony Oxi En pcs;PIECE;1 PIECE;1 Kg;DIVERS
15500135001;Vovon-tsavony Safidy 30g;CARTON;1 CARTON;1 Kg;DETERGENT
19700220501;Vovon-tsavony seim en pcs;PIECCE;1 PIECCE;1 Kg;SAVON  EN POUDRE
19700093401;VOVON-TSAVONY UNO 150G;SAC;1 SAC;1 Kg;SAVON  EN POUDRE
19700255501;Vovon-tsavony UNO En  pcs;PIECE;1 PIECE;1 Kg;SAVON  EN POUDRE
15600186901;Vovon-tsavony Vaoline 30g En piece;PIECE;1 PIECE;1 Kg;DIVERS
15600181701;Vovon-tsavony Vaoline 30g*150pcs;CARTON;1 CARTON;1 Kg;DIVERS
15600140201;Vovontsavony B29 ( vao );SAC;1 SAC;1 Kg;DIVERS
15600169901;Vovontsavony Saba  25g;SAC;1 SAC;1 Kg;DIVERS
19700086301;VOVOTSAVONY  30G B29;CARTON;1 CARTON;1 Kg;SAVON  EN POUDRE
76;WAFERZ;PIECE;1 PIECE;0 Kg;DIVERS
437;WAFERZ;CARTON;36 PIECE;0 Kg;DIVERS
550;XXL35CL;PAQUET;1 PAQUET;0 Kg;DIVERS
103;YARICO PM;BOITE;1 BOITE;0 Kg;PILE
690;YARICO PM;CARTON;50 BOITE;0 Kg;PILE
13700262101;Yes juice apple  1L ;PIECE;1 PIECE;1 Kg;BOISSON
13700262102;Yes juice apple  1L ;CARTON;12 PIECE;1 Kg;BOISSON
16900241901;Yes juice cocktail 200ml;PIECE;1 PIECE;1 Kg;JUS
16900241902;Yes juice cocktail 200ml;CARTON;27 PIECE;1 Kg;JUS
16900242001;Yes juice guave 200ml ;PIECE;1 PIECE;1 Kg;JUS
16900241701;Yes juice mangue 200ml;PIECE;1 PIECE;1 Kg;JUS
16900242101;Yes juice orange 200ml;PIECE;1 PIECE;1 Kg;JUS
16900242102;Yes juice orange 200ml;CARTON;27 PIECE;1 Kg;JUS
13700262001;Yes juice pineapple 1L;PIECE;1 PIECE;1 Kg;BOISSON
13700262002;Yes juice pineapple 1L;CARTON;12 PIECE;1 Kg;BOISSON
16900241601;Yes juice pomme 200ml ;PIECE;1 PIECE;1 Kg;JUS
13700261901;Yes juice raisin rouge 1L;PIECE;1 PIECE;1 Kg;BOISSON
13700261902;Yes juice raisin rouge 1L;CARTON;12 PIECE;1 Kg;BOISSON
16900241801;Yes juice resain (grapes) 200m;PIECE;1 PIECE;1 Kg;JUS
13800075401;YOGURT BONBON;SHT;1 SHT;1 Kg;BONBON
13800197001;Yogurt pop kiddo;SACHET;1 SACHET;1 Kg;BONBON
13800197002;Yogurt pop kiddo;CARTON;20 SACHET;1 Kg;BONBON
13800215501;Yogurt pop kiddo en pcs;PIECE;1 PIECE;1 Kg;BONBON
13800075301;YOGURT SUCETTE;SHT;1 SHT;1 Kg;BONBON
13800075302;YOGURT SUCETTE;CRT;20 SHT;1 Kg;BONBON
13800105501;YOGURT SUCETTE GM;SHT;1 SHT;1 Kg;BONBON
13800105502;YOGURT SUCETTE GM;CRT;16 SHT;1 Kg;BONBON
13700131601;Youzo 1,5L;PACQUET;1 PACQUET;1 Kg;BOISSON
13700170801;Youzou en piece 1.5L;PIECE;1 PIECE;1 Kg;BOISSON
13800199001;Yum yum lollipop 20*50pcs;SACHET;1 SACHET;1 Kg;BONBON
13800199002;Yum yum lollipop 20*50pcs;CARTON;20 SACHET;1 Kg;BONBON
843;YUMY;PIECE;1 PIECE;0 Kg;PATE
13800162901;Z bonbon fruit sachet;SACHET;1 SACHET;1 Kg;BONBON
13800162902;Z bonbon fruit sachet;CARTON;24 SACHET;1 Kg;BONBON
528;Zakuro;PAQUET;1 PAQUET;0 Kg;DIVERS
527;Zakuro;CARTON;6 PAQUET;0 Kg;DIVERS
370;ZER100P SUPER;PAQUET;1 PAQUET;0 Kg;CAHIER
524;ZINQ BARRE;PIECE;1 PIECE;0 Kg;DIVERS
523;ZINQ BARRE;CARTON;20 PIECE;0 Kg;DIVERS
27;ZINQ MORCEAU;PIECE;1 PIECE;0 Kg;SAVON
26;ZINQ MORCEAU;CARTON;48 PIECE;0 Kg;SAVON
290;ZINQ PRO;BARRE;1 BARRE;0 Kg;SAVON BARRE
289;ZINQ PRO;CARTON;16 BARRE;0 Kg;SAVON BARRE
