CODE;DESIGNATION;UNITE;PRIX;MANANARA CENTRE;STOCK G;DIV;EXPD
15100177301; Bebem pants culotte maxi 4x32 n°4 ;PACQUET;22 000 Ar;1;1;1;
15100177302; Bebem pants culotte maxi 4x32 n°4 ;BALLE;88 000 Ar;0,2;0,2;4;
13600227001; Biscuit rockers spark hitrick ;BOCAL;16 000 Ar;2;2;1;
13600227002; Biscuit rockers spark hitrick ;CARTON;256 000 Ar;0,1;0,1;16;
13800155201; Bonbon Caffee;SACHET ;3 800 Ar;6;6;1;
13800155202; Bonbon Caffee;CARTON;76 000 Ar;0,2;0,2;24;
13800158001; Bonbon star POP;SACHET;17 000 Ar;0;0;1;
13800158002; Bonbon star POP;CARTON ;204 000 Ar;0;0;12;
13800269001; Bonbon vintage truff choco 1kg;SACHET;14 000 Ar;23;23;1;
13800269002; Bonbon vintage truff choco 1kg;CARTON;168 000 Ar;1,9;1,9;12;
15600217801; Pointe 90X20 de 20kg;BOITE;37 000 Ar;1;1;1;
15600217802; Pointe 90X20 de 20kg;CARTON ;148 000 Ar;0,2;0,2;4;
13800196601; Sundea choco ice cream;BOITE;12 000 Ar;30;30;1;
13800196602; Sundea choco ice cream;CARTON;240 000 Ar;1,5;1,5;20;
13800149801; Tongue paint assorti 5g;SACHET;2 800 Ar;6;6;1;
13800149802; Tongue paint assorti 5g;CARTON;55 000 Ar;0,3;0,3;20;
13800188501; Tongue_dance (100pcs);BOITE;14 000 Ar;0;0;1;
13800147601; Z bonbon fruit bocal;BOCAL;14 900 Ar;16;16;1;
15600148301; Z bonbon fruit SACHET en piece;PIECE;100 Ar;0;0;1;
13600093101;4X4 BOKOTRA;SHT;7 500 Ar;22;22;1;
13600273101;4x4 happy choco;SACHET;3 800 Ar;29;29;1;
13600273102;4x4 happy choco;CARTON;57 000 Ar;1,9;1,9;15;
13600140301;4x4 Happy Top pm;SACHET;2 000 Ar;1;1;1;
13600140302;4x4 Happy Top pm;CARTON;28 000 Ar;0,1;0,1;14;
13600273201;4x4 happy vanille;SACHET;3 800 Ar;75;75;1;
13600273202;4x4 happy vanille;CARTON;57 000 Ar;5;5;15;
13600239201;4x4 up beurre;SACHET;1 900 Ar;22;22;1;
13600239202;4x4 up beurre;CARTON;32 000 Ar;1,3;1,3;17;
13600239801;4x4 up fraise;SACHET;1 900 Ar;16;16;1;
13600239802;4x4 up fraise;CARTON;32 000 Ar;0,9;0,9;17;
302;ACIDE LAVA;PIECE;4 000 Ar;14;14;1;
301;ACIDE LAVA;CARTON;24 000 Ar;2,3;2,3;6;
781;ACIDEL BOTA;PIECE;4 900 Ar;59;59;1;
780;ACIDEL BOTA;CARTON;58 000 Ar;4,9;4,9;12;
18000167401;Aerosol jumbo xt  fl 680ml;PIECE;24 000 Ar;42;42;1;
18000167402;Aerosol jumbo xt  fl 680ml;CARTON;576 000 Ar;1,8;1,8;24;
18000167501;Aerosol jumbo xt fl 300ml;PIECE;17 000 Ar;21;21;1;
18000167502;Aerosol jumbo xt fl 300ml;CARTON;408 000 Ar;0,9;0,9;24;
15600203801;africa chef beef cube 108g;PIECE;1 800 Ar;153;153;1;
15600203802;africa chef beef cube 108g;BOITE;73 800 Ar;3,7;3,7;41;
15600203803;africa chef beef cube 108g;CARTON;147 600 Ar;1,9;1,9;82;
15600203301;Africa chef chicken cube 108g ;PIECE;1 700 Ar;282;282;1;
15600203302;Africa chef chicken cube 108g ;BOITE;69 700 Ar;7;7;40;
15600203303;Africa chef chicken cube 108g ;CARTON;139 400 Ar;3,5;3,5;80;
15600268201;Agharbatti seven worder fruits;PIECE;2 000 Ar;35;35;1;
15600268202;Agharbatti seven worder fruits;BOITE;24 000 Ar;2,9;2,9;12;
21300092901;AIGLE D OR PT 35 A 41;PAIRE;68 000 Ar;1;1;1;
15600267101;Allumette italia;PAQUET;8 000 Ar;10;10;1;
15600267102;Allumette italia;CARTON;80 000 Ar;1;1;10;
232;Allumettes yes safety;BOITE;800 Ar;274;274;1;
231;Allumettes yes safety;PAQUET;8 000 Ar;27,4;27,4;10;
13100014303;Allumettes yes safety;CARTON;80 000 Ar;2,7;2,7;100;
15600221101;Ampoule clear bulb 100w;PIECE;1 500 Ar;0;0;1;
15600221102;Ampoule clear bulb 100w;PAQUET;12 000 Ar;0;0;10;
15600220801;Ampoule clear bulb 40w;PIECE;1 500 Ar;0;0;1;
15600220802;Ampoule clear bulb 40w;PAQUET ;12 000 Ar;0;0;10;
15600220901;Ampoule clear bulb 60w;PIECE;1 500 Ar;35;35;1;
15600220902;Ampoule clear bulb 60w;PAQUET;12 000 Ar;3,5;3,5;10;
15600221001;Ampoule clear bulb 75w;PIECE;1 500 Ar;1;1;1;
15600221002;Ampoule clear bulb 75w;PAQUET;12 000 Ar;0,1;0,1;10;
19200234701;Andapa 34kg;SAC;111 000 Ar;0;0;1;
262;ANGADY GM;PIECE;5 000 Ar;0;0;1;
261;ANGADY PM;PIECE;4 000 Ar;0;0;1;
15600265201;Angola bleu gm;PIECE;1 800 Ar;0;0;1;
15600265202;Angola bleu gm;PAQUET;10 500 Ar;0;0;6;
15600265203;Angola bleu gm;CARTON;126 000 Ar;0;0;72;
19900272601;Arrow mosquito coils vert bamboo;PAQUET;1 800 Ar;60;60;1;
19900272602;Arrow mosquito coils vert bamboo;CARTON;108 000 Ar;1;1;60;
15600205401;Assiette à jette Raha ;PACQUET ;9 000 Ar;14;14;1;
15600205402;Assiette à jette Raha ;CARTON;180 000 Ar;0,7;0,7;20;
13800225601;Assorted lollipop Royale  ;SACHET;3 900 Ar;0;0;1;
13800225602;Assorted lollipop Royale  ;CARTON ;78 000 Ar;0;0;20;
15100145001;BABY SEA CONFORT 5X32 N°4;PAQUET;24 000 Ar;0;0;1;
15100145002;BABY SEA CONFORT 5X32 N°4;BALLE;120 000 Ar;0;0;5;
15100164201;BABY SEA CONFORT 5X36 N°3;PACQUET;24 000 Ar;0;0;1;
15100164202;BABY SEA CONFORT 5X36 N°3;BALLE;120 000 Ar;0;0;5;
15100237801;Baby sea confort 5x36 n°3 en sachet;PIECE;600 Ar;36;36;1;
15100237802;Baby sea confort 5x36 n°3 en sachet;PAQUET;24 000 Ar;1;1;36;
13800265001;Ball bubble gum mix fruit 3.8g;BOCAL;8 000 Ar;13;13;1;
13800265002;Ball bubble gum mix fruit 3.8g;CARTON;96 000 Ar;1,1;1,1;12;
16900116301;BAOBA CITRON 50CL;BOUTEILLE;6 500 Ar;1;1;1;
16900116401;BAOBA FRAISE 50CL;BOUTEILLE;6 500 Ar;2;2;1;
16900116501;BAOBA GRENADINE 50CL;BOUTEILLE;6 500 Ar;0;0;1;
16900116601;BAOBA MENTHE 50CL;BOUTEILLE;6 500 Ar;0;0;1;
16900116701;BAOBA ORANGE MANDARINE 50CL;BOUTEILLE;6 500 Ar;2;2;1;
15600118301;BAUME KATRAFAY;PAQUET;7 000 Ar;9;9;1;
15600185001;Baume ravintsara;PAQUET;13 000 Ar;0;0;1;
15600185002;Baume ravintsara;BALLE;130 000 Ar;0;0;10;
15600187901;Baume ravintsara En pcs;PIECE;300 Ar;33;33;1;
13700160401;Bba 1.5L en pieces;PIECE;5 000 Ar;1;1;1;
15100088201;BEBEM PANTS TWIN JUNIOR 4X28 N°5;PIECES;19 500 Ar;12;12;1;
15100088202;BEBEM PANTS TWIN JUNIOR 4X28 N°5;BALLE;78 000 Ar;3;3;4;
17800131501;Bella vita Fusilli En Kapoaka;KAPOAKA;700 Ar;20;20;1;
17800131401;Bella vita Spirales En Kapoaka;KAPOAKA;700 Ar;29;29;1;
139;BENNY;PAQUET;13 500 Ar;21,8;21,8;1;
138;BENNY;CARTON;105 000 Ar;2,7;2,7;8;
15600187701;BENNY en pcs;PIECE;300 Ar;0;0;1;
15600236601;Bhoot unkle;PIECE;400 Ar;150;150;1;
15600236602;Bhoot unkle;SACHET;12 000 Ar;5;5;30;
15600236603;Bhoot unkle;CARTON;216 000 Ar;0,3;0,3;540;
13600269201;Bicuit milay be choco-fromages 24pcs;SACHET;8 500 Ar;5;5;1;
13600201801;Big boy wafer biscuit 40 pcs;BOCAL;15 000 Ar;102;102;1;
13600201802;Big boy wafer biscuit 40 pcs;CARTON;240 000 Ar;2,5;2,5;40;
13800230701;BIG TOFFEE ASSORTED;BOCAL;13 500 Ar;1;1;1;
13800230702;BIG TOFFEE ASSORTED;CARTON;162 000 Ar;0,1;0,1;12;
13800258701;Big toffee chocolate kemlo 200p*8bts;BOCAL;14 000 Ar;0;0;1;
13800258702;Big toffee chocolate kemlo 200p*8bts;CARTON;112 000 Ar;0;0;8;
13800227201;Big toffee happy birthblash;BOCAL;13 500 Ar;0;0;1;
13800227202;Big toffee happy birthblash;CARTON;162 000 Ar;0;0;12;
13800259301;Big toffee strawberry kemlo 200p*8bte;BOCAL;14 000 Ar;0;0;1;
13800259302;Big toffee strawberry kemlo 200p*8bte;CARTON;112 000 Ar;0;0;8;
13800271001;bigg pop gum carre en bocal*100pcs;BOCAL;15 000 Ar;12;12;1;
13800271002;bigg pop gum carre en bocal*100pcs;CARTON;180 000 Ar;1;1;12;
111;BIGTOX;PIECE;1 000 Ar;0;0;1;
110;BIGTOX;CARTON;51 000 Ar;0;0;60;
13600152501;Bis marie *18;SACHET;2 300 Ar;59;59;1;
13600152502;Bis marie *18;CARTON ;41 000 Ar;3,3;3,3;18;
13600237001;Bis'nice 2 biscuits;SACHET;2 000 Ar;2;2;1;
13600237002;Bis'nice 2 biscuits;CARTON;55 000 Ar;0,1;0,1;28;
13600236801;Bis'nice 9 biscuits;SACHET;5 400 Ar;1;1;1;
13600236802;Bis'nice 9 biscuits;CARTON;75 000 Ar;0,1;0,1;14;
13600235801;Biscuit  cremelo cremica ass 70g;SACHET;9 000 Ar;3;3;1;
13600235802;Biscuit  cremelo cremica ass 70g;CARTON;108 000 Ar;0,2;0,2;12;
13600137401;Biscuit  kit choco pm;SACHET;2 000 Ar;0;0;1;
13600137402;Biscuit  kit choco pm;CARTON;30 000 Ar;0;0;15;
13600124601;Biscuit  major;PIECE;3 400 Ar;17;17;1;
13600124602;Biscuit  major;CARTON;68 000 Ar;0,8;0,8;20;
80;Biscuit  Miam pm;SACHET;2 800 Ar;75;75;1;
79;Biscuit  Miam pm;CARTON;42 000 Ar;5;5;15;
13600190901;Biscuit 18 Delice ;SACHET;8 000 Ar;0;0;1;
13600190902;Biscuit 18 Delice ;CARTON;48 000 Ar;0;0;6;
92;Biscuit 18 petit beurre ;SACHET;16 400 Ar;2;2;1;
91;Biscuit 18 petit beurre ;CARTON;65 500 Ar;0,5;0,5;4;
13600175701;Biscuit 18 petit lait;SACHET;16 400 Ar;8;8;1;
13600175702;Biscuit 18 petit lait;CARTON;65 500 Ar;2;2;4;
13600114101;BISCUIT 4X4 50;SACHET;1 700 Ar;1;1;1;
13600114102;BISCUIT 4X4 50;CARTON;34 000 Ar;0,1;0,1;20;
13600092301;BISCUIT 4X4 BE VAO2;PIECES;1 400 Ar;50;50;1;
13600092302;BISCUIT 4X4 BE VAO2;CARTON;27 000 Ar;2,8;2,8;18;
1010;BISCUIT 4X4 CHOCO BE;SACHET;2 000 Ar;11;11;1;
1009;BISCUIT 4X4 CHOCO BE;CARTON;70 000 Ar;0,4;0,4;27;
13600236301;Biscuit 4x4 choco miam;SACHET;1 900 Ar;15;15;1;
13600236302;Biscuit 4x4 choco miam;CARTON;45 000 Ar;0,6;0,6;24;
13600120901;BISCUIT 4X4 GLUCOSE BE;SACHET;2 000 Ar;0;0;1;
13600120902;BISCUIT 4X4 GLUCOSE BE;CARTON;47 000 Ar;0;0;24;
13600092201;BISCUIT 4X4 GO;SHT;2 000 Ar;1;1;1;
13600092202;BISCUIT 4X4 GO;CARTON;36 000 Ar;0,1;0,1;18;
13600236501;Biscuit 4x4 krem banane;SACHET;1 900 Ar;56;56;1;
13600236502;Biscuit 4x4 krem banane;CARTON;45 000 Ar;2,3;2,3;24;
13600250801;Biscuit 4x4 krem citron;SACHET;1 900 Ar;33;33;1;
13600250802;Biscuit 4x4 krem citron;CARTON;45 000 Ar;1,4;1,4;24;
13600114801;Biscuit 6 delice;SACHET;3 500 Ar;99;99;1;
13600114802;Biscuit 6 delice;CARTON;56 000 Ar;6,2;6,2;16;
13600097901;BISCUIT 6 PETIT BEURRE;SHT;4 500 Ar;9;9;1;
13600097902;BISCUIT 6 PETIT BEURRE;CARTON;54 000 Ar;0,8;0,8;12;
13600204501;Biscuit bledor club cremica;PAQUET;3 500 Ar;8;8;1;
13600204502;Biscuit bledor club cremica;CARTON;84 000 Ar;0,3;0,3;24;
13600242501;Biscuit bledor En piece;PIECE;400 Ar;0;0;1;
13600235701;Biscuit bourbon cremica 20g;SACHET;7 900 Ar;1;1;1;
13600235702;Biscuit bourbon cremica 20g;CARTON;79 000 Ar;0,1;0,1;10;
13600221201;Biscuit choco bico 65g;SACHET ;14 000 Ar;0;0;1;
13600221202;Biscuit choco bico 65g;CARTON;84 000 Ar;0;0;6;
13600222001;Biscuit choco bico en pcs;PIECE;1 400 Ar;0;0;1;
13600254901;Biscuit choco champ;BOITE;6 800 Ar;45;45;1;
13600254902;Biscuit choco champ;CARTON;162 000 Ar;1,9;1,9;24;
13600230001;Biscuit choco gof 12pcs*20;SACHET;3 400 Ar;0;0;1;
13600230002;Biscuit choco gof 12pcs*20;CARTON;68 000 Ar;0;0;20;
13600265101;Biscuit chunk munk;PAQUET;10 000 Ar;24;24;1;
13600265102;Biscuit chunk munk;CARTON;120 000 Ar;2;2;12;
13600138001;Biscuit coconut pm;SACHET;2 800 Ar;0;0;1;
13600138002;Biscuit coconut pm;CARTON;28 000 Ar;0;0;8;
13600214901;Biscuit cream cheers;SACHET;3 600 Ar;0;0;1;
13600214902;Biscuit cream cheers;CARTON;36 000 Ar;0;0;10;
13600137201;Biscuit Cream duex ;SACHET;1 900 Ar;0;0;1;
13600137202;Biscuit Cream duex ;CARTON;28 500 Ar;0;0;15;
13600213001;Biscuit cream fresh jai kada;SACHET;4 500 Ar;0;0;1;
13600213002;Biscuit cream fresh jai kada;CARTON;45 000 Ar;0;0;10;
13600213101;Biscuit cream lata;SACHET;6 700 Ar;26;26;1;
13600213102;Biscuit cream lata;CARTON;33 500 Ar;5,2;5,2;5;
13600197701;Biscuit creamy Voila;PIECE;1 500 Ar;0;0;1;
13600197702;Biscuit creamy Voila;CARTON;72 000 Ar;0;0;48;
13600204401;Biscuit creme veto 82g;PIECE;1 000 Ar;0;0;1;
13600204402;Biscuit creme veto 82g;CARON;22 800 Ar;0;0;24;
13600229801;Biscuit cremo.24pcs;PIECE;1 700 Ar;1;1;1;
13600229802;Biscuit cremo.24pcs;CARTON;39 000 Ar;0;0;24;
13600220201;Biscuit crunch coated wafer;BOITE;8 800 Ar;0;0;1;
13600184901;Biscuit crunchy wafer 75g;PIECE;3 000 Ar;3;3;1;
13600184902;Biscuit crunchy wafer 75g;CARTON ;72 000 Ar;0,1;0,1;24;
13600120301;BISCUIT FAMILY VANILLE;SACHET;3 000 Ar;5;5;1;
13600120302;BISCUIT FAMILY VANILLE;CARTON;53 000 Ar;0,3;0,3;18;
13600117501;BISCUIT FARILAC;SACHET;7 900 Ar;5;5;1;
13600117502;BISCUIT FARILAC;CARTON;47 000 Ar;0,8;0,8;6;
712;BISCUIT FREGO GM ;SACHET;11 000 Ar;34;34;1;
656;BISCUIT FREGO GM ;CARTON;77 000 Ar;4,9;4,9;7;
1108;Biscuit frego pocket ass (pm);SACHET;2 800 Ar;258;258;1;
1107;Biscuit frego pocket ass (pm);CARTON;64 000 Ar;11,2;11,2;23;
13600113201;BISCUIT GALETI;SASHET;2 100 Ar;84;84;1;
13600113202;BISCUIT GALETI;CARTON;37 000 Ar;4,7;4,7;18;
13600224101;Biscuit ginger;SACHET;2 200 Ar;0;0;1;
13600224102;Biscuit ginger;CARTON;33 000 Ar;0;0;15;
13600201001;Biscuit glucose pm cream anita ;SACHET;1 900 Ar;0;0;1;
13600201002;Biscuit glucose pm cream anita ;CARTON ;19 000 Ar;0;0;10;
13600137601;Biscuit glucose Zaza botra;SACHET;2 800 Ar;0;0;1;
13600137602;Biscuit glucose Zaza botra;CARTON;28 000 Ar;0;0;10;
13600229601;Biscuit hero;SACHET;1 000 Ar;105;105;1;
13600229602;Biscuit hero;CARTON;24 000 Ar;4,2;4,2;25;
14700245501;Biscuit kamco leibniz 100p*24;BOITE;5 000 Ar;21;21;1;
14700245502;Biscuit kamco leibniz 100p*24;CARTON;120 000 Ar;0,9;0,9;24;
13600182801;Biscuit kit coco gm;SACHET;2 000 Ar;2;2;1;
13600182802;Biscuit kit coco gm;CARTON;30 000 Ar;0,2;0,2;10;
13600137501;Biscuit kit coco pm;SACHET;2 000 Ar;4;4;1;
13600137502;Biscuit kit coco pm;CARTON;30 000 Ar;0,3;0,3;15;
13600167601;Biscuit Kreamy 'n krunch;SACHET;7 500 Ar;0;0;1;
13600167602;Biscuit Kreamy 'n krunch;CARTON;45 000 Ar;0;0;6;
880;BISCUIT KREMY;SACHET;2 000 Ar;0;0;1;
879;BISCUIT KREMY;CARTON;28 000 Ar;0;0;15;
13600186501;Biscuit lexus crackers;BOITE;9 000 Ar;0;0;1;
13600188001;Biscuit lexus crackers En Pcs;PIECE;800 Ar;1;1;1;
13600137301;Biscuit mahabibo;SACHET;2 100 Ar;1;1;1;
13600137302;Biscuit mahabibo;CARTON;29 000 Ar;0,1;0,1;14;
13600203201;Biscuit malt'n milt energy ;SACHET;2 400 Ar;0;0;1;
13600203202;Biscuit malt'n milt energy ;CARTON;24 000 Ar;0;0;10;
13600216001;Biscuit maria mamma mia;SACHET ;4 100 Ar;37;37;1;
13600216002;Biscuit maria mamma mia;CARTON;49 000 Ar;3,1;3,1;12;
13600117301;BISCUIT MARIE BE;SACHET;7 000 Ar;0;0;1;
13600117302;BISCUIT MARIE BE;CARTON;70 000 Ar;0;0;10;
13600172201;Biscuit marie be en pcs;PIECE;700 Ar;0;0;1;
13600221301;Biscuit marie classic 9.5g;SACHET ;6 000 Ar;0;0;1;
13600221302;Biscuit marie classic 9.5g;CARTON;120 000 Ar;0;0;20;
13600143101;Biscuit marie pm;SACHET;2 400 Ar;1;1;1;
13600143102;Biscuit marie pm;CARTON;24 000 Ar;0,1;0,1;10;
13600204701;Biscuit mini cream cookies;SACHET;4 500 Ar;0;0;1;
13600204702;Biscuit mini cream cookies;CARTON;45 000 Ar;0;0;10;
13600137801;Biscuit nice bleu gm;SACHET;2 800 Ar;1;1;1;
13600137802;Biscuit nice bleu gm;CARTON;28 000 Ar;0,1;0,1;10;
15600222501;Biscuit nice bleu gm en pcs;PIECE;300 Ar;0;0;1;
13600137901;Biscuit nice bleu pm;SACHET;2 400 Ar;1;1;1;
13600137902;Biscuit nice bleu pm;CARTON;24 000 Ar;0,1;0,1;10;
13600270201;Biscuit noor's wafer ass 7g;BOITE;9 500 Ar;11;11;1;
13600272701;Biscuit rama creamz mix 48pcs;PIECE;-;192;192;1;
13600272702;Biscuit rama creamz mix 48pcs;CARTON;-;4;4;48;
13600189101;Biscuit ronaldo;PIECE;1 400 Ar;0;0;1;
13600189102;Biscuit ronaldo;CARTON;33 600 Ar;0;0;24;
13600102501;BISCUIT SAIDA WAFER;PIECE;1 600 Ar;56;56;1;
13600102502;BISCUIT SAIDA WAFER;CARTON;44 000 Ar;2;2;28;
1002;Biscuit salto  6 pm;SACHET;3 700 Ar;93;93;1;
1001;Biscuit salto  6 pm;CARTON;66 000 Ar;5,2;5,2;18;
13600103301;Biscuit salto 15(gm );SHT;7 500 Ar;50;50;1;
13600103302;Biscuit salto 15(gm );CRT;52 000 Ar;7,1;7,1;7;
13800203501;Biscuit smily creamz;PAQUET;4 500 Ar;1;1;1;
13800203502;Biscuit smily creamz;CARTON;45 000 Ar;0,1;0,1;10;
13600113301;BISCUIT SUPER COCO VAOVAO;SACHET;1 000 Ar;21;21;1;
13600113302;BISCUIT SUPER COCO VAOVAO;CARTON;39 000 Ar;0,5;0,5;41;
13600258501;Biscuit super kreamo mix 48pcs;PIECE;2 200 Ar;117;117;1;
13600258502;Biscuit super kreamo mix 48pcs;CARTON;105 600 Ar;2,4;2,4;48;
1114;BISCUIT YUM YUM;PIECE;2 000 Ar;0;0;1;
1113;BISCUIT YUM YUM;CARTON;48 000 Ar;0;0;24;
13600245901;Biscuit ziva creams 65g ass;PIECE;1 000 Ar;5;5;1;
13600245902;Biscuit ziva creams 65g ass;CARTON;24 000 Ar;0,2;0,2;24;
15600194401;Black hair ;BOITE;5 000 Ar;376;376;1;
15600194402;Black hair ;CARTON;420 000 Ar;4,5;4,5;84;
15600215601;Black hair en piece;PIECE;600 Ar;2;2;1;
15600253701;Black rose;PIECE;600 Ar;5;5;1;
15600253702;Black rose;BOITE PM;3 000 Ar;1;1;5;
15600253703;Black rose;BOITE GM;30 000 Ar;0,1;0,1;50;
15600148601;Bledilait croissance n°3 400g;BOITE;27 000 Ar;3;3;1;
17100190401;Bledilait croissance n°3 900g;BOITE;59 000 Ar;4;4;1;
1142;BLEDILAIT JUNIOR  800 ;BOITE;49 500 Ar;1;1;1;
15600190501;Bledilait Junoir 800g;BOITE;49 500 Ar;6;6;1;
391;Bleu dazur (boite);BOITE;2 800 Ar;139;139;1;
392;Bleu dazur (boite);CARTON;67 000 Ar;5,8;5,8;24;
15600228401;Bobon nyra coconut crunch;BOCAL;17 000 Ar;0;0;1;
15600228402;Bobon nyra coconut crunch;CARTON;136 000 Ar;0;0;8;
998;BOCAL GM ;PIECE;3 000 Ar;0;0;1;
13700127601;Boisson  Djino Cola 125 CL;PACQUET;25 000 Ar;0;0;1;
13700130501;Boisson  Djino tropical 125 CL;PAQUET;25 000 Ar;0;0;1;
13700099901;BOISSON BIG PM;PACQUET;20 000 Ar;0;0;1;
13700127301;Boisson djino Cola 35 CL;PACQUET;20 000 Ar;0;0;1;
13700127401;Boisson Djino limo 35 CL;PACQUET;20 000 Ar;3;3;1;
13700127501;Boisson Djino tropical orange 35 CL;PACQUET;20 000 Ar;0;0;1;
1042;BOISSON GM ;PAQUET;32 000 Ar;0;0;1;
13700126201;BOISSON GM  EN PCS;PIECE;5 000 Ar;0;0;1;
1043;BOISSON PM ;PAQUET;22 000 Ar;0;0;1;
13700126401;BOISSON PM EN PCS;PIECE;2 500 Ar;0;0;1;
13600200801;Bolo coeur;SACHET;1 200 Ar;114;114;1;
13600200802;Bolo coeur;CARTON;43 200 Ar;3,2;3,2;36;
13600192501;Bolo donut pm*16x20;SACHET;2 100 Ar;8;8;1;
13600192502;Bolo donut pm*16x20;CARTON ;33 000 Ar;0,5;0,5;16;
800;BOLO KIDS;SACHET;3 900 Ar;5;5;1;
789;BOLO KIDS;CARTON;93 600 Ar;0,2;0,2;24;
1081;BOLO PETITO;PAQUET;2 000 Ar;0;0;1;
1080;BOLO PETITO;CARTON;30 000 Ar;0;0;15;
13600112801;BOLO ZOOM;SACHET;3 700 Ar;81;81;1;
13600112802;BOLO ZOOM;CARTON;88 000 Ar;3,4;3,4;24;
13800267501;Bonbon ambic koffito bocal 205pcs;BOCAL;13 000 Ar;3;3;1;
13800267502;Bonbon ambic koffito bocal 205pcs;CARTON;104 000 Ar;0,4;0,4;8;
13800267401;Bonbon ambic koffito en sht 100pcs;SACHET;5 500 Ar;58;58;1;
13800267402;Bonbon ambic koffito en sht 100pcs;CARTON;165 000 Ar;1,9;1,9;30;
13800117901;BONBON AMENDAS;SACHET;14 000 Ar;0;0;1;
13800150801;Bonbon assorted caramel En PCS ;PIECE;100 Ar;0;0;1;
13800239701;Bonbon assorted caramel en sht;SACHET;4 600 Ar;17;17;1;
13800239702;Bonbon assorted caramel en sht;CARTON;165 000 Ar;0,5;0,5;36;
13800155801;Bonbon assorted dur+ Caramel;SACHET;3 000 Ar;0;0;1;
13800155802;Bonbon assorted dur+ Caramel;CARTON;60 000 Ar;0;0;20;
13800195201;Bonbon assorted ju-c;BOCAL ;12 000 Ar;0;0;1;
13800196201;Bonbon Assorted ju-c en pcs;PIECE;100 Ar;0;0;1;
15600202001;Bonbon big time rich;BOITE;15 000 Ar;14;14;1;
15600202002;Bonbon big time rich;CARTON;360 000 Ar;0,6;0,6;24;
662;BONBON BOCAL;BOITE;9 000 Ar;0;0;1;
661;BONBON BOCAL;CARTON;54 000 Ar;0;0;6;
970;BONBON BROCHETTE;SACHET;4 000 Ar;0;0;1;
13800245601;Bonbon buble gum phastillia;SACHET;3 800 Ar;0;0;1;
13800245602;Bonbon buble gum phastillia;CARTON;91 200 Ar;0;0;24;
13800246401;Bonbon Car pop 5g;SACHET;3 500 Ar;86;86;1;
13800246402;Bonbon Car pop 5g;CARTON;119 000 Ar;2,5;2,5;34;
13800138701;Bonbon Caramel ( vao );SACHET;3 500 Ar;71;71;1;
13800138702;Bonbon Caramel ( vao );CARTON;119 000 Ar;2;2;36;
13800103201;BONBON CHOCO BEAN;BOCAL;10 000 Ar;1;1;1;
13800103202;BONBON CHOCO BEAN;CRT;120 000 Ar;0,1;0,1;12;
13800145901;BONBON CHOCO BOCAL OVAL;PIECE;100 Ar;0;0;1;
13800145902;BONBON CHOCO BOCAL OVAL;BOITE;29 000 Ar;0;0;300;
13800146001;BONBON CHOCO BOCAL OVAL EN PIECE;PIECE;100 Ar;0;0;1;
13800203601;Bonbon choco gold coin ;BOITE ;12 000 Ar;24;24;1;
13800203602;Bonbon choco gold coin ;CARTON;288 000 Ar;1;1;24;
13800240501;Bonbon choco mint 2.0;SACHET;2 200 Ar;0;0;1;
13800240502;Bonbon choco mint 2.0;CARTON;35 200 Ar;0;0;16;
13800202601;Bonbon choco mobile bocal ;BOCAL;25 000 Ar;9;9;1;
665;BONBON CHUPITO;SACHET;3 800 Ar;0;0;1;
664;BONBON CHUPITO;CARTON;75 000 Ar;0;0;20;
650;BONBON COEUR ENCRT;SACHET;3 000 Ar;0;0;1;
649;BONBON COEUR ENCRT;CARTON;60 000 Ar;0;0;20;
13800224301;Bonbon cola cola lollipop;SACHET;2 500 Ar;0;0;1;
13800224302;Bonbon cola cola lollipop;CARTON;50 000 Ar;0;0;18;
1053;Bonbon Colombina 816x16;SACHET;16 000 Ar;0;0;1;
13800062802;Bonbon Colombina 816x16;CARTON;256 000 Ar;0;0;16;
13800249601;Bonbon dolly lolly choco ;SACHET;3 900 Ar;0;0;1;
13800249602;Bonbon dolly lolly choco ;CARTON;78 000 Ar;0;0;20;
13800231001;Bonbon eclaire pop;SACHET;8 500 Ar;0;0;1;
13800231002;Bonbon eclaire pop;CARTON;136 000 Ar;0;0;16;
675;BONBON ENIS BOCAL;BOITE;12 000 Ar;0;0;1;
13800089401;Bonbon erlan 400g;SHT;6 500 Ar;35;35;1;
13800089402;Bonbon erlan 400g;CARTON;130 000 Ar;1,8;1,8;20;
13800090001;BONBON FINGER SPRING;SHT;9 900 Ar;0;0;1;
13800090002;BONBON FINGER SPRING;CARTON;118 800 Ar;0;0;12;
13800113601;BONBON FLAMINGO;SACHET;15 500 Ar;0;0;1;
13800113602;BONBON FLAMINGO;CARTON;248 000 Ar;0;0;16;
13800184801;Bonbon freshynes;SACHET;3 200 Ar;0;0;1;
13800184802;Bonbon freshynes;CARTON;76 800 Ar;0;0;24;
13800208201;Bonbon Fruit chew toffee bocal ;BOCAL;17 000 Ar;0;0;1;
13800208202;Bonbon Fruit chew toffee bocal ;CARTON;153 000 Ar;0;0;9;
13800235901;Bonbon fruit crush veto ass 2.65g;BOCAL;12 000 Ar;5;5;1;
13800235902;Bonbon fruit crush veto ass 2.65g;CARTON;156 000 Ar;0,4;0,4;12;
13800208101;Bonbon Fruit flash toffee bocal ;BOCAL;17 000 Ar;0;0;1;
13800208102;Bonbon Fruit flash toffee bocal ;CARTON ;153 000 Ar;0;0;9;
687;BONBON FRUIT MAN ENCRT;SACHET;3 000 Ar;0;0;1;
686;BONBON FRUIT MAN ENCRT;CARTON;0 Ar;0;0;20;
13800207501;Bonbon fruit slice orange;SACHET;12 000 Ar;0;0;1;
13800207502;Bonbon fruit slice orange;CARTON;140 000 Ar;0;0;12;
13800205501;Bonbon fruto fils;SACHET;5 000 Ar;0;0;1;
13800205502;Bonbon fruto fils;CARTON;150 000 Ar;0;0;30;
13800237301;Bonbon frutta pop lollipop veto;SACHET;4 900 Ar;0;0;1;
13800237302;Bonbon frutta pop lollipop veto;CARTON;98 000 Ar;0;0;20;
13800208001;Bonbon gold 555 toffee bocal ;BOCAL ;17 000 Ar;0;0;1;
13800208002;Bonbon gold 555 toffee bocal ;CARTON ;255 000 Ar;0;0;15;
13800167301;Bonbon hoppin;BOCAL;17 000 Ar;0;0;1;
13800167302;Bonbon hoppin;CARTON;180 000 Ar;0;0;12;
13800167701;Bonbon hoppin en pieces;PIECE;200 Ar;1;1;1;
13800174001;Bonbon huili toy candy;BOITE;14 000 Ar;20;20;1;
13800174002;Bonbon huili toy candy;CARTON;-;1;1;20;
13800269101;Bonbon janu fruitroll mix en sht;SACHET;14 000 Ar;5;5;1;
116;Bonbon jok;SACHET;2 500 Ar;56;56;1;
115;Bonbon jok;SAC;200 000 Ar;0,7;0,7;80;
13800240601;Bonbon jok be+5 ;SACHET;4 900 Ar;13;13;1;
13800240602;Bonbon jok be+5 ;SAC;78 400 Ar;0,8;0,8;16;
699;BONBON JOOK MIMANA;SACHET;1 400 Ar;0;0;1;
698;BONBON JOOK MIMANA;SAC;103 000 Ar;0;0;80;
13800227301;Bonbon kamco elenor;BOCAL;7 000 Ar;21;21;1;
13800227302;Bonbon kamco elenor;CARTON;204 000 Ar;0,9;0,9;24;
13800259201;Bonbon kemlo caramilk en bocal blanc;BOCAL;15 000 Ar;17;17;1;
13800259202;Bonbon kemlo caramilk en bocal blanc;CARTON;120 000 Ar;2,1;2,1;8;
13800259101;Bonbon kemlo fruit punk en bocal;BOCAL;15 000 Ar;0;0;1;
13800259102;Bonbon kemlo fruit punk en bocal;CARTON;120 000 Ar;0;0;8;
13800259001;Bonbon kemlo kids double truffle ass en bocal*8pcs;BOCAL;15 000 Ar;11;11;1;
13800259002;Bonbon kemlo kids double truffle ass en bocal*8pcs;CARTON;120 000 Ar;1,4;1,4;8;
13700270801;Bonbon kemlo my birtday en bocal;BOCAL;15 000 Ar;4;4;1;
13800258901;Bonbon kemlo my birthday ne bocal;BOCAL;15 000 Ar;0;0;1;
13800258902;Bonbon kemlo my birthday ne bocal;CARTON;120 000 Ar;0;0;8;
13800226101;Bonbon kids joy 15*65pcs;BOCAL;25 000 Ar;0;0;1;
13800202501;Bonbon kids joy 65pcs;BOCAL;25 000 Ar;0;0;1;
13800250001;Bonbon King pop 48pcs*16scht;SACHET;14 000 Ar;0;0;1;
13800250002;Bonbon King pop 48pcs*16scht;CARTON;224 000 Ar;0;0;16;
13800225701;Bonbon koffico;BOCAL;12 000 Ar;0;0;1;
13800225702;Bonbon koffico;CARTON;192 000 Ar;0;0;16;
13800268801;Bonbon love choco bocal 100pcs;BOCAL;14 500 Ar;1;1;1;
15600080401;BONBON LOVE DROP;SACHET;9 000 Ar;0;0;1;
13800237401;Bonbon milk double decker koffre;SACHET;4 000 Ar;0;0;1;
13800237402;Bonbon milk double decker koffre;CARTON;64 000 Ar;0;0;24;
827;BONBON MILK FLAVOR;CARTON;2 000 Ar;0;0;1;
15600155101;Bonbon Milki z;SACHET;3 800 Ar;0;0;1;
15600155102;Bonbon Milki z;CARTON;76 000 Ar;0;0;24;
13800203701;Bonbon milky cow veto;SACHAT;9 500 Ar;1;1;1;
13800203702;Bonbon milky cow veto;CARTON;152 000 Ar;0,1;0,1;16;
13800264901;Bonbon mom big pop 8g;BOCAL;12 400 Ar;19;19;1;
13800264902;Bonbon mom big pop 8g;CARTON;197 000 Ar;1,6;1,6;12;
15600202101;Bonbon my doll rich;BOITE;15 000 Ar;24;24;1;
15600202102;Bonbon my doll rich;CARTON;360 000 Ar;1;1;24;
13800231201;Bonbon nyra butter max ;BOCAL;15 000 Ar;0;0;1;
13800231202;Bonbon nyra butter max ;CARTON;180 000 Ar;0;0;12;
13800231101;Bonbon nyra my milk mithai;BOCAL;8 500 Ar;26;26;1;
13800231102;Bonbon nyra my milk mithai;CARTON;-;1,1;1,1;24;
13800236901;Bonbon nyra my milk rabi;BOCAL;9 000 Ar;0;0;1;
13800236902;Bonbon nyra my milk rabi;CARTON;108 000 Ar;0;0;12;
13800227501;Bonbon nyra twins ;BOCAL;15 000 Ar;2;2;1;
13800227502;Bonbon nyra twins ;CARTON;180 000 Ar;0,2;0,2;12;
13800270301;Bonbon nyra twins orange;BOCAL;15 000 Ar;12;12;1;
13800270302;Bonbon nyra twins orange;CARTON;180 000 Ar;1;1;12;
13800094001;BONBON OPERA;SHT;4 500 Ar;0;0;1;
13800094002;BONBON OPERA;CARTONS;72 000 Ar;0;0;16;
13800208301;Bonbon party bomb toffe bocal;BOCAL;17 000 Ar;0;0;1;
13800116201;BONBON PIN POP SUCETTE MX;SACHET;9 500 Ar;0;0;1;
13800116202;BONBON PIN POP SUCETTE MX;CARTON;152 000 Ar;0;0;16;
13800173801;Bonbon premium candy;BOCAL;28 000 Ar;0;0;1;
13800173802;Bonbon premium candy;CARTON;168 000 Ar;0;0;6;
13800174501;Bonbon premium candy en pcs;PIECES;100 Ar;2;2;1;
13800184701;Bonbon premium tamarino;SACHET;3 900 Ar;0;0;1;
13800184702;Bonbon premium tamarino;CARTON;78 000 Ar;0;0;20;
13800149501;Bonbon racing car ;SACHET;9 000 Ar;13;13;1;
13800149502;Bonbon racing car ;CARTON;270 000 Ar;0,4;0,4;30;
14700244501;Bonbon rainbow dry figs;SACHET;11 000 Ar;10;10;1;
14700244502;Bonbon rainbow dry figs;CARTON;132 000 Ar;0,8;0,8;12;
13800141201;Bonbon ring lollipop;BOCAL;25 700 Ar;0;0;1;
88;Bonbon Robin ;PAQUET;9 900 Ar;38;38;1;
87;Bonbon Robin ;CARTON;198 000 Ar;1,9;1,9;20;
148;BONBON RONONO;SACHET;3 000 Ar;0;0;1;
642;BONBON SILLY BILLY ENCRT;SACHET;9 500 Ar;0;0;1;
641;BONBON SILLY BILLY ENCRT;CARTON;152 000 Ar;0;0;16;
13800117701;BONBON SIMON DUE;SACHET;9 000 Ar;1;1;1;
15600187601;Bonbon Simonetto assorted ;SACHET;11 000 Ar;33;33;1;
15600187602;Bonbon Simonetto assorted ;CARTON;176 000 Ar;2,1;2,1;16;
673;BONBON SMALL OLIVARY CRT;BOITE;6 000 Ar;0;0;1;
672;BONBON SMALL OLIVARY CRT;CARTON;144 000 Ar;0;0;24;
13800174401;Bonbon speed racing;BOITE;13 000 Ar;0;0;1;
13800224401;Bonbon sprint lollipop;SACHET;2 500 Ar;0;0;1;
13800224402;Bonbon sprint lollipop;CARTON;50 000 Ar;0;0;18;
13800162101;Bonbon sucette Chupito ;SACHET;3 500 Ar;7;7;1;
13800162102;Bonbon sucette Chupito ;CARTON;70 000 Ar;0,3;0,3;20;
13700172401;Bonbon sucette Chupito en Pcs;PIECE;100 Ar;0;0;1;
15600136601;Bonbon sucette Fruit Lolipop;SACHET;3 000 Ar;0;0;1;
15600136602;Bonbon sucette Fruit Lolipop;SAC;60 000 Ar;0;0;20;
13800149101;Bonbon sucette kely milk lollipop;SACHET;2 500 Ar;0;0;1;
13800149102;Bonbon sucette kely milk lollipop;CARTON;50 000 Ar;0;0;20;
13800163801;Bonbon sucette kely milk lollipop En pcs;PIECE;100 Ar;0;0;1;
15600136501;Bonbon sucette Milk Lolipop;SACHET;3 000 Ar;0;0;1;
15600136502;Bonbon sucette Milk Lolipop;SAC;60 000 Ar;0;0;20;
13800162301;Bonbon sucette Mix fruit ;SACHET;5 000 Ar;5;5;1;
13800162302;Bonbon sucette Mix fruit ;CARTON;100 000 Ar;0,2;0,2;20;
13800162201;Bonbon sucette Pin pon ;SACHET;7 000 Ar;0;0;1;
13800162202;Bonbon sucette Pin pon ;CARTON;84 000 Ar;0;0;12;
13800122301;BONBON SUCETTE PM;SACHET;1 600 Ar;18;18;1;
13800194901;Bonbon sucette pm choco caramel ;SACHET;2 500 Ar;0;0;1;
13800194902;Bonbon sucette pm choco caramel ;CATRON;50 000 Ar;0;0;20;
13800195001;Bonbon sucette pm choco vanilla;SACHET;2 500 Ar;0;0;1;
13800195002;Bonbon sucette pm choco vanilla;CARTON;50 000 Ar;0;0;20;
13800195101;Bonbon sucette pm cola;SACHET;2 500 Ar;0;0;1;
13800195102;Bonbon sucette pm cola;CARTON;50 000 Ar;0;0;20;
13800203401;Bonbon sucette roze pop;SACHET;9 000 Ar;0;0;1;
13800203402;Bonbon sucette roze pop;CARTON;144 000 Ar;0;0;16;
15600136701;Bonbon sucette Yogurt Lolipop;SACHET;3 000 Ar;0;0;1;
15600136702;Bonbon sucette Yogurt Lolipop;SAC;60 000 Ar;0;0;20;
13800185801;Bonbon supa filled;SACHET;4 000 Ar;0;0;1;
13800185802;Bonbon supa filled;CARTON;80 000 Ar;0;0;20;
13800205601;Bonbon super milk candy;SACHET;2 900 Ar;1;1;1;
13800205602;Bonbon super milk candy;CARTON;58 000 Ar;0,1;0,1;20;
13800204801;Bonbon sweet cup choco bocal;BOCAL;13 000 Ar;0;0;1;
13800213301;Bonbon switch pop;SACHET;3 200 Ar;0;0;1;
13800213302;Bonbon switch pop;CARTON;68 000 Ar;0;0;20;
644;BONBON TAMARIN N CRT;SACHET;10 800 Ar;0;0;1;
643;BONBON TAMARIN N CRT;CARTON;108 000 Ar;0;0;10;
1118;BONBON TAMARIN PM;SACHET;2 500 Ar;0;0;1;
1117;BONBON TAMARIN PM;CARTON;120 000 Ar;0;0;48;
13800243801;Bonbon tamarind candy veto 3.5g;BOITE;13 000 Ar;0;0;1;
13800243501;Bonbon tamarind cone pop;SACHET;7 000 Ar;23;23;1;
13800243502;Bonbon tamarind cone pop;CACRTON;140 000 Ar;1,1;1,1;20;
13800185701;Bonbon tennis bubble gum bocal;BOCAL;12 000 Ar;0;0;1;
13800270901;Bonbon tennis gum jolly boy bocal*115pcs;BOCAL;15 000 Ar;3;3;1;
13800204601;Bonbon tik tok gum vita;SACHET;9 500 Ar;0;0;1;
13800204602;Bonbon tik tok gum vita;CARTON;158 400 Ar;0;0;16;
13800184601;Bonbon top mint candy;SACHET;5 100 Ar;4;4;1;
13800184602;Bonbon top mint candy;CARTON;81 200 Ar;0,2;0,2;16;
13800149201;Bonbon top mint candy En pcs;PIECE;100 Ar;0;0;1;
13800158101;Bonbon toy candy ( basy );PACQUET;12 000 Ar;0;0;1;
13800158102;Bonbon toy candy ( basy );CARTON;288 000 Ar;0;0;24;
13800120401;BONBON YOLO POP;SACHET;9 500 Ar;0;0;1;
15600079501;BOUGIE 3 ETOILE;PQT;3 900 Ar;3;3;1;
15600079502;BOUGIE 3 ETOILE;CRT;195 000 Ar;0,1;0,1;50;
13900260101;Bougie Anita;PAQUET;3 500 Ar;131;131;1;
13900260102;Bougie Anita;CARTON;105 000 Ar;2,6;2,6;50;
13900082301;BOUGIE CLASSIC;PACQUET;3 500 Ar;16;16;1;
13900082302;BOUGIE CLASSIC;CARTON;139 000 Ar;0,4;0,4;40;
8;BOUGIE GM;PAQUET;2 800 Ar;2;2;1;
7;BOUGIE GM;CARTON;112 000 Ar;0,1;0,1;40;
13900192901;Bougie golden (gm);PACQUET;3 900 Ar;2;2;1;
13900192902;Bougie golden (gm);CARTON;156 800 Ar;0,1;0,1;40;
13900094501;BOUGIE GOLDEN GM;PACQUE;0 Ar;51;51;1;
13900094502;BOUGIE GOLDEN GM;CARTON;0 Ar;1,3;1,3;40;
13900086801;BOUGIE LEENA GM;PAQUET;3 700 Ar;16;16;1;
13900086802;BOUGIE LEENA GM;CARTON;185 000 Ar;0,3;0,3;50;
13900145501;Bougie mateza *30;PACQUET;3 500 Ar;82;82;1;
13900145502;Bougie mateza *30;CARTON;105 000 Ar;2,7;2,7;30;
15600206901;Bougie nitro gm;PAQUET;3 900 Ar;16;16;1;
15600206902;Bougie nitro gm;CARTON;175 000 Ar;0,3;0,3;50;
13900241201;Bougie nitro pm;PAQUET;2 400 Ar;9;9;1;
13900241202;Bougie nitro pm;CARTON;120 000 Ar;0,2;0,2;50;
13800189701;Bracelet jump candy 9g;BOITE;13 000 Ar;0;0;1;
13800196501;Brillant ring candy ;PACQUET;11 000 Ar;3;3;1;
13800196502;Brillant ring candy ;CARTON;264 000 Ar;0,1;0,1;24;
14000210801;Briquet galaxy;BOITE;72 000 Ar;14;14;1;
14000210802;Briquet galaxy;CARTON;1 440 000 Ar;0,7;0,7;20;
14000212601;Briquet galaxy pcs;PIECE;6 000 Ar;6;6;1;
14000204901;BRIQUET LIGHTER BIG STAR;PACQUET;1 800 Ar;3;3;1;
14000204902;BRIQUET LIGHTER BIG STAR;CARTON;-;0;0;200;
15600272101;Briquet nitro led*50;BOITE;32 000 Ar;9;9;1;
14000073701;BRIQUET OUI;BTE;19 000 Ar;93;93;1;
14000073702;BRIQUET OUI;CRT;380 000 Ar;4,7;4,7;20;
14000118101;BRIQUET STAR;BOITE;19 000 Ar;0;0;1;
15600156201;Briquet voila;BOITE;18 000 Ar;16;16;1;
15600156202;Briquet voila;CARTON;400 000 Ar;0,8;0,8;20;
419;Briquet Yes;BOITE;26 000 Ar;106;106;1;
534;Briquet Yes;CARTON;520 000 Ar;5,3;5,3;20;
14100243701;Brosse à dent angola;BOITE;17 000 Ar;1;1;1;
14100243702;Brosse à dent angola;CARTON;102 000 Ar;0,2;0,2;6;
14100173701;Brosse à dent Anita;PACQUETS;5 500 Ar;0;0;1;
15600161101;Brosse a dent carona;PACQUET;5 900 Ar;0;0;1;
15600161102;Brosse a dent carona;CARTON;295 000 Ar;0;0;50;
1079;Brosse à dent ciptadent;BOITE;25 000 Ar;26;26;1;
1078;Brosse à dent ciptadent;CARTON;150 000 Ar;4,3;4,3;6;
1090;BROSSE A DENT COLGATE DOUBLE ACTION;PIECE;1 200 Ar;48;48;1;
15600065102;BROSSE A DENT COLGATE DOUBLE ACTION;BOITE;21 000 Ar;4;4;12;
15400124001;BROSSE A DENT COLGATE EN PQT;PACQUET;15 000 Ar;15;15;1;
15600272001;Brosse à dent dr joy finnest;PAQUET;4 500 Ar;98;98;1;
15600272002;Brosse à dent dr joy finnest;CARTON;450 000 Ar;1;1;100;
14100125701;BROSSE A DENT TRIKA;BOITE;11 000 Ar;0;0;1;
14100130301;Brosse a dent trika en Pcs ;PIECE;1 000 Ar;0;0;1;
15600227401;Brosse à dent white doctor;PAQUET;5 500 Ar;0;0;1;
15600219901;Brox cola canette 250ml ;PIECE;2 000 Ar;0;0;1;
15600219902;Brox cola canette 250ml ;PAQUET;48 000 Ar;0;0;24;
15600248001;Brox cola canette 250ml;PIECE;2 000 Ar;107;107;1;
15600248002;Brox cola canette 250ml;PAQUET;57 200 Ar;4,5;4,5;24;
15600219801;Brox energy canette 250ml;PIECE;2 300 Ar;37;37;1;
15600219802;Brox energy canette 250ml;PAQUET;57 200 Ar;1,5;1,5;24;
13800196301;Bubble stick;BOITE;7 000 Ar;0;0;1;
13800196302;Bubble stick;CARTON;140 000 Ar;0;0;20;
15600197401;Bubble sword ( animal );BOITE;36 000 Ar;3;3;1;
13800101901;BUBLE -CICLE;SACHET;11 000 Ar;0;0;1;
818;CAFE 50KG en kp;KAPOAKA;4 000 Ar;446;446;1;
332;CAFE 50KG en kp;SAC;800 000 Ar;2,2;2,2;200;
15600219301;Cafe cappuccino lemser ;PIECE;600 Ar;32;32;1;
15600219302;Cafe cappuccino lemser ;PAQUET;11 000 Ar;1,6;1,6;20;
15600219303;Cafe cappuccino lemser ;CARTON;132 000 Ar;0,1;0,1;240;
14200119501;CAFE TSY LEFY 20G;SACHET;15 000 Ar;1;1;1;
14200119601;CAFE TSY LEFY 30G;SACHET;14 500 Ar;0;0;1;
14200119401;CAFE TSY LEFY 90G;PIECE;2 600 Ar;0;0;1;
14300110401;Cahier  Triumph 100p ( Pf );PACQUET;15 000 Ar;43;43;1;
14300110402;Cahier  Triumph 100p ( Pf );CARTON;300 000 Ar;2,1;2,1;20;
14300180701;Cahier  Triumph 100p En pcs  ;PCS;1 500 Ar;7;7;1;
14300181601;Cahier  Triumph Plastique 100p En pcs  ;PIECES;1 800 Ar;5;5;1;
1057;CAHIER 100 P SUPER;PAQUET;8 000 Ar;0;0;1;
1056;CAHIER 100 P SUPER;CARTON;160 000 Ar;0;0;20;
14300087101;CAHIER 100P CALLIGRAPHE;PACQUE;17 000 Ar;0;0;1;
14300087102;CAHIER 100P CALLIGRAPHE;CRT;339 000 Ar;0;0;20;
14300109701;CAHIER 100P CHEVALIER GF;PQT;12 000 Ar;0;0;1;
369;CAHIER 100P elite;PAQUET;9 000 Ar;0;0;1;
14300024602;CAHIER 100P elite;CRT;144 000 Ar;0;0;16;
375;CAHIER 100P GF EUROPE;PAQUET;12 500 Ar;0;0;1;
377;CAHIER 100P GF MN;PAQUET;15 000 Ar;0;0;1;
396;CAHIER 100P PLAST;PAQUET;15 000 Ar;17;17;1;
14300026802;CAHIER 100P PLAST;CRT;290 000 Ar;0,8;0,8;20;
1021;CAHIER 100P SUPER;PAQUET;7 000 Ar;0;0;1;
1020;CAHIER 100P SUPER;CARTON;140 000 Ar;0;0;20;
14300144401;Cahier 100p Triump Plas gf en pcs;PIECE;4 000 Ar;0;0;1;
14300086401;CAHIER 100P TRIUMPH PLAST GF;PACQUE;23 000 Ar;0;0;1;
14300086402;CAHIER 100P TRIUMPH PLAST GF;CARTON ;368 000 Ar;0;0;14;
15600077801;CAHIER 100P TRIUMPH PLASTIC PF;PACQUET;18 000 Ar;66;66;1;
15600077802;CAHIER 100P TRIUMPH PLASTIC PF;CARTON;360 000 Ar;3,3;3,3;20;
373;CAHIER 200P  lord;PAQUET;11 500 Ar;0;0;1;
14300025002;CAHIER 200P  lord;CRT;228 000 Ar;0;0;20;
14300072501;CAHIER 200P CHEVALIER GF;PACQUET;12 500 Ar;0;0;1;
14300072502;CAHIER 200P CHEVALIER GF;CARTON;150 000 Ar;0;0;12;
378;CAHIER 200P GF LUX;PAQUET;19 000 Ar;0;0;1;
379;CAHIER 200P GF SUPER;PAQUET;15 000 Ar;0;0;1;
380;CAHIER 200P GF TSOTRA;PAQUET;15 000 Ar;2;2;1;
374;CAHIER 200P LUX;PAQUET;12 000 Ar;0;0;1;
397;CAHIER 200P PLAST;PAQUET;15 000 Ar;0;0;1;
14300026902;CAHIER 200P PLAST;CRT;300 000 Ar;0;0;20;
14300161401;Cahier 200p Triump gf en piece;PIECE;5 400 Ar;0;0;1;
14300144301;Cahier 200p Triump Plas gf en pcs;PIECE;7 500 Ar;0;0;1;
14300089001;Cahier 200P Triumph plastique pf;PACQUE;18 000 Ar;30;30;1;
14300089002;Cahier 200P Triumph plastique pf;CARTON;360 000 Ar;1,5;1,5;20;
14300229401;Cahier 200P Triumph plastique pf Pcs;PIECE;3 500 Ar;2;2;1;
14300086501;CAHIER 200P TRIUMPH PLST GF;PACQUE;30 000 Ar;7;7;1;
14300086502;CAHIER 200P TRIUMPH PLST GF;CARTON;600 000 Ar;0,6;0,6;12;
14300089101;CAHIER 200P TRIUMPH TSOTRA PF;PACQUE;15 000 Ar;67;67;1;
14300089102;CAHIER 200P TRIUMPH TSOTRA PF;CARTON;300 000 Ar;3,4;3,4;20;
14300183401;CAHIER 200P TRIUMPH TSOTRA PF EN PCS;PIECE;3 000 Ar;1;1;1;
372;CAHIER 200P TSOTRA;PAQUET;8 000 Ar;0;0;1;
366;CAHIER 50P elite;PAQUET;8 500 Ar;0;0;1;
14300024402;CAHIER 50P elite;CRT;102 000 Ar;0;0;12;
367;CAHIER 50P TRIUMPH;PAQUET;19 500 Ar;18;18;1;
14300024502;CAHIER 50P TRIUMPH;CRT;312 000 Ar;1,1;1,1;16;
14300182101;CAHIER 50P TRIUMPH en piece;PIECE;1 200 Ar;8;8;1;
1066;CAHIER BOSEUR 200 P;PAQUET;10 000 Ar;0;0;1;
14300088601;CAHIER CHAMPION 100P;PACQUE;14 000 Ar;0;0;1;
14300088602;CAHIER CHAMPION 100P;CARTON;279 000 Ar;0;0;20;
14300088701;CAHIER CHAMPION 200P ;PACQUES;14 000 Ar;0;0;1;
14300088702;CAHIER CHAMPION 200P ;CARTON;279 000 Ar;0;0;20;
14300071901;CAHIER DE DESSIN;PQT;13 000 Ar;0;0;1;
14300071902;CAHIER DE DESSIN;CRT;312 000 Ar;0;0;24;
14300087201;CAHIER DIGITAL 200P;PACQUES;10 000 Ar;0;0;1;
14300087202;CAHIER DIGITAL 200P;CRT;199 000 Ar;0;0;20;
14300179501;CAHIER DIGITAL 50P;PAQUET;15 000 Ar;12;12;1;
14300179502;CAHIER DIGITAL 50P;CARTON;240 000 Ar;0,6;0,6;20;
14300181201;Cahier digital 50pg en pcs;PIECE;800 Ar;13;13;1;
14300085901;CAHIER ECRITURE;PACQUES;13 000 Ar;72;72;1;
14300085902;CAHIER ECRITURE;CARTON;260 000 Ar;3,6;3,6;20;
14300112701;CAHIER ECRITURE CALLIGRAPHE REF5403;PACQUE;14 000 Ar;0;0;1;
14300112702;CAHIER ECRITURE CALLIGRAPHE REF5403;CERTON;336 000 Ar;0;0;24;
14300179901;Cahier ecriture En Pcs;PIECE;800 Ar;20;20;1;
14300144901;Cahier france  100p pf ;PAQUET;9 500 Ar;0;0;1;
14300144902;Cahier france  100p pf ;CARTON;190 000 Ar;0;0;20;
14300110301;Cahier le bosseur 100pg pf ;PACQUET;12 000 Ar;62;62;1;
14300110302;Cahier le bosseur 100pg pf ;CARTON;240 000 Ar;3,1;3,1;20;
14300181101;Cahier le bosseur 200pg En pcs;PIECE;2 400 Ar;2;2;1;
14300110201;Cahier le bosseur 200pg pf ;PACQUET;12 000 Ar;47;47;1;
14300110202;Cahier le bosseur 200pg pf ;CARTONS;240 000 Ar;2,4;2,4;20;
14300179801;Cahier le bosseur 200pg pf En Pcs;PIECE;2 400 Ar;1;1;1;
14300267001;Cahier le ecolaire 100pf;PAQUET;13 000 Ar;51;51;1;
14300267002;Cahier le ecolaire 100pf;CARTON;215 000 Ar;2,5;2,5;20;
14300226901;Cahier le ecolaire 48pg;PAQUET;14 000 Ar;0;0;1;
14300226902;Cahier le ecolaire 48pg;CARTON;217 600 Ar;0;0;16;
14300142801;Cahier Nitroline 100p pf;PACQUET;12 000 Ar;0;0;1;
14300142802;Cahier Nitroline 100p pf;CARTON;240 000 Ar;0;0;20;
14300142901;Cahier Nitroline 200p pf;PACQUET;12 000 Ar;0;0;1;
14300142902;Cahier Nitroline 200p pf;CARTON;240 000 Ar;0;0;20;
14300143801;Cahier Nitroline 50p pf;PACQUET;13 000 Ar;0;0;1;
14300143802;Cahier Nitroline 50p pf;CARTON;260 000 Ar;0;0;20;
14300110101;Cahier Scolaire 200p tsotra  ( Pf );PACQUET;15 000 Ar;57;57;1;
14300110102;Cahier Scolaire 200p tsotra  ( Pf );CARTONS;300 000 Ar;2,9;2,9;20;
14300088801;CAHIER SCOLAIRE SEYES 100 GF;PACQUES;20 000 Ar;0;0;1;
14300088802;CAHIER SCOLAIRE SEYES 100 GF;CARTON;320 000 Ar;0;0;16;
14300205901;Cahier super lord's 100pg;PACQUET;13 000 Ar;34;34;1;
14300205902;Cahier super lord's 100pg;CARTON;259 000 Ar;1,7;1,7;20;
14300225201;Cahier super lord's 200pg;PAQUET;13 000 Ar;69;69;1;
14300225202;Cahier super lord's 200pg;CARTON;259 000 Ar;3,5;3,5;20;
14300085801;CAHIER SUPER LORD'S 50 PAGE;PACQUES;14 000 Ar;1;1;1;
14300085802;CAHIER SUPER LORD'S 50 PAGE;CARTON;217 600 Ar;0,1;0,1;16;
14300156301;Cahier super tops 50Pg;PACQUET;13 000 Ar;0;0;1;
14300156302;Cahier super tops 50Pg;CARTON;208 000 Ar;0;0;16;
14300085501;Cahier Triump 200p gf ;PACQUET;27 000 Ar;2;2;1;
14300085502;Cahier Triump 200p gf ;CARTONS;324 000 Ar;0,2;0,2;12;
14300110801;CAHIER TRIUMPH 100P GF TSOTRA;PQT;17 000 Ar;0;0;1;
14300110802;CAHIER TRIUMPH 100P GF TSOTRA;CRT;272 000 Ar;0;0;16;
14300179201;CAHIER TRIUMPH DESIGN 100P;PAQUET;15 000 Ar;12;12;1;
14300179202;CAHIER TRIUMPH DESIGN 100P;CARTON;300 000 Ar;0,6;0,6;20;
14300230401;CAHIER TRIUMPH DESIGN 100P en piece;PIECE;1 700 Ar;5;5;1;
14300179301;CAHIER TRIUMPH DESIGN 200P;PAQUET;15 000 Ar;0;0;1;
14300179302;CAHIER TRIUMPH DESIGN 200P;CARTON;300 000 Ar;0;0;20;
14300181001;Cahier triumph desingn 100g en pcs;PIECE;1 700 Ar;2;2;1;
14300180901;Cahier triumph desingn 200pg en pcs;PIECE;3 400 Ar;0;0;1;
14300230601;CAHIER TRIUMPH SCOLAIRE ETOILE 100PG PF;PACQUET;15 000 Ar;6;6;1;
14300230602;CAHIER TRIUMPH SCOLAIRE ETOILE 100PG PF;CARTON;300 000 Ar;0,3;0,3;20;
14300230501;CAHIER TRIUMPH SCOLAIRE ETOILE 200PG PF;PACQUET;15 000 Ar;8;8;1;
14300230502;CAHIER TRIUMPH SCOLAIRE ETOILE 200PG PF;CARTON;300 000 Ar;0,4;0,4;20;
15600080301;CANDI CRUSH EN PCE;PCE;3 000 Ar;60;60;1;
16900226601;Candia lait 150ml*30;PIECE;1 600 Ar;1;1;1;
16900226602;Candia lait 150ml*30;CARTON;48 000 Ar;0;0;30;
1116;Candia lait 1l*12;PIECE;7 500 Ar;2;2;1;
1115;Candia lait 1l*12;CARTON;90 000 Ar;0,2;0,2;12;
15600252701;Candia lait 500ml 1/2 ec;PIECE;3 200 Ar;2;2;1;
15600252702;Candia lait 500ml 1/2 ec;CARTON;76 800 Ar;0,1;0,1;24;
15600232201;Candia le fromage gourmande 36*8g;PIECE;4 900 Ar;45;45;1;
15600232202;Candia le fromage gourmande 36*8g;CARTON;176 400 Ar;1,2;1,2;36;
13800235401;Candy  bonbon bonjourne cola bocal;BOCAL;12 000 Ar;0;0;1;
13800235402;Candy  bonbon bonjourne cola bocal;CARTON;144 000 Ar;0;0;12;
13800235501;Candy  bonbon bonjourne sprint bocal;BOCAL;12 000 Ar;0;0;1;
13800235502;Candy  bonbon bonjourne sprint bocal;CARTON;144 000 Ar;0;0;12;
15600190101;Candy gloss 7g;BOITE;12 000 Ar;1;1;1;
15600190102;Candy gloss 7g;CARTON;288 000 Ar;0;0;24;
13800199101;Candy king fanta orange    ;SACHET ;2 500 Ar;1;1;1;
13800199102;Candy king fanta orange    ;CARTON;50 000 Ar;0,1;0,1;20;
16900240001;Candy up fraise 150ml*30;PIECE;1 600 Ar;1;1;1;
16900240002;Candy up fraise 150ml*30;CARTON;48 000 Ar;0;0;30;
15600210301;Candy up fraise 1L;PIECE;6 000 Ar;0;0;1;
15600210302;Candy up fraise 1L;CARTON;72 000 Ar;0;0;12;
16900240201;Candy up raisin 150ml*30;PIECE;1 600 Ar;59;59;1;
16900240202;Candy up raisin 150ml*30;CARTON;48 000 Ar;2;2;30;
16900240101;Candy up vanille 150ml*30;PIECE;1 600 Ar;0;0;1;
16900240102;Candy up vanille 150ml*30;CARTON;48 000 Ar;0;0;30;
13700140501;Caprice  Grenadine 50cl;PACQUET;24 000 Ar;0;0;1;
13700140601;Caprice  Youzou 50CL;PACQUES;23 000 Ar;0;0;1;
13700131901;Caprice ananas 50cl;PACQUET;24 000 Ar;0;0;1;
13700127101;Caprice Bba 1,5L;PAQUET;28 000 Ar;12;12;1;
13700131801;Caprice bba 50cl;PACQUET;24 000 Ar;0;0;1;
13700254201;Caprice bba 50cl En pcs;PIECE;2 000 Ar;2;2;1;
13700130401;Caprice Fanta Ananas  1,5L;PAQUET;28 000 Ar;0;0;1;
13700255401;Caprice Fanta Ananas  1,5L En pcs;PIECE;5 000 Ar;11;11;1;
13700131301;Caprice grenadine 1,5L;PACQUET;28 000 Ar;19;19;1;
15600209501;CAPRICE GRENADINE 1,5L EN PCS;PIECE;5 000 Ar;0;0;1;
13700144201;Caprice pomme 1.5L;PACQUET;32 000 Ar;0;0;1;
13700127001;Caprice Soda Orange 1,5L;PAQUET;28 000 Ar;21;21;1;
13700161001;Caprice Soda Orange 1,5L En piece;PIECE;5 000 Ar;8;8;1;
13700139001;Caprice soda orange 50cL;PACQUET;24 000 Ar;0;0;1;
13700130601;Caprice World cola 1.5L;PAQUET;28 000 Ar;3;3;1;
13700198801;Caprice World cola 1.5L en pcs;PIECE;5 000 Ar;10;10;1;
13700131701;Caprice World Cola 50cl;PACQUET;24 000 Ar;0;0;1;
84;CARAMEL;SACHET;3 500 Ar;3;3;1;
83;CARAMEL;CARTON;119 000 Ar;0,1;0,1;34;
171;CARBONATE;KG;0 Ar;32;32;1;
170;CARBONATE;SAC;125 000 Ar;1,3;1,3;25;
15900151901;Carbonate en KILOS;KILOS;5 000 Ar;22;22;1;
14500159001;Carnet polo pqt de 15;PACQUET;3 900 Ar;47;47;1;
14500159002;Carnet polo pqt de 15;CARTON ;117 000 Ar;1,6;1,6;30;
222;CARNET PQT DE 15;PAQUET;5 000 Ar;0;0;1;
925;CARNET PQT DE 15;CARTON;139 000 Ar;0;0;30;
777;Carry 30g;PAQUET;17 000 Ar;24;24;1;
16000047402;Carry 30g;BALLE;169 000 Ar;2,4;2,4;10;
15600161801;Carry moulu doypack;SACHET;17 000 Ar;9;9;1;
15600161802;Carry moulu doypack;CARTON ;169 000 Ar;0,9;0,9;10;
13800147701;Cars pop;SACHET;3 500 Ar;0;0;1;
13800147702;Cars pop;CARTON;69 000 Ar;0;0;20;
15600269801;Cartable enfant lisse;PIECE;10 000 Ar;8;8;1;
15600269701;Cartable enfant lux;PIECE;17 000 Ar;2;2;1;
13800189801;Cartoon  lollipop 15g;BOITE;11 500 Ar;0;0;1;
13800189802;Cartoon  lollipop 15g;CARTON;230 000 Ar;0;0;20;
13800267601;Cartoon zoo lollipop 15g;PAQUET;11 500 Ar;20;20;1;
13800267602;Cartoon zoo lollipop 15g;CARTON;230 000 Ar;1;1;20;
15600267901;Cebon  bouillon de boeuf cubes;PIECE;144 000 Ar;160;160;1;
15600267902;Cebon  bouillon de boeuf cubes;CARTON;1 800 Ar;2;2;80;
252;CHAISE PLASTIC;PIECE;20 000 Ar;0;0;1;
15600184201;Champigno europa 400g;BOITE;4 000 Ar;0;0;1;
15600201101;Champignons shitake 250g;SACHTE;45 000 Ar;3;3;1;
15600078101;CHANPIGON;BTE;4 000 Ar;2;2;1;
13800075001;CHANTILLY;SHT;5 000 Ar;0;0;1;
195;CHAPEAU DE PLUIE;PIECE;500 Ar;0;0;1;
13600111101;CHEESE BALLS;PIECE;1 300 Ar;7;7;1;
13600111102;CHEESE BALLS;SACHET;37 000 Ar;0,2;0,2;30;
15600158401;Cheese balls;SACHETS;30 000 Ar;0;0;1;
15600158402;Cheese balls;BALLES;300 000 Ar;0;0;10;
15600141401;Cheesse rings;SACHET;9 000 Ar;0;0;1;
15600142001;Cheesse rings en pcs;PIECE;800 Ar;2;2;1;
240;CHEMISE DE DOSSIER;PIECE;300 Ar;0;0;1;
13600154101;Chikito choco caramel;SACHET;2 900 Ar;0;0;1;
13600154102;Chikito choco caramel;CARTON;69 000 Ar;0;0;24;
13600154201;Chikito choco coco;SACHET;2 900 Ar;2;2;1;
13600154202;Chikito choco coco;CARTON;69 000 Ar;0,1;0,1;24;
13800193901;Chilli pop;SACHET ;12 500 Ar;1;1;1;
13800193902;Chilli pop;CARTON;150 000 Ar;0,1;0,1;12;
15600207101;Choco balls football veto;BOITE;9 000 Ar;0;0;1;
15600207102;Choco balls football veto;CARTON;432 000 Ar;0;0;48;
15600218901;Choco balls football veto Pcs;PIECE;100 Ar;0;0;1;
971;CHOCO BUTTERFLY;SACHET;5 300 Ar;0;0;1;
982;CHOCO BUTTERFLY;PAQUET;5 800 Ar;0;0;1;
15600222201;choco cube bocal;BOITE;8 500 Ar;8;8;1;
995;CHOCO CUP;PIECE;90 Ar;0;0;1;
994;CHOCO CUP;BOITE;13 000 Ar;0;0;150;
15600134001;Choco mini balls;BOCAL;15 000 Ar;0;0;1;
13800146101;Choco mini balls en piece;PIECE;150 Ar;0;0;1;
13800212301;Choco minitella bocal ;BOCAL ;15 500 Ar;4;4;1;
13800212302;Choco minitella bocal ;CARTON;372 000 Ar;0,2;0,2;24;
13800093301;CHOCOLAT DUCREM;BOITES;13 000 Ar;0;0;1;
13800093302;CHOCOLAT DUCREM;CARTON;208 000 Ar;0;0;16;
13800268701;Chocolat euro gold bocal 125 pcs;BOCAL;17 500 Ar;31;31;1;
13800268702;Chocolat euro gold bocal 125 pcs;CARTON;280 000 Ar;1,9;1,9;16;
13600216701;Chocolat gaufrette 77 italiano au choco 65g;PIECE;1 400 Ar;226;226;1;
13600216702;Chocolat gaufrette 77 italiano au choco 65g;BOITE;31 700 Ar;9,4;9,4;24;
13600216703;Chocolat gaufrette 77 italiano au choco 65g;CARTON;190 000 Ar;1,6;1,6;144;
13600216601;Chocolat gaufrette 77 italiano au lait 65g;PIECE;1 400 Ar;245;245;1;
13600216602;Chocolat gaufrette 77 italiano au lait 65g;BOITE;31 700 Ar;10,2;10,2;24;
13600216603;Chocolat gaufrette 77 italiano au lait 65g;CARTON;190 000 Ar;1,7;1,7;144;
14700244901;Chocolat golden heart;BOCAL;11 000 Ar;0;0;1;
13800105101;CHOCOLAT MONTRE;SHT;15 000 Ar;0;0;1;
14700244401;Chocolat royce bocal*12;BOCAL;19 500 Ar;0;0;1;
14700244402;Chocolat royce bocal*12;CARTON;234 000 Ar;0;0;12;
778;CHOCOLAT TR?êS BON;BOCAL;13 000 Ar;0;0;1;
779;CHOCOLAT TR?êS BON;CARTON;156 000 Ar;0;0;12;
15600139101;Chocolate biscuit ;BOITE;14 800 Ar;0;0;1;
14700269401;Chocolate golden coin 200pcs;BOCAL;16 000 Ar;9;9;1;
15600189201;Chocolate pen 10g;BOITE;12 800 Ar;0;0;1;
15600189202;Chocolate pen 10g;CARTON;312 000 Ar;0;0;24;
13600096001;CIKIDAY 20G;BTS;12 000 Ar;1;1;1;
13600096002;CIKIDAY 20G;CRT;72 000 Ar;0,2;0,2;6;
717;CIMENT LUCKY;SAC;28 000 Ar;0;0;1;
244;CIMENT WP;SAC;28 000 Ar;0;0;1;
716;CIMENT WP;SAC;32 000 Ar;0;0;1;
19600079901;CITRON 200G;PCE;2 000 Ar;0;0;1;
19600079902;CITRON 200G;CRT;20 000 Ar;0;0;30;
19600085601;CITRON FRAIS 200 GR;PIECES;3 000 Ar;9;9;1;
19600085602;CITRON FRAIS 200 GR;CARTONS;90 000 Ar;0,3;0,3;30;
19600105901;CITRON FRAIS BARRE 750G;BARRE;9 800 Ar;99;99;1;
19600105902;CITRON FRAIS BARRE 750G;CARTON;114 000 Ar;8,2;8,2;12;
19800255001;Citron frais barre 800gr;BARRE;11 800 Ar;56;56;1;
19800255002;Citron frais barre 800gr;CARTON;188 000 Ar;3,5;3,5;16;
19800079801;CITRON FRAIS BARRE 900GR;PCE;12 000 Ar;0;0;1;
19800079802;CITRON FRAIS BARRE 900GR;CRT;192 000 Ar;0;0;16;
31;CITRON PLUS;BARRE;6 800 Ar;0;0;1;
30;CITRON PLUS;CARTON;86 400 Ar;0;0;16;
257;CLASSICO GM;PAQUET;20 000 Ar;0;0;1;
258;CLASSICO PM;PAQUET;14 000 Ar;0;0;1;
225;CLE VACHETTE DOUBLE;BOITE;10 000 Ar;0;0;1;
13700143401;Coca cola canette 300ml;PIECE;2 000 Ar;4;4;1;
13700143402;Coca cola canette 300ml;PACQUET;12 000 Ar;0,7;0,7;6;
13700143403;Coca cola canette 300ml;CARTON;48 000 Ar;0,2;0,2;24;
15600234501;Coca cola pet 1.5 en pcs;PIECE;5 000 Ar;1;1;1;
13700171701;Coca cola pet 1.5*6;PACQUET;30 000 Ar;0;0;1;
13700253801;Coca cola pet 350CL en pcs;PIECE;1 600 Ar;13;13;1;
13700171801;Coca cola pet 350ml *12;PACQUET;19 000 Ar;7;7;1;
13700230801;COCA COLA PET 50CL *12;PACQUET;25 000 Ar;22;22;1;
13700144801;Cocacola 1.5L En piece;PIECE;6 000 Ar;0;0;1;
13700154501;Cocacola 50CL En piece;PIECE;2 500 Ar;0;0;1;
737;COLGAT  FORMULA;PIECE;2 000 Ar;0;0;1;
95;COLGAT  FORMULA;PAQUET;10 000 Ar;0;0;6;
15400118401;COLGATE & BROSSE DENT ANGOLA BLEU &ROUGE GM;PACQUET;10 500 Ar;0;0;1;
409;Colgate gm 100ml ;PIECE;5 500 Ar;178;178;1;
15400027702;Colgate gm 100ml ;PACQUES;66 000 Ar;14,8;14,8;12;
15400027703;Colgate gm 100ml ;CARTON;262 000 Ar;3,7;3,7;48;
15600232001;Colgate maximum cavity 100ml en pcs;PIECE;4 900 Ar;5;5;1;
15600230201;Colgate maximum cavity 100ml*72;PAQUET;58 000 Ar;1;1;1;
15600230202;Colgate maximum cavity 100ml*72;CARTON;348 000 Ar;0,2;0,2;6;
15600231801;Colgate maximum cavity 25ml en pcs;PIECE;2 000 Ar;2;2;1;
15600230101;Colgate maximum cavity 25ml*144;PAQUET;23 500 Ar;0;0;1;
15600084901;Colgate pm 50ml ( 77g );PIECE;3 500 Ar;85;85;1;
15600084902;Colgate pm 50ml ( 77g );PACQUES;66 000 Ar;7,1;7,1;12;
15600084903;Colgate pm 50ml ( 77g );CARTON;252 000 Ar;1,2;1,2;72;
1024;COLGATE SIGNALE;PIECE;0 Ar;5;5;1;
1023;COLGATE SIGNALE;PAQUET;84 000 Ar;0,4;0,4;12;
15400107701;COLGATE TOTAL PRO 75ML (100G);PCS;12 000 Ar;28;28;1;
15400107702;COLGATE TOTAL PRO 75ML (100G);PQT;144 000 Ar;2,3;2,3;12;
15400107703;COLGATE TOTAL PRO 75ML (100G);CRT;576 000 Ar;0,6;0,6;48;
15600255601;Colle Super glue 3g;PAQUET;3 000 Ar;40;40;1;
13800195801;Colombina jumbo sucette 1250g;SACHET;24 000 Ar;0;0;1;
237;COLORANT;PIECE;2 000 Ar;23;23;1;
15600273001;Colorant parfum nandi's chocolate;PIECE;2 800 Ar;12;12;1;
15600273002;Colorant parfum nandi's chocolate;PAQUET;33 600 Ar;1;1;12;
13800222101;Colorful jelly candy;BOCAL;12 000 Ar;3;3;1;
15100109101;CONFORT COUCHE ADULTE 6 XL10;PQT;39 000 Ar;0;0;1;
15100109102;CONFORT COUCHE ADULTE 6 XL10;BALLE;234 000 Ar;0;0;6;
573;Contre tout;SACHET;4 900 Ar;13;13;1;
572;Contre tout;SAC;196 000 Ar;0,3;0,3;40;
15500101701;CONVERT 180WATTS;PIECE;45 000 Ar;1;1;1;
13600113801;COOKIE BE;SACHET;15 500 Ar;0;0;1;
63;COOL;SACHET;4 000 Ar;0;0;1;
62;COOL;CARTON;120 000 Ar;0;0;30;
15600074801;CORD N°03;RLX;8 500 Ar;0;0;1;
204;CORDE N2;ROULEAUX;3 500 Ar;0;0;1;
203;CORDE N4;ROULEAUX;12 000 Ar;0;0;1;
202;CORDE N6;ROULEAUX;23 000 Ar;0;0;1;
201;CORDE N8;ROULEAUX;45 000 Ar;0;0;1;
15600171001;Corde n°10*8;ROULEAU;60 000 Ar;7;7;1;
15600272901;Corde n°12*6;ROULEAU;86 700 Ar;5;5;1;
15600215801;Corde n°2*50;ROULEAU;3 500 Ar;6;6;1;
15600215901;Corde n°3*48;ROULEAU;8 500 Ar;8;8;1;
15600171201;Corde n°4*36;ROULEAU;9 500 Ar;5;5;1;
15600171101;Corde n°6*14;ROULEAU;22 000 Ar;1;1;1;
15600171301;Corde n°8*10;ROULEAU;39 500 Ar;5;5;1;
15600141601;Corn puff;SACHET;8 500 Ar;0;0;1;
15600142101;Corn puff en pcs;PIECE;800 Ar;0;0;1;
34;CORRY GM;CARTON;33 000 Ar;0;0;1;
427;CORRY PM;CARTON;25 000 Ar;0;0;1;
15100177201;Couche bebeo culotte junior 5x28 n°5;PACQUET;25 400 Ar;7;7;1;
15100177202;Couche bebeo culotte junior 5x28 n°5;BALLE;127 000 Ar;1,4;1,4;5;
15100237701;Couche bebeo culotte junior 5x28 n°5 en sachet;PIECE;900 Ar;8;8;1;
15100237702;Couche bebeo culotte junior 5x28 n°5 en sachet;PAQUET;25 400 Ar;0,3;0,3;28;
15100219701;Couche bebeo culotte maxi 5x32 n°4;PAQUET ;25 400 Ar;3;3;1;
15100219702;Couche bebeo culotte maxi 5x32 n°4;BALLE;127 000 Ar;0,6;0,6;5;
15100177401;Couche bebeo culotte midi 5x36 n°3;PACQUET;25 400 Ar;2;2;1;
15100177402;Couche bebeo culotte midi 5x36 n°3;BALLE;127 000 Ar;0,4;0,4;5;
15100264101;Couche bebeo culotte midi n°3 en piece;PIECE;900 Ar;64;64;1;
15100264201;Couche bebeo midi N°2 en piece;PIECE;600 Ar;140;140;1;
15100165301;Couche bebeo N°2 mini 2x40 ;PACQUET;19 000 Ar;2;2;1;
15100165302;Couche bebeo N°2 mini 2x40 ;BALLE;76 000 Ar;0,5;0,5;4;
15100165201;Couche bebeo N°3 midi 4x36;PACQUET;19 000 Ar;0;0;1;
15100165202;Couche bebeo N°3 midi 4x36;BALLE;76 000 Ar;0;0;4;
15100183501;Couche bebeo N°4 maxi 4x32;PACQUET;19 000 Ar;3;3;1;
15100183502;Couche bebeo N°4 maxi 4x32;BALLE;76 000 Ar;0,8;0,8;4;
15100228601;Couche calinou maxi 4*32 n°4;PAQUET;17 500 Ar;3;3;1;
15100228602;Couche calinou maxi 4*32 n°4;BALLE;70 000 Ar;0,8;0,8;4;
15100228701;Couche calinou midi 4*36 n°3;PAQUET;17 500 Ar;1;1;1;
15100228702;Couche calinou midi 4*36 n°3;BALLE;70 000 Ar;0,2;0,2;4;
15100228801;Couche calinou mini 4*40 n°2;PAQUET;17 500 Ar;0;0;1;
15100228802;Couche calinou mini 4*40 n°2;BALLE;70 000 Ar;0;0;4;
15100106301;COUCHE CULOTTE SWEETY FIT PANTZ L1 MAXI;PIECE;1 000 Ar;0;0;1;
15100106302;COUCHE CULOTTE SWEETY FIT PANTZ L1 MAXI;PACQUET;6 000 Ar;0;0;6;
15100106601;COUCHE CULOTTE SWEETY FIT PANTZ L8 MAXI;PQT;8 000 Ar;0;0;1;
15100106602;COUCHE CULOTTE SWEETY FIT PANTZ L8 MAXI;CRT;128 000 Ar;0;0;16;
15100153401;Couche culotte sweety fit pantz m24;PACQUET;24 000 Ar;7;7;1;
15100153402;Couche culotte sweety fit pantz m24;CARTON;288 000 Ar;0,6;0,6;12;
15600210501;Couche mavis maxi 10;PAQUET;6 500 Ar;5;5;1;
15600210502;Couche mavis maxi 10;BALLE;65 000 Ar;0,5;0,5;10;
1150;COUCHE MOLFIX MINI;PAQUET;6 000 Ar;0;0;1;
15600069602;COUCHE MOLFIX MINI;BALLE;-;0;0;10;
15100165101;Couche molly maxi 4x32 n°4;PACQUET;25 000 Ar;3;3;1;
15100165102;Couche molly maxi 4x32 n°4;BALLE;100 000 Ar;0,8;0,8;4;
15100171501;Couche molly midi 4x36 n°3;PACQUET;25 000 Ar;2;2;1;
15100171502;Couche molly midi 4x36 n°3;BALLE;100 000 Ar;0,5;0,5;4;
15100171601;Couche molly mini 4x40 n°2;PACQUET;25 000 Ar;1;1;1;
15100171602;Couche molly mini 4x40 n°2;BALLE;100 000 Ar;0,2;0,2;4;
15100110001;COUCHE PAMPERS N°5 (5X30);PACQUET;6 000 Ar;0;0;1;
1149;COUVERTURE VANILLE;PIECE;15 000 Ar;10;10;1;
13800247601;Cpp dice cartoon lollipop 15g;PAQUET;24 200 Ar;0;0;1;
13800247701;Cpp fruit  cartoon lollipop 15g;PAQUET;25 000 Ar;0;0;1;
13800247801;Cpp mixed shape lollipop 15g;PAQUET;24 200 Ar;0;0;1;
159;CRAIE BLANCHE;BOITE;2 400 Ar;0;0;1;
160;CRAIE COULEUR;BOITE;3 000 Ar;0;0;1;
15600202901;Craie hi blanche 100pcs ;BOITE;3 000 Ar;154;154;1;
15600202902;Craie hi blanche 100pcs ;CARTON;120 000 Ar;3,9;3,9;40;
15600202801;Craie hi couleur 100pcs;BOITE;3 200 Ar;116;116;1;
15600202802;Craie hi couleur 100pcs;CARTON;128 000 Ar;2,9;2,9;40;
15600221701;Craie reflex blanche;BOITE;3 000 Ar;1;1;1;
15600221702;Craie reflex blanche;CARTON;120 000 Ar;0;0;40;
15600221801;Craie reflex couleur;BOITE;3 300 Ar;3;3;1;
15600221802;Craie reflex couleur;CARTON;130 000 Ar;0,1;0,1;40;
13600263801;Cream biscuit tik tok 50g*10*10sht;SACHET;5 700 Ar;41;41;1;
13600263802;Cream biscuit tik tok 50g*10*10sht;CARTON;57 000 Ar;4,1;4,1;10;
13800248401;Cream biscuit tik tok 70g;SACHET;7 000 Ar;0;0;1;
13800248402;Cream biscuit tik tok 70g;CARTON;21 000 Ar;0;0;3;
13600201901;Cream wafer oye biscuits;BOITE;18 000 Ar;0;0;1;
13600201902;Cream wafer oye biscuits;CARTON;324 000 Ar;0;0;18;
15600208801;Creme mousquito dudu 70g;PIECE;2 100 Ar;87;87;1;
15600208802;Creme mousquito dudu 70g;PACQUET;24 100 Ar;7,2;7,2;12;
15600208803;Creme mousquito dudu 70g;CARTON;241 000 Ar;0,7;0,7;120;
15600208901;Creme mousquito family care 70g;PIECE;2 100 Ar;110;110;1;
15600208902;Creme mousquito family care 70g;PAQUET;24 100 Ar;9,2;9,2;12;
15600208903;Creme mousquito family care 70g;CARTON;241 000 Ar;0,9;0,9;120;
13600152001;Crispy cone dy coneo;BOCAL;20 000 Ar;1;1;1;
13600152002;Crispy cone dy coneo;CARTON ;180 000 Ar;0,1;0,1;9;
15600148401;Crispy cone en Piece;PIECE;400 Ar;0;0;1;
15600100201;Cristaline 1L;PQT;19 000 Ar;20;20;1;
15600100301;Cristaline 2L ;PQT;25 000 Ar;0;0;1;
15600150301;CRISTALINE 2L  EN PIECE;PIECE;4 000 Ar;8;8;1;
15600188701;Cristo;SACHET;5 500 Ar;0;0;1;
15600188702;Cristo;BALLE;110 000 Ar;0;0;20;
238;CROCHE N10;PIECE;1 800 Ar;0;0;1;
239;CROCHE N12;PIECE;2 300 Ar;0;0;1;
460;CROCHE N14;PIECE;2 500 Ar;12;12;1;
425;Croquette au fromage luxe;PIECE;500 Ar;2;2;1;
15600163301;Croquette au fromage luxe gm;PIECE;1 000 Ar;5;5;1;
15600197301;Crown light lollipop;BOITE;11 000 Ar;13;13;1;
15600197302;Crown light lollipop;CARTON;264 000 Ar;0,5;0,5;24;
19900149401;Crown rose 25g ;PACQUET;10 700 Ar;30;30;1;
19900149402;Crown rose 25g ;CARTON;128 000 Ar;2,5;2,5;12;
13800259401;Cube candy water bottle en bocal*275pcs;BOCAL;20 000 Ar;0;0;1;
13800259402;Cube candy water bottle en bocal*275pcs;CARTON;240 000 Ar;0;0;12;
13800209301;Cube pops choco bocal;BOCAL ;15 000 Ar;1;1;1;
13800209302;Cube pops choco bocal;CARTON ;108 000 Ar;0,1;0,1;12;
13800209901;Cube pops choco en pcs;PIECE;100 Ar;0;0;1;
1012;CUIVETTE 45 D;PIECE;5 000 Ar;0;0;1;
1013;CUIVETTE BICOLRE;PIECE;15 000 Ar;0;0;1;
183;CURDENT;PAQUET;2 000 Ar;0;0;1;
930;CUVETTE 45 GRAV MADAPLAST;PIECE;6 000 Ar;0;0;1;
482;CUVETTE 46 GRAVURE;PIECE;7 000 Ar;0;0;1;
710;CUVETTE 50 GRAVURE;PIECE;6 500 Ar;0;0;1;
493;CUVETTE 52 GRAV;PIECE;8 000 Ar;0;0;1;
974;CUVETTE 55 GRAVURE;PIECE;7 000 Ar;0;0;1;
975;CUVETTE B 40;PIECE;4 500 Ar;0;0;1;
568;CUVETTE BROUSSE;PIECE;20 000 Ar;0;0;1;
976;CUVETTE EAGLE 35 L;PIECE;10 500 Ar;0;0;1;
977;CUVETTE EAGLE 45 L;PIECE;12 000 Ar;0;0;1;
247;CUVETTE MN;PIECE;4 000 Ar;0;0;1;
932;CUVETTE OVALE;PIECE;8 000 Ar;0;0;1;
978;CUVETTE VAOLINE;PIECE;4 000 Ar;0;0;1;
13800231301;Dairy decker toffee bocal;BOCAL;15 000 Ar;0;0;1;
13800231302;Dairy decker toffee bocal;CARTON;120 000 Ar;0;0;8;
16900122901;Danica sweeetwhip;PIECE;20 000 Ar;0;0;1;
16900122902;Danica sweeetwhip;CARTON;240 000 Ar;0;0;12;
15600222701;Dantifrice ciptandent  75g en piece ;PIECE;2 900 Ar;5;5;1;
14100185401;Dantifrice ciptandent 30g;PACQUET;17 000 Ar;15;15;1;
14100185402;Dantifrice ciptandent 30g;CARTON;204 000 Ar;1,2;1,2;12;
15400222801;Dantifrice ciptandent 30g en piece;PIECE;1 500 Ar;8;8;1;
15600185501;Dantifrice ciptandent 75g;PACQUET;34 000 Ar;5;5;1;
15600185502;Dantifrice ciptandent 75g;CARTON;204 000 Ar;0,8;0,8;6;
16900117101;DARBEL  MENTHE 100 CL;BOUTEILLE;9 500 Ar;0;0;1;
16900116801;DARBEL CITRON 100CL;BOUTEILLE;9 500 Ar;0;0;1;
16900116901;DARBEL FRAISE 100CL;BOUTEILLE;9 500 Ar;0;0;1;
16900117001;DARBEL GRENADINER 100 CL;BOUTEILLE;9 500 Ar;0;0;1;
16900117201;DARBEL ORANGE 100 CL;BOUTEILLE;9 500 Ar;1;1;1;
13800232101;Day&night balls kiddies 420g;BOITE;17 500 Ar;7;7;1;
13800232102;Day&night balls kiddies 420g;CARTON;210 000 Ar;0,6;0,6;12;
15600149301;Delice choco poudre 20g;PIECE;500 Ar;3;3;1;
14700115201;Delice chocolat poudre 200g*45;SACHET;5 000 Ar;0;0;1;
14700115202;Delice chocolat poudre 200g*45;CATRON;225 000 Ar;0;0;45;
15600187501;Delice chocolat poudre en bocal 400g;BOCAL;15 000 Ar;15;15;1;
15600187502;Delice chocolat poudre en bocal 400g;CARTON;360 000 Ar;0,6;0,6;24;
17300114301;DELICE LAIT 1KG;SACHET;41 000 Ar;32;32;1;
17300114302;DELICE LAIT 1KG;CARTON;328 000 Ar;4;4;8;
18900159101;Delice lait 20g ;PIECE;950 Ar;9;9;1;
18900159102;Delice lait 20g ;CARTON;226 800 Ar;0;0;252;
18900123601;DELICE LAIT 250G;SACHET;12 000 Ar;118;118;1;
18900123602;DELICE LAIT 250G;CARTON;384 000 Ar;3,7;3,7;32;
13600114201;DELICE LAIT 500G;SACHET;21 000 Ar;44;44;1;
13600114202;DELICE LAIT 500G;CARTON;336 000 Ar;2,8;2,8;16;
881;DELICHOCO;PIECE;2 000 Ar;0;0;1;
516;DELICHOCO;CARTON;60 000 Ar;0;0;30;
959;DELICIOUS CHIPS;SACHET;4 000 Ar;0;0;1;
1008;DELICIUOS CHIPS;PAQUET;6 000 Ar;0;0;1;
15400268001;Dentifrice  dabur herb'l charcoal 140g;PAQUET;108 000 Ar;2;2;1;
15400268101;Dentifrice  dabur herb'l toothpast 140g mint;PAQUET;48 000 Ar;3;3;1;
15600234201;Dentifrice bosivo charcoal 100ml;PAQUET;25 000 Ar;1;1;1;
15600234202;Dentifrice bosivo charcoal 100ml;CARTON;300 000 Ar;0,1;0,1;12;
15600234901;Dentifrice bosivo charcoal 100ml En pcs;PIECE;4 200 Ar;6;6;1;
15400079701;Dentifrice Merielce 150G;PIECE;1 800 Ar;94;94;1;
15400079702;Dentifrice Merielce 150G;PAQUET;10 500 Ar;15,7;15,7;6;
15400079703;Dentifrice Merielce 150G;CARTON;126 000 Ar;1,3;1,3;72;
15600150401;Dentifrice SIGNAL en Piece;PIECE;3 000 Ar;11;11;1;
15400123101;DENTIFRICE SIGNAL vao2;PAQUET;36 000 Ar;0;0;1;
15600166601;Deo emotion aqua kiss;PIECE;7 000 Ar;0;0;1;
15600166501;Deo emotion love;PIECE;7 000 Ar;4;4;1;
15600228201;Deo emotion romance 200ml;PIECE;7 000 Ar;2;2;1;
15600261001;Deo emotion violet kiss;PIECE;7 000 Ar;0;0;1;
15600227901;Deo my ego apollo 200ml;PIECE;7 000 Ar;0;0;1;
15600228001;Deo my ego energy 200ml;PIECE;7 000 Ar;0;0;1;
15600228101;Deo my ego sport 200ml;PIECE;7 000 Ar;1;1;1;
13800197901;Dinosaur buble gum;BOCAL;17 000 Ar;0;0;1;
13800266001;Dinosaur cartoon lollipop*20;PAQUET;12 000 Ar;9;9;1;
13700126301;DJINO 35CL EN PCS;PIECE;2 000 Ar;0;0;1;
15100264601;Dolphin culotte twin maxi 5x30 n°4;PAQUET;24 800 Ar;4;4;1;
15100264602;Dolphin culotte twin maxi 5x30 n°4;BALLE;124 000 Ar;0,8;0,8;5;
264;DOMINO;PIECE;250 Ar;0;0;1;
738;DOMINO;PAQUET;3 000 Ar;0;0;12;
13800188901;Donuts lollipop 15g;BOCAL;11 500 Ar;0;0;1;
13800188902;Donuts lollipop 15g;CARTON;230 000 Ar;0;0;20;
15600212701;Double 7 seven 250ml;PIECE;2 900 Ar;206;206;1;
15600212702;Double 7 seven 250ml;PAQUET;17 400 Ar;34,3;34,3;6;
15600212703;Double 7 seven 250ml;CARTON;69 600 Ar;1,4;1,4;144;
13800231401;Double koffee bocal 240pcs;BOCAL;13 000 Ar;11;11;1;
13800231402;Double koffee bocal 240pcs;CARTON;180 000 Ar;0,9;0,9;12;
13800231501;Double koffee en sachet;SACHET;3 500 Ar;60;60;1;
13800231502;Double koffee en sachet;CARTON;140 000 Ar;1,5;1,5;40;
13800248101;Double koffre veto (orizon cafe) en sht;SACHET;4 000 Ar;0;0;1;
263;DOUE;PIECE;1 000 Ar;0;0;1;
16900155401;Drink Botle Candy;PACQUET;15 000 Ar;0;0;1;
16900155402;Drink Botle Candy;CARTON;300 000 Ar;0;0;20;
13800198901;Dum dum gum 16*48pcs;SACHET;9 000 Ar;1;1;1;
13800198902;Dum dum gum 16*48pcs;CARTON;144 000 Ar;0,1;0,1;16;
107;Durata r20 ( gm );BOITE;15 500 Ar;3;3;1;
106;Durata r20 ( gm );CARTON;372 000 Ar;0,1;0,1;24;
697;Durata r6  ( pm );BOITE;8 500 Ar;256;256;1;
696;Durata r6  ( pm );CARTON;425 000 Ar;5,1;5,1;50;
15600143901;Dynamic Lotte 250ml;PIECE;3 300 Ar;86;86;1;
15600143902;Dynamic Lotte 250ml;CARTON;99 000 Ar;2,9;2,9;30;
1129;EAU DE JAVEL;PIECE;4 000 Ar;0;0;1;
260;Eau vive 1,5L;PAQUET;21 000 Ar;0;0;1;
15600086601;Eau vive 50 cL;PACQUES;19 000 Ar;10;10;1;
15600125901;EAU VIVE GM EN PCS;PIECE;3 500 Ar;2;2;1;
15600126001;EAU VIVE PM EN PCS;PIECE;2 000 Ar;0;0;1;
529;ELASTIC;SACHET;4 500 Ar;0;0;1;
708;ELASTIC FLECHE;PIECE;4 500 Ar;0;0;1;
15600126501;ELASTIQUE  VOLO;SACHET ;4 500 Ar;1;1;1;
15600147401;Elastique fleche circle original;SACHET;5 500 Ar;18;18;1;
15700210101;Elastique volo aigle pm;SACHET;5 800 Ar;23;23;1;
15700210102;Elastique volo aigle pm;BALLE;174 000 Ar;0,8;0,8;30;
210;ELBEBEK PM;PAQUET;7 000 Ar;0;0;1;
269;ELO FOHY LUX;PIECE;14 000 Ar;0;0;1;
270;ELON JAZA;PIECE;7 000 Ar;0;0;1;
15600193501;Emballage - tsotra pm  (56*76);PIECE;150 Ar;2497;2497;1;
15600193502;Emballage - tsotra pm  (56*76);PACQUET;1 500 Ar;249,7;249,7;10;
15600193503;Emballage - tsotra pm  (56*76);RAM;75 000 Ar;0,5;0,5;5000;
1155;EMBALLANGE VANILLE;PIECE;2 500 Ar;2;2;1;
709;EMPOGEM-BOLA @PCE;PIECE;200 Ar;0;0;1;
15700175801;Encaustique tselatra acajou;PIECES;3 800 Ar;36;36;1;
15700175802;Encaustique tselatra acajou;CARTON;136 800 Ar;1;1;36;
15700175901;Encaustique tselatra jaune;PIECES;3 800 Ar;38;38;1;
15700175902;Encaustique tselatra jaune;CARTON;136 800 Ar;1,1;1,1;36;
15700176001;Encaustique tselatra neutre;PIECES;3 800 Ar;36;36;1;
15700176002;Encaustique tselatra neutre;CARTON;136 800 Ar;1;1;36;
15700176101;Encaustique tselatra spacial;PIECES;3 800 Ar;35;35;1;
15700176102;Encaustique tselatra spacial;CARTON;136 800 Ar;1;1;36;
459;Encostique jewel;PIECE;7 000 Ar;39;39;1;
15600030802;Encostique jewel;CARTON ;168 000 Ar;1,6;1,6;24;
15700146601;Encostique tsotra bois;PIECE;5 000 Ar;1;1;1;
15700146602;Encostique tsotra bois;CARTON;90 000 Ar;0,1;0,1;20;
15600103601;ENCOSTIQUE TSOTRA CIMENT;PIECE;5 000 Ar;0;0;1;
105;ENERGIE GM CRT;BOITE;13 000 Ar;24;24;1;
104;ENERGIE GM CRT;CARTON;312 000 Ar;1;1;24;
15600102601;ENVELLOPPE GRAND FORMAT;PACQUET;17 000 Ar;2;2;1;
15800088301;Enveloppe officce 11x16;PACQUES;5 000 Ar;0;0;1;
15800088302;Enveloppe officce 11x16;BOITE;-;0;0;10;
15800133201;Enveloppes grand format A4;PACQUET;19 000 Ar;0;0;1;
15800133301;Enveloppes moyenne format A5;PACQUET;12 000 Ar;2;2;1;
15800212101;Enveloppes Nitro c6;PAQUET ;8 000 Ar;0;0;1;
15800212102;Enveloppes Nitro c6;BOITE;40 000 Ar;0;0;5;
15600215401;Enveloppes nitro format A5;PAQUET;9 500 Ar;0;0;1;
15600215402;Enveloppes nitro format A5;BOITE;47 500 Ar;0;0;5;
15600215301;Enveloppes nitro format c4;PAQUET;24 000 Ar;0;0;1;
326;EPONGE VOLA;PIECE;2 400 Ar;6;6;1;
324;EQUER;PIECE;500 Ar;0;0;1;
15800125101;ESSUIT RENOVA JAUNE;PAQUET;18 000 Ar;15;15;1;
19600163101;EX-40 (Extra propre blanc 36mx);CARTON;47 000 Ar;0;0;1;
19600163001;EX-65 (Extra propre maron 24mx);CARTON;28 000 Ar;0;0;1;
15600115901;Expert prop'or liquide vaisselle 1l citron;PIECE;3 400 Ar;0;0;1;
15600115902;Expert prop'or liquide vaisselle 1l citron;CARTON;27 200 Ar;0;0;8;
19800200001;Extra propre barre citron 800g ;BARRE ;7 500 Ar;54;54;1;
19800200002;Extra propre barre citron 800g ;CARTON;90 000 Ar;4,5;4,5;12;
19600190001;Extra propre blanc 24pcs;CARTON;33 000 Ar;13;13;1;
15500083701;Extra propre bleu [ citron ];PIECE;300 Ar;2353;2353;1;
15500083702;Extra propre bleu [ citron ];CARTON;45 000 Ar;15,7;15,7;150;
15600156901;Extra propre Citrus;CARTON;45 000 Ar;22;22;1;
15600220401;Extra propre Citrus En pcs;PIECE;300 Ar;102;102;1;
15600152601;Extra propre floral;CARTON;44 000 Ar;29;29;1;
15600207301;Extra propre liquide vaisselle 1L;PIECE;3 500 Ar;49;49;1;
15600207302;Extra propre liquide vaisselle 1L;PAQUET;35 000 Ar;4,9;4,9;10;
706;FACTURATION PM;PIECE;5 000 Ar;0;0;1;
329;FACTURE TSOTRA;PIECE;5 000 Ar;0;0;1;
15600084001;Famafa;PIECE;6 000 Ar;7;7;1;
15600128601;Famafa ASIE;PIECE;15 000 Ar;12;12;1;
15600134101;Famafa B11;PIECE;9 000 Ar;0;0;1;
15600271501;Famafa brosse dure;PIECE;6 000 Ar;6;6;1;
180;Famafa brosse ib;PIECE;8 000 Ar;8;8;1;
15600271601;Famafa ch besom 2235;PIECE;9 000 Ar;5;5;1;
15600271701;Famafa ch besom 9222;PIECE;5 000 Ar;4;4;1;
859;Famafa lux 812;PIECE;12 000 Ar;10;10;1;
15600190201;Famafa rasta 180g;PIECE;8 000 Ar;10;10;1;
15600190301;Famafa rasta 300g;PIECE;10 000 Ar;0;0;1;
15600271801;Famafa rasta ch cotton mop 180g;PIECE;7 000 Ar;5;5;1;
707;FANJAITRA GONY @ PCE;PIECE;150 Ar;0;0;1;
13700263301;Fanta ananas pet 1.5*6;PAQUET;30 000 Ar;0;0;1;
13700263401;Fanta ananas pet 1.5*6 en pcs;PIECE;5 000 Ar;0;0;1;
13700263501;Fanta ananas pet 350ml;PAQUET;19 000 Ar;12;12;1;
13700209001;Fanta orange canette 300ml*24;PIECE;2 300 Ar;20;20;1;
13700209002;Fanta orange canette 300ml*24;PAQUET;14 000 Ar;3,3;3,3;6;
13700209003;Fanta orange canette 300ml*24;CARTON;55 200 Ar;0,8;0,8;24;
13700247401;Fanta Orange pet 1.5L en pcs;PIECE;5 000 Ar;6;6;1;
13700170201;Fanta orange pet 1.5L*6;PACQUET;30 000 Ar;14;14;1;
13700170401;Fanta orange pet 350ml*12;PACQUET;19 000 Ar;0;0;1;
13700198701;Fanta passion  1,5L en pcs;PIECE;5 000 Ar;5;5;1;
13700227701;Fanta passion pet 1.5L*6;PAQUET;30 000 Ar;0;0;1;
13700259501;Fanta passion pet 350ml En pcs;PIECE;1 600 Ar;0;0;1;
13700227801;Fanta passion pet 350ml*12;PAQUET;19 000 Ar;0;0;1;
13800194601;Fantastic flavoured;PACQUET;10 000 Ar;0;0;1;
13800194602;Fantastic flavoured;CARTON;200 000 Ar;0;0;20;
13800173901;Fantastic spray candy;PACQUET;10 000 Ar;41;41;1;
13800173902;Fantastic spray candy;CARTON;250 000 Ar;1,4;1,4;30;
1102;FARILAC;BOITE;16 500 Ar;0;0;1;
1101;FARILAC;CARTON;396 000 Ar;0;0;24;
15600159301;Farilac 400gr;BOITE;18 000 Ar;28;28;1;
15600159302;Farilac 400gr;CARTON;432 000 Ar;1,2;1,2;24;
15600223301;Farilac vanille 200g;SACHET;7 500 Ar;48;48;1;
15600223302;Farilac vanille 200g;CARTON;360 000 Ar;1;1;48;
15600223401;Farilac vanille 25g*100;PIECE;1 300 Ar;1000;1000;1;
15600223402;Farilac vanille 25g*100;PAQUET;13 000 Ar;100;100;10;
15600223403;Farilac vanille 25g*100;CARTON;130 000 Ar;1;1;1000;
15600223501;Farilac vanille 50g*120;PIECE;2 000 Ar;1440;1440;1;
15600223502;Farilac vanille 50g*120;PAQUET;20 000 Ar;120;120;12;
15600223503;Farilac vanille 50g*120;CARTON;240 000 Ar;1;1;1440;
16100132201;FARINE Barea 50Kg;SAC;179 000 Ar;0;0;1;
16100263201;Farine barea en sac 25kg;SAC;90 000 Ar;0;0;1;
16100105401;Farine _ lafarina  En Kg;1KG;3 200 Ar;41;41;1;
16100181301;Farine _ lafarina 25Kg;SAC;82 000 Ar;4;4;1;
16100105301;Farine _ lafarina 50Kg;SAC;159 000 Ar;4;4;1;
473;Fecule 500g;SACHET;5 900 Ar;94;94;1;
660;Fecule 500g;CARTON;177 000 Ar;3,1;3,1;30;
15600198201;Fengchipa opaobang;BOITE;7 000 Ar;1;1;1;
15600198202;Fengchipa opaobang;CARTON;140 000 Ar;0,1;0,1;20;
569;FERGO GM;SACHET;6 000 Ar;0;0;1;
570;FERGO GM;CARTON;35 000 Ar;0;0;6;
205;FIL ROUGE NOIR;ROULEAUX;10 000 Ar;0;0;1;
13800189601;Finger pacifier 5g;PACQUET;12 500 Ar;0;0;1;
15600258301;Floor cleaner klin sol en btl rose 450ml;PIECE;5 900 Ar;0;0;1;
15600258302;Floor cleaner klin sol en btl rose 450ml;CARTON;62 400 Ar;0;0;12;
15600258201;Floor cleaner klin sol en btl vert 450ml;PIECE;5 900 Ar;2;2;1;
15600258202;Floor cleaner klin sol en btl vert 450ml;CARTON;62 400 Ar;0,2;0,2;12;
15600258001;Floor cleaner klin sol en btl violet 450ml;PIECE;5 900 Ar;3;3;1;
15600258002;Floor cleaner klin sol en btl violet 450ml;CARTON;62 400 Ar;0,2;0,2;12;
503;FOM;CARTON;39 000 Ar;0;0;1;
18900134601;Fontera en Sac Rouge  25kg;SAC;840 000 Ar;0;0;1;
15600197801;Football candy ;PAQUET;11 000 Ar;0;0;1;
15600197802;Football candy ;CARTON;264 000 Ar;0;0;24;
456;FORCHETTE LUX;PAQUET;10 000 Ar;0;0;1;
15600217701;Fortune Coconut 1L;BOUTEILLE;40 000 Ar;6;6;1;
15600217601;Fortune vanille 1L;BOUTEILLE;40 000 Ar;6;6;1;
109;France coils jaune citron;PAQUET;2 000 Ar;260;260;1;
108;France coils jaune citron;CARTON;120 000 Ar;4,3;4,3;60;
854;FRESHA;PIECE;200 Ar;0;0;1;
14;FRESHA;CARTON;26 000 Ar;0;0;150;
719;FROMAGE LABANITA;BOITE;3 000 Ar;0;0;1;
718;FROMAGE LABANITA;CARTON;108 000 Ar;0;0;36;
13800233101;Frootola chocland;BOITE;8 000 Ar;0;0;1;
13800233201;Frootola phone 4U;BOITE;7 000 Ar;0;0;1;
13800268501;Fruit filled center candy 12 bocal;BOCAL;14 500 Ar;5;5;1;
13800108601;FRUTAS ACIDULADAS;BOCAL;18 800 Ar;0;0;1;
13800108602;FRUTAS ACIDULADAS;CRT;224 700 Ar;0;0;12;
13800161901;Frutas Acidulas en pieces;PIECES;4 000 Ar;57;57;1;
113;Fumakila ;BOITE;1 200 Ar;0;0;1;
112;Fumakila ;CARTON;72 000 Ar;0;0;60;
15700070501;GADANA  GM;PIECE;7 000 Ar;0;0;1;
216;GADANA MOYENNE;PIECE;5 000 Ar;0;0;1;
15600072801;GAIN DE 8CM;PIECE;2 500 Ar;0;0;1;
832;GAINE 10CM/100G;PIECE;2 500 Ar;0;0;1;
839;GAINE 12CM/100GRAMME;PIECE;2 500 Ar;0;0;1;
833;GAINE 14CM/100G;PIECE;2 500 Ar;0;0;1;
834;GAINE 15CM/100G;PIECE;2 500 Ar;0;0;1;
489;GAINE 1KG;METRE;1 000 Ar;0;0;1;
304;GAINE 1KG;ROULEAUX;15 000 Ar;0;0;15;
305;GAINE 25 CM / 1/2 KG;PIECE;13 000 Ar;2;2;1;
836;GAINE 25CM/1KG;PIECE;13 000 Ar;5;5;1;
15600193001;Gaine 4cm / 260g;PIECE;5 000 Ar;0;0;1;
841;GAINE 4CM/100G;PIECE;2 500 Ar;0;0;1;
15600193101;Gaine 5cm / 260g;PIECE;5 000 Ar;0;0;1;
15600193201;Gaine 6cm / 260g;PIECE;5 000 Ar;0;0;1;
835;GAINE 6CM/100G;PIECE;2 500 Ar;0;0;1;
286;GAINE 80CM;ROULEAUX;60 000 Ar;0;0;1;
451;GAINE PM 1000AR;PIECE;1 000 Ar;0;0;1;
13600164001;Galeti local;PACQUET;1 200 Ar;13;13;1;
15600264701;Gas'care gel douche aqua energy 300ml;PIECE;4 700 Ar;7;7;1;
15600264702;Gas'care gel douche aqua energy 300ml;CARTON;56 000 Ar;0,6;0,6;12;
15600262501;Gas'care gel douche coco miel 300ml;PIECE;4 700 Ar;13;13;1;
15600262502;Gas'care gel douche coco miel 300ml;CARTON;56 000 Ar;1,1;1,1;12;
15600264801;Gas'care gel douche passion 300ml;PIECE;4 700 Ar;9;9;1;
15600264802;Gas'care gel douche passion 300ml;CARTON;56 000 Ar;0,8;0,8;12;
984;GERCAN VIDE;PIECE;2 000 Ar;0;0;1;
15600198001;Gira lengua candy;PAQUET;11 000 Ar;13;13;1;
15600198002;Gira lengua candy;CARTON;240 000 Ar;0,5;0,5;24;
36;GIV;PAQUET;9 900 Ar;42;42;1;
535;GIV;CARTON;118 000 Ar;3,5;3,5;12;
694;GLACIER 13L;PIECE;90 000 Ar;0;0;1;
695;GLACIER 16  PM;PIECE;110 000 Ar;0;0;1;
693;GLACIERE 24L;PIECE;150 000 Ar;0;0;1;
13800081801;GLASS EN PCE;PCE;200 Ar;0;0;1;
13600169101;Global cracker tub ranch 227g;BOITE;6 000 Ar;0;0;1;
13600169201;Global cracker tub vegetable 227g ;BOITE;6 000 Ar;0;0;1;
13600251401;Glucose coconut pm 30pcs;SACHET;2 900 Ar;37;37;1;
13600251402;Glucose coconut pm 30pcs;CARTON;23 200 Ar;4,6;4,6;8;
86;GLUCOSE PM;SACHET;2 300 Ar;0;0;1;
85;GLUCOSE PM;CARTON;23 000 Ar;0;0;10;
13600147201;Glucose pm ( malt'n'milk );SACHET;2 000 Ar;0;0;1;
13600147202;Glucose pm ( malt'n'milk );CARTON;20 000 Ar;0;0;10;
13600177701;Glucose pm [ angry bid ];SACHET;2 200 Ar;0;0;1;
13600177702;Glucose pm [ angry bid ];CARTON;22 000 Ar;0;0;10;
13600182601;Glucose pm [ Superman ];SACHET;2 200 Ar;114;114;1;
13600182602;Glucose pm [ Superman ];CARTON;22 000 Ar;11,4;11,4;10;
13600194501;Glucose pm [assorted];SACHET;2 200 Ar;0;0;1;
13600194502;Glucose pm [assorted];CARTON;22 000 Ar;0;0;10;
13800209201;Gofrette swiss wafer;PIECE;1 900 Ar;9;9;1;
13800209202;Gofrette swiss wafer;CARTON;68 400 Ar;0,2;0,2;36;
13600157001;Gofrety 8 (gm);SACHET;4 000 Ar;2;2;1;
13600157002;Gofrety 8 (gm);CARTON;48 000 Ar;0,2;0,2;12;
13600154301;Gofrety ass pm;SACHET;2 400 Ar;4;4;1;
13600154302;Gofrety ass pm;CARTON;38 400 Ar;0,2;0,2;16;
13800113701;GOLDEN COIN CHOCOLAT CAR JAR;BOITE;24 000 Ar;0;0;1;
15600210901;Goldy curly boucles parfaites;PAQUET;5 000 Ar;0;0;1;
15600210902;Goldy curly boucles parfaites;BALLE;50 000 Ar;0;0;10;
15600211001;Goldy plaquage volo;PAQUET;5 000 Ar;0;0;1;
15600211002;Goldy plaquage volo;BALLE;50 000 Ar;0;0;10;
15600211101;Goldy serum volo ginseng;PAQUET;5 000 Ar;0;0;1;
15600211201;Goldy shampooing anti-pelliculaire;PAQUET;4 000 Ar;3;3;1;
15600211202;Goldy shampooing anti-pelliculaire;BALLE;40 000 Ar;0,3;0,3;10;
14100118501;GOLGATE & BROSSE DENT ANGOLA BLEU PM;PACQUET;10 500 Ar;0;0;1;
14100118502;GOLGATE & BROSSE DENT ANGOLA BLEU PM;CARTON;126 000 Ar;0;0;12;
15600155001;Gomas de Mascar;PACQUET;15 000 Ar;0;0;1;
15600155002;Gomas de Mascar;CARTON;300 000 Ar;0;0;1;
13600122401;Gouty 6 BEURRE pm;SACHET;5 200 Ar;127;127;1;
13600122402;Gouty 6 BEURRE pm;CARTON;62 000 Ar;10,6;10,6;12;
13600133801;Gouty 6 LAIT pm;SACHET;5 200 Ar;72;72;1;
13600133802;Gouty 6 LAIT pm;CARTON;62 000 Ar;6;6;12;
82;Gouty beurre gm;SACHET;9 800 Ar;8;8;1;
81;Gouty beurre gm;CARTON;68 000 Ar;1,1;1,1;7;
13600129701;Gouty biscuit complet;SACHET;8 000 Ar;0;0;1;
13600129702;Gouty biscuit complet;CARTON;48 000 Ar;0;0;6;
13600132401;Gouty biscuit complet En Pcs;PIECE;1 000 Ar;3;3;1;
13600223901;Gouty choco coco*6x10;SACHET;10 300 Ar;0;0;1;
13600223902;Gouty choco coco*6x10;CARTON;63 000 Ar;0;0;6;
13600089301;GOUTY COOKIES;SHT;9 000 Ar;6;6;1;
13600089302;GOUTY COOKIES;CARTON;54 000 Ar;1;1;6;
13600162001;GOUTY COOKIES EN PIECES;PIECES;900 Ar;9;9;1;
13600115601;GOUTY DOR 12 GM ;SACHET;10 300 Ar;74;74;1;
13600115602;GOUTY DOR 12 GM ;CARTON;72 000 Ar;9,2;9,2;8;
13600071001;Gouty dor 6 ;PTQ;4 500 Ar;122;122;1;
13600071002;Gouty dor 6 ;CRT;81 000 Ar;6,8;6,8;18;
15600073201;GOUTY GRANDI +6;PACQUET;2 800 Ar;15;15;1;
15600073202;GOUTY GRANDI +6;CARTON;47 600 Ar;0,9;0,9;17;
13600220001;Gouty la galette ;SACHET;1 800 Ar;38;38;1;
13600220002;Gouty la galette ;CARTON;34 500 Ar;1,9;1,9;20;
13600130101;Gouty Lait gm;SACHET;9 800 Ar;18;18;1;
13600130102;Gouty Lait gm;CARTON;68 000 Ar;2,6;2,6;7;
15600082201;GOUTY MADELEINE;PCS;1 900 Ar;1;1;1;
15600082202;GOUTY MADELEINE;SHT;19 500 Ar;0,1;0,1;10;
15600082203;GOUTY MADELEINE;CRT;57 000 Ar;0;0;30;
13600122501;GOUTY PETITS SABLES;SACHET;8 800 Ar;0;0;1;
13600122502;GOUTY PETITS SABLES;BALLE;35 000 Ar;0;0;4;
13600122601;GOUTY PETITS SABLES EN PCS;PIECE;1 500 Ar;0;0;1;
13600223201;Gouty sable beurre *cococ *12;SACHET;9 800 Ar;26;26;1;
13600223202;Gouty sable beurre *cococ *12;CARTON;78 000 Ar;3,2;3,2;8;
13600245801;Gouty sablé coco pm;SACHET;3 750 Ar;0;0;1;
13600245802;Gouty sablé coco pm;CARTON;30 000 Ar;0;0;8;
15900151101;Gros poid 50kg ( vao ) ;SAC;190 000 Ar;4;4;1;
15900121201;GROS POIDS EN KAPOAKA;KPK;1 000 Ar;13;13;1;
13800189301;Gun candy 3.5g;PACQUET;12 000 Ar;0;0;1;
13800189302;Gun candy 3.5g;CARTON;288 000 Ar;0;0;24;
19500262901;Haday signature oyster sauce 550g ;PIECE;17 500 Ar;12;12;1;
19500262902;Haday signature oyster sauce 550g ;CARTON;210 000 Ar;1;1;12;
78;HAPPY;SACHET;3 000 Ar;3;3;1;
77;HAPPY;CARTON;45 000 Ar;0,2;0,2;15;
862;HAYLA;SAC;15 000 Ar;0;0;1;
1000;HENA MAMASOA;PIECE;800 Ar;0;0;1;
785;HENA MAMASOA;SACHET;6 500 Ar;0;0;48;
784;HENA MAMASOA;SAC;52 000 Ar;0;0;2304;
773;HERBAL;PAQUET;13 900 Ar;0;0;1;
758;HERBAL;CARTON;310 000 Ar;0;0;24;
14700182701;Hoho big sticks;BOCAL;5 000 Ar;16;16;1;
14700182702;Hoho big sticks;CARTON;120 000 Ar;0,8;0,8;20;
411;HUILE  importer 20L;JERYCAN;129 000 Ar;0;0;1;
16600210001;Huile caste evita 2L;PIECE;18 500 Ar;1;1;1;
16600210002;Huile caste evita 2L;CARTON;111 000 Ar;0,2;0,2;6;
444;HUILE CASTE SUNNY;PIECE;14 000 Ar;49;49;1;
495;HUILE CASTE SUNNY;CARTON;168 000 Ar;4,1;4,1;12;
16700171401;Huile coco samba;JERYCAN;69 000 Ar;0;0;1;
16700102701;Huile coco tsara 5L;JER;65 000 Ar;0;0;1;
16600236001;Huile d'olive orkide 1L;BOUTEIL;47 000 Ar;15;15;1;
16600236002;Huile d'olive orkide 1L;CARTON;564 000 Ar;1,2;1,2;12;
16600236101;Huile d'olive orkide 500ml;BOUTEIL;25 000 Ar;49;49;1;
16600236102;Huile d'olive orkide 500ml;CARTON;600 000 Ar;2;2;24;
16600169801;Huile de soja Elvia 1L;PIECE;8 900 Ar;0;0;1;
16600169802;Huile de soja Elvia 1L;CARTON;106 800 Ar;0;0;12;
16600138901;Huile de soja Hina 0.5L;PIECE;5 500 Ar;95;95;1;
16600138902;Huile de soja Hina 0.5L;CARTON;66 000 Ar;7,9;7,9;12;
1087;Huile de soja Hina 1L;PIECE;9 500 Ar;99;99;1;
1086;Huile de soja Hina 1L;CARTON;114 000 Ar;8,2;8,2;12;
16600247201;Huile de tournesol lafatra 1l;PIECE;10 500 Ar;72;72;1;
16600247202;Huile de tournesol lafatra 1l;CARTON;126 000 Ar;6;6;12;
16600224201;Huile de tournesol oscar 1L;PIECE;12 000 Ar;0;0;1;
16600224202;Huile de tournesol oscar 1L;CARTON;144 000 Ar;0;0;12;
16600183901;Huile ELVIA  importer 10L;JERYCAN;77 000 Ar;0;0;1;
16600148501;Huile evita 250cl;PIECE;2 600 Ar;3;3;1;
16600148502;Huile evita 250cl;CARTON;124 800 Ar;0,1;0,1;48;
16600077501;Huile rajah en jerycan 20L;JERYCAN;0 Ar;0;0;1;
16600259601;HUILE RAJAH JERYCAN 20L;JERYCAN;157 500 Ar;20;20;1;
16600259701;HUILE RAJAH LITRE ;LITRE;7 900 Ar;16,5;16,5;1;
16600115501;HUILE TOURNESOL 1L;PIECE;15 000 Ar;2;2;1;
16600115502;HUILE TOURNESOL 1L;CATON;225 000 Ar;0,1;0,1;15;
16600140401;Huile tournesol Coeur d'or  1L;PIECE;12 500 Ar;0;0;1;
16600140402;Huile tournesol Coeur d'or  1L;CARTON;149 000 Ar;0;0;12;
16600210201;Huile tournesol lusso 1L;PIECE;12 000 Ar;0;0;1;
16600210202;Huile tournesol lusso 1L;CARTON;144 000 Ar;0;0;12;
16600169501;Huile tournesol sunlife 1L;PIECE;10 000 Ar;1;1;1;
16600169502;Huile tournesol sunlife 1L;CARTON;120 000 Ar;0,1;0,1;12;
1022;HUILLE COCO;BIDON;57 000 Ar;0;0;1;
15600060702;HUILLE COCO;CRT;228 000 Ar;0;0;4;
16600124901;HUILLE RAJAH  En litre ;LITRE;8 000 Ar;0,9;0,9;1;
16600115401;HUILLE TOURNESOL 5L;PIECE;85 000 Ar;0;0;1;
15600080001;HUILOR EN CASTE;PCE;7 000 Ar;0;0;1;
15600080002;HUILOR EN CASTE;CRT;105 000 Ar;0;0;15;
13800233001;Ice Cream lollipop coloful 8g;BOITE;13 000 Ar;0;0;1;
13800270601;Ice cream sorbetes marshamallow 3g;SACHET;4 000 Ar;10;10;1;
13800185601;Ice pop drinks [ jus bocal ];BOCAL;10 000 Ar;7;7;1;
13800185602;Ice pop drinks [ jus bocal ];CARTON ;120 000 Ar;0,6;0,6;12;
13800075201;ICE SWEET;SHT;5 000 Ar;0;0;1;
15600249301;Impec vaisselle_fleur de cerisier maxi 1L;PIECE;3 200 Ar;4;4;1;
15600249302;Impec vaisselle_fleur de cerisier maxi 1L;CARTON;38 000 Ar;0,3;0,3;12;
15600249401;Impec vaisselle_menthe citron maxi 1L;PIECE;3 200 Ar;0;0;1;
15600249402;Impec vaisselle_menthe citron maxi 1L;CARTON;38 000 Ar;0;0;12;
15600249501;Impec vaisselle_pomme raisin maxi 1L;PIECE;3 200 Ar;47;47;1;
15600249502;Impec vaisselle_pomme raisin maxi 1L;CARTON;38 000 Ar;3,9;3,9;12;
15600240901;Impect gel wc bleu marine 500ml;PIECE;5 900 Ar;0;0;1;
15600241001;Impect gel wc floral 500ml;PIECE;5 900 Ar;0;0;1;
15600241101;Impect gel wc pin vert 500ml;PIECE;5 900 Ar;1;1;1;
15600124101;IMPECT NETTOYANT DESINFECTANT SOL 1L;PIECE;9 000 Ar;6;6;1;
15600262601;Impect vaisselle assorti midi 500ml;PIECE;2 200 Ar;43;43;1;
15600262602;Impect vaisselle assorti midi 500ml;CARTON;26 000 Ar;3,6;3,6;12;
15600225001;Insecticide attack multi propose;PIECE;8 500 Ar;115;115;1;
15600225002;Insecticide attack multi propose;BOITE;102 000 Ar;9,6;9,6;12;
15600225003;Insecticide attack multi propose;CARTON;408 000 Ar;2,4;2,4;48;
15600262201;Insecticide prochitox 300ml;PIECE;13 500 Ar;39;39;1;
15600262202;Insecticide prochitox 300ml;CARTON;320 000 Ar;1,6;1,6;24;
15600262301;Insecticide prochitox 600ml;PIECE;18 500 Ar;42;42;1;
15600262302;Insecticide prochitox 600ml;CARTON;320 000 Ar;1,8;1,8;24;
593;JABA;PAQUET;16 000 Ar;43;43;1;
592;JABA;CARTON;128 000 Ar;5,4;5,4;8;
15600218501;JABA CUBE POULET*24;PAQUET;9 500 Ar;3;3;1;
15600218502;JABA CUBE POULET*24;CARTON;228 000 Ar;0,1;0,1;24;
15600156001;Jaba cube Viande*24;PACQUET;9 500 Ar;2;2;1;
15600156002;Jaba cube Viande*24;CARTON;228 000 Ar;0,1;0,1;24;
15600155901;Jaba spice @ Bocal;PIECE;4 000 Ar;0;0;1;
15600155902;Jaba spice @ Bocal;PACQUET;16 000 Ar;0;0;4;
15600156101;Jaba viande vao;PACQUET;16 000 Ar;0;0;1;
15600156102;Jaba viande vao;CARTON;128 000 Ar;0;0;8;
15600166101;Jadida 1kg;BOITE;18 000 Ar;0;0;1;
15600166102;Jadida 1kg;CARTON;108 000 Ar;0;0;6;
15600166301;Jadida 2.5Kg;BOITE;42 000 Ar;4;4;1;
15600166302;Jadida 2.5Kg;CARTON ;167 000 Ar;1;1;4;
15600117401;JADIDA 2.5KG VAOVAO;BOITE;42 000 Ar;0;0;1;
15600117402;JADIDA 2.5KG VAOVAO;CARTON;168 000 Ar;0;0;4;
606;Jadida 250g ;PIECE;5 000 Ar;33;33;1;
605;Jadida 250g ;CARTON;80 000 Ar;2,1;2,1;16;
15600166201;Jadida 450g;BOITE;10 000 Ar;33;33;1;
15600166202;Jadida 450g;CARTON ;120 000 Ar;2,8;2,8;12;
15600197201;Jelly bean ;BOITE;12 000 Ar;0;0;1;
15600197202;Jelly bean ;CARTON;144 000 Ar;0;0;12;
13800202401;Jelly cup;SACHET;6 000 Ar;0;0;1;
13800202402;Jelly cup;CARTON;72 000 Ar;0;0;12;
13800224001;Jelly double eye 3d;BOCAL;22 000 Ar;10;10;1;
13800224002;Jelly double eye 3d;CARTON;264 000 Ar;0,8;0,8;12;
13800269301;Jelly fruit bocal 35*50g;BOCAL;17 500 Ar;3;3;1;
16900108201;Jelly fruit en bocal 3g*30pcs ;BOCAL;13 000 Ar;2;2;1;
16900108202;Jelly fruit en bocal 3g*30pcs ;CRT;78 000 Ar;0,3;0,3;6;
13800267701;Jelly fruit jus en bocal 3g*30pcs;BOCAL;13 000 Ar;6;6;1;
13800267702;Jelly fruit jus en bocal 3g*30pcs;CARTON;78 000 Ar;1;1;6;
15600269501;Jelly microphene en bocal 20*32g;BOCAL;11 500 Ar;10;10;1;
16900099601;JELLY STICK;SACHET;18 000 Ar;0;0;1;
16900099602;JELLY STICK;CRT;72 000 Ar;0;0;6;
485;JOGY;PIECE;3 000 Ar;0;0;1;
15600089901;Jolly jus 6*72;PACQUET;21 000 Ar;9;9;1;
15600089902;Jolly jus 6*72;CARTON;126 000 Ar;1,5;1,5;6;
16900238301;Jolly jus pm 6*40;PAQUET;13 000 Ar;0;0;1;
16900238302;Jolly jus pm 6*40;CARTON;78 000 Ar;0;0;6;
71;JUM PM;SACHET;3 000 Ar;0;0;1;
70;JUM PM;CARTON;15 000 Ar;0;0;6;
631;JUMBO POULET;BOITE;12 000 Ar;63;63;1;
632;JUMBO POULET;CARTON;288 000 Ar;2,6;2,6;24;
915;Jumbo viande;BTE;13 000 Ar;45;45;1;
914;Jumbo viande;CARTON;312 000 Ar;1,9;1,9;24;
15600256701;Jumbo vovony poulet en sht*8g;PIECE;250 Ar;578;578;1;
15600256702;Jumbo vovony poulet en sht*8g;PAQUET;2 500 Ar;57,8;57,8;10;
15600256703;Jumbo vovony poulet en sht*8g;CARTON;105 000 Ar;1,4;1,4;400;
67;JUMP GM;SACHET;11 700 Ar;10;10;1;
66;JUMP GM;BALLES;35 000 Ar;3,3;3,3;3;
13600074701;JUMP PM;SHT;7 500 Ar;1;1;1;
13800234001;Jus briquet lighter spray candy;BOITE;11 000 Ar;15;15;1;
13800234002;Jus briquet lighter spray candy;CARTON;264 000 Ar;0,9;0,9;16;
13700259801;Jus canette caprice bba 33cl;PIECE;2 000 Ar;45;45;1;
13700259802;Jus canette caprice bba 33cl;PAQUET;48 000 Ar;1,9;1,9;24;
13700259901;Jus canette caprice Orange 33cl;PIECE;2 000 Ar;67;67;1;
13700259902;Jus canette caprice Orange 33cl;PAQUET;48 000 Ar;2,8;2,8;24;
16900153501;JUS COCKTAIL GOLDEN;BOITE;9 000 Ar;0;0;1;
16900153502;JUS COCKTAIL GOLDEN;CARTON;108 000 Ar;0;0;12;
16900153503;JUS COCKTAIL GOLDEN;BALLE;216 000 Ar;0;0;24;
15600202301;Jus en boite toffee jelly;BOITE;11 000 Ar;0;0;1;
16900229101;Jus faragello cocktail 200ml;PIECE;1 500 Ar;0;0;1;
16900229201;Jus faragello guava 200ml;PIECE;1 500 Ar;0;0;1;
16900229202;Jus faragello guava 200ml;CARTON;38 000 Ar;0;0;27;
16900229001;Jus faragello mangue 200ml;PIECE;1 500 Ar;0;0;1;
16900229301;Jus faragello pomme 200ml;PIECE;1 500 Ar;0;0;1;
16900153601;JUS FRAISE GOLDEN;BOITE;9 000 Ar;0;0;1;
16900153602;JUS FRAISE GOLDEN;CARTON;108 000 Ar;0;0;12;
16900153603;JUS FRAISE GOLDEN;BALLE;216 000 Ar;0;0;24;
16900151301;Jus golden cocktail;BOITE;9 000 Ar;0;0;1;
16900151302;Jus golden cocktail;CARTON;108 000 Ar;0;0;12;
16900151303;Jus golden cocktail;BALLE;216 000 Ar;0;0;24;
16900151401;Jus golden coconut;BOITE;9 000 Ar;0;0;1;
16900151402;Jus golden coconut;CARTON;108 000 Ar;0;0;12;
16900151403;Jus golden coconut;BALLE;216 000 Ar;0;0;24;
16900151501;Jus golden fraise;BOITE;9 000 Ar;0;0;1;
16900151502;Jus golden fraise;CARTON;108 000 Ar;0;0;12;
16900151503;Jus golden fraise;BALLE;216 000 Ar;0;0;24;
16900151601;Jus golden lemon;BOITE;9 000 Ar;0;0;1;
16900151602;Jus golden lemon;CARTON;108 000 Ar;0;0;12;
16900151603;Jus golden lemon;BALLE;216 000 Ar;0;0;24;
16900151801;Jus golden orange;BOITE;9 000 Ar;0;0;1;
16900151802;Jus golden orange;CARTON;108 000 Ar;0;0;12;
16900151803;Jus golden orange;BALLE;216 000 Ar;0;0;24;
16900151701;Jus golden pineaple;BOITE;9 000 Ar;0;0;1;
16900151702;Jus golden pineaple;CARTON;108 000 Ar;0;0;12;
16900151703;Jus golden pineaple;BALLE;216 000 Ar;0;0;24;
16900133401;Jus le fruit the;PIECE;5 500 Ar;0;0;1;
16900153701;JUS LEMON GOLDEN ;BOITE;9 000 Ar;0;0;1;
16900153702;JUS LEMON GOLDEN ;CARTON;108 000 Ar;0;0;12;
16900153703;JUS LEMON GOLDEN ;BALLE;-;0;0;24;
1049;JUS LOLLY;SACHET;3 000 Ar;0;0;1;
16900188401;Jus mina ananas;BOITE;8 900 Ar;0;0;1;
16900188402;Jus mina ananas;CARTON;213 600 Ar;0;0;24;
16900199401;Jus mina banane;BOITE ;8 900 Ar;5;5;1;
16900199402;Jus mina banane;CARTON;213 600 Ar;0,2;0,2;24;
16800188101;Jus mina cocktail;BOITE;8 900 Ar;4;4;1;
16800188102;Jus mina cocktail;CARTON;213 600 Ar;0,2;0,2;24;
16900236401;Jus mina Coco;BOITE;8 900 Ar;0;0;1;
16900236402;Jus mina Coco;CARTON;213 600 Ar;0;0;24;
16900188201;Jus mina cola;BOITE;8 900 Ar;2;2;1;
16900188202;Jus mina cola;CARTON;213 600 Ar;0,1;0,1;24;
235;Jus mina fraise;BOITE;8 900 Ar;0;0;1;
16900014402;Jus mina fraise;CARTON;213 600 Ar;0;0;24;
16900199301;Jus mina lemon ;BOITE ;8 900 Ar;5;5;1;
16900199302;Jus mina lemon ;CARTON;213 600 Ar;0,2;0,2;24;
16900199501;Jus mina menthe;BOITE ;8 900 Ar;7;7;1;
16900199502;Jus mina menthe;CARTON;213 600 Ar;0,3;0,3;24;
16900188301;Jus mina orange;BOITE;8 900 Ar;0;0;1;
16900188302;Jus mina orange;CARTON;213 600 Ar;0;0;24;
16900153801;JUS ORANGE GOLDEN ;BOITE;9 000 Ar;0;0;1;
16900153802;JUS ORANGE GOLDEN ;CARTON;108 000 Ar;0;0;12;
16900153803;JUS ORANGE GOLDEN ;BALLE;-;0;0;24;
16900153901;JUS PINEAPLE GOLDEN ;BOITE;9 000 Ar;0;0;1;
16900153902;JUS PINEAPLE GOLDEN ;CARTON;108 000 Ar;0;0;12;
16900153903;JUS PINEAPLE GOLDEN ;BALLE;-;0;0;24;
16900246601;Jus pm jojo cocktail 200ml;PIECE;1 200 Ar;0;0;1;
16900246602;Jus pm jojo cocktail 200ml;CARTON;32 400 Ar;0;0;27;
16900247001;Jus pm jojo goyave 200ml;PIECE;1 200 Ar;0;0;1;
19900246801;Jus pm jojo mongo  200ml;PIECE;1 200 Ar;0;0;1;
16900246901;Jus pm jojo pomme 200ml;PIECE;1 200 Ar;0;0;1;
16900201401;Jus samia cola;BOITE ;8 000 Ar;0;0;1;
16900201402;Jus samia cola;CARTON;192 000 Ar;0;0;24;
16900201501;Jus samia fraise;BOITE;8 000 Ar;0;0;1;
16900201502;Jus samia fraise;CARTON;192 000 Ar;0;0;24;
16900201601;Jus samia lemon;BOITE;8 000 Ar;0;0;1;
16900201602;Jus samia lemon;CARTON;192 000 Ar;0;0;24;
16900201201;Jus samia mandarine ;BOITE;8 000 Ar;0;0;1;
16900201301;Jus samia orange ;BOITE;8 000 Ar;0;0;1;
16900201302;Jus samia orange ;CARTON;192 000 Ar;0;0;24;
15600093901;JUS SHAMPART;BOITES;8 800 Ar;6;6;1;
16900237101;Jus valore cocktail;BOITE;8 000 Ar;0;0;1;
16900237102;Jus valore cocktail;CARTON;192 000 Ar;0;0;24;
16900237201;Jus valore orange;BOITE;8 000 Ar;0;0;1;
16900237202;Jus valore orange;CARTON;192 000 Ar;0;0;24;
16900099201;JUS_CLARINETTE;PIECE;600 Ar;0;0;1;
15600077301;KABARO;SAC;239 000 Ar;0;0;1;
1045;KAHIER 50P TSOTRA;PAQUET;7 500 Ar;0;0;1;
1011;KANTO K5;CARTON;17 000 Ar;0;0;1;
987;KANTO K6;CARTON;15 000 Ar;0;0;1;
285;KAPA BATEUA;PAIRE;6 000 Ar;0;0;1;
283;KAPA BRESIL;PAIRE;4 000 Ar;0;0;1;
284;KAPA FLEURIS;PAIRE;4 000 Ar;0;0;1;
282;KAPA POINT2;PAIRE;3 000 Ar;0;0;1;
281;KAPA SPORT;PAIRE;6 000 Ar;0;0;1;
276;KAPA WITHE DOVE;PAIRE;3 000 Ar;0;0;1;
266;KAPANJAZA;PAIRE;2 000 Ar;0;0;1;
15500074001;KAROBONETRA;KG;3 500 Ar;0;0;1;
15500074002;KAROBONETRA;SAC;75 000 Ar;0;0;25;
321;Katsaka vaingany 50kg ;SAC;99 000 Ar;3;3;1;
15900181501;Katsaka vaingany en kapoaka;KAPOAKA;550 Ar;112;112;1;
21900111401;Katsaka voatoto 50kg;SAC;149 000 Ar;4;4;1;
15500121301;KATSAKA VOATOTO En kap;KPK;900 Ar;91;91;1;
20;KEON;SAC;45 000 Ar;0;0;1;
15600083501;KEON;PIECES;2 500 Ar;0;0;1;
1061;KETCHUP;PIECE;5 000 Ar;0;0;1;
15600063402;KETCHUP;CARTON;-;0;0;12;
17000172001;Ketchup europa 340g;BOUTEILLE;5 000 Ar;0;0;1;
17000172002;Ketchup europa 340g;CARTON;120 000 Ar;0;0;24;
15600210401;Ketchup milana squeezy 340g;PIECE;4 500 Ar;7;7;1;
15600210402;Ketchup milana squeezy 340g;CARTON;108 000 Ar;0,3;0,3;24;
13800256501;Kfp big toffee stawberry 200p*12boite;BOCAL;13 500 Ar;11;11;1;
13800256502;Kfp big toffee stawberry 200p*12boite;CARTON;162 000 Ar;0,9;0,9;12;
13800258101;Kfp fruit roll toffee 200pcs;BOCAL;14 000 Ar;0;0;1;
13800258102;Kfp fruit roll toffee 200pcs;CARTON;168 000 Ar;0;0;12;
13800239901;Kfp toffee gold 888 bocal*12;BOCAL;15 000 Ar;2;2;1;
13800239902;Kfp toffee gold 888 bocal*12;CARTON;180 000 Ar;0,2;0,2;12;
13800237501;Kfp toffee world flavoured;BOCAL;13 500 Ar;0;0;1;
13800237502;Kfp toffee world flavoured;CARTON;162 000 Ar;0;0;12;
13800226201;Kids joy en boite 12*33pcs;BOITE;16 000 Ar;5;5;1;
15600198101;King ice fruity;PAQUET;3 500 Ar;15;15;1;
15600198102;King ice fruity;CARTON ;140 000 Ar;0,4;0,4;40;
972;Kiong dark soy sauce 625ml;PIECE;11 500 Ar;19;19;1;
19500057102;Kiong dark soy sauce 625ml;CARTON;138 000 Ar;1,6;1,6;12;
13600114401;KIP COCO;SACHET;7 000 Ar;2;2;1;
13600114402;KIP COCO;CARTON;56 000 Ar;0,2;0,2;8;
13600154801;Kip coco en piece ;PIECE;1 400 Ar;5;5;1;
278;KIRANIL LUX;PAIRE;7 000 Ar;0;0;1;
15600076901;KIRANIL LUXE fotsy;PAIRE;10 000 Ar;0;0;1;
277;KIRANIL TSOTRA;PAIRE;8 000 Ar;0;0;1;
772;Kiso fohy _crocodille;PIECE;6 000 Ar;209;209;1;
771;Kiso fohy _crocodille;CARTON;288 000 Ar;4,4;4,4;48;
15600099001;KISO FOHY_DIAMANT;PIECE;6 000 Ar;6;6;1;
15600099002;KISO FOHY_DIAMANT;CARTON;0 Ar;0,1;0,1;48;
317;KISO KAROTY;PIECE;0 Ar;0;0;1;
1136;KISO LAVA CROCODILLE;PIECE;6 900 Ar;384;384;1;
579;KISO LAVA CROCODILLE;CARTON;331 000 Ar;8;8;48;
15600099101;Kiso Lava _crocodille;PIECE;7 000 Ar;18;18;1;
15600099102;Kiso Lava _crocodille;CARTON;336 000 Ar;0,4;0,4;48;
15600273301;Klin smart 1L Bleu;BOUTEILLE;20 000 Ar;4;4;1;
15600245001;Klin smart 30ml bleu;PIECE;400 Ar;106;106;1;
15600245002;Klin smart 30ml bleu;CARTON;62 400 Ar;0,7;0,7;156;
15600245101;Klin smart 30ml rose;PIECE;400 Ar;0;0;1;
15600245102;Klin smart 30ml rose;CARTON;62 400 Ar;0;0;156;
15600206601;Koba aina banane 35g;PIECE;700 Ar;29;29;1;
15600206602;Koba aina banane 35g;PAQUET;28 000 Ar;0,7;0,7;40;
15600206301;Koba aina fraise 35g;PIECE;700 Ar;3;3;1;
15600206302;Koba aina fraise 35g;PACQUET;28 000 Ar;0,1;0,1;40;
15600206401;Koba aina moosli 25g;PIECE;800 Ar;21;21;1;
15600206402;Koba aina moosli 25g;PAQUET;24 000 Ar;0,7;0,7;30;
15600206501;Koba aina nature 35g;PIECE;700 Ar;2;2;1;
15600206502;Koba aina nature 35g;PAQUET;28 000 Ar;0,1;0,1;40;
15600166801;Koba katsaka en kilos;KILOS;4 500 Ar;0;0;1;
19200169001;Kobam-bary 50kg;SAC;134 000 Ar;0;0;1;
19200157601;Kobam-bary en kilos ;KILOS;2 800 Ar;1;1;1;
985;KOFEHY;BOITE;1 200 Ar;0;0;1;
390;KOPIKO;SACHET;6 300 Ar;23;23;1;
389;KOPIKO;CARTON;150 000 Ar;1;1;24;
13800248201;Kopiko cafe black 3 in 1;PIECE;1 200 Ar;0;0;1;
13800248202;Kopiko cafe black 3 in 1;PAQUET;11 600 Ar;0;0;10;
13800248203;Kopiko cafe black 3 in 1;CARTON;139 000 Ar;0;0;120;
14200248301;Kopiko cafe brown 3 in 1;PIECE;1 200 Ar;26;26;1;
14200248302;Kopiko cafe brown 3 in 1;PAQUET;11 600 Ar;2,6;2,6;10;
14200248303;Kopiko cafe brown 3 in 1;CARTON;139 000 Ar;0,2;0,2;120;
13600160901;Krazy kreamz;PIECE;2 000 Ar;76;76;1;
13600160902;Krazy kreamz;CARTON;96 000 Ar;1,6;1,6;48;
15600150601;Kreamy 'n krunch;PIECE;500 Ar;5;5;1;
15600150602;Kreamy 'n krunch;BOITE;18 000 Ar;0,1;0,1;40;
13600113101;Kreamy wafer biscuits;BOITES;16 000 Ar;23;23;1;
13600113102;Kreamy wafer biscuits;CARTON;108 000 Ar;1,9;1,9;12;
13600152401;kreamy wafer biscuits (vao);BOCAL;15 000 Ar;12;12;1;
13600152402;kreamy wafer biscuits (vao);CARTON;90 000 Ar;2;2;6;
15600150201;Kreamy wafer biscuits En piece;PIECE;400 Ar;0;0;1;
13600131101;Krik krak;SACHET ;5 000 Ar;0;0;1;
13800260901;Kwt toffee assorted double decker violet ;BOCAL;15 000 Ar;0;0;1;
13800260902;Kwt toffee assorted double decker violet ;CARTON;120 000 Ar;0;0;8;
13800250401;Kwt toffee coconut 200p*12boite;BOCAL;13 500 Ar;0;0;1;
13800250402;Kwt toffee coconut 200p*12boite;CARTON;162 000 Ar;0;0;12;
13800243101;Kwt toffee coconut double decker bleu;BOCAL;15 000 Ar;6;6;1;
13800243102;Kwt toffee coconut double decker bleu;CARTON;120 000 Ar;0,8;0,8;8;
13800260501;Kwt toffee fruit jam decker 100 pcs;BOCAL;15 000 Ar;0;0;1;
13800260502;Kwt toffee fruit jam decker 100 pcs;CARTON;120 000 Ar;0;0;8;
13800243201;Kwt toffee hazelnut double decker orange;BOCAL;15 000 Ar;0;0;1;
13800243202;Kwt toffee hazelnut double decker orange;CARTON;120 000 Ar;0;0;8;
13800266801;Kwt toffee milk double decker marron en bocal;BOCAL;15 000 Ar;18;18;1;
13800266802;Kwt toffee milk double decker marron en bocal;CARTON;120 000 Ar;2,2;2,2;8;
13800243401;Kwt toffee strawberry double decker rose;BOCAL;15 000 Ar;23;23;1;
13800243402;Kwt toffee strawberry double decker rose;CARTON;120 000 Ar;2,9;2,9;8;
13800243301;Kwt trouffle milk en bocal jaune ;BOCAL;16 000 Ar;0;0;1;
13800243302;Kwt trouffle milk en bocal jaune ;CARTON;128 000 Ar;0;0;8;
15600145401;La vache quit rit 112g;BOITE;5 300 Ar;56;56;1;
15600145402;La vache quit rit 112g;CARTON;190 000 Ar;1,6;1,6;36;
15600169401;La vache quit rit en pcs;PIECE;700 Ar;3;3;1;
17300199601;Lait bonjour 250g*24;SACHET;9 600 Ar;19;19;1;
17300199602;Lait bonjour 250g*24;CARTON;230 400 Ar;0,8;0,8;24;
316;LALOSY PM;PIECE;4 000 Ar;0;0;1;
640;LAME BIC EN BOITE;BOITE;39 000 Ar;15;15;1;
15600266301;Lame dorco platinium stl300;PAQUET;15 000 Ar;98;98;1;
15600266302;Lame dorco platinium stl300;CARTON;150 000 Ar;1;1;100;
17400172801;Lame dorco titan stl300;PACQUET;15 000 Ar;0;0;1;
17400123901;LAME FLYING EAGLE BRAND;PACQUET;5 000 Ar;0;0;1;
13200098801;LAMPE FANALA PM;PIECE;10 000 Ar;18;18;1;
15600073101;LANTI ;KAPOAKA;2 000 Ar;0;0;1;
16900158701;Le fruit jus ananas;PIECE;5 500 Ar;0;0;1;
16900158702;Le fruit jus ananas;CARTON;66 000 Ar;0;0;12;
16900170601;Le fruit jus ananas 150ml*30;PIECE;1 000 Ar;28;28;1;
16900170602;Le fruit jus ananas 150ml*30;CARTON;30 000 Ar;0,9;0,9;30;
16900158601;Le fruit jus cocktail;PIECE;5 500 Ar;0;0;1;
16900158602;Le fruit jus cocktail;CARTON;66 000 Ar;0;0;12;
16900223101;Le fruit jus cocktail 150ml*30;PIECE;1 000 Ar;0;0;1;
16900223102;Le fruit jus cocktail 150ml*30;CARTON;30 000 Ar;0;0;30;
16900144701;Le fruit jus orange ;PIECE;5 500 Ar;0;0;1;
16900144702;Le fruit jus orange ;CARTON;66 000 Ar;0;0;12;
16900170501;Le fruit jus orange 150ml;PIECE;1 000 Ar;0;0;1;
16900170502;Le fruit jus orange 150ml;CARTON;30 000 Ar;0;0;30;
13700160301;Le fruit jus pomme;PIECE;5 500 Ar;0;0;1;
13700160302;Le fruit jus pomme;CARTON;66 000 Ar;0;0;12;
16900199801;Le fruit jus raisin ;PIECE;5 500 Ar;1;1;1;
16900199802;Le fruit jus raisin ;CARTON;66 000 Ar;0,1;0,1;12;
13800261101;Lemon bubble gum en bocal 115 pcs;BOCAL;12 000 Ar;10;10;1;
13800261102;Lemon bubble gum en bocal 115 pcs;CARTON;140 000 Ar;0,8;0,8;12;
17600086901;LEVURE ANGEL 11G;PIECE;500 Ar;6;6;1;
17600086902;LEVURE ANGEL 11G;PACQUES;4 000 Ar;0,6;0,6;10;
479;LEVURE CHIMIQUE  MENA;PAQUET;6 400 Ar;5;5;1;
890;LEVURE CHIMIQUE  MENA;CARTON;102 400 Ar;0,3;0,3;16;
15600187801;Levure Chimique mena en Pcs;PIECE;300 Ar;3;3;1;
14300110501;LEVURE HASMAYA 500G;BTS;13 000 Ar;69;69;1;
14300110502;LEVURE HASMAYA 500G;CARTON;260 000 Ar;3,5;3,5;20;
15600251701;Levure Hasmaya pm 125g;PCS;3 900 Ar;0;0;1;
15600251702;Levure Hasmaya pm 125g;BOITE;46 800 Ar;0;0;12;
15600251703;Levure Hasmaya pm 125g;CARTON;140 000 Ar;0;0;36;
15600084301;LEVURE IDEAL 125G;PIECE;3 900 Ar;66;66;1;
15600084302;LEVURE IDEAL 125G;BOITE;46 800 Ar;5,5;5,5;12;
15600084303;LEVURE IDEAL 125G;CARTON;93 600 Ar;2,8;2,8;24;
120;LEVURE IDEAL 500G;PIECE;12 900 Ar;61;61;1;
15600005802;LEVURE IDEAL 500G;CRT;258 000 Ar;3;3;20;
15600212001;Levure tsiro karbonetra;PAQUET ;4 500 Ar;16;16;1;
15600212002;Levure tsiro karbonetra;BALLE;45 000 Ar;1,6;1,6;10;
15600125301;LINGETTE PATAPON;PIECE;4 000 Ar;0;0;1;
15600189001;Lipstick choco flavor;BOITE;11 000 Ar;23;23;1;
15600189002;Lipstick choco flavor;CARTON;264 000 Ar;1;1;24;
13800184401;Lollipop bonjour chocolate;SACHET;8 500 Ar;0;0;1;
13800184501;Lollipop bonjour milk;SACHET;8 500 Ar;0;0;1;
13800184301;Lollipop cafe big bonbon;SACHET;8 500 Ar;0;0;1;
13800210701;Lollipop frosty bocal;BOCAL;18 000 Ar;6;6;1;
13800210702;Lollipop frosty bocal;CARTON;108 000 Ar;1;1;6;
13800270401;Lollipop jungle fun bocal;BOCAL;19 000 Ar;3;3;1;
13800149001;Lollipops candies bocal;BOCAL;16 000 Ar;0;0;1;
13800149002;Lollipops candies bocal;CARTON;192 000 Ar;0;0;12;
13800075701;LOLO CHOCO;BTE;7 000 Ar;0;0;1;
13800182501;Love heart pop;SACHET;3 500 Ar;0;0;1;
13800182502;Love heart pop;CARTON;70 000 Ar;0;0;24;
13800087801;LOVE POP SUCETTE;SACHET;2 900 Ar;0;0;1;
13800087802;LOVE POP SUCETTE;CARTON;58 000 Ar;0;0;20;
685;MA?ÄS DOUS KARN;BOITE;4 000 Ar;0;0;1;
684;MA?ÄS DOUS KARN;CARTON;0 Ar;0;0;24;
17800226501;Macarinie Rossini spirale 5kg;SAC;27 000 Ar;8;8;1;
15600205801;Macaroni bon pasta elbow;SAC;25 000 Ar;0;0;1;
17800103801;Macaroni champion Spirale 5kg;SAC;27 000 Ar;21;21;1;
15600082401;MACARONI CHERIE ;SACHET;2 700 Ar;0;0;1;
15600082402;MACARONI CHERIE ;CARTON;54 000 Ar;0;0;20;
134;MACARONI DOGA;SACHET;17 000 Ar;0;0;1;
799;MACARONI ELVIA;PIECE;2 000 Ar;0;0;1;
798;MACARONI ELVIA;CARTON;40 000 Ar;0;0;20;
17800234101;Macaroni felicia flamingo n47;SACHET;3 000 Ar;0;0;1;
17800234102;Macaroni felicia flamingo n47;CARTON;60 000 Ar;0;0;20;
17800228901;Macaroni francia coquillette 500g;SACHET;3 500 Ar;3;3;1;
17800228902;Macaroni francia coquillette 500g;CARTON;69 000 Ar;0,1;0,1;20;
17800187301;Macaroni francia spiral 500g;SACHET;3 200 Ar;3;3;1;
17800187302;Macaroni francia spiral 500g;CARTON;64 000 Ar;0,1;0,1;20;
17800187201;Macaroni francia tortie;SACHET;3 500 Ar;0;0;1;
17800187202;Macaroni francia tortie;CARTON;69 000 Ar;0;0;20;
142;MACARONI GEFCO;SACHET;17 000 Ar;0;0;1;
136;MACARONI LUCHINI;SACHET;18 000 Ar;0;0;1;
17800187101;Macaroni panzani fusilli 500g;SACHET;3 500 Ar;0;0;1;
17800187102;Macaroni panzani fusilli 500g;CARTON;70 000 Ar;0;0;20;
17800241301;Macaroni panzani Spiral 500g;SACHET;3 500 Ar;0;0;1;
17800241302;Macaroni panzani Spiral 500g;CARTON;70 000 Ar;0;0;20;
17800265301;Macaroni pastalino 5kg double twiste;SAC;27 000 Ar;5;5;1;
17800265401;Macaroni pastalino 5kg Fusilli;SAC;27 000 Ar;6;6;1;
17800209601;Macaroni Rossin Fusil 500g;SACHET;3 200 Ar;2;2;1;
17800209602;Macaroni Rossin Fusil 500g;CARTON;64 000 Ar;0,1;0,1;20;
15600080101;Macaroni Rossin Spiral 500g;SHT;3 200 Ar;4;4;1;
15600080102;Macaroni Rossin Spiral 500g;CRT;64 000 Ar;0,2;0,2;20;
15600205701;Macaroni rossini Spiral 5kg;SAC;27 000 Ar;6;6;1;
17800187401;Macaroni vermicelle 500g;SACHET;3 500 Ar;0;0;1;
17800187402;Macaroni vermicelle 500g;CARTON;70 000 Ar;0;0;20;
135;MACARONI VICTORIA;SACHET;19 000 Ar;0;0;1;
979;Macaronie bella vita fusilli;SAC;27 000 Ar;0;0;1;
17800082601;Macaronie bella vita spirale;SAC;27 000 Ar;16;16;1;
17800085201;MACARONIE FRANCIA;SACHES;3 500 Ar;0;0;1;
17800085202;MACARONIE FRANCIA;CARTONS;69 000 Ar;0;0;20;
540;MACARONIE MOMO;SACHET;19 000 Ar;0;0;1;
1099;MACARONIE PM;PIECE;2 500 Ar;0;0;1;
15600065702;MACARONIE PM;CRT;50 000 Ar;0;0;20;
17800108901;MACARONNI CHAMPION 450G;SHT;2 900 Ar;3;3;1;
17800108902;MACARONNI CHAMPION 450G;CRT;58 000 Ar;0,1;0,1;20;
226;MACHINE TOTOKENA N32;PIECE;70 000 Ar;0;0;1;
15600228301;Maestro chocolat lait noisettes;BOITE;70 000 Ar;0;0;1;
14700229501;Maestro chocolat lait noisettes pcs;PIECE;7 000 Ar;0;0;1;
15600168401;Maeva E20 pcs;PIECE;500 Ar;0;0;1;
19600257001;Maeva r50;CARTON;45 000 Ar;11;11;1;
13600248601;Magic roll choco veto 9g*100;BOITE;19 000 Ar;0;0;1;
13600248602;Magic roll choco veto 9g*100;CARTON;152 000 Ar;0;0;8;
13600248701;Magic roll fraise veto 9g*100;BOITE;19 000 Ar;0;0;1;
13600248702;Magic roll fraise veto 9g*100;CARTON;152 000 Ar;0;0;8;
13600248801;Magic roll vanille veto 9g*100;BOITE;19 000 Ar;0;0;1;
13600248802;Magic roll vanille veto 9g*100;CARTON;152 000 Ar;0;0;8;
15600240801;Mais doux bonjour 340g;BOITE;5 000 Ar;0;0;1;
15600240802;Mais doux bonjour 340g;CARTON;124 000 Ar;0;0;24;
15600186601;Mais doux europa 340g;BOITE;5 000 Ar;0;0;1;
15600262701;Mais doux isha 340g;PIECE;4 500 Ar;24;24;1;
15600262702;Mais doux isha 340g;CARTON;54 000 Ar;2;2;12;
15600160701;Mais doux leena;PIECE;5 000 Ar;0;0;1;
15600160702;Mais doux leena;CARTON;119 000 Ar;0;0;24;
15600166001;Mais doux soleil d'or 340g;BOITE;4 000 Ar;0;0;1;
15600166002;Mais doux soleil d'or 340g;CARTON;-;0;0;24;
15600238401;Maize en sachet 40*250g;SACHET;3 500 Ar;8;8;1;
15600238402;Maize en sachet 40*250g;CARTON;138 000 Ar;0,2;0,2;40;
15600238501;Maize etui en boite 20*350g;BOITE;5 300 Ar;6;6;1;
19200234601;Makalioka 32Kg;SAC;105 000 Ar;0;0;1;
15600263701;Mamangout cube  boeuf;PIECE;1 800 Ar;0;0;1;
15600263702;Mamangout cube  boeuf;BOITE;72 000 Ar;0;0;40;
15600263703;Mamangout cube  boeuf;CARTON;144 000 Ar;0;0;80;
15600220601;Mamangout cube poulet;PIECE;1 700 Ar;54;54;1;
15600220602;Mamangout cube poulet;BOITE;69 700 Ar;1,4;1,4;40;
15600220603;Mamangout cube poulet;CARTON;139 400 Ar;0,7;0,7;80;
327;MANIFOLD GM;PIECE;8 000 Ar;0;0;1;
328;MANIFOLD MN;PIECE;5 000 Ar;0;0;1;
400;MANIFOLD PM;PIECE;3 000 Ar;0;0;1;
13500226401;Margarine jad'or 250g;PIECE;4 200 Ar;49;49;1;
13500226402;Margarine jad'or 250g;CARTON;100 800 Ar;2;2;24;
13500110701;MARGARINE ULTRA 500G;PIECE;5 000 Ar;0;0;1;
13500110702;MARGARINE ULTRA 500G;CRT;120 000 Ar;0;0;24;
13600113501;MARIE LONDON;SACHET;8 000 Ar;0;0;1;
13600113502;MARIE LONDON;CARTON;32 000 Ar;0;0;4;
15600273501;Marker dollard noir;PIECE;2 000 Ar;12;12;1;
15600273502;Marker dollard noir;BOITE;24 000 Ar;1;1;12;
15600273601;Marker dollard rouge;PIECE;2 000 Ar;12;12;1;
15600273602;Marker dollard rouge;BOITE;24 000 Ar;1;1;12;
13800270701;Marshmallow cone barqullitas rellenas;BOCAL;16 500 Ar;12;12;1;
13800270702;Marshmallow cone barqullitas rellenas;CARTON;198 000 Ar;1;1;12;
15600266201;Marshmallows choco sandwich 13g;PAQUET;12 500 Ar;20;20;1;
15600266202;Marshmallows choco sandwich 13g;CARTON;250 000 Ar;1;1;20;
13800266101;Marshmallows colored sandwich 13g;PAQUET;12 500 Ar;19;19;1;
13800266102;Marshmallows colored sandwich 13g;CARTON;250 000 Ar;0,9;0,9;20;
188;MARTEAU HAZO;PIECE;10 000 Ar;3;3;1;
747;MARTEAU PLASTIQUE;PIECE;10 000 Ar;0;0;1;
15600078601;MATEZA M30 JAUNE;CRT;42 000 Ar;14;14;1;
15600221901;Mateza M30 jaune en pcs;PIECE;1 200 Ar;1;1;1;
15600078701;MATEZA M30 MARRON;CRT;42 000 Ar;9;9;1;
18100096101;Mauchoir à Jeter Blanc;PAQUET;3 000 Ar;21;21;1;
18100096102;Mauchoir à Jeter Blanc;CARTON;215 000 Ar;0,3;0,3;72;
15400095201;MAXAM BLANCHEUR;PQT ;11 500 Ar;0;0;1;
15400081501;MAXAM CHARBON;PQT;15 500 Ar;12;12;1;
15400081502;MAXAM CHARBON;CRT;372 000 Ar;0,5;0,5;24;
15400071101;MAXAM EN PCE;PCE;1 000 Ar;0;0;1;
15600162701;Maxam fluor 50g;PACQUET;13 900 Ar;27;27;1;
15600162702;Maxam fluor 50g;CARTON;333 600 Ar;1,1;1,1;24;
15600193801;Maxam herbal vert;PACQUET;19 000 Ar;2;2;1;
15600193802;Maxam herbal vert;CARTON;456 000 Ar;0,1;0,1;24;
15400095001;MAXAM MENTHE;PQT;11 500 Ar;0;0;1;
15600211901;Maxam mouthwash 100g;PAQUET;15 000 Ar;0;0;1;
15600211902;Maxam mouthwash 100g;CARTON;180 000 Ar;0;0;12;
15600214201;Maxam mouthwash en pcs;PIECE;2 500 Ar;0;0;1;
15400095101;MAXAM SOURIRE;PQT;11 500 Ar;0;0;1;
764;MAXAM TRIPLE ACTION;PAQUET;19 500 Ar;51;51;1;
763;MAXAM TRIPLE ACTION;CARTON;468 000 Ar;2,1;2,1;24;
15600077901;MAXAM VITAMIN;PTQ;10 000 Ar;0;0;1;
15400081601;MAXAME ALOE VERA;PQT;15 500 Ar;54;54;1;
15400081602;MAXAME ALOE VERA;CARTON;372 000 Ar;2,2;2,2;24;
1063;MAYONAISSE LESIEUR 235G ;PIECE;7 000 Ar;0;0;1;
15600063602;MAYONAISSE LESIEUR 235G ;CARTON;84 000 Ar;0;0;12;
1062;MAYONNAISE LESIEUR 475G ;PIECE;12 500 Ar;0;0;1;
15600063502;MAYONNAISE LESIEUR 475G ;CARTON;150 000 Ar;0;0;12;
17900118001;MAYONNAISE LESIEUR 710G;PIECE;18 000 Ar;0;0;1;
17900118002;MAYONNAISE LESIEUR 710G;CARTON;216 000 Ar;0;0;12;
15600253001;Menabolo aloe vera familly care 25g;PAQUET;14 000 Ar;0;0;1;
15600253002;Menabolo aloe vera familly care 25g;CARTON;140 000 Ar;0;0;10;
428;Menabolo aloe vera family care 50g;PAQUET;17 000 Ar;30;30;1;
15600028502;Menabolo aloe vera family care 50g;CARTON;170 000 Ar;3;3;10;
15600157801;Menabolo aloe vera_pm;PACQUET ;17 000 Ar;0;0;1;
15600157802;Menabolo aloe vera_pm;CARTON ;170 000 Ar;0;0;10;
15600223001;Menabolo avocat aloevera gm;PAQUET;32 500 Ar;7;7;1;
15600223002;Menabolo avocat aloevera gm;CARTON;260 000 Ar;0,9;0,9;8;
15600152801;Menabolo Baby care  _gm;PACQUET;32 500 Ar;2;2;1;
15600152802;Menabolo Baby care  _gm;CARTON;260 000 Ar;0,2;0,2;8;
15600191301;Menabolo baby care formula 55g;PACQUET;17 000 Ar;0;0;1;
15600191302;Menabolo baby care formula 55g;CARTON;170 000 Ar;0;0;10;
15600156501;Menabolo banane pm;PACQUET;17 000 Ar;40;40;1;
15600156502;Menabolo banane pm;CARTON;170 000 Ar;4;4;10;
15600138501;Menabolo Baobab  pm;PACQUET;17 000 Ar;0;0;1;
15600138502;Menabolo Baobab  pm;CARTON;170 000 Ar;0;0;10;
15600160601;Menabolo Beauty care aloevera  25g;PACQUET;14 000 Ar;59;59;1;
15600160602;Menabolo Beauty care aloevera  25g;CARTON;140 000 Ar;5,9;5,9;10;
15600218601;Menabolo Beauty care aloevera  gm;PAQUET;32 500 Ar;0;0;1;
15600218602;Menabolo Beauty care aloevera  gm;CARTON;260 000 Ar;0;0;8;
15600138601;Menabolo Beauty care aloevera  pm;PACQUET;17 000 Ar;40;40;1;
15600138602;Menabolo Beauty care aloevera  pm;CARTON;170 000 Ar;4;4;10;
15600254401;Menabolo beauty care avocat gm;PAQUET;32 500 Ar;2;2;1;
15600254402;Menabolo beauty care avocat gm;CARTON;260 000 Ar;0,2;0,2;8;
15600160001;Menabolo beauty care avocat pm;PACQUET;17 000 Ar;28;28;1;
15600160002;Menabolo beauty care avocat pm;CARTON;170 000 Ar;2,8;2,8;10;
15600222901;Menabolo beauty care banane gm;PAQUET;32 500 Ar;1;1;1;
15600222902;Menabolo beauty care banane gm;CARTON;260 000 Ar;0,1;0,1;8;
15600253101;Menabolo beauty care carotte 25g;PAQUET;14 000 Ar;0;0;1;
15600253102;Menabolo beauty care carotte 25g;CARTON;140 000 Ar;0;0;10;
15600255301;Menabolo beauty care carotte 50g;PAQUET;17 000 Ar;0;0;1;
15600255302;Menabolo beauty care carotte 50g;CARTON;170 000 Ar;0;0;10;
15600191401;Menabolo beauty care jojoba 50g;PACQUET;17 000 Ar;19;19;1;
15600191402;Menabolo beauty care jojoba 50g;CARTON;170 000 Ar;1,9;1,9;10;
15600209101;Menabolo beauty care jojoba gm;PAQUET;32 500 Ar;1;1;1;
15600209102;Menabolo beauty care jojoba gm;CARTON;260 000 Ar;0,1;0,1;8;
15600253201;Menabolo body lux 25g;PAQUET;14 000 Ar;3;3;1;
15600253202;Menabolo body lux 25g;CARTON;150 000 Ar;0,3;0,3;10;
15600254501;Menabolo body lux charmign 50g;PAQUET;17 000 Ar;4;4;1;
15600254502;Menabolo body lux charmign 50g;CARTON;170 000 Ar;0,4;0,4;10;
15600135701;Menabolo body Lux Gm;PACQUET;32 500 Ar;13;13;1;
15600135702;Menabolo body Lux Gm;CARTON;260 000 Ar;1,6;1,6;8;
15600129901;Menabolo body lux swahiba 50g;PACQUET;17 000 Ar;20;20;1;
15600129902;Menabolo body lux swahiba 50g;CARTON;170 000 Ar;2;2;10;
15600138201;Menabolo Boss  pm;PACQUET;17 000 Ar;0;0;1;
15600138202;Menabolo Boss  pm;CARTON;170 000 Ar;0;0;10;
15600253601;Menabolo Boss 25g;PAQUET;14 000 Ar;0;0;1;
15600253602;Menabolo Boss 25g;CARTON;140 000 Ar;0;0;10;
15600135201;Menabolo Boss gm;PACQUET;32 500 Ar;7;7;1;
15600135202;Menabolo Boss gm;CARTON;260 000 Ar;0,9;0,9;8;
15600208401;Menabolo carotte gm;PAQUET ;32 500 Ar;7;7;1;
15600208402;Menabolo carotte gm;CARTON;264 000 Ar;0,9;0,9;8;
15600152901;Menabolo Cocoa  gm;PACQUET;32 500 Ar;11;11;1;
15600152902;Menabolo Cocoa  gm;CARTON;260 000 Ar;1,4;1,4;8;
15600138401;Menabolo Cocoa  pm;PACQUET;17 000 Ar;0;0;1;
15600138402;Menabolo Cocoa  pm;CARTON;170 000 Ar;0;0;10;
15600167201;Menabolo cocoa butter  pm;PACQUET;17 000 Ar;17;17;1;
15600167202;Menabolo cocoa butter  pm;CARTON;170 000 Ar;1,7;1,7;10;
15600253301;Menabolo cocoa butter 25g;PAQUET;14 000 Ar;7;7;1;
15600253302;Menabolo cocoa butter 25g;CARTON;140 000 Ar;0,7;0,7;10;
15600253501;Menabolo coconut 25g;PAQUET;14 000 Ar;9;9;1;
15600253502;Menabolo coconut 25g;CARTON;140 000 Ar;0,9;0,9;10;
15600156701;Menabolo coconut gm;PACQUET;32 500 Ar;30;30;1;
15600156702;Menabolo coconut gm;CARTON;260 000 Ar;3,8;3,8;8;
15600253901;Menabolo coconut gm en pcs;PIECE;5 500 Ar;5;5;1;
15600138101;Menabolo Coconut pm;PACQUET;17 000 Ar;12;12;1;
15600138102;Menabolo Coconut pm;CARTON;170 000 Ar;1,2;1,2;10;
15600152101;Menabolo day tody carotte 50g;PACQUET;17 000 Ar;29;29;1;
15600152102;Menabolo day tody carotte 50g;CARTON;170 000 Ar;2,9;2,9;10;
15600252901;Menabolo ella 50g;PAQUET;17 000 Ar;9;9;1;
15600252902;Menabolo ella 50g;CARTON;170 000 Ar;0,9;0,9;10;
15600160101;Menabolo ella petroleum 55g;PACQUET;18 500 Ar;27;27;1;
15600160102;Menabolo ella petroleum 55g;CARTON ;185 000 Ar;2,7;2,7;10;
16700175001;Menabolo Family care  25g;PACQUET;15 000 Ar;0;0;1;
16700175002;Menabolo Family care  25g;CARTON;150 000 Ar;0;0;10;
15600135501;Menabolo Family care  gm;PACQUET;33 000 Ar;1;1;1;
15600135502;Menabolo Family care  gm;CARTON;264 000 Ar;0,1;0,1;8;
711;MENABOLO GM;PIECE;5 500 Ar;2;2;1;
429;MENABOLO GM;PAQUET;33 000 Ar;0,3;0,3;6;
15600028603;MENABOLO GM;CARTON;264 000 Ar;0;0;48;
15600211301;Menabolo goldy karita farehitra;PAQUET;5 000 Ar;0;0;1;
15600211401;Menabolo goldy orange amandes;PAQUET;5 000 Ar;0;0;1;
15600211402;Menabolo goldy orange amandes;BALLE;50 000 Ar;0;0;10;
15600211501;Menabolo goldy vert jojoba;PAQUET;5 000 Ar;0;0;1;
15600211601;Menabolo goldy vert karite;PAQUET;5 000 Ar;1;1;1;
15600170901;Menabolo herbal gm;PACQUE;33 000 Ar;0;0;1;
15600170902;Menabolo herbal gm;CARTON;264 000 Ar;0;0;8;
15600159701;Menabolo jojoba sara be;PACQUET ;8 500 Ar;1;1;1;
15600159702;Menabolo jojoba sara be;BALLE ;85 000 Ar;0,1;0,1;10;
15600138301;Menabolo Madame  pm;PACQUET;17 000 Ar;1;1;1;
15600138302;Menabolo Madame  pm;CARTON;170 000 Ar;0,1;0,1;10;
15600159801;Menabolo Madame 25gr;PACQUET;15 000 Ar;8;8;1;
15600159802;Menabolo Madame 25gr;CARTON;150 000 Ar;0,8;0,8;10;
15600253401;Menabolo madame desir 25g;PAQUET;15 000 Ar;15;15;1;
15600253402;Menabolo madame desir 25g;CARTON;150 000 Ar;1,5;1,5;10;
15600191601;Menabolo madame desire 50g ;PACQUET;17 000 Ar;10;10;1;
15600191602;Menabolo madame desire 50g ;CARTON;170 000 Ar;1;1;10;
15600135601;Menabolo Madame gm;PACQUET;32 500 Ar;14;14;1;
15600135602;Menabolo Madame gm;CARTON;260 000 Ar;1,8;1,8;8;
15600191501;Menabolo madame golg 50g;PACQUET;17 000 Ar;0;0;1;
15600191502;Menabolo madame golg 50g;CARTON;170 000 Ar;0;0;10;
15600223701;Menabolo madame golg gm;PAQUET;32 500 Ar;0;0;1;
15600223702;Menabolo madame golg gm;CARTON;260 000 Ar;0;0;8;
15600254301;Menabolo marina 50g;PAQUET;17 000 Ar;28;28;1;
15600254302;Menabolo marina 50g;CARTON;170 000 Ar;2,8;2,8;10;
15600159901;Menabolo medicare pm;PACQUET;17 000 Ar;0;0;1;
15600159902;Menabolo medicare pm;CARTON;170 000 Ar;0;0;10;
15600153001;Menabolo Moringa gm;PACQUET;32 500 Ar;8;8;1;
15600153002;Menabolo Moringa gm;CARTON;260 000 Ar;1;1;8;
15600272801;Menabolo moringa young gm;PAQUET;32 500 Ar;7;7;1;
15600272802;Menabolo moringa young gm;CARTON;260 000 Ar;0,9;0,9;8;
15600135401;Menabolo Podoa gm;PACQUET;32 500 Ar;0;0;1;
15600135402;Menabolo Podoa gm;CARTON;260 000 Ar;0;0;8;
15600152301;Menabolo Podoa pm;PACQUET;17 000 Ar;0;0;1;
15600152302;Menabolo Podoa pm;CARTON;170 000 Ar;0;0;10;
15600209801;Menabolo pommade gm  en pcs;PIECE;5 500 Ar;1;1;1;
15600167101;Menabolo shea butter  pm;PACQUET;17 000 Ar;6;6;1;
15600167102;Menabolo shea butter  pm;CARTON;170 000 Ar;0,6;0,6;10;
15600153101;Menabolo shea butter cocoa gm;PACQUET;32 500 Ar;15;15;1;
15600153102;Menabolo shea butter cocoa gm;CARTON;260 000 Ar;1,9;1,9;8;
15600135801;Menabolo SHEA butter gm;PACQUET;32 500 Ar;1;1;1;
15600135802;Menabolo SHEA butter gm;CARTON;260 000 Ar;0,1;0,1;8;
15600177501;Menabolo skala gm;PACQUET;32 500 Ar;13;13;1;
15600177502;Menabolo skala gm;CARTON;260 000 Ar;1,6;1,6;8;
15600263101;Menabolo Skala herbal 60ml;PAQUET;17 000 Ar;20;20;1;
15600263102;Menabolo Skala herbal 60ml;CARTON;170 000 Ar;2;2;10;
15600156601;Menabolo Skala pm;PACQUET;17 000 Ar;0;0;1;
15600156602;Menabolo Skala pm;CARTON;170 000 Ar;0;0;10;
15600250201;Menabolo stella 25g;PAQUET;14 000 Ar;3;3;1;
15600250202;Menabolo stella 25g;CARTON;140 000 Ar;0,3;0,3;10;
15600156801;Menabolo stella gm;PACQUET;32 500 Ar;16;16;1;
15600156802;Menabolo stella gm;CARTON;260 000 Ar;2;2;8;
15600152201;Menabolo stella pm;PACQUET;17 000 Ar;12;12;1;
15600152202;Menabolo stella pm;CARTON ;170 000 Ar;1,2;1,2;10;
15600250101;Menabolo vestiline pommade ;PAQUET;14 000 Ar;39;39;1;
15600250102;Menabolo vestiline pommade ;CARTON;140 000 Ar;3,9;3,9;10;
15600139901;Menabolo Vestline Aloe vera gm;PACQUET;32 500 Ar;0;0;1;
15600139902;Menabolo Vestline Aloe vera gm;CARTON;260 000 Ar;0;0;8;
15600166701;Menabolo vestline garlic gm 200g;PACQUET ;32 500 Ar;0;0;1;
15600166702;Menabolo vestline garlic gm 200g;CARTON ;260 000 Ar;0;0;8;
15600135301;Menabolo Vestline gm;PACQUET;32 500 Ar;19;19;1;
15600135302;Menabolo Vestline gm;CARTON;260 000 Ar;2,4;2,4;8;
15600250301;Menabolo vestline hair food avocado gm;PAQUET;32 500 Ar;8;8;1;
15600250302;Menabolo vestline hair food avocado gm;CARTON;260 000 Ar;1;1;8;
15600208501;Menabolo vestline lemon pm ;PAQUET;17 000 Ar;21;21;1;
15600208502;Menabolo vestline lemon pm ;CARTON;170 000 Ar;2,1;2,1;10;
15600129801;Menabolo vestline pm ;PACQUET;17 000 Ar;4;4;1;
15600129802;Menabolo vestline pm ;CARTON;170 000 Ar;0,4;0,4;10;
15600252801;Menabolo vestline pommade 50g;PAQUET;17 000 Ar;0;0;1;
15600252802;Menabolo vestline pommade 50g;CARTON;170 000 Ar;0;0;10;
15600164801;Menabolo vestline pommade gm;PACQUET;32 500 Ar;8;8;1;
15600164802;Menabolo vestline pommade gm;CARTON;260 000 Ar;1;1;8;
15600256801;Menabolo vestline rose 25g;PAQUET;14 000 Ar;13;13;1;
15600256802;Menabolo vestline rose 25g;CARTON;140 000 Ar;1,3;1,3;10;
15600160201;Menabolo viocare gm;PACQUET;32 500 Ar;30;30;1;
15600160202;Menabolo viocare gm;CARTON;260 000 Ar;3,8;3,8;8;
15600206701;Menaka kinana papaye sara be;PAQUET;8 500 Ar;0;0;1;
15600206702;Menaka kinana papaye sara be;BALLE;85 000 Ar;0;0;10;
15600207601;Menaka kinana papaye sara be Pcs;PIECE;220 Ar;3;3;1;
15600206801;Menaka kinana sara be;PAQUET;8 500 Ar;0;0;1;
15600206802;Menaka kinana sara be;BALLE;85 000 Ar;0;0;10;
15600207701;Menaka kinana sara be Pcs;PIECE;150 Ar;0;0;1;
15400106001;MERIELCE  ALOE VERA 130G;PQT;13 000 Ar;0;0;1;
219;MESURE 1L;PIECE;4 500 Ar;0;0;1;
15600168901;Meva m27 pcs;PIECE;600 Ar;0;0;1;
15600096201;MILANA POULET;BTS;9 000 Ar;0;0;1;
15600096202;MILANA POULET;CRT;72 000 Ar;0;0;8;
15600268401;Milay be mini bar fromage 24pcs*10;SACHET;9 000 Ar;1;1;1;
15600268301;Milay be rouleau de coquillage 24pcs*20;SACHET;9 000 Ar;6;6;1;
13600213201;Milk paste likme-likme;SACHET;4 500 Ar;27;27;1;
13600213202;Milk paste likme-likme;CARTON;225 000 Ar;0,5;0,5;50;
15600243001;Milk stick chocolate flavour 2.5g;SACHET;2 500 Ar;0;0;1;
18900242801;Milk stick orange flavour 2.5g;SACHET;2 500 Ar;0;0;1;
15600242901;Milk stick strawberry flavour 2.5g;SACHET;2 500 Ar;0;0;1;
15600204201;Milk stik pure veto;SACHET;3 800 Ar;0;0;1;
15600204202;Milk stik pure veto;CARTON;190 000 Ar;0;0;50;
13800095301;Milkee power 2.8G;SACHET;2 900 Ar;117;117;1;
13800095302;Milkee power 2.8G;CARTON;116 000 Ar;2,9;2,9;40;
13800212201;Milki balls kiddies 420G;BOCAL;17 500 Ar;2;2;1;
13800212202;Milki balls kiddies 420G;CARTON;210 000 Ar;0,2;0,2;12;
15600202201;Milky creamer monde 15g;PIECE;600 Ar;326;326;1;
15600202202;Milky creamer monde 15g;CARTON;136 800 Ar;1,1;1,1;288;
13800242401;Milky lollipop cartoon;BOITE;12 000 Ar;0;0;1;
13600103001;MILKY_STIK;BOCAL;8 500 Ar;0;0;1;
13600103002;MILKY_STIK;CARTON;300 000 Ar;0;0;18;
15600141701;Mimi snacks;PACQUET;5 500 Ar;0;0;1;
15600142201;Mimi snacks en piece;PIECE;200 Ar;0;0;1;
13800076101;MINI BUTTERFLY;BTE;14 900 Ar;1;1;1;
999;MINI CHOCO;PIECE;200 Ar;8;8;1;
766;MINI CHOCO;PAQUET;3 500 Ar;0,8;0,8;10;
765;MINI CHOCO;CARTON;126 000 Ar;0;0;360;
14700132901;Mini Choco  noire new;SACHET;3 500 Ar;47;47;1;
14700132902;Mini Choco  noire new;CARTON;126 000 Ar;1,3;1,3;36;
14700173001;Mini choco 16 carre;SACHET;8 000 Ar;12;12;1;
14700173002;Mini choco 16 carre;CARTON;96 000 Ar;1;1;12;
15600204101;Mini cracker cheese flavoured 227g;BOCAL;4 500 Ar;0;0;1;
15600204102;Mini cracker cheese flavoured 227g;CARTON;54 000 Ar;0;0;12;
13800113901;MINI JELLY STICK EN BCL;BOCAL ;18 500 Ar;0;0;1;
15600074201;MIRA 750ML;PCE;3 200 Ar;0;0;1;
15600074202;MIRA 750ML;CRT;25 500 Ar;0;0;8;
1130;Mira lave vitre 750ml;PIECE;5 000 Ar;22;22;1;
15600067802;Mira lave vitre 750ml;CARTON;39 000 Ar;2,8;2,8;8;
15600193301;Mira maika assorti 1/4L;PIECE;1 100 Ar;24;24;1;
15600193302;Mira maika assorti 1/4L;PACQUET ;16 500 Ar;1,6;1,6;15;
1131;Mira max ultra dégraissante 1L;PIECE;3 500 Ar;30;30;1;
15600067902;Mira max ultra dégraissante 1L;CARTON;28 000 Ar;3,8;3,8;8;
15500073501;MIRA VAISEL 500ML;PCE;2 200 Ar;0;0;1;
15500073502;MIRA VAISEL 500ML;CRT;33 000 Ar;0;0;15;
15500104401;MIRA VAISSELLE MAIKA 0.25L;PCS;1 100 Ar;0;0;1;
15500104402;MIRA VAISSELLE MAIKA 0.25L;CRT;33 000 Ar;0;0;30;
15500077401;MIRA VITRE;PCE;3 500 Ar;0;0;1;
15600233901;Mister boom elastico;SACHET;4 400 Ar;19;19;1;
15600233902;Mister boom elastico;CARTON;70 400 Ar;1,2;1,2;16;
13800196701;Mix fruit kiddo;SACHET;2 500 Ar;0;0;1;
13800196702;Mix fruit kiddo;CARTON;50 000 Ar;0;0;20;
13800225301;Mix fruit pop royale;SACHET ;2 500 Ar;0;0;1;
13800225302;Mix fruit pop royale;CARTON;50 000 Ar;0;0;20;
15100157301;Molfix junoir 4x30 n°5;PACQUET;29 800 Ar;1;1;1;
15100157302;Molfix junoir 4x30 n°5;BALLE;119 000 Ar;0,2;0,2;4;
15100162801;Molfix midi 10x9 n°3;PACQUET;7 200 Ar;2;2;1;
15100162802;Molfix midi 10x9 n°3;BALLES;72 000 Ar;0,2;0,2;10;
15100142701;Molfix pants culottes midi 4x36 n°3;PACQUET;30 000 Ar;2;2;1;
15100142702;Molfix pants culottes midi 4x36 n°3;BALLE;120 000 Ar;0,5;0,5;4;
15100264301;Molfix pants culottes midi n°3 en piece;PIECE;900 Ar;84;84;1;
15100142601;Molfix twin kulot maxi 4x32 n°4;PACQUET;30 000 Ar;11;11;1;
15100142602;Molfix twin kulot maxi 4x32 n°4;BALLE;120 000 Ar;2,8;2,8;4;
15600220301;Mosquito anita citronel;PAQUET ;1 900 Ar;2;2;1;
15600220302;Mosquito anita citronel;BOITE;22 000 Ar;0,2;0,2;12;
562;MOSQUITO ATTACK;BOITE;1 800 Ar;151;151;1;
563;MOSQUITO ATTACK;CTR;108 000 Ar;2,5;2,5;60;
15600220101;Mosquito france stick;PAQUET;2 700 Ar;6;6;1;
15600220102;Mosquito france stick;CARTON;160 000 Ar;0,1;0,1;60;
18100163701;Mouchoir à jeter Top ;PACQUET;3 500 Ar;5;5;1;
18100163702;Mouchoir à jeter Top ;BALLES;70 000 Ar;0,2;0,2;20;
15600195401;Moutarde lesieur 260g;PIECE;8 300 Ar;0;0;1;
15600214601;Mr propre bleu coton;PIECE;19 000 Ar;5;5;1;
15600214501;Mr propre jaune citron ;PIECE;19 000 Ar;4;4;1;
15500073801;mura 750ml;PCE;2 500 Ar;0;0;1;
15500073802;mura 750ml;CRT;20 000 Ar;0;0;8;
187;MY LEIDIE;PAQUET;2 000 Ar;0;0;1;
13800244701;Nect Choco caramel pop;SACHET;5 000 Ar;0;0;1;
13800244702;Nect Choco caramel pop;CARTON;80 000 Ar;0;0;16;
13800244601;Nect xtra painter xxl ;SACHET;5 000 Ar;0;0;1;
13800244602;Nect xtra painter xxl ;CARTON;80 000 Ar;0;0;16;
13800257701;Nect yum yum orange 20*50pcs;SACHET;2 500 Ar;0;0;1;
13800257702;Nect yum yum orange 20*50pcs;CARTON;50 000 Ar;0;0;20;
13800257601;Nect yum yum pineapple  20*50pcs;SACHET;2 500 Ar;0;0;1;
13800257602;Nect yum yum pineapple  20*50pcs;CARTON;50 000 Ar;0;0;20;
13800257501;Nect yum yum Strawberry 20*50pcs;SACHET;2 500 Ar;0;0;1;
13800257502;Nect yum yum Strawberry 20*50pcs;CARTON;50 000 Ar;0;0;20;
13800257401;Nect yum yum yogurt 20*50pcs;SACHET;2 500 Ar;0;0;1;
13800257402;Nect yum yum yogurt 20*50pcs;CARTON;50 000 Ar;0;0;20;
14200260201;Nescafé classic en bocal 50g;BOCAL;17 000 Ar;22;22;1;
14200260202;Nescafé classic en bocal 50g;CARTON ;408 000 Ar;0,9;0,9;24;
14200260001;Nescafe classic en sachet 1.5g;PIECE;300 Ar;544;544;1;
14200260002;Nescafe classic en sachet 1.5g;PAQUET;22 500 Ar;6,5;6,5;84;
14200260003;Nescafe classic en sachet 1.5g;CARTON;135 000 Ar;1,1;1,1;504;
14700260301;Nesquik 200g;PIECE;14 000 Ar;7;7;1;
14700260302;Nesquik 200g;CARTON;168 000 Ar;0,6;0,6;12;
15600231701;Nesquik 420g;BOITE;25 000 Ar;0;0;1;
15600182401;Nesquik 500g ;BOCAL;22 000 Ar;0;0;1;
1089;NETOI;PIECE;2 500 Ar;2;2;1;
1088;NETOI;PAQUET;25 000 Ar;0,2;0,2;10;
15600207201;Nicke super javel 12° chl 1L ;PIECE;6 000 Ar;10;10;1;
15600207202;Nicke super javel 12° chl 1L ;PAQUET;60 000 Ar;1;1;10;
15600233501;Nickel bleu nettoyant multi-usage 1L;PIECE;5 500 Ar;59;59;1;
15600233502;Nickel bleu nettoyant multi-usage 1L;PAQUET;80 000 Ar;3,9;3,9;15;
15600262401;Nickel detartrant 12*1L;PIECE;5 000 Ar;24;24;1;
15600262402;Nickel detartrant 12*1L;PAQUET;60 000 Ar;2;2;12;
15600181901;Nickel lave sol 1L;PIECE;6 000 Ar;0;0;1;
15600213601;Nickel lave vitre 750ml;PIECE;4 800 Ar;0;0;1;
15600213602;Nickel lave vitre 750ml;PAQUET;72 000 Ar;0;0;15;
15600261201;Nickel liquide vaisselle ass12*500ml;PIECE;2 500 Ar;80;80;1;
15600261202;Nickel liquide vaisselle ass12*500ml;PAQUET;30 000 Ar;6,7;6,7;12;
15600104101;NICKEL VAISSELLE 500ML;PIECE;2 500 Ar;63;63;1;
15600104102;NICKEL VAISSELLE 500ML;PQT;62 000 Ar;2,5;2,5;25;
298;Nickel vaisselle jaune 1L;PIECE;3 600 Ar;0;0;1;
733;Nickel vaisselle jaune 1L;PAQUET;54 000 Ar;0;0;15;
15600255701;Nickel vaisselle jaune 1l*12 jaune citron;PIECE;3 800 Ar;0;0;1;
15600255702;Nickel vaisselle jaune 1l*12 jaune citron;PAQUET;45 600 Ar;0;0;12;
15600255801;Nickel vaisselle jaune 1l*12 vanille marron;PIECE;3 800 Ar;1;1;1;
15600255802;Nickel vaisselle jaune 1l*12 vanille marron;PAQUET;45 600 Ar;0,1;0,1;12;
15600136901;Nickel vaisselle Vert pomme 1L;PIECE;3 600 Ar;21;21;1;
15600136902;Nickel vaisselle Vert pomme 1L;PACQUET;54 000 Ar;1,4;1,4;15;
15600181801;Nickel wc 500ml;PIECE;7 000 Ar;1;1;1;
15600181802;Nickel wc 500ml;PACQUET;105 000 Ar;0,1;0,1;15;
21700096501;NOKIA MISY CAMERA;PIECE;50 000 Ar;0;0;1;
21700096401;NOKIA TSOTRA;PIECE;30 000 Ar;0;0;1;
940;NOSY  CARE GM P8P;PIECE;4 900 Ar;84;84;1;
1027;NOSY  CARE GM P8P;CARTON;117 000 Ar;3,5;3,5;24;
146;Nosy B;PIECE;3 800 Ar;82;82;1;
938;Nosy B;CARTON;102 000 Ar;3;3;27;
937;NOSY B52 bara;BARRE;12 000 Ar;25;25;1;
936;NOSY B52 bara;CARTON;144 000 Ar;2,1;2,1;12;
668;Nosy kelly;PIECE;1 600 Ar;216;216;1;
939;Nosy kelly;CARTON;115 200 Ar;3;3;72;
18700256201;Nouille 2x sukses's bleu oignon 115g;CARTON;47 000 Ar;21;21;1;
18700147301;Nouille 2x sukses's En Piece;PIECE;2 000 Ar;21;21;1;
18700147001;Nouille 2x sukses's jaune carry 115g;CARTON;46 000 Ar;7;7;1;
15600072701;Nouilles 138;SACHET;4 900 Ar;42;42;1;
15600072702;Nouilles 138;CARTON;117 600 Ar;1,8;1,8;24;
18700154001;Nouilles illico 60pcs;CATRON;51 500 Ar;1;1;1;
18700188601;Nouilles Pate Wana 80g;CARTON;53 000 Ar;9;9;1;
18700173401;Nouilles presto 60pcs;CARTON;56 500 Ar;4;4;1;
18700256301;Nouilles Sedaap korean spice chicken;PIECE;11 000 Ar;95;95;1;
18700256302;Nouilles Sedaap korean spice chicken;CARTON;87 000 Ar;11,9;11,9;8;
13800231601;Nura f bon frooty;BOCAL;13 000 Ar;0;0;1;
13800231602;Nura f bon frooty;CARTON;104 000 Ar;0;0;8;
15600087501;NURSE 2-900G;BOITE;59 000 Ar;2;2;1;
1138;NURSIE 1 -400;BOITE;28 000 Ar;5;5;1;
1139;NURSIE 1 -900 gm;BOITE;59 000 Ar;3;3;1;
1137;NURSIE 2 -400;BOITE;28 000 Ar;6;6;1;
14700268901;Nyra chocolay velvet truffles;BOCAL;16 000 Ar;4;4;1;
13800232601;Nyra coconut cube;BOITE;15 000 Ar;26;26;1;
13800232602;Nyra coconut cube;CARTON;180 000 Ar;2,2;2,2;12;
13800269901;Nyra crunch milk balls 125g;BOCAL;7 800 Ar;36;36;1;
13800269902;Nyra crunch milk balls 125g;CARTON;280 800 Ar;1;1;36;
14700245301;Nyra elro choco ;BOITE;11 000 Ar;0;0;1;
14700245302;Nyra elro choco ;CARTON;264 000 Ar;0;0;24;
14700247101;Nyra elro choco 12bte fisaka;BOITE;14 000 Ar;8;8;1;
14700247102;Nyra elro choco 12bte fisaka;CARTON;168 000 Ar;0,7;0,7;12;
14700245401;Nyra elro milk;BOITE;11 000 Ar;3;3;1;
14700245402;Nyra elro milk;CARTON;264 000 Ar;0,1;0,1;24;
13800266901;Nyra fruit burst ass 12*200pcs;BOCAL;13 500 Ar;11;11;1;
13800266902;Nyra fruit burst ass 12*200pcs;CARTON;160 000 Ar;0,9;0,9;12;
13800233401;Nyra royale creme candy 12 jar;BOCAL;15 000 Ar;0;0;1;
13800233402;Nyra royale creme candy 12 jar;CARTON;180 000 Ar;0;0;12;
13800260801;Nyra swissland 125pcs;BOCAL;17 000 Ar;0;0;1;
13800260802;Nyra swissland 125pcs;CARTON;204 000 Ar;0;0;12;
13800244101;Nyra toffilo 100p*20;SACHET;3 500 Ar;2;2;1;
13800244102;Nyra toffilo 100p*20;CARTON;70 000 Ar;0,1;0,1;20;
13800260401;Nyra valentine 150pcs;BOCAL;22 000 Ar;0;0;1;
13800260402;Nyra valentine 150pcs;CARTON;264 000 Ar;0;0;12;
13800246501;Nyra yogi yogi 50 original;SACHET;2 800 Ar;2;2;1;
13800246502;Nyra yogi yogi 50 original;CARTON;112 000 Ar;0,1;0,1;40;
14700266401;Ok choco milk cube pops ass bocal*200pcs;BOCAL;13 000 Ar;11;11;1;
14700266402;Ok choco milk cube pops ass bocal*200pcs;CARTON;156 000 Ar;0,9;0,9;12;
13800257901;Ok eye ball gummy candy*30pcs;BOCAL;8 500 Ar;13;13;1;
13800257902;Ok eye ball gummy candy*30pcs;CARTON;170 000 Ar;0,7;0,7;20;
13800237601;Ok football chocolate EN pcs;PIECE;100 Ar;0;0;1;
13800236701;Ok football chocolate*100pcs;BOCAL;9 000 Ar;10;10;1;
13800236702;Ok football chocolate*100pcs;CARTON;216 000 Ar;0,4;0,4;24;
15600265501;Ok ice sweet 30pqt;PAQUET;4 900 Ar;11;11;1;
15600265502;Ok ice sweet 30pqt;CARTON;147 000 Ar;0,4;0,4;30;
315;ONDROKA LUX;PIECE;4 000 Ar;0;0;1;
307;ONDROKA MAKARAKARA;PIECE;3 000 Ar;2;2;1;
15600197501;Pail candy;PACQUET;10 000 Ar;0;0;1;
179;Paille de fer;PAQUET;1 700 Ar;3;3;1;
15100122001;PAMPERS N°2,5 EN PIECE;PIECE;600 Ar;0;0;1;
15100139301;Pampers N°3 culotte midi;PACQUET;37 000 Ar;0;0;1;
15100139701;PAMPERS N°4 ( 4 X 32 );PACQUET;37 000 Ar;0;0;1;
311;PANEAU JAUNE;PIECE;120 000 Ar;0;0;1;
15600162401;Papier Dolphin A4;RAMME;22 000 Ar;0;0;1;
15600162402;Papier Dolphin A4;CARTON ;110 000 Ar;0;0;5;
18500194001;Papier epaper;RAM;22 000 Ar;1;1;1;
18500194002;Papier epaper;CARTON;110 000 Ar;0,2;0,2;5;
18500176201;Papier hygienique doucy;PACQUET;7 900 Ar;0;0;1;
18600176301;Papier hygienique lys;PACQUET;5 200 Ar;0;0;1;
15600226701;Papier hygienique lys En pcs;PIECE;900 Ar;0;0;1;
476;Papier ik copy A4;RAME;23 000 Ar;9;9;1;
475;Papier ik copy A4;CARTON;115 000 Ar;1,8;1,8;5;
15600216801;Papier pro print A4;RAM;21 000 Ar;0;0;1;
15600216802;Papier pro print A4;CARTON;105 000 Ar;0;0;5;
15600152701;Papier velin bleu;RAM;21 000 Ar;0;0;1;
15600152702;Papier velin bleu;CARTON;105 000 Ar;0;0;5;
271;PARASOL ARC;PIECE;10 000 Ar;0;0;1;
15600160801;Parfum;PIECE;2 000 Ar;23;23;1;
15600160802;Parfum;PACQUET;24 000 Ar;1,9;1,9;12;
15600160803;Parfum;CARTON;288 000 Ar;0,2;0,2;144;
15100214001;Patapon bleu couche l9 (9-18kg);PAQUET;5 800 Ar;20;20;1;
15100214002;Patapon bleu couche l9 (9-18kg);BALLE;139 200 Ar;0,8;0,8;24;
15100157901;Patapon cullote L10;PACQUET;11 000 Ar;6;6;1;
15100157902;Patapon cullote L10;BALLE;264 000 Ar;0,2;0,2;24;
15100163401;Patapon maxi bleu l28 (9-18kg);PACQUET;18 000 Ar;1;1;1;
15100163402;Patapon maxi bleu l28 (9-18kg);BALLES;144 000 Ar;0,2;0,2;6;
217;Patapon midi orange m30 (5-11kg);PAQUET;18 000 Ar;0;0;1;
521;Patapon midi orange m30 (5-11kg);BALLE;144 000 Ar;0;0;8;
15100111301;PATAPON PM;PIECE;600 Ar;0;0;1;
15100111302;PATAPON PM;PACQUE;6 000 Ar;0;0;9;
15100111303;PATAPON PM;CARTON;144 000 Ar;0;0;216;
991;PATATI PATATA;SACHET;7 000 Ar;0;0;1;
594;Pate apollo ;CARTON;32 000 Ar;0;0;1;
15600148901;Pate apollo En piece;PIECE;800 Ar;20;20;1;
18700158901;Pate egg noodle 400g red river;PIECE;7 500 Ar;17;17;1;
18700158902;Pate egg noodle 400g red river;CARTON ;270 000 Ar;0,6;0,6;30;
1156;PATE HAKA;CARTON;35 000 Ar;1;1;1;
18700070701;Pate illico 60 pcs;CRT;55 000 Ar;0;0;1;
133;PATE MIYA;CARTON;32 000 Ar;0;0;1;
18700158801;Pate nouille aux oeufs 250gr 1er choix;PIECE;3 500 Ar;1;1;1;
18700158802;Pate nouille aux oeufs 250gr 1er choix;CARTON;120 000 Ar;0;0;30;
18700154701;PATE PREMIER MILAY;CARTON;30 000 Ar;12;12;1;
474;Pate premier prix;CARTON;35 000 Ar;10;10;1;
131;PATE RONI;CARTON;37 000 Ar;0;0;1;
610;Pate salone matsiro ;CARTON;39 000 Ar;20;20;1;
15600082101;PATE SALONE NAKA;CRT;36 000 Ar;19;19;1;
18700120701;Pate Sedaap En  Pcs;PIECE;1 800 Ar;15;15;1;
123;Pate Sedaap Supreme;CARTON;70 000 Ar;36;36;1;
846;PATE YUMMY;PIECE;600 Ar;0;0;1;
129;PATE YUMMY;CARTON;35 000 Ar;0;0;60;
13800257801;Pe ice cream mama tik tok pop 100p*12bag;BOCAL;12 000 Ar;12;12;1;
13800257802;Pe ice cream mama tik tok pop 100p*12bag;CARTON;144 000 Ar;1;1;12;
1083;PECTO BE;SACHET;4 500 Ar;37;37;1;
1082;PECTO BE;CARTON;72 000 Ar;2,3;2,3;16;
1098;PECTO PM;SACHET;2 600 Ar;180;180;1;
1097;PECTO PM;SAC;208 000 Ar;2,2;2,2;80;
228;PEINTURE 1KG;PIECE;19 000 Ar;0;0;1;
229;PEINTURE 3KG;PIECE;59 000 Ar;0;0;1;
230;PEINTURE PM;PIECE;6 000 Ar;0;0;1;
13800233301;Pen finger hard candy 3g;PAQUET;12 000 Ar;0;0;1;
13800108401;PENGUIM CHOCO;PQT;15 700 Ar;0;0;1;
13800108402;PENGUIM CHOCO;CRT;562 000 Ar;0;0;36;
20200114901;PERFIT;PACQUET;3 900 Ar;187;187;1;
20200114902;PERFIT;CARTON;140 000 Ar;5,2;5,2;36;
15600141501;Petit pizza;SACHET;10 000 Ar;1;1;1;
15600141901;Petit pizza en pcs;PIECE;900 Ar;0;0;1;
487;Pétrole  250L;LITRE;4 200 Ar;265,5;265,5;1;
15600032402;Pétrole  250L;TONELET;1 050 000 Ar;1,1;1,1;250;
99;Pile Alkaline Ir6 aorata7;BOITE;15 000 Ar;0;0;1;
18800004902;Pile Alkaline Ir6 aorata7;CARTON;225 000 Ar;0;0;15;
15600172901;Pile champion r6;BOITE;6 000 Ar;0;0;1;
15600172902;Pile champion r6;CARTON;150 000 Ar;0;0;25;
18800234301;Pile duratec r20;BOITE;15 900 Ar;22;22;1;
18800234302;Pile duratec r20;CARTON;380 000 Ar;0,9;0,9;24;
18800234401;Pile duratec r6;BOITE;8 000 Ar;0;0;1;
18800234402;Pile duratec r6;CARTON;200 000 Ar;0;0;25;
18800105801;PILE ENERGY PM;BTS;9 900 Ar;50;50;1;
18800105802;PILE ENERGY PM;CRT;247 500 Ar;2;2;25;
755;PILE EVERLASTE GM;BOITE;7 800 Ar;0;0;1;
754;PILE EVERLASTE GM;CARTON;184 000 Ar;0;0;24;
757;PILE EVERLASTE PM;BOITE;5 600 Ar;0;0;1;
756;PILE EVERLASTE PM;CARTON;278 000 Ar;0;0;50;
443;PILE MOTOMA;BOITE;7 000 Ar;0;0;1;
702;PILE YARICO GM;BOITE;5 500 Ar;0;0;1;
688;PILE YARICO GM;CARTON;135 000 Ar;0;0;24;
189;PINCE;PIECE;3 500 Ar;0;0;1;
393;PINCE LUX;PAQUET;7 000 Ar;0;0;1;
153;PINCE SILIPO;PIECE;3 000 Ar;0;0;1;
394;PINCE TSOTRA;PAQUET;2 500 Ar;0;0;1;
447;PINCEAU N02;PIECE;1 200 Ar;0;0;1;
176;PINCEAU N1;PIECE;800 Ar;0;0;1;
177;PINCEAU N3;PIECE;2 000 Ar;0;0;1;
824;PINCEAU N4;PIECE;3 000 Ar;0;0;1;
175;PINCEAU N6;PIECE;4 000 Ar;0;0;1;
15600143501;Pistasy avaratra mena 200 kapoaka;SAC;219 000 Ar;0;0;1;
15900143601;Pistasy mena AVARATRA En kapoaka;KAPOAKA;1 200 Ar;0;0;1;
19200206101;Pistasy mena kely 50kg;SAC;195 000 Ar;0;0;1;
19200206201;Pistasy mena kely En Kap;KAPOAKA;1 000 Ar;0;0;1;
15600265901;Pizza jelly strawberry;BOITE;15 000 Ar;10;10;1;
265;PNEUS;BOITE;1 000 Ar;0;0;1;
242;POID 2KG;PIECE;15 000 Ar;0;0;1;
746;POIDS 5KG;PIECE;15 000 Ar;0;0;1;
356;Pointe 100X20 de 20kg;KG;0 Ar;60;60;1;
15600023902;Pointe 100X20 de 20kg;BOITE;37 000 Ar;12;12;5;
15600023903;Pointe 100X20 de 20kg;CARTON;148 000 Ar;3;3;20;
364;POINTE 120X20;KG;0 Ar;0;0;1;
363;POINTE 120X20;BTE;37 000 Ar;0;0;5;
15600024203;POINTE 120X20;CRT;148 000 Ar;0;0;20;
15600098901;Pointe 120X21 de 20kg;BOITE;37 000 Ar;5;5;1;
15600098902;Pointe 120X21 de 20kg;CRT;148 000 Ar;1,2;1,2;4;
886;POINTE 140;KG;6 000 Ar;0;0;1;
826;POINTE 140;BOITE;0 Ar;0;0;5;
15600050403;POINTE 140;CARTON;-;0;0;20;
347;Pointe 30X13 de 20kg;KG;0 Ar;35;35;1;
346;Pointe 30X13 de 20kg;BOITE;37 000 Ar;7;7;5;
15600023603;Pointe 30X13 de 20kg;CARTON;148 000 Ar;1,8;1,8;20;
351;Pointe 40X14 de 20kg;KG;0 Ar;0;0;1;
350;Pointe 40X14 de 20kg;BOITE;37 000 Ar;0;0;5;
349;Pointe 40X14 de 20kg;CARTON;148 000 Ar;0;0;20;
468;Pointe 50X16 de 20 kg;KILOS;0 Ar;95;95;1;
467;Pointe 50X16 de 20 kg;BOITE;37 000 Ar;19;19;5;
15600031403;Pointe 50X16 de 20 kg;CARTON;148 000 Ar;4,8;4,8;20;
848;Pointe 50X18 de 20 kg;KILOS;0 Ar;100;100;1;
825;Pointe 50X18 de 20 kg;BOITE;37 000 Ar;20;20;5;
15600050303;Pointe 50X18 de 20 kg;CARTON;148 000 Ar;5;5;20;
361;Pointe 60X17 de 20kg;KILOS;0 Ar;60;60;1;
360;Pointe 60X17 de 20kg;BOITE;37 000 Ar;12;12;5;
15600024103;Pointe 60X17 de 20kg;CARTON;148 000 Ar;3;3;20;
341;POINTE 60X20;KG;0 Ar;0;0;1;
340;POINTE 60X20;BOITE;36 500 Ar;0;0;5;
15600023203;POINTE 60X20;CARTON;128 000 Ar;0;0;20;
358;Pointe 70X18 de 20kg;KG;0 Ar;80;80;1;
357;Pointe 70X18 de 20kg;BOITE;37 000 Ar;16;16;5;
15600024003;Pointe 70X18 de 20kg;CARTON;148 000 Ar;4;4;20;
344;POINTE 80X18;KG;25 000 Ar;0;0;1;
15600023402;POINTE 80X18;BOITE;-;0;0;5;
15600023403;POINTE 80X18;CARTON;-;0;0;20;
15600074501;Pointe 80x19 de 20kg;KG;0 Ar;40;40;1;
15600074502;Pointe 80x19 de 20kg;BOITE;37 000 Ar;8;8;5;
15600074503;Pointe 80x19 de 20kg;CARTON;148 000 Ar;2;2;20;
15600074601;POINTE 90X19;KG;0 Ar;0;0;1;
15600074602;POINTE 90X19;BOITE;36 500 Ar;0;0;5;
15600074603;POINTE 90X19;CARTON;145 000 Ar;0;0;20;
339;POINTE 90X20;KG;0 Ar;40;40;1;
15600023102;POINTE 90X20;BOITE;-;8;8;5;
15600023103;POINTE 90X20;CARTON;-;2;2;20;
775;POINTE A TOLE;BOITE;10 000 Ar;32,5;32,5;1;
774;POINTE A TOLE;CARTON;200 000 Ar;1,6;1,6;20;
21800125201;POIVRE DE L'EST;BOUTEIL;10 000 Ar;0;0;1;
194;Poivre etui 30g;PAQUET;27 000 Ar;18;18;1;
776;Poivre etui 30g;BALLE;270 000 Ar;1,8;1,8;10;
21800109501;POIVRE MOULU TAF;PQT;27 000 Ar;6;6;1;
21800109502;POIVRE MOULU TAF;CRT;270 000 Ar;0,6;0,6;10;
816;PORTE ASSI?êTE LUX;PIECE;15 000 Ar;0;0;1;
386;PORTE ASSIETTE;PIECE;5 000 Ar;0;0;1;
15600077701;Pot yaourt high quality;PQT;12 000 Ar;13;13;1;
178;POT YAOURT MADA;PAQUET;9 000 Ar;9;9;1;
13600185301;Potata 100g;PIECE;3 000 Ar;48;48;1;
13600185302;Potata 100g;CARTON;140 000 Ar;1;1;48;
15600136801;Potata 15g;PIECE;600 Ar;14;14;1;
15600136802;Potata 15g;SACHET;7 200 Ar;1,4;1,4;10;
15600136803;Potata 15g;BOITE;30 000 Ar;0,3;0,3;50;
13600218401;POTATA 70G;PECE;600 Ar;30;30;1;
13600119101;POTATA 80G;SACHET;2 500 Ar;0;0;1;
13600119102;POTATA 80G;CARTON;120 000 Ar;0;0;48;
13600149701;Potata bare-b-que 75g;PIECE;3 000 Ar;42;42;1;
13600149702;Potata bare-b-que 75g;CARTON;140 000 Ar;0,9;0,9;48;
13600245701;Potato chips pizza adoro 75g;PIECE;1 800 Ar;12;12;1;
13600245702;Potato chips pizza adoro 75g;CARTON;43 200 Ar;0,5;0,5;24;
13600248501;Potato chipz quatre epices adoro 75g ;PIECE;1 800 Ar;4;4;1;
13600248502;Potato chipz quatre epices adoro 75g ;CARTON;43 200 Ar;0,2;0,2;24;
609;POUDRE KLIN;CARTON;57 000 Ar;19;19;1;
15600215101;Poudre savon ariel floral 500g;PIECE;8 300 Ar;0;0;1;
15600215001;Poudre savon ariel lavendrer 500g;PIECE;8 300 Ar;1;1;1;
15600215201;Poudre savon ariel spring 500g;PIECE;8 300 Ar;1;1;1;
19700238901;Poudre savon special  en piece;PIECE;250 Ar;0;0;1;
19700238801;Poudre savon special bleu;SAC;37 000 Ar;0;0;1;
735;POUDRE SIRO;BOITE;5 000 Ar;0;0;1;
13600107901;PRINCE FOURRE VANILLE/CHOCO GM 130G*20;PIECE;2 500 Ar;0;0;1;
13600107902;PRINCE FOURRE VANILLE/CHOCO GM 130G*20;CARTON;49 000 Ar;0;0;20;
13600108001;PRINCE VANILLE POCHON 60G*35;PIECE;1 200 Ar;14;14;1;
13600108002;PRINCE VANILLE POCHON 60G*35;CARTON;42 000 Ar;0,4;0,4;35;
13800224701;PRINCESS*18X30;PIECE;400 Ar;0;0;1;
13800224702;PRINCESS*18X30;PAQUET;12 000 Ar;0;0;30;
13800224703;PRINCESS*18X30;CARTON;216 000 Ar;0;0;540;
150;PRISE FEMEL;PIECE;1 000 Ar;0;0;1;
149;PRISE MAL;PIECE;1 000 Ar;0;0;1;
279;PROTEGE GM;PIECE;500 Ar;0;0;1;
280;PROTEGE PM;PIECE;300 Ar;0;0;1;
15900191701;Provende Akoho gasy  démarrage ;KILOS;3 700 Ar;0;0;1;
15900192001;Provende akoho gasy finition ;KILOS;3 500 Ar;0;0;1;
15600191801;Provende Chaire démarrage id en kg;KILOS;4 000 Ar;0;0;1;
15900191901;Provende Chaire finition id en kg ;KILOS;3 800 Ar;0;0;1;
15600200301;Provende croissance poisson intensif kg;KILOS;6 000 Ar;0;0;1;
15900192201;Provende demarrage porc en kg;KILOS;3 600 Ar;0;0;1;
15900192301;Provende finition porc en kg;KILOS;2 900 Ar;0;0;1;
15900192101;Provende pondeuse 1Id en kg;KILOS;3 600 Ar;0;0;1;
15900252201;Provendre chaire démarrage id 50kg d2;SAC;199 000 Ar;0;0;1;
15900252301;Provendre chaire finition id 50kg ;SAC;188 000 Ar;0;0;1;
15900251801;Provendre croissance poisson intensif 25kg;SAC ;150 000 Ar;0;0;1;
15900252001;Provendre fermier démarrage 50kg ;SAC;184 000 Ar;0;0;1;
15900252101;Provendre fermier finition 50kg ;SAC;161 000 Ar;0;0;1;
15900251901;Provendre poisson démarage intensif ;SAC;149 000 Ar;0;0;1;
15900252401;Provendre poisson démarage intensif kg;KILOS;6 000 Ar;0;0;1;
13800212401;Pub gun bocal ;BOCAL;23 000 Ar;0;0;1;
15600242201;Pur'o impec 150ml;PIECE;1 000 Ar;100;100;1;
15600242202;Pur'o impec 150ml;CARTON;40 000 Ar;2,5;2,5;40;
13600249001;Pure butte cookies original 120g veto;PIECE;3 500 Ar;1;1;1;
13600249002;Pure butte cookies original 120g veto;CARTON;84 000 Ar;0;0;24;
13800224801;Pure gold khazana*18x30;PIECE;500 Ar;0;0;1;
13800224802;Pure gold khazana*18x30;PAQUET;14 500 Ar;0;0;30;
13800224803;Pure gold khazana*18x30;CARTON;261 000 Ar;0;0;540;
13700248901;Pure milk cookies 120g veto;PIECE;3 500 Ar;3;3;1;
13700248902;Pure milk cookies 120g veto;CARTON;84 000 Ar;0,1;0,1;24;
13800155301;Racing  car en Bocal;BOCAL ;15 000 Ar;0;0;1;
13800155302;Racing  car en Bocal;CARTON;180 000 Ar;0;0;12;
13800251201;Rajsi frubon roll en bocal 200pcs;BOITE;15 000 Ar;0;0;1;
13800251202;Rajsi frubon roll en bocal 200pcs;CARTON;120 000 Ar;0;0;8;
13800251301;Rajsi kulfi milk 200pcs;BOITE;15 000 Ar;8;8;1;
13800251302;Rajsi kulfi milk 200pcs;CARTON;120 000 Ar;1;1;8;
13800251101;Rajsi strawberry roll 200pcs;BOITE;15 000 Ar;0;0;1;
13800251102;Rajsi strawberry roll 200pcs;CARTON;120 000 Ar;0;0;8;
13800251001;Rajsi super star caramel 200pcs;BOITE;15 000 Ar;0;0;1;
13800251002;Rajsi super star caramel 200pcs;CARTON;120 000 Ar;0;0;8;
13800250501;Rajsi truffles coco 100pcs;BOITE;15 000 Ar;0;0;1;
13800250502;Rajsi truffles coco 100pcs;CARTON;128 000 Ar;0;0;8;
13800250601;Rajsi truffles milk 100pcs;BOITE;15 000 Ar;2;2;1;
13800250602;Rajsi truffles milk 100pcs;CARTON;128 000 Ar;0,2;0,2;8;
14700108501;RAMBO CHOCOLAT (CHEWING CANDY);BOITE;17 000 Ar;0;0;1;
14700108502;RAMBO CHOCOLAT (CHEWING CANDY);CRT;204 000 Ar;0;0;12;
323;RAPORTEUR;PIECE;500 Ar;0;0;1;
4;Rasoir Bic;PIECE;950 Ar;408;408;1;
3;Rasoir Bic;CARTON;95 000 Ar;4,1;4,1;100;
19100172701;Rasoir dorco double;PIECE;500 Ar;9538;9538;1;
19100172702;Rasoir dorco double;PACQUE;5 000 Ar;953,8;953,8;10;
19100172703;Rasoir dorco double;BOITE;40 000 Ar;11,9;11,9;800;
19100172704;Rasoir dorco double;CARTON;480 000 Ar;1;1;9600;
19100172601;Rasoir dorco simple;PIECE;580 Ar;2;2;1;
19100172602;Rasoir dorco simple;PACQUET;3 480 Ar;0,3;0,3;6;
19100121701;RASOIR SUPER MAX;PIECE;700 Ar;6;6;1;
19100121702;RASOIR SUPER MAX;CARTON;84 000 Ar;0,1;0,1;120;
241;REGISTRE D APEL;PIECE;3 500 Ar;0;0;1;
275;REGLE ABC;PIECE;500 Ar;0;0;1;
274;REGLE AVEC CRAYON;PIECE;2 000 Ar;0;0;1;
13800212501;Rich bite premium bocal;BOCAL;9 500 Ar;0;0;1;
19600073601;RIM;CRT;45 000 Ar;0;0;1;
15600188801;Ringos;SACHET;5 500 Ar;0;0;1;
15600188802;Ringos;BALLE;110 000 Ar;0;0;20;
13800189401;Robot lollipop 5.4g;BOCAL ;22 000 Ar;0;0;1;
330;ROJO VY;PIECE;15 000 Ar;0;0;1;
17100254801;Ronono barea en boite gm;PIECE;11 500 Ar;174;174;1;
17100254802;Ronono barea en boite gm;CARTON;276 000 Ar;7,2;7,2;24;
17100254701;Ronono barea en boite pm;PIECE;5 000 Ar;269;269;1;
17100254702;Ronono barea en boite pm;CARTON;240 000 Ar;5,6;5,6;48;
15600192701;Ronono barea gm;PIECE;11 000 Ar;1;1;1;
15600192702;Ronono barea gm;CARTON;264 000 Ar;0;0;24;
17100252601;Ronono boite Tople pm;BOITE;6 000 Ar;0;0;1;
17100252602;Ronono boite Tople pm;CARTON;288 000 Ar;0;0;48;
125;RONONO CEBON GM;BOITE;11 900 Ar;64;64;1;
124;RONONO CEBON GM;CARTON;285 600 Ar;2,7;2,7;24;
618;RONONO CEBON PM;PIECE;6 000 Ar;0;0;1;
615;RONONO CEBON PM;CARTON;388 000 Ar;0;0;48;
17100240701;Ronono champion pm;BOITE;5 500 Ar;0;0;1;
17100240702;Ronono champion pm;CARTON;264 000 Ar;0;0;48;
15600169701;Ronono Elvia gm;PIECE;10 900 Ar;3;3;1;
15600169702;Ronono Elvia gm;CARTON;261 000 Ar;0,1;0,1;24;
15600169601;Ronono Elvia pm;PIECE;4 700 Ar;0;0;1;
15600169602;Ronono Elvia pm;CARTON;225 600 Ar;0;0;48;
17100258401;Ronono evita en boite pm*390g*24;PIECE;5 600 Ar;40;40;1;
17100258402;Ronono evita en boite pm*390g*24;CARTON;134 400 Ar;1,7;1,7;24;
17100223601;Ronono lucky cow pm;BOITE;5 000 Ar;0;0;1;
17100223602;Ronono lucky cow pm;CARTON;240 000 Ar;0;0;48;
17100134201;Ronono Mama gm;PIECE;10 000 Ar;0;0;1;
17100134202;Ronono Mama gm;CARTON;244 000 Ar;0;0;24;
17100134301;Ronono Mama pm;PIECE;4 500 Ar;0;0;1;
17100134302;Ronono Mama pm;CARTON;216 000 Ar;0;0;48;
961;Ronono poudre fonterra  En kg;1/2 KG;17 000 Ar;0;0;1;
960;Ronono poudre fonterra 25Kg;SAC;840 000 Ar;0;0;1;
18900110901;RONONO POUDRE LACTIMILK;SAC;800 000 Ar;0;0;1;
18900111001;RONONO POUDRE LACTIMILK;1/2 KG;14 000 Ar;0;0;1;
17100206001;Ronono shasa gm;PIECE;11 000 Ar;0;0;1;
17100206002;Ronono shasa gm;CARTON;264 000 Ar;0;0;24;
884;RONONO SOCOLAIT;PIECE;3 500 Ar;0;0;1;
883;RONONO SOCOLAIT;CARTON;167 000 Ar;0;0;48;
17100154401;Ronono Socolait 390g*48;BOITE;6 000 Ar;145;145;1;
17100154402;Ronono Socolait 390g*48;CARTON;288 000 Ar;3;3;48;
947;RONONO SOCOLAIT GM;PIECE;8 500 Ar;0;0;1;
946;RONONO SOCOLAIT GM;CARTON;203 000 Ar;0;0;24;
17100183201;Ronono white gold pm;PIECE;4 900 Ar;0;0;1;
17100183202;Ronono white gold pm;CARTON;235 200 Ar;0;0;48;
17100271901;Ronono Yama gm 1kg*24;PIECE;12 500 Ar;48;48;1;
17100271902;Ronono Yama gm 1kg*24;CARTON;300 000 Ar;2;2;24;
17100239101;Ronono yama pm*390g;BOITE;5 500 Ar;111;111;1;
17100239102;Ronono yama pm*390g;CARTON;264 000 Ar;2,3;2,3;48;
19700272301;Saba Bleu 25g;SAC;35 000 Ar;23;23;1;
1;SAC VIDE 250 Kg;PIECE;2 800 Ar;0;0;1;
15600151201;Sac vide gm matoa 250kg;PIECE;3 000 Ar;157;157;1;
15600085101;Sac vide sp 55*90 60KG;PIECE;1 800 Ar;2;2;1;
15600148001;Sachet best price;PACQUET;22 500 Ar;9;9;1;
15600273901;Sachet best price en piece;PIECE;450 Ar;50;50;1;
19300227601;Sachet best prince gm 80cm*50;PAQUET;50 000 Ar;4;4;1;
15600273801;Sachet best prince gm 80cm*50 en piece;PIECE;1 000 Ar;50;50;1;
19300145601;Sachet hipper le magnifique;PACQUET;16 000 Ar;0;0;1;
15600083201;SACHET MOYENNE;PACQUET;12 500 Ar;3;3;1;
15600273701;Sachet moyenne en piece;PIECE;300 Ar;47;47;1;
14600076601;SACHET PM;PQT;5 500 Ar;29;29;1;
15600132001;Sachet pm  transparent;PAQUET;3 500 Ar;0;0;1;
19300195901;Sachet pm couleur;PACQUET;3 400 Ar;16;16;1;
19300195902;Sachet pm couleur;BALLE;34 000 Ar;1,6;1,6;10;
15600160501;Sachet pm HD20;PACQUET;2 500 Ar;10;10;1;
15600083101;Sachet pm Tsara kalitao unis 60U;PACQUET;2 000 Ar;10;10;1;
19300196001;Sachet rose mm;PACQUET;12 000 Ar;3;3;1;
1148;Sachet sous vide;PIECE;1 700 Ar;3;3;1;
15600262801;Saf instant 500g;PIECE;16 500 Ar;79;79;1;
15600262802;Saf instant 500g;CARTON;330 000 Ar;4;4;20;
17600183101;Saf intsant rouge 11g;PIECE;900 Ar;362;362;1;
17600183102;Saf intsant rouge 11g;PACQUET;10 800 Ar;30,2;30,2;12;
17600183103;Saf intsant rouge 11g;CARTON;162 000 Ar;2;2;180;
17600084401;SAF_INSTANT 500G;BOITE;9 000 Ar;0;0;1;
17600084402;SAF_INSTANT 500G;CARTON;180 000 Ar;0;0;20;
14200257201;Salone cafe 20g*30pcs;PIECE;900 Ar;489;489;1;
14200257202;Salone cafe 20g*30pcs;PAQUET;25 500 Ar;16,3;16,3;30;
14200257203;Salone cafe 20g*30pcs;SAC;510 000 Ar;0,8;0,8;600;
14200257301;Salone cafe 30g*20pcs;PIECE;1 300 Ar;766;766;1;
14200257302;Salone cafe 30g*20pcs;PAQUET;26 000 Ar;38,3;38,3;20;
14200257303;Salone cafe 30g*20pcs;SAC;-;1,9;1,9;400;
496;Salto chips chili;SACHET;8 500 Ar;4;4;1;
13600131001;Salto Chips En Pcs;PCS;1 500 Ar;0;0;1;
19600123801;SAMBA 9 BARRE EN BARRE;BARRE;6 500 Ar;2;2;1;
19600161201;Samba detergeant en poudre;CARTON;37 000 Ar;11;11;1;
13800247901;Sambapito lollipop whitstle 5g bocal;BOCAL;7 000 Ar;1;1;1;
13800247902;Sambapito lollipop whitstle 5g bocal;CARTON;84 000 Ar;0,1;0,1;12;
15600250701;Sampoing marina ass;PAQUET;2 400 Ar;4;4;1;
15600250702;Sampoing marina ass;CARTON;28 000 Ar;0,3;0,3;12;
21700096601;SAMSUNG GALAXY;PIECE;150 000 Ar;0;0;1;
442;SANTEX;PAQUET;11 000 Ar;32;32;1;
441;SANTEX;CARTON;132 000 Ar;2,7;2,7;12;
19400115301;SARDINE ANNY;PIECE;4 400 Ar;16;16;1;
19400115302;SARDINE ANNY;CARTON;219 000 Ar;0,3;0,3;50;
19400212901;Sardine bon appetit 125g;PIECE;3 200 Ar;0;0;1;
19400212902;Sardine bon appetit 125g;CARTON;160 000 Ar;0;0;50;
19400191001;Sardine cebon;PIECE;3 400 Ar;114;114;1;
19400191002;Sardine cebon;CARTON;170 000 Ar;2,3;2,3;50;
15500085001;SARDINE CHAMPION;PIECE;3 300 Ar;24;24;1;
15500085002;SARDINE CHAMPION;CARTON;165 000 Ar;0,5;0,5;50;
753;SARDINE delmonaco;PIECE;2 800 Ar;0;0;1;
752;SARDINE delmonaco;CARTON;140 000 Ar;0;0;50;
19400256901;Sardine isha;PIECE;3 400 Ar;178;178;1;
19400256902;Sardine isha;CARTON;170 000 Ar;3,6;3,6;50;
608;SARDINE JULIE;PIECE;2 200 Ar;0;0;1;
607;SARDINE JULIE;CARTON;110 000 Ar;0;0;50;
743;SARDINE MONICA;PIECE;2 800 Ar;2;2;1;
742;SARDINE MONICA;CARTON;139 000 Ar;0;0;50;
19400182201;Sardine Vivo ;PIECE;3 000 Ar;8;8;1;
19400182202;Sardine Vivo ;CARTON;75 000 Ar;0,3;0,3;25;
19400178301;SARDINE VIVO EN PIECE;PCS;3 300 Ar;2;2;1;
19500212801;Sauce chili bon appetit 280g;PIECE;6 500 Ar;12;12;1;
19500212802;Sauce chili bon appetit 280g;CARTON;156 000 Ar;0,5;0,5;24;
19500122201;SAUCE CLAIRE PM;PIECE;4 700 Ar;12;12;1;
19500122202;SAUCE CLAIRE PM;CRT ;112 000 Ar;0,5;0,5;24;
15600081301;SAUCE DARK PM 150ML;PCE;5 000 Ar;21;21;1;
15600081302;SAUCE DARK PM 150ML;CARTON;120 000 Ar;0,9;0,9;24;
19500205001;SAUCE DARK SUPERIEUR PET 400ML;PCS;8 000 Ar;1;1;1;
19500205002;SAUCE DARK SUPERIEUR PET 400ML;PACQUET;48 000 Ar;0,2;0,2;6;
1092;SAUCE GERCAN BE;GER;129 000 Ar;0;0;1;
997;Sauce huitre 280g;PIECE;7 900 Ar;41;41;1;
996;Sauce huitre 280g;CARTON;189 600 Ar;1,7;1,7;24;
15600154601;Sauce huitre 500g;PIECE;11 500 Ar;16;16;1;
15600154602;Sauce huitre 500g;CARTON;172 500 Ar;1,1;1,1;15;
1127;SAUCE HUITRE 710g;PIECE;13 000 Ar;3;3;1;
15600067502;SAUCE HUITRE 710g;CRT;156 000 Ar;0,2;0,2;12;
19500157101;Sauce jerycan pm dark rrb;JERYCAN;30 000 Ar;5;5;1;
19500157201;Sauce jerycan pm light rrb;JERYCAN;27 000 Ar;14;14;1;
19500157202;Sauce jerycan pm light rrb;CARTON;162 000 Ar;1,2;1,2;12;
15600114701;SAUCE LIGHT 150ML;PIECE;4 700 Ar;1;1;1;
15600114702;SAUCE LIGHT 150ML;CARTON;112 000 Ar;0;0;24;
404;Sauce light 625 ml ;BOUTEIL;9 500 Ar;20;20;1;
15600027502;Sauce light 625 ml ;CRT;114 000 Ar;1,7;1,7;12;
403;SAUCE PLASTIC TSARAHIRATRA;PIECE;4 000 Ar;1;1;1;
15600027402;SAUCE PLASTIC TSARAHIRATRA;PACQUET;24 000 Ar;0,2;0,2;6;
19500199701;Sauce soja 0.25L;PIECE;1 500 Ar;46;46;1;
19500199702;Sauce soja 0.25L;PACQUET;15 000 Ar;4,6;4,6;10;
15600273401;Sauce soja 1L;PIECE;3 000 Ar;40;40;1;
15600273402;Sauce soja 1L;PAQUET;30 000 Ar;4;4;10;
19500196101;Sauce soja matsiro;BOUTEIL;4 000 Ar;1;1;1;
15600102801;SAUCE TSA SIOU;JER;49 000 Ar;0;0;1;
19500116001;SAUCE TSA SIOU 230G RRB;BOCAL;7 000 Ar;4;4;1;
15600211801;Saven garbathi ag miracle;PIECE;2 100 Ar;233;233;1;
15600211802;Saven garbathi ag miracle;BOITE;25 000 Ar;19,4;19,4;12;
15600211803;Saven garbathi ag miracle;CARTON;500 000 Ar;1;1;240;
15700133001;Savoka TARATRA;BOITE;7 000 Ar;0;0;1;
19600104801;SAVON  SAMBA 36MX70G ;CRT;22 500 Ar;1;1;1;
19600104001;Savon  Soba tsara Barre 1kg;CARTON;47 700 Ar;1;1;1;
15600173501;Savon  Soba tsara Barre en pcs;BARRE;5 300 Ar;13;13;1;
19600123001;SAVON B29 MULTI USAGE96X150G;PIECE;2 500 Ar;277;277;1;
19600123002;SAVON B29 MULTI USAGE96X150G;CARTON;240 000 Ar;2,9;2,9;96;
39;Savon barre national 800g;BARRE;10 500 Ar;0;0;1;
38;Savon barre national 800g;CARTON;168 000 Ar;0;0;16;
19800176401;Savon barre parfume citron ;BARRE;6 000 Ar;0;0;1;
19800176402;Savon barre parfume citron ;CARTON;54 000 Ar;0;0;9;
739;SAVON BARRE ROBUSTE;PIECE;5 000 Ar;0;0;1;
740;SAVON BARRE ROBUSTE;CARTON;79 000 Ar;0;0;16;
19600107401;SAVON BARRE RUBIS CITRUS 800G;PCS;9 500 Ar;0;0;1;
19600107402;SAVON BARRE RUBIS CITRUS 800G;CRT;152 000 Ar;0;0;16;
19800266701;Savon barre vao lemon 800g;BARRE;9 800 Ar;29;29;1;
19800266702;Savon barre vao lemon 800g;CARTON;56 000 Ar;4,8;4,8;6;
41;SAVON BERYL;BARRE;5 500 Ar;0;0;1;
40;SAVON BERYL;CARTON;65 000 Ar;0;0;12;
1077;SAVON CAPITALE;PIECE;5 000 Ar;0;0;1;
1076;SAVON CAPITALE;CARTON;80 000 Ar;0;0;16;
19900170701;Savon charbon antiseptic 90g;PIECE;1 900 Ar;2;2;1;
19900170702;Savon charbon antiseptic 90g;CARTON;136 800 Ar;0;0;72;
19800186401;Savon citron plus king;BARRE;8 000 Ar;0;0;1;
19800186402;Savon citron plus king;CARTON;96 000 Ar;0;0;12;
19900216201;Savon classic cucumber;BOITE;25 000 Ar;6;6;1;
19900216202;Savon classic cucumber;CARTON;150 000 Ar;1;1;6;
436;Savon classic whit;BOITE;25 000 Ar;0;0;1;
435;Savon classic whit;CARTON;150 000 Ar;0;0;6;
1091;SAVON CORRY MORCEAU;CARTON;8 000 Ar;0;0;1;
15600071501;Savon Duru Blanc;PCE;3 300 Ar;15;15;1;
15600071502;Savon Duru Blanc;CRT;99 000 Ar;0,5;0,5;30;
19900257101;Savon Duru rose;PIECE;3 300 Ar;28;28;1;
19900257102;Savon Duru rose;CARTON;99 000 Ar;0,9;0,9;30;
19600131201;Savon Duru verte Olive;PIECE;3 300 Ar;105;105;1;
19600131202;Savon Duru verte Olive;CARTON;99 000 Ar;3,5;3,5;30;
19600204301;Savon ekono multi purpose soap;PIECE;3 000 Ar;50;50;1;
19600204302;Savon ekono multi purpose soap;CARTON;72 000 Ar;2,1;2,1;24;
19600115101;SAVON EXTRA MARRON 65G;CARTON;23 000 Ar;0;0;1;
15600165601;Savon fax fruit cocktail 60g;PACQUET;6 000 Ar;0;0;1;
15600165701;Savon fax lemon fresh 60g;PACQUET;6 000 Ar;0;0;1;
15600165501;Savon fax pink flowers 60g;PACQUET;6 000 Ar;0;0;1;
15600165801;Savon fax sunshine appeles 60g;PACQUET;6 000 Ar;0;0;1;
19800159501;Savon flor barre 900 gr [ Bleu];BARRE;8 500 Ar;38;38;1;
19800159502;Savon flor barre 900 gr [ Bleu];CARTON;85 000 Ar;3,8;3,8;10;
19600097001;Savon flor barre 900g;PIECE;8 500 Ar;29;29;1;
19600097002;Savon flor barre 900g;CARTON;95 000 Ar;2,9;2,9;10;
19800187001;Savon flor En pcs;PIECE;1 700 Ar;2;2;1;
19900146501;SAVON FRES 75G;PIECE;1 600 Ar;8;8;1;
19900146502;SAVON FRES 75G;PACQUET;9 500 Ar;1,3;1,3;6;
19900146503;SAVON FRES 75G;CARTON;110 000 Ar;0,1;0,1;72;
19900159201;Savon hotel 14g vert;SACHET;12 500 Ar;3;3;1;
19900159202;Savon hotel 14g vert;CARTON;250 000 Ar;0,1;0,1;20;
19900159601;Savon hotel 14g vert en pieces;PIECES;500 Ar;0;0;1;
19900272501;Savon hotel dejoi 15g*500pcs;PIECE;400 Ar;1000;1000;1;
19900272502;Savon hotel dejoi 15g*500pcs;CARTON;200 000 Ar;2;2;500;
19600176501;Savon iriko andramena xg;CARTON;26 000 Ar;0;0;1;
19600176601;Savon iriko fotsy mm;CARTON ;28 000 Ar;0;0;1;
19600176701;Savon iriko menakely xg;CARTON ;27 000 Ar;1;1;1;
19600207901;Savon iriko mm tantely;CARTON;25 000 Ar;0;0;1;
19600207801;Savon iriko tantely xg;CARTON;30 000 Ar;0;0;1;
387;SAVON KALINA GM;CARTON;30 000 Ar;0;0;1;
388;SAVON KALINA PM;CARTON;24 000 Ar;0;0;1;
950;SAVON KIM BARRE;PIECE;1 700 Ar;0;0;1;
949;SAVON KIM BARRE;CARTON;20 000 Ar;0;0;12;
934;SAVON KIMSA;PIECE;4 000 Ar;0;0;1;
933;SAVON KIMSA;CARTON;89 000 Ar;0;0;20;
888;SAVON MABEL;PAQUET;5 000 Ar;0;0;1;
887;SAVON MABEL;CARTON;59 000 Ar;0;0;12;
19600148201;Savon maeva 3 blanc;CARTON;15 000 Ar;8;8;1;
15600168201;Savon maeva 3 blanc pcs;PIECE;400 Ar;30;30;1;
22;SAVON MAEVA E20;CARTON;20 000 Ar;0;0;1;
23;SAVON MAEVA M20;CARTON;24 000 Ar;14;14;1;
1019;SAVON MAEVA M27;CARTON;26 500 Ar;57;57;1;
19600107301;Savon maeva maxie 09 barres;CRT;46 800 Ar;0;0;1;
19800158201;Savon maeva maxie 09 barres En pieces;PIECE;5 200 Ar;6;6;1;
19600146901;Savon maeva p10 blanc;CARTON;19 500 Ar;0;0;1;
15600168701;Savon maeva p10 blanc pcs;PIECE;300 Ar;0;0;1;
19600176801;Savon maeva p10 marron;CARTON;13 500 Ar;0;0;1;
19600148101;Savon maeva p20 blanc;CARTON;36 000 Ar;14;14;1;
15600168601;Savon maeva p20 blanc pcs;PIECE;1 000 Ar;3;3;1;
19600144501;Savon Maeva P20 Marron;CARTON;26 500 Ar;21;21;1;
15600168101;Savon mateza m30 jaune pcs;PIECE;1 000 Ar;0;0;1;
15600078801;Savon mateza m30+ blanc;CRT;50 000 Ar;12;12;1;
15600168001;Savon mateza m30+ blanc pcs;PIECE;1 300 Ar;0;0;1;
19600175201;Savon meva 100 soa 24mx;CARTON;22 000 Ar;0;0;1;
19600175301;Savon meva 200 soa 36mx;CARTON;35 000 Ar;0;0;1;
19600175401;Savon meva 300 soa 36mx;CARTON;40 000 Ar;0;0;1;
19600175501;Savon meva 400 soa 36mx;CARTON;45 000 Ar;0;0;1;
19600175601;Savon meva 500 soa 36mx;CARTON;52 000 Ar;0;0;1;
19600271301;Savon meva mv200 soa 36mx;CARTON;35 000 Ar;9;9;1;
19600190801;Savon meva mv40 soa;CATRON;15 000 Ar;0;0;1;
19600190701;Savon meva mv70 soa;CARTON;24 000 Ar;11;11;1;
19600190601;Savon meva rv75 tsara;CARTON;25 000 Ar;0;0;1;
19900246101;Savon moreva Blanc 4*100g;PAQUET;6 500 Ar;0;0;1;
19900246102;Savon moreva Blanc 4*100g;CARTON;130 000 Ar;0;0;20;
19900246001;Savon moreva rose 4*100g;PAQUET;6 500 Ar;7;7;1;
19900246002;Savon moreva rose 4*100g;CARTON;130 000 Ar;0,3;0,3;20;
15600247301;Savon moreva vert 4*100g;PAQUET;6 500 Ar;2;2;1;
15600247302;Savon moreva vert 4*100g;CARTON;130 000 Ar;0,1;0,1;20;
19600109401;Savon nosy p1 80gr 36 mx;PIECE;1 400 Ar;189;189;1;
19600109402;Savon nosy p1 80gr 36 mx;CRT;50 400 Ar;5,2;5,2;36;
1120;Savon nosy p3 morceaux;PIECE;2 200 Ar;130,6;130,6;1;
1119;Savon nosy p3 morceaux;CARTON;39 600 Ar;7,3;7,3;18;
19600204001;Savon olive classic touch;PAQUET ;9 000 Ar;2;2;1;
19600204002;Savon olive classic touch;CARTON;108 000 Ar;0,2;0,2;12;
19900213801;Savon olive classic touch 125g;PAQUET;13 000 Ar;0;0;1;
19900213901;Savon olive lime fresh 125g;PAQUET;13 000 Ar;0;0;1;
19900213902;Savon olive lime fresh 125g;CARTON;156 000 Ar;0;0;12;
19600203901;Savon olive milk delight;PACQUET;9 000 Ar;0;0;1;
19600203902;Savon olive milk delight;CARTON;108 000 Ar;0;0;12;
15600213701;Savon olive milk delight 125g;PAQUET;13 000 Ar;0;0;1;
19600232701;Savon p10 marron en pcs;PIECE;500 Ar;0;0;1;
19600105001;SAVON PALMINDUS 36MX150G5(crt FOTSY);CRT ;46 800 Ar;0;0;1;
19600118201;SAVON RIM M3;CARTON;23 000 Ar;0;0;1;
15600182901;Savon ruhi 60g;PIECE;1 300 Ar;20;20;1;
15600182902;Savon ruhi 60g;CARTON;93 600 Ar;0,3;0,3;72;
19600177601;SAVON SAFIDY EN PCS;PIECE;200 Ar;2;2;1;
19600141001;Savon samba 12mx 500g ;CARTON;46 000 Ar;3;3;1;
19800156401;Savon samba 12mx en barre;BARRE;4 300 Ar;5;5;1;
19600104501;SAVON SAMBA 18MX120G;CRT;21 000 Ar;0;0;1;
19600104601;SAVON SAMBA 20MX85G;CRT;15 500 Ar;5;5;1;
19600104701;SAVON SAMBA 30MX100G;CRT;25 000 Ar;15;15;1;
19600122801;SAVON SAMBA 32MX100G;CARTON;30 000 Ar;2;2;1;
19600104901;SAVON SAMBA 36MX130G (RCT MAVENTY);CRT;39 000 Ar;0;0;1;
19600107101;SAVON SAMBA 9 BARRE 800G;CRT;58 500 Ar;12;12;1;
19600164501;Savon samba S21 24MX;CARTON ;11 000 Ar;9;9;1;
19600164601;Savon samba S22 24MX;CARTON;12 000 Ar;25;25;1;
19600164701;Savon samba S23 36MX;CARTON;32 000 Ar;16;16;1;
19600107001;SAVON SAMBA(PALMINDUS)36MX150G;CRT;40 000 Ar;27;27;1;
15600167901;Savon sb27 Marron 36mx;CARTON;30 000 Ar;18;18;1;
19800143001;Savon seim barre blanc;BARRE;9 000 Ar;0;0;1;
19800143002;Savon seim barre blanc;PACQUET;54 000 Ar;0;0;6;
19600095701;SAVON SEIM S20 BLANC NORD;CRT;32 000 Ar;18;18;1;
19600121601;Savon seim s24 mena;PACQUET;17 500 Ar;10;10;1;
19600095501;SAVON SEIM S27 BLANC;CARTON;34 000 Ar;1;1;1;
15600167801;Savon seim s27 blanc pce;PIECE;950 Ar;2;2;1;
19600095401;SAVON SEIM S27 MARRON;CARTON;28 000 Ar;0;0;1;
19600095601;SAVON SEIM S3;CRT;17 000 Ar;0;0;1;
19600161301;Savon seim sbp 36mx;CARTON;32 000 Ar;9;9;1;
15600080601;Savon seim sc1 Fotsy;PIECE;550 Ar;624;624;1;
15600080602;Savon seim sc1 Fotsy;PACQUET;18 000 Ar;26;26;24;
19600141301;Savon seim sc3 90g ;PACQUET;26 000 Ar;0;0;1;
19600119201;Savon seim sc30 160g ;PACQUET;34 000 Ar;0;0;1;
15600080801;Savon seim sr1 rose;PQT;20 000 Ar;15;15;1;
35;SAVON SK1;CARTON;11 000 Ar;14;14;1;
15600168301;Savon sk1 pcs;PIECE;400 Ar;0;0;1;
430;SAVON SK20;CARTON;17 500 Ar;21;21;1;
19;SAVON SKT BARRE;CARTON;27 000 Ar;3;3;1;
15600079001;Savon soba m20 + Blanc;CRT;28 000 Ar;1;1;1;
15600168801;Savon soba m20 marro pcs;PIECE;500 Ar;0;0;1;
15600168501;Savon soba SB3+blanc*30mx;CARTON;15 000 Ar;11;11;1;
19900182001;Savon solar citron  multi usage*18;PAQUET;7 800 Ar;61;61;1;
19900182002;Savon solar citron  multi usage*18;CARTON ;139 000 Ar;3,4;3,4;18;
19900249701;Savon solar grape multi usage 150g*48;PIECE;2 100 Ar;164;164;1;
19900249702;Savon solar grape multi usage 150g*48;CARTON;100 000 Ar;3,4;3,4;48;
19900265701;Savon vao bebe amande 70g;PIECE;1 300 Ar;24;24;1;
19900265702;Savon vao bebe amande 70g;CARTON;30 000 Ar;1;1;24;
19600103901;SAVON VAO CITRON;PIECE;11 000 Ar;0;0;1;
19600103902;SAVON VAO CITRON;CARTON;99 000 Ar;0;0;9;
19800235001;Savon vao line barre 500*8;BARRE;5 500 Ar;15;15;1;
19800235002;Savon vao line barre 500*8;CARTON;44 000 Ar;1,9;1,9;8;
19800235101;Savon vao line barre 800*6;BARRE;8 500 Ar;16;16;1;
19800235102;Savon vao line barre 800*6;CARTON;51 000 Ar;2,7;2,7;6;
19600235201;Savon vao line multi-usage 16mx*125g;PIECE;1 500 Ar;94;94;1;
19600235202;Savon vao line multi-usage 16mx*125g;CARTON;24 000 Ar;5,9;5,9;16;
13800217301;"Savon vao lux camaieu ( blance ; vert ; rose )";PIECE;1 000 Ar;93;93;1;
13800217302;"Savon vao lux camaieu ( blance ; vert ; rose )";CARTON ;24 000 Ar;3,9;3,9;24;
19600185101;Savon vao up20+80g;CARTON;35 000 Ar;0;0;1;
19600185201;Savon vao v27+175g;CARTON;47 000 Ar;7;7;1;
19600235301;Savon vao V30*24mx*140g;CARTON;26 000 Ar;0;0;1;
19600135901;Savon za koa Dr24  ;CARTON;19 000 Ar;11;11;1;
19600136401;Savon za koa Tv24;CARTON;19 000 Ar;0;0;1;
19600136201;Savon za koa V40;CARTON;26 000 Ar;8;8;1;
1071;SAVONETE FLOR;PIECE;1 000 Ar;0;0;1;
1070;SAVONETE FLOR;CARTON;100 000 Ar;0;0;100;
622;SAVONETTE CITRUS;PQT;10 500 Ar;31;31;1;
621;SAVONETTE CITRUS;CARTON;126 000 Ar;2,6;2,6;12;
537;SAVONETTE JULIETTE;PAQUET;4 500 Ar;0;0;1;
536;SAVONETTE JULIETTE;CARTON;54 000 Ar;0;0;12;
624;SAVONETTE KRIS;PAQUET;10 500 Ar;28;28;1;
623;SAVONETTE KRIS;CARTON;126 000 Ar;2,3;2,3;12;
628;SAVONETTE OLIDA;PAQUET;4 500 Ar;0;0;1;
627;SAVONETTE OLIDA;CARTON;54 000 Ar;0;0;12;
19600107501;SAVONNETTE DIVA 125G;PQT;8 000 Ar;0;0;1;
19600107502;SAVONNETTE DIVA 125G;CRT;96 000 Ar;0;0;12;
19600119301;SAVONNETTE LARK;PIECE;3 000 Ar;2;2;1;
19600119302;SAVONNETTE LARK;CARTON;144 000 Ar;0;0;48;
29;Savonnette Oleda ;PAQUET;10 000 Ar;29;29;1;
28;Savonnette Oleda ;CARTON;120 000 Ar;2,4;2,4;12;
15600267801;Saya flavour beef bouillon de cube 4g*25;PIECE;1 800 Ar;2;2;1;
15600267802;Saya flavour beef bouillon de cube 4g*25;BOITE;72 000 Ar;0,1;0,1;40;
15600267803;Saya flavour beef bouillon de cube 4g*25;CARTON;144 000 Ar;0;0;80;
20000172101;Scotch tole;METRE;10 000 Ar;0,5;0,5;1;
20000172102;Scotch tole;ROULEAU;100 000 Ar;0,1;0,1;10;
251;SEAU 05L;PIECE;2 300 Ar;0;0;1;
723;SEAU 06 L;PIECE;2 800 Ar;0;0;1;
564;SEAU 08L;PIECE;3 500 Ar;0;0;1;
250;SEAU 10L;PIECE;4 000 Ar;0;0;1;
927;SEAU 15L;PIECE;5 500 Ar;0;0;1;
549;SEEDAP PM;CARTON;23 000 Ar;0;0;1;
15600080701;SEIM S30 MENA ;CARTON;40 000 Ar;10;10;1;
156;SEL FIN  SACHET 50kg;SAC;46 000 Ar;0;0;1;
20100200201;Sel fin en sachet 25kg;SAC;23 500 Ar;20;20;1;
20100177101;Sel fin en vrac 25kg;SAC;25 000 Ar;0;0;1;
162;Sel fin en vrac 50kg ;SAC;49 000 Ar;0;0;1;
158;Sel gros en sac 50kg;SAC;34 000 Ar;7;7;1;
1153;SERPILLERE DOUBLE;PIECE;8 000 Ar;6;6;1;
18100200601;Servette de table top 100*24;PIECE;3 300 Ar;5;5;1;
18100200602;Servette de table top 100*24;BALLE;79 200 Ar;0,2;0,2;24;
18100200701;Servette de table top 60*60;PIECE;1 200 Ar;101;101;1;
18100200702;Servette de table top 60*60;BALLE;72 000 Ar;1,7;1,7;60;
213;SERVIETTE  de table;PAQUET;3 000 Ar;1;1;1;
18100121901;Serviette de table pastel;PACQUET;3 800 Ar;1;1;1;
920;SERVIETTE HYGIENIQUE CARE;PAQUET;3 000 Ar;0;0;1;
919;SERVIETTE HYGIENIQUE CARE;CARTON;162 000 Ar;0;0;60;
15600134501;Serviette molped;PACQUET;2 500 Ar;0;0;1;
15600134502;Serviette molped;CARTON ;60 000 Ar;0;0;24;
15100108801;SERVIETTE MY LEYDIE;PQT;2 000 Ar;2;2;1;
15100108802;SERVIETTE MY LEYDIE;CRT;48 000 Ar;0,1;0,1;24;
823;SEVILY N3;PIECE;800 Ar;0;0;1;
462;SEVILY N5;PIECE;900 Ar;0;0;1;
402;SEVILY N6;PIECE;1 300 Ar;0;0;1;
401;SEVILY N8;PIECE;1 500 Ar;0;0;1;
13800194201;Shamallow twist;BOCAL;22 000 Ar;8;8;1;
13800194202;Shamallow twist;CARTON;176 000 Ar;1;1;8;
15600165401;Shampoo emeron noir 7ml;PACQUET;4 500 Ar;36;36;1;
15600165402;Shampoo emeron noir 7ml;CARTON;54 000 Ar;3;3;12;
15600219001;Shampoo emeron noir En pcs;PIECE;200 Ar;17;17;1;
15600222401;Shape chocolate bocal;BOCAL;10 000 Ar;0;0;1;
14200194301;Shine coffee;SACHET;6 000 Ar;0;0;1;
15600195301;Shine coffee en piece;PIECE;250 Ar;14;14;1;
1047;SILGUM BUBBLE GUM;SACHET;7 000 Ar;0;0;1;
1125;SILGUM FRESHA ENCRT;SACHET;4 000 Ar;0;0;1;
1124;SILGUM FRESHA ENCRT;CARTON;64 000 Ar;0;0;16;
630;SILGUM MISTER BOOM;SACHET;4 200 Ar;111;111;1;
629;SILGUM MISTER BOOM;CARTON;67 200 Ar;6,9;6,9;16;
561;Sill gum chlorophile;SACHET;4 200 Ar;31;31;1;
560;Sill gum chlorophile;CARTON;67 200 Ar;1,9;1,9;16;
20400100001;SILL GUM_ZOOK;SACHET;4 000 Ar;0;0;1;
20400100002;SILL GUM_ZOOK;CARTON;64 000 Ar;0;0;16;
15100123401;Sleepy  KÜLOT Jeans MAXI N°4 (5X30);PACQUET;28 400 Ar;11;11;1;
15100123402;Sleepy  KÜLOT Jeans MAXI N°4 (5X30);BALLE;142 000 Ar;2,2;2,2;5;
1144;SLEEPY 3 MIDI;PAQUET;20 700 Ar;0;0;1;
15600069102;SLEEPY 3 MIDI;BALLE;120 000 Ar;0;0;6;
15100081101;SLEEPY CULOTE;PQT;26 000 Ar;0;0;1;
15100081102;SLEEPY CULOTE;BALLE;129 000 Ar;0;0;5;
15100195601;Sleepy culotte jeans large 5x20 n°6;PACQUET;28 400 Ar;0;0;1;
15100195602;Sleepy culotte jeans large 5x20 n°6;BALLE;142 000 Ar;0;0;5;
15100195701;Sleepy culotte natural large 5x20 n°6;PACQUET;28 400 Ar;0;0;1;
15100145701;Sleepy kulot jeans junior 5x24 n°5;PAQUETS;28 400 Ar;12;12;1;
15100145702;Sleepy kulot jeans junior 5x24 n°5;BALLE;142 000 Ar;2,4;2,4;5;
15100145801;Sleepy kulot jeans midi 5x34 n°3;PAQUETS;28 400 Ar;14;14;1;
15100145802;Sleepy kulot jeans midi 5x34 n°3;BALLE;142 000 Ar;2,8;2,8;5;
15100237901;Sleepy kulot natural junoir 4x30 n°4 en sachet;PIECE;900 Ar;4;4;1;
15100237902;Sleepy kulot natural junoir 4x30 n°4 en sachet;PAQUET;28 400 Ar;0,2;0,2;24;
15100164401;Sleepy kulot natural junoir 5x24 n°5;PACQUET;28 400 Ar;1;1;1;
15100164402;Sleepy kulot natural junoir 5x24 n°5;BALLE;142 000 Ar;0,2;0,2;5;
15100129301;Sleepy kulot natural maxi 5x30 n°4;PACQUET;28 400 Ar;4;4;1;
15100129302;Sleepy kulot natural maxi 5x30 n°4;BALLE;142 000 Ar;0,8;0,8;5;
15100149901;Sleepy kulot natural midi 5x34 n°3;PACQUET;28 400 Ar;13;13;1;
15100149902;Sleepy kulot natural midi 5x34 n°3;BALLE;142 000 Ar;2,6;2,6;5;
15100123301;Sleepy maxi eco . 6X25 N°4;PACQUET;20 700 Ar;14;14;1;
15100123302;Sleepy maxi eco . 6X25 N°4;BALLE;124 000 Ar;2,3;2,3;6;
15100129001;Sleepy midi 6x30 n°3 ;PACQUET;20 700 Ar;0;0;1;
15100129002;Sleepy midi 6x30 n°3 ;BALLE;124 000 Ar;0;0;6;
15100254601;Sleepy midi 6x30 n°3  en pcs;PIECE;-;0;0;1;
15100238001;Sleepy mini 6X35 N°2 en sachet;PIECE;600 Ar;0;0;1;
15100238002;Sleepy mini 6X35 N°2 en sachet;PAQUET;21 000 Ar;0;0;35;
15100123201;Sleepy mini eco . 6X35 N°2;PACQUET;21 000 Ar;23;23;1;
15100123202;Sleepy mini eco . 6X35 N°2;BALLE;126 000 Ar;3,8;3,8;6;
15100129101;Sleepy nat soft 8x24 ;PACQUET;2 900 Ar;1;1;1;
15100129102;Sleepy nat soft 8x24 ;CARTON;69 500 Ar;0;0;24;
15100271401;Sleepy night pants culotte maxi 5x30 n°4;PAQUET;-;5;5;1;
15100271402;Sleepy night pants culotte maxi 5x30 n°4;BALLES;-;1;1;5;
15100267301;Sleepy princess culotte maxi 5x30 n°4;PAQUET;23 600 Ar;15;15;1;
15100267302;Sleepy princess culotte maxi 5x30 n°4;BALLE;118 000 Ar;3;3;5;
15100267201;Sleepy princess culotte midi 5x34 n°3;PAQUET;23 600 Ar;15;15;1;
15100267202;Sleepy princess culotte midi 5x34 n°3;BALLE;118 000 Ar;3;3;5;
15600107601;SLEEPY_LADY;PQT;2 000 Ar;0;0;1;
15600107602;SLEEPY_LADY;CRT;43 000 Ar;0;0;24;
13800196401;Smail beach bubble water;BOITE;7 000 Ar;0;0;1;
13800196402;Smail beach bubble water;CARTON;140 000 Ar;0;0;20;
15600197101;Smail beach bubble water En piece;PIECE;300 Ar;30;30;1;
889;SMILEY FUNNY FACE BOCAL PM;BOCAL;9 000 Ar;4;4;1;
13600239601;Sn 4x4 bomba choco;SACHET;7 500 Ar;0;0;1;
15600239401;Sn piwi news poulet;SACHET;3 900 Ar;7;7;1;
15600239301;Sn salto chips bleu double ;SACHET;8 500 Ar;15;15;1;
15600246201;Sn salto kids ringz;SACHET;4 500 Ar;0;0;1;
15600246301;Sn salto loop;SACHET;7 000 Ar;0;0;1;
15600239501;Sn salto pop;SACHET;5 100 Ar;0;0;1;
967;SOBA BARRE BLANC ;PIECE;9 300 Ar;16;16;1;
964;SOBA BARRE BLANC ;CARTON;111 600 Ar;1,3;1,3;12;
15600078901;SOBA M20 MARRON;CRT;24 000 Ar;0;0;1;
969;SOBA mavo bara;PIECE;4 200 Ar;28;28;1;
963;SOBA mavo bara;CARTON;55 000 Ar;2,2;2,2;13;
13800194101;Soda sugar boom 24*30pcs;BOITE;11 000 Ar;2;2;1;
13800194102;Soda sugar boom 24*30pcs;CARTON;264 000 Ar;0,1;0,1;24;
15600174301;Soda sugar candy;BOITE;22 000 Ar;0;0;1;
15600174302;Soda sugar candy;CARTON;264 000 Ar;0;0;24;
20200110601;Softex day long 29cm *8 violet;PQT;3 300 Ar;21;21;1;
20200110602;Softex day long 29cm *8 violet;CRT;184 000 Ar;0,3;0,3;60;
15600133101;SOFTEX maternity * 30;PACQUET;9 900 Ar;0;0;1;
15600133102;SOFTEX maternity * 30;CARTON;297 000 Ar;0;0;30;
15100214101;Softex maxi fit wing*8 alveole;PAQUET;3 300 Ar;0;0;1;
196;Softex maxi wings*8 rose;PAQUET;3 300 Ar;232;232;1;
715;Softex maxi wings*8 rose;CARTON;198 000 Ar;3,9;3,9;60;
15100177001;Softex protege slips;PACQUET;6 000 Ar;64;64;1;
15100177002;Softex protege slips;CARTON;287 000 Ar;1,3;1,3;48;
15600076701;SOJA  EN SHT;SHT;2 000 Ar;0;0;1;
13200098701;SOLAR LIGHT;PIECE;100 000 Ar;2;2;1;
490;SOPIERA MN;PIECE;15 000 Ar;0;0;1;
491;SOPIERA PM;PIECE;15 000 Ar;0;0;1;
299;SOPIERE GM;PIECE;35 000 Ar;0;0;1;
15600078501;SOTRO AJETER;PQT;5 000 Ar;0;0;1;
313;SOTRO LUX;PIECE;10 000 Ar;0;0;1;
314;SOTRO TSOTRA;PIECE;4 000 Ar;0;0;1;
15900148801;Soude caustique perlinee En KG;KILOS;6 500 Ar;2;2;1;
19500205101;SOY SAUCE LIGHT PRB 500ML;PCS;13 000 Ar;22;22;1;
19500205102;SOY SAUCE LIGHT PRB 500ML;CARTON;312 000 Ar;0,9;0,9;24;
720;SPAGETTEI BANDY;CARTON;28 000 Ar;0;0;1;
721;SPAGETTEI GEFCO;CARTON;28 000 Ar;0;0;1;
1128;SPAGETTI CAPTAINE;CARTON;33 000 Ar;0;0;1;
126;SPAGHETI LUCHINIE;CARTON;36 000 Ar;0;0;1;
20500254001;Spaghetti  barea en carton;CARTON;48 000 Ar;0;0;1;
20500254101;Spaghetti  barea en Pcs;PIECE;2 400 Ar;9;9;1;
866;SPAGHETTI  CHAMPION;CARTON;48 000 Ar;22;22;1;
20500126701;SPAGHETTI CHAMPION EN PCS;PIECE;2 400 Ar;15;15;1;
20500084601;Spaghetti cherie;CARTON;52 000 Ar;0;0;1;
20500177901;Spaghetti cherie en pieces;PIECE;2 600 Ar;0;0;1;
132;SPAGHETTI DELICIA;CARTON;28 000 Ar;0;0;1;
18700164901;Spaghetti felicia;CARTON;46 000 Ar;17;17;1;
15600165001;Spaghetti felicia En pcs;PIECE;2 300 Ar;13;13;1;
20500120601;Spaghetti Francia  En Pcs;PIECE;2 700 Ar;4;4;1;
127;Spaghetti Francia en carton;CARTON;52 000 Ar;15;15;1;
20500112601;SPAGHETTI NOUR D OR;CARTON;44 000 Ar;0;0;1;
18700133901;Spaghetti Rasmi 500g;CARTON;44 000 Ar;0;0;1;
20500145201;Spaghetti Rasmi En piece;PIECE;2 200 Ar;0;0;1;
1132;SPAGHETTI ROSSINI 500g *20;CARTON;51 000 Ar;16;16;1;
15600083401;SPAGHETTI ROSSINI En pcs;PIECE;2 600 Ar;10;10;1;
20500106701;SPAGHETTI SANREMO;CARTON;51 000 Ar;0;0;1;
15600197601;Spider man srap;BOITE;36 000 Ar;0;0;1;
15600198301;Spider man srap en pcs;PIECE;1 500 Ar;0;0;1;
13700256601;Sprite citron pet 1.5L en pcs;PIECE;5 000 Ar;0;0;1;
13700170301;Sprite citron pet 1.5L*6;PACQUET;30 000 Ar;0;0;1;
13700214401;Sprite citron pet 350ml;PAQUET ;18 000 Ar;0;0;1;
13800196901;Strawberry kiddo;SACHET;2 500 Ar;0;0;1;
13800196902;Strawberry kiddo;CARTON;50 000 Ar;0;0;20;
13800194701;Strip jelly jelloo;BOITE;4 000 Ar;1;1;1;
13800194702;Strip jelly jelloo;CARTON;96 000 Ar;0;0;24;
20600186001;Stylo classin bleu;BOITE;9 500 Ar;0;0;1;
20600195501;Stylo classin bleu en pcs;PIECE;200 Ar;0;0;1;
20600186201;Stylo classin rouge;BOITE;9 500 Ar;0;0;1;
15600225401;Stylo classin rouge en pcs;PIECE;200 Ar;0;0;1;
20600186101;Stylo classin verte;BOITE;9 500 Ar;0;0;1;
15600230901;Stylo classin verte en pcs;PIECE;200 Ar;0;0;1;
20600272201;Stylo europa noir;BOITE;12 000 Ar;6;6;1;
20600145101;Stylo europa rouge;BOITE;12 000 Ar;3;3;1;
15600225501;Stylo europe en piece;PIECE;400 Ar;0;0;1;
20600112501;STYLO LAUREAT BLEU;BOITE;20 000 Ar;1;1;1;
20600144001;Stylo Laureat noir;BOITE;20 000 Ar;2;2;1;
20600144101;Stylo Laureat rouge;BOITE;20 000 Ar;0;0;1;
20600252501;Stylo maryas plus bleu;BOITE;12 000 Ar;26;26;1;
20600252502;Stylo maryas plus bleu;CARTON;240 000 Ar;1,3;1,3;20;
20600272401;Stylo maryas plus Rouge;BOITE;12 000 Ar;18;18;1;
20600272402;Stylo maryas plus Rouge;CARTON;240 000 Ar;0,9;0,9;20;
20600226301;Stylo nova 1mm;BOITE;9 000 Ar;0;0;1;
20600128201;Stylo schneider bleu;BOITE;35 000 Ar;22;22;1;
20600128202;Stylo schneider bleu;CARTON;700 000 Ar;1,1;1,1;20;
20600180401;Stylo schneider bleu En pcs;PIECE;700 Ar;49;49;1;
450;Stylo schneider Noir ;BOITE;35 000 Ar;9;9;1;
20600180601;Stylo schneider noir En pcs;PIECE;700 Ar;23;23;1;
20600140701;Stylo schneider Rouge;BOITE;35 000 Ar;5;5;1;
20600180501;Stylo schneider rouge En pcs;PIECE;700 Ar;19;19;1;
20600140801;Stylo schneider Vert;BOITE;35 000 Ar;25;25;1;
15600214301;Stylo schneider Vert en pcs;PIECE;700 Ar;45;45;1;
13800216901;Sucette big assorted mix excel;SACHET ;17 000 Ar;9;9;1;
13800216902;Sucette big assorted mix excel;CARTON;272 000 Ar;0,6;0,6;16;
13800217001;Sucette big cola excel 25g;SACHET;17 000 Ar;13;13;1;
13800217002;Sucette big cola excel 25g;CARTON;272 000 Ar;0,8;0,8;16;
13800255901;Sucette big milk lollipop excel 25g;SACHET;17 000 Ar;3;3;1;
13800255902;Sucette big milk lollipop excel 25g;CARTON;272 000 Ar;0,2;0,2;16;
13800245201;Sucette big pop gm xxl;BOCAL;22 000 Ar;0;0;1;
13800245202;Sucette big pop gm xxl;CARTON;132 000 Ar;0;0;6;
13800105201;SUCETTE BOCAL ROYAL;BOCAL;12 000 Ar;0;0;1;
13800105202;SUCETTE BOCAL ROYAL;CRT;72 000 Ar;0;0;6;
13800089601;SUCETTE CHOCO VANILLA DOLLY LOLLY;SHT;5 900 Ar;0;0;1;
13800155601;Sucette Donut;SACHET;12 500 Ar;0;0;1;
13800155602;Sucette Donut;CARTON;150 000 Ar;0;0;12;
13800184101;Sucette g pop;SACHET;4 000 Ar;10;10;1;
13800184102;Sucette g pop;CARTON;80 000 Ar;0,5;0,5;20;
13800209401;Sucette g pop en pcs;PIECE;100 Ar;0;0;1;
13800258801;Sucette gm bigg pops en sachet;SACHET;12 000 Ar;2;2;1;
13800258802;Sucette gm bigg pops en sachet;CARTON;192 000 Ar;0,1;0,1;16;
13800118901;Sucette hearty pop bocal;BOCAL;12 000 Ar;0;0;1;
13800118902;Sucette hearty pop bocal;CARTON;144 000 Ar;0;0;12;
13800213501;Sucette icy pop bocal;BOCAL;15 000 Ar;11;11;1;
13800213502;Sucette icy pop bocal;CARTON ;180 000 Ar;0,9;0,9;12;
13800169301;Sucette Love pop;SACHET;2 900 Ar;0;0;1;
13800169302;Sucette Love pop;CARTON;119 000 Ar;0;0;34;
13800243601;Sucette love pops rama gm;SACHET;6 200 Ar;0;0;1;
13800243602;Sucette love pops rama gm;CARTON;98 600 Ar;0;0;16;
13800217401;Sucette love ring bague;SACHET;8 500 Ar;23;23;1;
13800217402;Sucette love ring bague;CARTON;170 000 Ar;1,1;1,1;20;
13800214701;Sucette mix fruit naturaly;SACHET;2 500 Ar;0;0;1;
13800214702;Sucette mix fruit naturaly;CARTON;50 000 Ar;0;0;20;
13800213401;Sucette mix yogofru bocal;BOCAL;23 000 Ar;0;0;1;
13800213402;Sucette mix yogofru bocal;CARTON;138 000 Ar;0;0;6;
13800224901;Sucette Neo pop xxl;SACHET;8 500 Ar;0;0;1;
13800224902;Sucette Neo pop xxl;CARTON;136 000 Ar;0;0;16;
13800243901;Sucette rama big bombom xxxl;SACHET;12 000 Ar;0;0;1;
13800243902;Sucette rama big bombom xxxl;CARTON;192 000 Ar;0;0;16;
15600203101;Sucette sweet art bocal;BOCAL;16 000 Ar;0;0;1;
15600203102;Sucette sweet art bocal;CARTON;192 000 Ar;0;0;12;
13800216301;Sucette tik tok chew pop bocal ;BOCAL;18 000 Ar;0;0;1;
13800216302;Sucette tik tok chew pop bocal ;CARTON;216 000 Ar;0;0;12;
13800217101;Sucette tik tok excel  xxl ;SACHET ;17 500 Ar;6;6;1;
13800217102;Sucette tik tok excel  xxl ;CARTON;247 500 Ar;0,4;0,4;14;
13800155701;Sucette trio  pop;SACHET;12 500 Ar;3;3;1;
13800155702;Sucette trio  pop;CARTON;150 000 Ar;0,2;0,2;12;
13800217501;Sucette Twist pop mango excel;SACHET;17 500 Ar;1;1;1;
13800217502;Sucette Twist pop mango excel;CARTON;245 000 Ar;0,1;0,1;14;
13800256001;Sucette Twist pop strawberry;SACHET;17 500 Ar;11;11;1;
13800256002;Sucette Twist pop strawberry;CARTON;245 000 Ar;0,8;0,8;14;
13800228501;Sucette wafer mellow fruit lollipop;BOITE;11 000 Ar;20;20;1;
13800228502;Sucette wafer mellow fruit lollipop;CARTON;220 000 Ar;1;1;20;
13800244001;Sucette ziva mix fruit lollipop 25g ass;SACHET;15 000 Ar;0;0;1;
13800244002;Sucette ziva mix fruit lollipop 25g ass;CARTON;240 000 Ar;0;0;16;
20700126601;Sucre  Mena En Kg ;KG;3 500 Ar;140;140;1;
161;SUCRE 25 KG;SAC;87 000 Ar;14;14;1;
806;Sucre ambilobe  50Kg;KG;0 Ar;1250;1250;1;
398;Sucre ambilobe  50Kg;SAC;173 000 Ar;25;25;50;
20700161701;Sucre blanc 50kg;SAC;210 000 Ar;0;0;1;
20700263001;Sucre blanc En kg;KILOS;4 600 Ar;39;39;1;
20700205301;Sucre rouge selati 50kg;SAC;194 000 Ar;4;4;1;
13800225901;Super cone 12*60 ;BOITE;20 000 Ar;0;0;1;
13800225902;Super cone 12*60 ;CARTON;240 000 Ar;0;0;12;
13800225801;Super cone24*30 en boite;BOITE;11 000 Ar;8;8;1;
13800225802;Super cone24*30 en boite;CARTON;264 000 Ar;0,3;0,3;24;
267;Super Moustiquaire;PIECE;4 900 Ar;0;0;1;
734;Super Moustiquaire;BALLE;225 000 Ar;0;0;50;
13600103501;SUPER POPS_MIX FLAVOUR;SHT;4 500 Ar;15;15;1;
13600103502;SUPER POPS_MIX FLAVOUR;BALLE;90 000 Ar;0,8;0,8;20;
407;SUR EAU;PIECE;0 Ar;0;0;1;
406;SUR EAU;CARTON;0 Ar;0;0;28;
15600200501;Sur eau oasis;PIECE ;1 000 Ar;0;0;1;
15600200502;Sur eau oasis;CARTON;40 000 Ar;0;0;40;
547;SURE EAU;PIECE;700 Ar;0;0;1;
548;SURE EAU;CARTON;24 000 Ar;0;0;40;
15600263601;Surprise snack 20sht*25pcs;SACHET;7 000 Ar;1;1;1;
15600263602;Surprise snack 20sht*25pcs;BALLE;140 000 Ar;0,1;0,1;20;
13800199201;Sweet africa cube Onion;PIECE;1 800 Ar;40;40;1;
13800199202;Sweet africa cube Onion;BOITE;73 800 Ar;1;1;40;
13800199203;Sweet africa cube Onion;CARTON;147 600 Ar;0,5;0,5;80;
13800075801;SWEET BOY;BTE;7 000 Ar;11;11;1;
13800075802;SWEET BOY;CARTON;270 000 Ar;0,4;0,4;30;
13800225101;Sweet dreams pop;BOITE;12 500 Ar;3;3;1;
13800225102;Sweet dreams pop;CARTON;150 000 Ar;0,2;0,2;12;
13800251501;Swr happy nipple candy ( teeth pops bocal );BOCAL;17 000 Ar;3;3;1;
13800251502;Swr happy nipple candy ( teeth pops bocal );CARTON;340 000 Ar;0,1;0,1;20;
20600174801;Sytlo supra bleu;BOITE;11 000 Ar;7;7;1;
20600180001;Sytlo supra bleu en Pcs;PIECE;400 Ar;39;39;1;
20600174601;Sytlo supra rouge;BOITE;11 000 Ar;6;6;1;
20600180101;Sytlo supra rouge En pcs;PIECE;400 Ar;22;22;1;
20600174701;Sytlo supra vert;BOITE;11 000 Ar;0;0;1;
20600180301;Sytlo supra vert En pcs;PIECE;400 Ar;37;37;1;
15600189501;Table candy in cola ,sprite , fanta;PACQUET;11 000 Ar;0;0;1;
303;TADY LUX;ROULEAUX;9 000 Ar;0;0;1;
760;TALIA;PAQUET;2 700 Ar;0;0;1;
759;TALIA;CARTON;162 000 Ar;0;0;60;
15100183601;Talia bleu Nuit*60pcs;PACQUET;3 000 Ar;0;0;1;
15100183602;Talia bleu Nuit*60pcs;CARTON;180 000 Ar;0;0;60;
15100183701;Talia Violte Nuit coton*60pcs;PACQUET;2 900 Ar;0;0;1;
15100183702;Talia Violte Nuit coton*60pcs;CARTON;174 000 Ar;0;0;60;
15600071301;TAMARIN gm;SHT;9 000 Ar;0;0;1;
15600071302;TAMARIN gm;CRT;108 000 Ar;0;0;12;
325;TAMIS;PIECE;1 500 Ar;0;0;1;
486;TANGATRIKA;METRE;3 000 Ar;0;0;1;
1004;TANGATRIKA 2M;METRE;3 000 Ar;0;0;1;
15600059502;TANGATRIKA 2M;BALLE;300 000 Ar;0;0;100;
679;TARZAN SUPER ENCRT;BOITE;8 000 Ar;0;0;1;
678;TARZAN SUPER ENCRT;CARTON;94 500 Ar;0;0;12;
59;TERMOS PLASTIQUE 3L;PIECE;39 000 Ar;2;2;1;
57;TERMOS VISTA  3.2L;PIECE;57 000 Ar;0;0;1;
454;TERMOS VISTA 2L;PIECE;52 000 Ar;0;0;1;
58;TERMOSY ALWAYS 1L;PIECE;19 000 Ar;0;0;1;
446;TERMOSY HOPESTAR 2L;PIECE;29 000 Ar;0;0;1;
15600125401;Thermos vista ravinala 3L;PIECE;59 000 Ar;0;0;1;
15600224501;Thermos vista vvf-1120h 2L;PIECE;52 000 Ar;1;1;1;
15600224601;Thermos vista vvf-1132h 3.2L;PIECE;59 000 Ar;0;0;1;
15600125501;Thermos vy K826 3.2L;PIECE;45 000 Ar;1;1;1;
15600165901;Thon en miettes 185g;PIECES;4 500 Ar;0;0;1;
15600121401;TIARA 10G;PIECE;0 Ar;1105;1105;1;
15600121402;TIARA 10G;BOITE;0 Ar;46;46;24;
16900149601;Tiara 10g Voa2;BOITE;11 000 Ar;0;0;1;
16900149602;Tiara 10g Voa2;CARTON;264 000 Ar;0;0;24;
306;TIBINO;PAQUET;2 400 Ar;0;0;1;
1025;TIRBO GM;PIECE;500 Ar;0;0;1;
1032;TIRBO PM;PAQUET;1 000 Ar;0;0;1;
1031;TIRBO PM;CARTON;23 000 Ar;0;0;24;
544;TOKO  VY;PIECE;3 500 Ar;1;1;1;
15600227101;Tomate boite alda 70g; PIECE;1 050 Ar;32;32;1;
15600227102;Tomate boite alda 70g;CARTON;105 000 Ar;0,3;0,3;100;
15600109301;TOMATE BOITE FASTE;BTS;750 Ar;0;0;1;
15600109302;TOMATE BOITE FASTE;CRT;75 000 Ar;0;0;100;
140;TOMATE BOITE GEFCO;BOITE;650 Ar;0;0;1;
141;TOMATE BOITE GEFCO;CARTON;32 500 Ar;0;0;50;
15600143301;Tomate boite Lucie;PIECE;1 050 Ar;42;42;1;
15600143302;Tomate boite Lucie;CARTON;105 000 Ar;0,4;0,4;100;
15600200401;Tomate boite mama ;PIECE;900 Ar;3;3;1;
15600200402;Tomate boite mama ;CARTON;90 000 Ar;0;0;100;
15600244801;Tomate bonjour @ boite 70g;PIECE;1 050 Ar;53;53;1;
15600244802;Tomate bonjour @ boite 70g;CARTON;52 500 Ar;1,1;1,1;50;
15600229701;Tomate bonjour en sachet 50g;PIECE;700 Ar;1;1;1;
15600229702;Tomate bonjour en sachet 50g;CARTON;70 000 Ar;0;0;100;
1015;TOMATE BTE FANA;PIECE;1 100 Ar;359;359;1;
1014;TOMATE BTE FANA;CARTON;110 000 Ar;3,6;3,6;100;
913;TOMATE DELICIOSO 400GR;PIECE;2 000 Ar;0;0;1;
15600086001;TOMATE DELICIOSO 70GR;PIECES;650 Ar;0;0;1;
15600086002;TOMATE DELICIOSO 70GR;CARTON;32 500 Ar;0;0;50;
15600112201;TOMATE ELVIA EN SACHET;SHT;500 Ar;0;0;1;
15600112202;TOMATE ELVIA EN SACHET;CARTON;49 000 Ar;0;0;100;
15600186701;Tomate europa @ boite 70g;PIECE;950 Ar;1;1;1;
15600186702;Tomate europa @ boite 70g;CARTON;47 500 Ar;0;0;50;
15600171901;Tomate europa @ sachet 50g;PIECE;650 Ar;0;0;1;
15600171902;Tomate europa @ sachet 50g;CARTON;65 000 Ar;0;0;100;
15600150101;Tomate Evita en sachet *50g;PIECE;800 Ar;74;74;1;
15600150102;Tomate Evita en sachet *50g;CARTON;40 000 Ar;1,5;1,5;50;
15600256401;Tomate fana en sachet 50g*100pcs;PIECE;1 050 Ar;28;28;1;
15600256402;Tomate fana en sachet 50g*100pcs;CARTON;105 000 Ar;0,3;0,3;100;
15600216101;Tomate kenzy en sachet 50g;PIECE;600 Ar;1;1;1;
15600216102;Tomate kenzy en sachet 50g;BOITE;15 000 Ar;0;0;25;
15600216103;Tomate kenzy en sachet 50g;CARTON;60 000 Ar;0;0;100;
15900226001;Tongolo be @ kilos ;KILOS;2 500 Ar;4,5;4,5;1;
13800172301;Tongue paint assorti 5g en pcs;PIECE;100 Ar;0;0;1;
13800196801;Tongue painter kiddo;SACHET;2 500 Ar;0;0;1;
13800196802;Tongue painter kiddo;CARTON;50 000 Ar;0;0;20;
13800232301;Tongue painter monstre pop kiddies;SACHET;12 500 Ar;0;0;1;
13800232302;Tongue painter monstre pop kiddies;CARTON;200 000 Ar;0;0;16;
14200179401;Top cafe *22g*120pcs;PIECE;600 Ar;2;2;1;
14200179402;Top cafe *22g*120pcs;CARTON;72 000 Ar;0;0;120;
14200264001;Top cafe cappuccino 25g;PIECE;1 000 Ar;118;118;1;
14200264002;Top cafe cappuccino 25g;PAQUET;10 000 Ar;11,8;11,8;10;
14200264003;Top cafe cappuccino 25g;CARTON;120 000 Ar;1;1;120;
14200263901;Top cafe palm sugar 25g;PIECE;1 000 Ar;120;120;1;
14200263902;Top cafe palm sugar 25g;PAQUET;10 000 Ar;12;12;10;
14200263903;Top cafe palm sugar 25g;CARTON;120 000 Ar;1;1;120;
14200221401;Top caffe Avocado 22g;PIECE;900 Ar;9;9;1;
14200221402;Top caffe Avocado 22g;PAQUET;13 500 Ar;0,6;0,6;15;
14200221403;Top caffe Avocado 22g;CARTON;162 000 Ar;0,1;0,1;180;
14200221601;Top caffe mokachinno 22g;SACHET;8 100 Ar;0;0;1;
14200221602;Top caffe mokachinno 22g;CARTON;162 000 Ar;0;0;20;
14200222601;Top caffe mokachinno en piece;PIECE;900 Ar;0;0;1;
13600100101;Top pop;SACHET;6 500 Ar;33;33;1;
13600100102;Top pop;BALLE;130 000 Ar;1,6;1,6;20;
15600097801;TORCHE;PIECE;4 000 Ar;47;47;1;
15600097701;TORCHE DE TETE;PIECE;3 000 Ar;77;77;1;
15600098201;TORCHE SOLAR CHARGE FLASHIGHT;PIECE;5 000 Ar;26;26;1;
1003;TOTOKENA MAMASOA;PIECE;800 Ar;0;0;1;
787;TOTOKENA MAMASOA;SACHET;6 500 Ar;0;0;48;
786;TOTOKENA MAMASOA;SAC;52 000 Ar;0;0;2304;
13800266501;Traffic light fudge gummy 12g;PAQUET;13 000 Ar;20;20;1;
13800266502;Traffic light fudge gummy 12g;CARTON;260 000 Ar;1;1;20;
1029;TRIPLE  ACTION GM;PIECE;4 500 Ar;17;17;1;
1028;TRIPLE  ACTION GM;PAQUET;48 000 Ar;1,4;1,4;12;
15600163501;Triple action aloe vera 100ml;PACQUET ;17 000 Ar;31;31;1;
15600163502;Triple action aloe vera 100ml;CARTON;204 000 Ar;1,3;1,3;24;
15900238201;Tsaramaso avaratra 50kg;SAC;265 000 Ar;0;0;1;
15900238101;Tsaramaso avaratra en kapoaka;KAPOAKA;1 500 Ar;0;0;1;
15900154901;Tsaramaso bota 50kg;SAC;284 000 Ar;0;0;1;
15900200901;Tsaramaso bota En Kapoaka;KAPOAKA;1 600 Ar;0;0;1;
15600130701;Tsaramaso Lava 50Kg;SAC;265 000 Ar;0;0;1;
15600132701;Tsaramaso Lava En Kap;KAPOAKA;1 500 Ar;0;0;1;
15600088901;TSARAMASO MENA;KAPOAKA;1 000 Ar;3;3;1;
1051;Tsaramaso miandrivazo 50kg;SAC;263 000 Ar;4;4;1;
15500121101;Tsaramaso miandrivazo en Kap;KPK;1 500 Ar;45;45;1;
15900192601;Tsaramaso vazo 25kg;SAC;170 000 Ar;0;0;1;
322;Tsiasisa 50kg;SAC;140 000 Ar;0;0;1;
15900145301;Tsiasisa 50kg (Vao);SAC;229 000 Ar;0;0;1;
15600146801;Tsiasisa 50kg (Vao) En Kapoaka;KAPOAKA;1 400 Ar;88;88;1;
1040;TSIK NACK;SACHET;7 000 Ar;2;2;1;
13600107801;TUC CLASSIC 65*24;PIECE;1 500 Ar;12;12;1;
13600107802;TUC CLASSIC 65*24;CARTON;36 000 Ar;0,5;0,5;24;
13600119001;TUC MINI 30G 30;PIECE;1 200 Ar;0;0;1;
13600119002;TUC MINI 30G 30;CARTON;36 000 Ar;0;0;30;
13600108101;TUC POCKET 32G;PIECE;900 Ar;4;4;1;
13600108102;TUC POCKET 32G;BOITE;19 500 Ar;0,2;0,2;24;
13600129501;Turbo choco gm ;SACHET;5 500 Ar;65;65;1;
13600129502;Turbo choco gm ;CARTON;66 000 Ar;5,4;5,4;12;
13600240301;Turbo choco pm;SACHET;2 000 Ar;0;0;1;
13600240302;Turbo choco pm;CARTON;40 000 Ar;0;0;21;
13600129601;Turbo fraise gm  ;SACHET;5 500 Ar;9;9;1;
13600129602;Turbo fraise gm  ;CARTON;66 000 Ar;0,8;0,8;12;
13600240401;Turbo fraise pm;SACHET;2 000 Ar;2;2;1;
13600240402;Turbo fraise pm;CARTON;40 000 Ar;0,1;0,1;21;
13800222301;U&mé minis en boite;BOITE;8 500 Ar;0;0;1;
15600185901;Vao coco;PACQUET;3 500 Ar;31;31;1;
15600185902;Vao coco;CARTON;42 000 Ar;2,6;2,6;12;
19900265801;Vao savon anatiseptique t.a ravintsara;PEICE;1 700 Ar;24;24;1;
19900265802;Vao savon anatiseptique t.a ravintsara;CARTON;40 000 Ar;1;1;24;
19900266601;Vao savon antiseptique au charbon active;PIECE;1 700 Ar;66;66;1;
19900266602;Vao savon antiseptique au charbon active;CARTON;40 000 Ar;2,8;2,8;24;
15600249201;Vao shampooing papaye ;PAQUET;2 500 Ar;15;15;1;
15600249202;Vao shampooing papaye ;CARTON;30 000 Ar;1,2;1,2;12;
19600265601;Vao translucide sdoi u1*36mx*80g;PIECE;1 200 Ar;72;72;1;
19600265602;Vao translucide sdoi u1*36mx*80g;CARTON;42 000 Ar;2;2;36;
13;Vaoline 30g*108pcs;CARTON;21 600 Ar;0;0;1;
19200271101;Vary Diste Vao 25kg;SAC;68 000 Ar;2;2;1;
19200084801;Vary diste vao 50kg;SAC;124 000 Ar;14;14;1;
19200218301;Vary diste vao en kapoaka;KAPOAKA;950 Ar;35;35;1;
19200223801;Vary gasy andapa  50kg;SAC;169 000 Ar;1;1;1;
15600218101;Vary gasy andapa 50 kg En Kapoaka;KAPOAKA;900 Ar;15;15;1;
19200143201;Vary gasy andapa 50kg;SAC;155 000 Ar;0;0;1;
19200140901;Vary gasy andapa 60kg;SAC;189 000 Ar;0;0;1;
19200084101;Vary gasy andapa 60kg En kapoaka  ;KAPOAKA;950 Ar;4;4;1;
19200269601;Vary gasy Bota vao sac 25kg;SAC;60 000 Ar;14;14;1;
19200094801;Vary gasy Bota vaovao  50kg;SAC ;119 000 Ar;8;8;1;
19200150701;Vary gasy bota vaovao 60kg;SAC;147 000 Ar;2;2;1;
19200163201;Vary gasy fotsy 25kg;SAC;77 000 Ar;0;0;1;
19200193701;Vary gasy fotsy 2ém choix 50kg;SAC;157 000 Ar;0;0;1;
19200166901;Vary gasy fotsy 60kg Vao;SAC;190 000 Ar;0;0;1;
19200217901;Vary gasy fotsy en  Kapoaka;KAPOAKA;900 Ar;2;2;1;
19200153301;Vary haraka tsansparent 50kg;SAC;145 000 Ar;0;0;1;
19200073401;VARY jaune inde;SAC;90 000 Ar;0;0;1;
19200250901;Vary Lux mahavoky  50kg;SAC;120 000 Ar;0;0;1;
19200198401;Vary makalioka 25kg;SAC;61 000 Ar;5;5;1;
19200140001;Vary Makalioka 50kg  ;SAC;121 000 Ar;4;4;1;
19200173301;Vary makalioka 60kg;SAC;145 000 Ar;6;6;1;
19200218001;Vary Makalioka en Kapoaka;KAPOAKA;850 Ar;2;2;1;
19200114501;Vary manitra mme rose 50kg;SAC;299 000 Ar;0;0;1;
19200114601;Vary manitra mme rose En kp;EN KPK;1 500 Ar;0;0;1;
19200205201;Vary r r premium 50kg;SAC;132 000 Ar;0;0;1;
19200074401;VARY STAR 25Kg;SAC;54 000 Ar;0;0;1;
19200255201;Vary stock ace rice 50kg;SAC;105 000 Ar;0;0;1;
19200239001;Vary stock Adelco 25kg;SAC;45 000 Ar;0;0;1;
19200157401;Vary stock Barea 50kg;SAC ;92 000 Ar;1;1;1;
19200175101;Vary stock bon 50kg;SAC;145 000 Ar;0;0;1;
19200241501;Vary stock boule petanque 50kg;SAC;106 000 Ar;0;0;1;
19200186801;Vary stock bulmex 25kg;SAC;47 000 Ar;0;0;1;
19200234801;Vary stock ce bon sac 50kg;SAC;106 000 Ar;0;0;1;
19200235601;Vary stock champion 50kg;SAC;118 000 Ar;38;38;1;
19100172501;VARY STOCK COMMANDER 50KG;SAC;139 000 Ar;0;0;1;
19200157701;Vary stock eagle 50kg;SAC ;153 000 Ar;0;0;1;
19200232501;Vary stock ehoala 50kg;SAC ;108 000 Ar;0;0;1;
1109;Vary stock FANEVA 50Kg;SAC;145 000 Ar;0;0;1;
19200184001;Vary stock foot ball  50kg;SAC;138 000 Ar;0;0;1;
19200183801;Vary stock global 50kg;SAC;136 000 Ar;0;0;1;
19200238701;Vary stock gold coin 50kg;SAC;105 000 Ar;0;0;1;
19200167001;Vary stock gold sac 50kg;SAC;117 000 Ar;1;1;1;
19200150501;Vary stock haraka jaune  50kg;SAC;98 000 Ar;0;0;1;
19200232401;Vary stock hary fitia 50kg;SAC ;106 000 Ar;0;0;1;
19200087001;VARY STOCK INDUS 50KG;SAC;100 000 Ar;0;0;1;
19200143701;Vary stock Kintana  50kg;SAC;114 000 Ar;5;5;1;
19200148701;Vary stock Kintana 25kg;SAC;76 000 Ar;0;0;1;
19200264401;Vary stock la cascade 50kg;SAC;107 000 Ar;0;0;1;
19200176901;Vary stock la famille 50kg;SAC;145 000 Ar;0;0;1;
15600079201;VARY STOCK LALA;SAC;101 000 Ar;0;0;1;
19200073001;VARY STOCK laxim;SAC;105 000 Ar;0;0;1;
19200150001;Vary stock lemur 50kg;SAC;145 000 Ar;0;0;1;
19200238601;Vary stock mahavoky 50kg;SAC;117 000 Ar;1;1;1;
19200164101;Vary stock Manjarika 50kg;SAC;147 000 Ar;0;0;1;
19200192401;Vary stock mara 50kg;SAC;138 000 Ar;0;0;1;
19200173201;Vary stock mol 50kg;SAC;145 000 Ar;0;0;1;
19200163901;Vary stock nitra 50kg;SAC;94 000 Ar;0;0;1;
19200162601;Vary stock pack rhino 25kg;SAC;59 000 Ar;13;13;1;
19200200101;Vary stock pogo 50kg;SAC;105 000 Ar;0;0;1;
19200249801;Vary stock Romazava 50kg;SAC ;117 000 Ar;0;0;1;
19200173101;Vary stock saksi silver 50kg;SAC;145 000 Ar;0;0;1;
19200112901;VARY STOCK STAR 50KG;SAC;110 000 Ar;0;0;1;
19200166401;Vary stock tanishk 50kg ;SAC;139 000 Ar;0;0;1;
19200161501;Vary stock tigre pakistan 50kg;SAC;147 000 Ar;1;1;1;
19200158301;Vary stock tuc tuc 50kg;SAC ;147 000 Ar;0;0;1;
19200249901;Vary stock Tulip 50kg;SAC ;118 000 Ar;0;0;1;
19200161601;Vary stock volamena 50kg;SAC ;152 000 Ar;0;0;1;
19200242301;Vary stock volga 50kg;SAC;105 000 Ar;0;0;1;
1050;VARY STOCK WARRIO;SAC;79 000 Ar;0;0;1;
19200105601;Vary Tsinjo 25 kg;SAC;76 000 Ar;0;0;1;
19200092501;Vary Tsinjo 50kg;SAC ;134 000 Ar;0;0;1;
19200219101;Vary voky stock luxe 5% sac 50kg;SAC;135 000 Ar;0;0;1;
19200219201;Vary voky stock luxe kapoaka;KAPOAKA;800 Ar;0;0;1;
19200104301;VARY VOKY TSARA 50KG;SAC;105 000 Ar;0;0;1;
13800189901;Vehicule lollipop 15g;BOCAL;11 500 Ar;1;1;1;
13800189902;Vehicule lollipop 15g;CARTON;230 000 Ar;0,1;0,1;20;
15600229901;Verre à jetter champion;PAQUET;2 900 Ar;0;0;1;
15600229902;Verre à jetter champion;CARTON;58 000 Ar;0;0;20;
15600150901;Verre a jetter tranquil transparent;PACQUET;3 200 Ar;17;17;1;
15600150902;Verre a jetter tranquil transparent;CARTON;128 000 Ar;0,4;0,4;40;
15600151001;Verre a jetter tranquil white;PACQUET;3 200 Ar;6;6;1;
15600151002;Verre a jetter tranquil white;CARTON;128 000 Ar;0,1;0,1;40;
15600191101;Verre à jetter voila;PACQUET;2 900 Ar;0;0;1;
15600191102;Verre à jetter voila;CARTON;58 000 Ar;0;0;20;
15600203001;Verre decorrted glrss;PAQUET;8 000 Ar;0;0;1;
15600203002;Verre decorrted glrss;CARTON;96 000 Ar;0;0;12;
526;VETSIN;PAQUET;3 000 Ar;0;0;1;
525;VETSIN;BALLE;30 000 Ar;0;0;20;
414;VETSIN 250G;PIECE;2 100 Ar;61;61;1;
413;VETSIN 250G;CARTON;100 000 Ar;1,3;1,3;48;
15600202701;Vetsin 50g;PIECE;600 Ar;44;44;1;
15600202702;Vetsin 50g;CARTON;60 000 Ar;0,4;0,4;100;
1074;Vetsin vita 3g*40pcs;PAQUET;1 900 Ar;207;207;1;
1073;Vetsin vita 3g*40pcs;CARTON;95 000 Ar;4,1;4,1;50;
291;VILIA BAKOLY PM;PIECE;2 500 Ar;0;0;1;
293;VILIA BOL ARC;PIECE;15 000 Ar;0;0;1;
287;VILIA BOL BAKOLY;PIECE;2 500 Ar;0;0;1;
151;VILIA BOL INOX;PIECE;7 000 Ar;0;0;1;
294;VILIA SPAGHETTI;PIECE;9 000 Ar;0;0;1;
1085;Vinaigre @ Sachet MENA;SACHET;5 300 Ar;41;41;1;
1084;Vinaigre @ Sachet MENA;CARTON;26 500 Ar;8,2;8,2;5;
21100086101;VINAIGRE FOTSY 1L;PACQUE;12 000 Ar;0;0;1;
15600170001;Vinaigre taf fotsy 0.25L;PACQUET;10 000 Ar;4;4;1;
15600170101;Vinaigre taf fotsy 1L Vao;PACQUET;13 000 Ar;5;5;1;
21100130201;Vinaigre taf mena 0.25L;PACQUET;10 000 Ar;13;13;1;
21100130001;Vinaigre Taf Mena 1L;PACQUET;13 000 Ar;1;1;1;
15600215701;Vinaigre Taf Mena 1L En pcs;PIECE;2 200 Ar;4;4;1;
15600231901;Vinaigre Taf Mena 1L En pcs;PIECE;2 200 Ar;0;0;1;
13700261301;Vinut cocktail mixed fruit juice 330ml;PIECE;3 900 Ar;4;4;1;
13700261401;Vinut coconut water juice 330ml;PIECE;3 900 Ar;4;4;1;
13700261501;Vinut orange juice 330ml;PIECE;3 900 Ar;4;4;1;
13700261601;Vinut passion fruit juice 330ml;PIECE;3 900 Ar;3;3;1;
13700261701;Vinut strawberry juice 330ml;PIECE;3 900 Ar;3;3;1;
13700261801;Vinut voltric 220 energy juice 330ml;PICEE;3 900 Ar;1;1;1;
18900198601;Vitalait 1Kg;SACHET;36 000 Ar;6;6;1;
18900198602;Vitalait 1Kg;CARTON;288 000 Ar;0,8;0,8;8;
18900199901;Vitalait 250g;SACHET;9 500 Ar;3;3;1;
18900199902;Vitalait 250g;CARTON;304 000 Ar;0,1;0,1;32;
18900198501;Vitalait 500gr;SACHET;18 500 Ar;40;40;1;
18900198502;Vitalait 500gr;CARTON;296 000 Ar;2,5;2,5;16;
1146;Vitogaz gm 12kg;BOUTEIL;136 000 Ar;0;0;1;
15600207401;Vitogaz pm 4kg;BOUTEIL;49 000 Ar;3;3;1;
1147;Vitogaz_moyenne 09kg;BOUTEIL;99 000 Ar;6;6;1;
13800244201;Vnl azedinha toffee mastigavel;SACHET;3 500 Ar;47;47;1;
13800244202;Vnl azedinha toffee mastigavel;CARTON;70 000 Ar;2,4;2,4;20;
13800244301;Vnl deluxe toffee 100pcs*20bag;SACHET;2 700 Ar;18;18;1;
13800244302;Vnl deluxe toffee 100pcs*20bag;CARTON;54 000 Ar;0,9;0,9;20;
13800251601;Vnl froyo preto black to red 24pcs*16;SACHET;3 500 Ar;12;12;1;
13800251602;Vnl froyo preto black to red 24pcs*16;CARTON;56 000 Ar;0,8;0,8;16;
13800233601;Vnl jumbo pops lollipop;BOCAL;7 500 Ar;0;0;1;
13800233801;Vnl milk lollipop bocal;BOCAL;7 500 Ar;0;0;1;
13800233802;Vnl milk lollipop bocal;CARTON;45 000 Ar;0;0;6;
15600233701;Vnl stawberry lollipop boom splash;BOCAL;7 500 Ar;0;0;1;
15600233702;Vnl stawberry lollipop boom splash;CARTON;45 000 Ar;0;0;6;
13800260701;Vnl strawberry lollipop boom splash;BOCAL;7 500 Ar;7;7;1;
13800260702;Vnl strawberry lollipop boom splash;CARTON;45 000 Ar;1,2;1,2;6;
169;Voanemba 50kg lj;SAC;169 000 Ar;1;1;1;
917;Voanemba en Kap;KAPOAKA;1 000 Ar;136;136;1;
15500121001;Voanjobory  En Kap;EN KPK;1 500 Ar;123;123;1;
16800072001;VOANJOBORY 50KG;SAC;249 000 Ar;3;3;1;
15900132601;Voantsoroka Maintso en Kap;KAPOAKA;1 300 Ar;63;63;1;
15600141801;Voantsoroka Mavo en Kp;KAPOAKA;1 300 Ar;73;73;1;
15900077601;Voantsoroko maintso 50kg ;SAC;229 000 Ar;2;2;1;
15900132801;Voantsoroko mavo 50kg;SAC;224 000 Ar;0;0;1;
15600207001;Vovo-tsavony so klin 1kg;PIECE;15 000 Ar;0;0;1;
15600207002;Vovo-tsavony so klin 1kg;CARTON;150 000 Ar;0;0;10;
15600094401;VOVON TSAVONY FLOR;SAC;35 000 Ar;23;23;1;
15600106901;VOVON TSAVONY SEIM;SAC;30 000 Ar;0;0;1;
17;Vovon-tsavony boom Floral;CARTON;47 000 Ar;32;32;1;
15600214801;Vovon-tsavony boom jaune citron ;CARTON;47 000 Ar;0;0;1;
19700182301;Vovon-tsavony iriko 25g;PIECE;250 Ar;4492;4492;1;
19700182302;Vovon-tsavony iriko 25g;SAC;35 000 Ar;29,9;29,9;150;
19600163601;Vovon-tsavony Keon 200g* 20 sht;SAC;56 000 Ar;24;24;1;
15600230301;Vovon-tsavony Keon En pcs;PIECE;2 800 Ar;11;11;1;
15600093801;Vovon-tsavony Oxi;CARTON;50 000 Ar;18;18;1;
15600183301;Vovon-tsavony Oxi En pcs;PIECE;350 Ar;0;0;1;
15500135001;Vovon-tsavony Safidy 30g;CARTON;30 000 Ar;0;0;1;
19700220501;Vovon-tsavony seim en pcs;PIECCE;200 Ar;0;0;1;
19700093401;VOVON-TSAVONY UNO 150G;SAC;40 000 Ar;6;6;1;
19700255501;Vovon-tsavony UNO En  pcs;PIECE;300 Ar;7;7;1;
15600186901;Vovon-tsavony Vaoline 30g En piece;PIECE;200 Ar;48;48;1;
15600181701;Vovon-tsavony Vaoline 30g*150pcs;CARTON;40 000 Ar;31;31;1;
15600140201;Vovontsavony B29 ( vao );SAC;37 000 Ar;21;21;1;
15600169901;Vovontsavony Saba  25g;SAC;35 000 Ar;23;23;1;
19700086301;VOVOTSAVONY  30G B29;CARTON;40 000 Ar;0;0;1;
76;WAFERZ;PIECE;1 600 Ar;0;0;1;
437;WAFERZ;CARTON;57 000 Ar;0;0;36;
550;XXL35CL;PAQUET;37 000 Ar;18;18;1;
103;YARICO PM;BOITE;4 200 Ar;5;5;1;
690;YARICO PM;CARTON;210 000 Ar;0,1;0,1;50;
13700262101;Yes juice apple  1L ;PIECE;5 500 Ar;12;12;1;
13700262102;Yes juice apple  1L ;CARTON;66 000 Ar;1;1;12;
16900241901;Yes juice cocktail 200ml;PIECE;1 200 Ar;15;15;1;
16900241902;Yes juice cocktail 200ml;CARTON;32 400 Ar;0,6;0,6;27;
16900242001;Yes juice guave 200ml ;PIECE;1 200 Ar;0;0;1;
16900241701;Yes juice mangue 200ml;PIECE;1 200 Ar;0;0;1;
16900242101;Yes juice orange 200ml;PIECE;1 200 Ar;0;0;1;
16900242102;Yes juice orange 200ml;CARTON;32 400 Ar;0;0;27;
13700262001;Yes juice pineapple 1L;PIECE;5 500 Ar;10;10;1;
13700262002;Yes juice pineapple 1L;CARTON;66 000 Ar;0,8;0,8;12;
16900241601;Yes juice pomme 200ml ;PIECE;1 200 Ar;0;0;1;
13700261901;Yes juice raisin rouge 1L;PIECE;5 500 Ar;8;8;1;
13700261902;Yes juice raisin rouge 1L;CARTON;66 000 Ar;0,7;0,7;12;
16900241801;Yes juice resain (grapes) 200m;PIECE;1 200 Ar;0;0;1;
13800075401;YOGURT BONBON;SHT;5 000 Ar;0;0;1;
13800197001;Yogurt pop kiddo;SACHET;2 500 Ar;4;4;1;
13800197002;Yogurt pop kiddo;CARTON;50 000 Ar;0,2;0,2;20;
13800215501;Yogurt pop kiddo en pcs;PIECE;100 Ar;0;0;1;
13800075301;YOGURT SUCETTE;SHT;3 000 Ar;0;0;1;
13800075302;YOGURT SUCETTE;CRT;59 000 Ar;0;0;20;
13800105501;YOGURT SUCETTE GM;SHT;10 000 Ar;0;0;1;
13800105502;YOGURT SUCETTE GM;CRT;158 000 Ar;0;0;16;
13700131601;Youzo 1,5L;PACQUET;32 000 Ar;1;1;1;
13700170801;Youzou en piece 1.5L;PIECE;6 000 Ar;2;2;1;
13800199001;Yum yum lollipop 20*50pcs;SACHET;2 500 Ar;0;0;1;
13800199002;Yum yum lollipop 20*50pcs;CARTON;50 000 Ar;0;0;20;
843;YUMY;PIECE;0 Ar;0;0;1;
13800162901;Z bonbon fruit sachet;SACHET;3 700 Ar;26;26;1;
13800162902;Z bonbon fruit sachet;CARTON;88 800 Ar;1,1;1,1;24;
528;Zakuro;PAQUET;27 000 Ar;0;0;1;
527;Zakuro;CARTON;162 000 Ar;0;0;6;
370;ZER100P SUPER;PAQUET;7 000 Ar;0;0;1;
524;ZINQ BARRE;PIECE;6 000 Ar;0;0;1;
523;ZINQ BARRE;CARTON;119 000 Ar;0;0;20;
27;ZINQ MORCEAU;PIECE;1 200 Ar;0;0;1;
26;ZINQ MORCEAU;CARTON;57 500 Ar;0;0;48;
290;ZINQ PRO;BARRE;7 000 Ar;0;0;1;
289;ZINQ PRO;CARTON;112 000 Ar;0;0;16;
