685	3949	GRAISSE SCOPE	BOITE	10 000	0	0	0	0	1	
1015	4412	GRATOIR EN PIECE	PIECE	500	0	0	0	0	1	
948	4820	GRILLAGE EN ROULEAUX	METRE	4 000	0	0	0	0	1	
948	4304	GRILLAGE EN ROULEAUX	ROULEAUX	69 000	0	0	0	0	25	
290	3393	GROS POID	KAPOAKA	1 100	0	0	0	0	1	
290	21500029002	GROS POID	SAC	0	0	0	0	0	200	
1655	22000165501	GROS POID 25KG	SAC	103 000	0			0	1	
3219	22000321901	GROS POID 50KG	SAC	205 000	0			0	1	
3287	22000328701	GROS POID EN KAPOAKA	KAPOAKA	1 400	0			0	1	
1664	22000166401	GROS POID EN KG	KG	5 500	0			0	1	
292	3395	GROUPE 2T GM	PIECE	450 000	0	0	0	0	1	
291	3394	GROUPE 2T PM	PIECE	140 000	0	0	0	0	1	
1027	4430	GROUPE 4T HONDA	PIECE	1 800 000	0	0	0	0	1	
2125	19200212501	HARAKA FOTSY GONY	SAC	119 000	0			0	1	
1752	19200175201	HARAKA VERT	SAC	144 000	0	0		0	1	
1304	4999	HENA MAMASOA	PCS	800	0	0	0	0	1	
1304	4785	HENA MAMASOA	SACHET	4 800	0	0	0	0	6	
1304	4784	HENA MAMASOA	SAC	38 400	0	0	0	0	48	
3166	15600316601	HILE MOTEUR SPARTANS SAE 30 	JERYCAN	15 000	0			0	1	
3166	15600316602	HILE MOTEUR SPARTANS SAE 30 	CARTON	-	0			0	12	
1738	16600173801	HUILE  CASTE HUILOR 	PIECE	7 000	0			0	1	28/02/2021 (-1850 jour)
1738	16600173802	HUILE  CASTE HUILOR 	CARTON	105 000	0			0	15	28/02/2021 (-1850 jour)
2577	21400257701	HUILE 20W50 ESSENCE EN LITRE	LITRE	15 000	0			0	1	
896	4230	HUILE 20W50 ESSENCE MOTUL	PIECE	85 000	0	0	0	0	1	
106	3124	HUILE 2T 1L	JERYCA	6 000	0	0	0	0	1	
686	3950	HUILE 40  20L	JERYCA	160 000	0	0	0	0	1	
302	3415	HUILE 90 EN LITRE	LITRE	8 000	0	0	0	0	1	
296	3401	HUILE ALIMENTAIRE ZAIN CASTE	PIECE	5 800	0	0	0	0	1	18/02/2022 (-1495 jour)
296	3402	HUILE ALIMENTAIRE ZAIN CASTE	CARTON	70 000	0	0	0	0	12	18/02/2022 (-1495 jour)
852	4180	HUILE COCO EN JERICAN 20L	JERYCA	175 000	0	0	0	0	1	
3486	24600348601	HUILE COCO SAMBA	JERICAN 5L	69 000	1			1	1	
2302	24600230201	HUILE COCO TOP 18KG	DABA	260 000	0			0	1	
299	3412	HUILE COCO TSARA 5 L	JERYCAN	65 000	7	0	0	7	1	
3807	24600380701	HUILE ELVIA EN JERYCAN 10L	JERYCAN	77 000	0			0	1	25/10/2024 (-515 jour)
3269	16600326901	HUILE EVITA 250CL	PIECE	2 600	0			0	1	02/12/2024 (-477 jour)
3269	16600326902	HUILE EVITA 250CL	CARTON	124 800	0			0	48	02/12/2024 (-477 jour)
2736	16600273601	HUILE HAYAT	JERYCAN 	139 000	0			0	1	
1347	4842	HUILE IMPORTER 20L	JERYCA	129 000	0	0	0	0	1	30/09/2024 (-540 jour)
997	4376	HUILE RUBIA EN LITRE S40 208L	LITRE	8 000	226	0	0	226	1	
998	4377	HUILE RUBIA S40 208L EN BARIKA	BARIKA	87 000	0	0	0	0	1	
895	4229	HUILE SAE 40 DIESEL MOTUL	PIECE	79 000	0	0	0	0	1	
2730	24600273001	HUILE TOURNESOL 1L	PIECE	15 000	0			0	1	31/03/2024 (-723 jour)
2730	24600273002	HUILE TOURNESOL 1L	CARTON	255 000	0			0	15	31/03/2024 (-723 jour)
2731	24600273101	HUILE TOURNESOL 5L	PIECE	85 000	0			0	1	31/05/2024 (-662 jour)
2731	24600273102	HUILE TOURNESOL 5L	CARTON	255 000	0			0	3	31/05/2024 (-662 jour)
3193	16600319301	HUILE TOURNESOL COEUR D'OR 1L	PIECE	12 500	0			0	1	
3193	16600319302	HUILE TOURNESOL COEUR D'OR 1L	CARTON	149 000	0			0	12	
4134	16600413401	HUILE TOURNESOL LUSSO 1L	BOUTEILLE	12 000	0			0	1	23/11/2026 (243 jour)
4134	16600413402	HUILE TOURNESOL LUSSO 1L	CARTON	144 000	0			0	12	23/11/2026 (243 jour)
3674	16600367401	HUILE TOURNESOL SUNLIFE 1L	BOUTEIL	10 000	0			0	1	
3674	16600367402	HUILE TOURNESOL SUNLIFE 1L	CARTON	120 000	0			0	12	
1072	4477	HUILE TRICOCO 5L	DABA	57 000	0	0	0	0	1	07/09/2022 (-1294 jour)
1072	15600107202	HUILE TRICOCO 5L	CARTON	228 000	0	0	0	0	4	07/09/2022 (-1294 jour)
1330	4821	HUILE VIDANGE	LITRE	1 000	0	0	0	0	1	
2710	16600271001	HUILE WHITE LILY OIL	JERYCAN 	149 000	0			0	1	
1696	23600169601	ICE SWEET	SACHET	4 900	0			0	1	10/09/2022 (-1291 jour)
1696	23600169602	ICE SWEET	CARTON	147 000	0			0	30	10/09/2022 (-1291 jour)
1840	15600184001	INSECTICIDE PROCHITOX 300ML	PIECE	9 000	0			0	1	
1840	15600184002	INSECTICIDE PROCHITOX 300ML	CARTON	-	0			0	24	
1841	15600184101	INSECTICIDE PROCHITOX 600ML	PIECE	13 500	0			0	1	
1841	15600184102	INSECTICIDE PROCHITOX 600ML	CARTON	-	0			0	24	
873	4204	ISARPLAS COLLE TYUAU	PIECE	3 500	0	0	0	0	1	
306	3419	ISOREL	FEUILL	69 000	0	0	0	0	1	
1302	4780	JADIDA VAKY	PIECE	2 000	0	0	0	0	1	
3954	21500395401	JELLY BEAN	BOITE	12 000	0			0	1	01/09/2026 (160 jour)
3954	21500395402	JELLY BEAN	CARTON	144 000	0			0	12	01/09/2026 (160 jour)
2218	21500221801	JELLY_CUP 	SACHET	6 000	0			0	1	
2218	21500221802	JELLY_CUP 	CARTON	72 000	0			0	12	
2219	21500221901	JELLY_STICK	SACHET	18 000	0			0	1	
2219	21500221902	JELLY_STICK	CARTON	108 000	0			0	6	
309	3423	JERYCAN 1L	PIECE	1 000	21	0	0	21	1	
310	3425	JERYCAN 2L	PIECE	2 000	220	0	0	220	1	
735	4024	JERYCAN 5L	PIECE	0	40	0	0	40	1	
746	4038	JIRO KAPOAKA	PIECE	500	1	0	0	1	1	
311	3426	JIRO PANNEAU BLEU	PIECE	220 000	31	0	0	31	1	
314	3429	JIRO PANNEAU LAVA	PIECE	45 000	2	0	0	2	1	
315	3430	JIRO PANNEAU TRANO	PIECE	150 000	75	0	0	75	1	
313	3428	JIRO PANOT KELY	PIECE	20 000	10	0	0	10	1	
1084	4493	JIRO PETROMAX EN PIECE	PIECE	7 000	0	0	0	0	1	
1673	23300167301	JIROFO	KG	-	373611,2			373611,2	1	
913	4251	JOG FASIANA RANO LUX EN PIECE	PIECE	3 000	3	0	0	3	1	
375	3520	JOG PLASTIQUE TSOTRA	PIECE	1 500	0	0	0	0	1	
2733	21500273301	JUMBO EN PIECE	PIECE	250	0			0	1	
319	3437	JUMP PM	SACHET	2 500	0	0	0	0	1	28/02/2019 (-2581 jour)
319	3436	JUMP PM	CARTON	15 000	0	0	0	0	6	28/02/2019 (-2581 jour)
1224	4676	JUS AVEO	BOITE	5 000	0	0	0	0	1	
1224	4675	JUS AVEO	CARTON	60 000	0	0	0	0	12	
1560	5146	JUS DE FRUIT	PIECE	700	0	0	0	0	1	
1560	5145	JUS DE FRUIT	CARTON	21 000	0	0	0	0	30	
4038	21500403801	JUS EN BOITE TOFFEE JELLY	BOITE	11 000	0			0	1	
4038	21500403802	JUS EN BOITE TOFFEE JELLY	CARTON	220 000	0			0	20	
2216	21500221601	JUS EN BOUTEILLE	PIECE	1 200	1017			1017	1	23/11/2022 (-1217 jour)
2216	21500221602	JUS EN BOUTEILLE	CARTON	36 000	33,9			33,9	30	23/11/2022 (-1217 jour)
2215	21500221501	JUS EN POT	PIECE	600	548			548	1	05/05/2022 (-1419 jour)
2215	21500221502	JUS EN POT	CARTON	43 000	7,6			7,6	72	05/05/2022 (-1419 jour)
2220	21500222001	JUS EN SACHET	PIECE	800	68			68	1	03/08/2022 (-1329 jour)
2220	21500222002	JUS EN SACHET	CARTON	57 600	0,9			0,9	72	03/08/2022 (-1329 jour)
1192	4636	JUS FROZY	PIECE	1 000	0	0	0	0	1	
1192	4635	JUS FROZY	PAQUET	24 000	0	0	0	0	24	
3426	24000342601	JUS GOLDEN COCKTAIL	BOITE	9 000	0			0	1	
3426	24000342602	JUS GOLDEN COCKTAIL	CARTON	108 000	0			0	12	
3426	24000342603	JUS GOLDEN COCKTAIL	BALLE	216 000	0			0	24	
3427	24000342701	JUS GOLDEN COCONUT	BOITE	9 000	0			0	1	
3427	24000342702	JUS GOLDEN COCONUT	CARTON	108 000	0			0	12	
3427	24000342703	JUS GOLDEN COCONUT	BALLE	216 000	0			0	24	
3422	24000342201	JUS GOLDEN FRAISE	BOITE	9 000	0			0	1	
3422	24000342202	JUS GOLDEN FRAISE	CARTON	108 000	0			0	12	
3422	24000342203	JUS GOLDEN FRAISE	BALLE	216 000	0			0	24	
3424	24000342401	JUS GOLDEN LEMON	BOITE	9 000	0			0	1	
3424	24000342402	JUS GOLDEN LEMON	CARTON	108 000	0			0	12	
3424	24000342403	JUS GOLDEN LEMON	BALLE	216 000	0			0	24	
3423	24000342301	JUS GOLDEN ORANGE	BOITE	9 000	0			0	1	
3423	24000342302	JUS GOLDEN ORANGE	CARTON	108 000	0			0	12	
3423	24000342303	JUS GOLDEN ORANGE	BALLE	216 000	0			0	24	
3425	24000342501	JUS GOLDEN PINEAPLE	BOITE	9 000	0			0	1	
3425	24000342502	JUS GOLDEN PINEAPLE	CARTON	108 000	0			0	12	
3425	24000342503	JUS GOLDEN PINEAPLE	BALLE	216 000	0			0	24	
1434	4975	JUS ICE LOLLY EN SACHET	SACHET	3 000	0	0	0	0	1	
2588	21500258801	JUS LE FRUIT	PIECE	5 900	0			0	1	
2588	21500258802	JUS LE FRUIT	CARTON	70 800	0			0	10	
1511	5065	JUS PUPETTE	PAQUET	5 500	0	0	0	0	1	05/11/2022 (-1235 jour)
1511	5074	JUS PUPETTE	CARTON	66 000	0	0	0	0	12	05/11/2022 (-1235 jour)
4046	21500404601	JUS SAMIA COLA	BOITE	8 000	0			0	1	
4046	21500404602	JUS SAMIA COLA	CARTON	192 000	0			0	24	
4049	21500404901	JUS SAMIA FRAISE	BOITE	8 000	0			0	1	
4049	21500404902	JUS SAMIA FRAISE	CARTON	192 000	0			0	24	
4047	21500404701	JUS SAMIA ORANGE	BOITE	8 000	0			0	1	
4047	21500404702	JUS SAMIA ORANGE	CARTON	192 000	0			0	24	
2797	16600279701	JUS SHAMPART	BOITE	8 800	3			3	1	
2797	16600279702	JUS SHAMPART	BALLE	210 000	0,1			0,1	24	
1934	24000193401	JUS SHAMPART ANANAS	BOITE	8 800	0			0	1	12/12/2022 (-1198 jour)
1934	24000193402	JUS SHAMPART ANANAS	CARTON	210 000	0			0	24	12/12/2022 (-1198 jour)
1937	24000193701	JUS SHAMPART COCTAIL 	BOITE	8 800	0			0	1	12/12/2022 (-1198 jour)
1937	24000193702	JUS SHAMPART COCTAIL 	CARTON	210 000	0			0	24	12/12/2022 (-1198 jour)
1935	24000193501	JUS SHAMPART COLA	BOITE	8 800	0			0	1	12/12/2022 (-1198 jour)
1935	24000193502	JUS SHAMPART COLA	CARTON	210 000	0			0	24	12/12/2022 (-1198 jour)
1936	24000193601	JUS SHAMPART FRAISE	BOITE	8 800	0			0	1	12/12/2022 (-1198 jour)
1936	24000193602	JUS SHAMPART FRAISE	CARTON	210 000	0			0	24	12/12/2022 (-1198 jour)
1938	24000193801	JUS SHAMPART ORANGE	BOITE	8 800	0			0	1	31/12/2022 (-1179 jour)
1938	24000193802	JUS SHAMPART ORANGE	CARTON	210 000	0			0	24	31/12/2022 (-1179 jour)
2013	24000201301	JUS SHAMPART PIN	BOITE	-	0			0	1	
2013	24000201302	JUS SHAMPART PIN	CARTON	-	0			0	24	
1537	5111	JUS TAAMA DRINK COLA	BOITE	8 000	0	0	0	0	1	30/04/2022 (-1424 jour)
1537	5110	JUS TAAMA DRINK COLA	CARTON	192 000	0	0	0	0	24	30/04/2022 (-1424 jour)
2003	24000200301	JUS TAAMA DRINK FRAISE	BOITE	8 500	0			0	1	
2003	24000200302	JUS TAAMA DRINK FRAISE	CARTON	204 000	0			0	24	
1331	4822	JUS TAMPICO	PIECE	500	0	0	0	0	1	
736	4026	JUS TIARA GM	BOITE	10 000	0	0	0	0	1	31/01/2020 (-2244 jour)
736	4025	JUS TIARA GM	CARTON	114 000	0	0	0	0	12	31/01/2020 (-2244 jour)
2217	21500221701	JUS_CLARINETTE	PIECE	600	0			0	1	29/07/2022 (-1334 jour)
2217	21500221702	JUS_CLARINETTE	CARTON	60 000	0			0	100	29/07/2022 (-1334 jour)
1022	4423	KAFE 10 KG	SAC	70 000	0	0	0	0	1	
324	3445	KAFE 25KG	SAC	445 000	0	0	0	0	1	
1694	23600169401	KAFEZA @ BOCAL	BOCAL	13 000	0			0	1	30/09/2021 (-1636 jour)
1694	23600169402	KAFEZA @ BOCAL	CARTON	156 000	0			0	12	30/09/2021 (-1636 jour)
1695	23600169501	KAFEZA @ SACHET	SACHET	2 900	0			0	1	01/10/2021 (-1635 jour)
1695	23600169502	KAFEZA @ SACHET	CARTON	69 600	0			0	24	01/10/2021 (-1635 jour)
902	4683	KANETY BE EN SACHET	PIECE	200	66	0	0	66	1	
902	4239	KANETY BE EN SACHET	SACHET	4 500	2,6	0	0	2,6	25	
325	3446	KAPA BATEAU	PAIRE	6 000	0	0	0	0	1	
326	3447	KAPA BRESIL	PAIRE	4 000	0	0	0	0	1	
759	4053	KAPA HUBBUB	PIECE	10 000	10	0	0	10	1	
327	3450	KAPA OK	PAIRE	6 000	0	0	0	0	1	
975	4342	KAPA SOIREE EN PIECE	PIECE	20 000	28	0	0	28	1	
328	3451	KAPA SPORT	PAIRE	6 000	61	0	0	61	1	
847	4173	KAPA VIAVY FLEURIE	PAIRE	6 000	0	0	0	0	1	
329	3452	KAPA WHITE DOVE	PAIRE	3 000	2809	0	0	2809	1	
330	3454	KAPAN-JAZA	PAIRE	2 000	15	0	0	15	1	
331	3455	KAPAN-JAZA EN, CARTON	CARTON	0	0	0	0	0	1	
1146	4581	KARN MAÎS DOUX 	BOITE	4 000	0	0	0	0	1	
1146	4580	KARN MAÎS DOUX 	CARTON	95 000	0	0	0	0	24	
110	3128	KATRAMBOALAVO GM	PIECE	2 000	5	0	0	5	1	
240	3318	KATRAMBOALAVO PM 	PIECE	1 500	114	0	0	114	1	
1442	4985	KATSAKA EN KAPOAKA	KAPOAK	0	0	0	0	0	1	
3145	22000314501	KATSAKA VAINGANY 	KILOS	-	0			0	1	
3127	21500312701	KATSAKA VOATOTO EN KILO	KILOS	-	0			0	1	
1517	5082	KETCHUP	PIECE	3 500	0	0	0	0	1	
1517	5081	KETCHUP	CARTON	84 000	0	0	0	0	24	
3695	21500369501	KETCHUP EUROPA 340G	PIECE	5 000	0			0	1	
3695	21500369502	KETCHUP EUROPA 340G	CARTON	120 000	0			0	24	
1576	5174	KETCHUP LESIEUR PM	PIECE	5 000	0	0	0	0	1	31/07/2022 (-1332 jour)
1576	5175	KETCHUP LESIEUR PM	CARTON	60 000	0	0	0	0	12	31/07/2022 (-1332 jour)
2719	21500271901	KIP COCO	SACHET	7 000	0			0	1	07/05/2023 (-1052 jour)
2719	21500271902	KIP COCO	CARTON	56 000	0			0	8	07/05/2023 (-1052 jour)
1649	22900164901	KIRANILY - JAZA	PIECE	5 000	0			0	1	
1649	22900164902	KIRANILY - JAZA	CARTON	300 000	0			0	60	
698	3449	KIRANILY LUX	PAIRE	8 000	0	0	0	0	1	
698	3970	KIRANILY LUX	CARTON	480 000	0	0	0	0	60	
711	3448	KIRANILY TSOTRA	PAIRE	7 000	5	0	0	5	1	
711	3986	KIRANILY TSOTRA	CARTON	490 000	0,1	0	0	0,1	70	
1453	5002	KISO BE EN PIECE	PCS	3 000	0	0	0	0	1	
335	3460	KISO DESERT	PIECE	3 000	75	0	0	75	1	
168	3196	KISO EPULCHEUR	PIECE	3 000	26	0	0	26	1	
2213	21900221301	KISO FOHY_DIAMANT	PIECE	6 500	0			0	1	
2213	21900221302	KISO FOHY_DIAMANT	CARTON	312 000	0			0	48	
82	3086	KISO KELY LAKOZIA	PIECE	2 500	17	0	0	17	1	
2214	21900221401	KISO LAVA_DIAMANT	PIECE	7 500	0			0	1	
2214	21900221402	KISO LAVA_DIAMANT	CARTON	360 000	0			0	48	
1866	15600186601	KIT GAZ 4KG COMPLET	PIECE	89 000	0			0	1	
4102	21500410201	KOBA AINA BANANA 35G	PIECE	700	0			0	1	
4102	21500410202	KOBA AINA BANANA 35G	SACHET	28 000	0			0	40	
4103	21500410301	KOBA AINA FRAISE 35G	PIECE	700	0			0	1	
4103	21500410302	KOBA AINA FRAISE 35G	SACHET	28 000	0			0	40	
4101	21500410101	KOBA AINA MOOSLI 25GR	PIECE	800	37			37	1	
4101	21500410102	KOBA AINA MOOSLI 25GR	SACHET	24 000	1,2			1,2	30	
4104	21500410401	KOBA AINA NATURE 35G	PIECE	700	0			0	1	
4104	21500410402	KOBA AINA NATURE 35G	SACHET	28 000	0			0	40	
1675	16100167501	KOBA KATSAKA	KG	4 000	0			0	1	
1675	16100167502	KOBA KATSAKA	SAC	200 000	0			0	50	
3505	21500350501	KOBA KATSAKA 	PIECE	4 500	0			0	1	
3506	16100350601	KOBA SOJA	PIECE	6 000	0			0	1	
2707	21500270701	KOBAM-BARY 25KG	SAC	67 000	0			0	1	
2897	22500289701	KREAMY ' N KRUNCH	BOITE	18 000	0			0	1	17/02/2026 (-35 jour)
2897	22500289702	KREAMY ' N KRUNCH	CARTON	324 000	0			0	18	17/02/2026 (-35 jour)
3667	22500366701	KREAMY KRUNCH	PIECE	400	0			0	1	
2691	22500269101	KREAMY WAFER BISCUITS	BOITE	16 000	15			15	1	
2691	22500269102	KREAMY WAFER BISCUITS	CARTON	96 000	2,5			2,5	6	
3325	22500332501	KREAMY WAFER EN  PIECE	PIECE	500	9			9	1	
3328	22500332801	KREAMY WAFER EN PAQUET	PAQUET	4 000	2			2	1	
4098	22500409801	KREAMY'N KRUNCH PCE	PIECE	300	0			0	1	
3135	21500313501	KRIK KRAK	SACHET	5 000	0			0	1	
3642	22600364201	KRIS	PIECE	1 700	0			0	1	
341	3472	LA CHAUX	KG	2 000	50	0	0	50	1	
341	3471	LA CHAUX	SAC	60 000	2	0	0	2	25	
551	3772	LALOSY BE EN PIECE	PIECE	1 000	302	0	0	302	1	
552	3773	LALOSY KELY EN PIECE	PIECE	1 000	874	0	0	874	1	
804	4115	LALOSY LAVA TAHO	PIECE	1 000	241	0	0	241	1	
3600	15600360001	LAME BIC EN PIECE	PIECE	500	0			0	1	
689	3955	LAME DE SCIE	PIECE	500	55	0	0	55	1	
2104	15600210401	LAME DORCO NEW PLATINUM ST300	PACQUET	17 000	0			0	1	
2104	15600210402	LAME DORCO NEW PLATINUM ST300	BOITE	-	0			0	10	
2104	15600210403	LAME DORCO NEW PLATINUM ST300	CARTON	0	0			0	100	
2103	15600210301	LAME DORCO SUPER SHARP	PACQUET	12 000	2			2	1	
2103	15600210302	LAME DORCO SUPER SHARP	CARTON	0	0			0	50	
3105	15600310501	LAME FLYING EAGLE BRAND	PACQUET	5 000	2			2	1	
226	3293	LAME SUPER MAX EN PQT	PAQUET	4 000	15	0	0	15	1	
349	3488	LAMPE	PIECE	4 000	0	0	0	0	1	
350	3489	LAMPE CHARGEABLE	PIECE	15 000	250	0	0	250	1	
386	3537	LAMPE FANALA GM	PIECE	8 000	1	0	0	1	1	
387	3538	LAMPE FANALA PM	PIECE	6 500	61	0	0	61	1	
1133	4559	LANGUETTE EN PIECE	PIECE	1 000	129	0	0	129	1	
1668	22000166801	LANTI	SAC	342 000	0			0	1	
1669	22000166901	LANTI EN KAPOAKA	KAPOAKA	2 000	11			11	1	
1189	4629	LAPOALY	PIECE	1 000	0	0	0	0	1	
1221	4672	LELA-PITANA	PIECE	50	0	0	0	0	1	
1853	22200185301	LEVURE ANGEL 11G	PIECE	500	0			0	1	13/05/2023 (-1046 jour)
1853	22200185302	LEVURE ANGEL 11G	PACQUET	4 000	0			0	10	13/05/2023 (-1046 jour)
1853	22200185303	LEVURE ANGEL 11G	CARTON	80 000	0			0	200	13/05/2023 (-1046 jour)
4543	22200454301	LEVURE CHIMIQUE  MENA PIECE 	PIECE	300	0			0	1	
389	3543	LEVURE CHIMIQUE JAUNE	PAQUET	2 500	0	0	0	0	1	31/05/2020 (-2123 jour)
389	3542	LEVURE CHIMIQUE JAUNE	CARTON	48 000	0	0	0	0	16	31/05/2020 (-2123 jour)
1852	22200185201	LEVURE MAGEST 500G	PIECE	8 900	0			0	1	20/05/2023 (-1039 jour)
1852	22200185202	LEVURE MAGEST 500G	CARTON	178 000	0			0	20	20/05/2023 (-1039 jour)
465	3637	LEXI EN BOITE	BOITE	10 000	0	0	0	0	1	
1905	15600190501	LINGETTE KODOMO 	PIECE	4 000	0			0	1	
1905	15600190502	LINGETTE KODOMO 	CARTON	-	0			0	48	
2606	15600260601	LINGETTE PATAPON	PIECE	4 000	0			0	1	31/08/2023 (-936 jour)
2606	15600260602	LINGETTE PATAPON	CARTON	-	0			0	48	31/08/2023 (-936 jour)
394	3552	LOCKED 3000 PM	PIECE	7 000	0	0	0	0	1	
395	3553	LOCKED BENDIX	PIECE	6 000	0	0	0	0	1	
107	3125	LOCKED DOT 3000	PIECE	12 000	0	0	0	0	1	
3209	15600320901	LOCKED PM	PIECE	6 000	0			0	1	
393	3551	LOCKED SUZUKI	PIECE	7 000	0	0	0	0	1	
3093	19200309301	LOHAM-BARY	KILOS	2 000	0			0	1	
3094	19200309401	LOHAM-BARY	SAC	90 000	0			0	1	
1055	4459	LOKO 3KG BLANC EN BOITE	DABA	59 000	0	0	0	0	1	
1053	4457	LOKO 3KG BLEU PACIFIC EN BOITE	DABA	59 000	0	0	0	0	1	
1052	4456	LOKO 3KG BLEU PASTEL EN BOITE	DABA	59 000	0	0	0	0	1	
1051	4455	LOKO 3KG GRIS EN BOITE	DABA	59 000	0	0	0	0	1	
1049	4453	LOKO 3KG JAUNE EN BOITE	DABA	59 000	0	0	0	0	1	
1048	4452	LOKO 3KG NOIRE EN BOITE	DABA	59 000	0	0	0	0	1	
1054	4458	LOKO 3KG ORANGE EN BOITE	DABA	59 000	3	0	0	3	1	
1121	4546	LOKO 3KG ROUGE LUMIERE	PIECE	59 000	0	0	0	0	1	
1050	4454	LOKO 3KG VERT PIN EN BOITE	DABA	59 000	0	0	0	0	1	
1056	4460	LOKO PM BLANC EN BOITE	BOITE	6 000	0	0	0	0	1	
1060	4464	LOKO PM BLEU EN BOITE	BOITE	6 000	0	0	0	0	1	
1057	4461	LOKO PM GRIS EN BOITE	BOITE	6 000	0	0	0	0	1	
1295	4770	LOKO PM JAUNE EN BOITE	BOITE	6 000	0	0	0	0	1	
1148	4583	LOKO PM MARON EN BOITE	BOITE	6 000	2	0	0	2	1	
1554	5137	LOKO PM NOIR EN BOITE	BOITE	6 000	0	0	0	0	1	
1058	4462	LOKO PM ORANGE EN BOITE	BOITE	6 000	0	0	0	0	1	
1059	4463	LOKO PM ROUGE EN BOITE	BOITE	6 000	0	0	0	0	1	
1591	5195	LOKO PM TON BOIS	BOITE	6 000	68	0	0	68	1	
1061	4465	LOKO PM VERT EN BOITE	BOITE	6 000	0	0	0	0	1	
4374	21500437401	MACARONI BELLA VITA Spirales 4KG	SAC	24 000	0			0	1	
2570	21500257001	MACARONI CHAMPION 450G 	SACHET	2 000	0			0	1	01/03/2024 (-753 jour)
2570	21500257002	MACARONI CHAMPION 450G 	PACQUET	40 000	0			0	20	01/03/2024 (-753 jour)
1787	21500178701	MACARONI CHERIE	SACHET	2 700	1			1	1	02/10/2022 (-1269 jour)
1787	21500178702	MACARONI CHERIE	CARTON	54 000	0,1			0,1	20	02/10/2022 (-1269 jour)
236	3311	MACARONI DOGA 5KG	SACHET	17 000	0,3	0	0	0,3	1	
1314	4802	MACARONI ELVIA	SACHET	2 000	0	0	0	0	1	
1314	4801	MACARONI ELVIA	CARTON	40 000	0	0	0	0	20	
4484	21500448401	MACARONI FELICIA FLAMINGO N47	SACHET	3 000	121			121	1	
4484	21500448402	MACARONI FELICIA FLAMINGO N47	CARTON	60 000	6			6	20	
286	3387	MACARONI GEFCO 5KG EN SACHET	SACHET	17 000	0	0	0	0	1	
397	4099	MACARONI LUCHINI 5KG	PIECE	1 500	0	0	0	0	1	
397	3557	MACARONI LUCHINI 5KG	SAC	16 000	0	0	0	0	12	
653	3891	MACARONI VICTORIA 5KG	SACHET	19 000	0	0	0	0	1	
1572	5166	MACARONIE BAREA	SACHET	2 500	0	0	0	0	1	
1572	5165	MACARONIE BAREA	CARTON	50 000	0	0	0	0	20	
1379	4892	MACARONIE BETTER EN SAC	SAC	7 000	0	0	0	0	1	
4061	21500406101	MACARONIE BON PASTA ELBOW	SAC	25 000	0			0	1	
4060	21500406001	MACARONIE BON PASTA FUSILLI	SAC	25 000	0			0	1	
1338	4830	MACARONIE HAYLA	SAC	15 000	0	0	0	0	1	
806	4129	MACARONIE MADA PLUS 5 KG	CARTON	0	0	0	0	0	1	
806	4118	MACARONIE MADA PLUS 5 KG	SAC	19 000	0	0	0	0	48	
1086	4495	MACARONIE MOMO 5KG EN SAC	SAC	19 000	0	0	0	0	1	
316	3431	MACARONIE PASTA STAR 3KG	SAC	11 000	0	0	0	0	1	
491	3693	MACARONIE PRIMAS 5KG	SAC	17 000	0	0	0	0	1	
582	3813	MACARONIE PRIMAS 8 KG	SAC	25 000	0	0	0	0	1	
1552	5135	MACARONIE SANREMO SPIRALE 5KG	SAC	17 000	0	0	0	0	1	
1210	4660	MACARONIE TWIST	SAC	17 000	0	0	0	0	1	
398	3559	MACHINE A CALCULER GM	PIECE	15 000	34	0	0	34	1	
713	3989	MACHINE A CALCULER MOYENNE	PIECE	9 000	5	0	0	5	1	
871	4202	MACHINE A CALCULER PM  EN PIECE	PIECE	5 000	1	0	0	1	1	
342	3474	MACHINE A CALCULER TELEPHONE	PIECE	3 000	44	0	0	44	1	
399	3560	MACHINE A CLARINETTE	PIECE	49 000	1	0	0	1	1	
947	4303	MACHINE A COUDRE BOIS	PIECE	240 000	4	0	0	4	1	
946	4302	MACHINE A COUDRE PLASTIQUE	PIECE	280 000	0	0	0	0	1	
2755	15600275501	MACHINE PATE PPM VISTA	PIECE	89 000	0			0	1	
1593	5198	MAÏS DOUX	BOITE	5 000	1	0	0	1	1	12/11/2025 (-132 jour)
1593	5197	MAÏS DOUX	CARTON	119 000	0,1	0	0	0,1	12	12/11/2025 (-132 jour)
406	3568	MAKI PLAST	PIECE	150 000	1	0	0	1	1	
407	3569	MANIFOLD GM	PIECE	8 000	0	0	0	0	1	
408	3570	MANIFOLD MOYENNE	PIECE	5 000	1	0	0	1	1	
409	3571	MANIFOLD PM	PIECE	5 000	0	0	0	0	1	
2604	21500260401	MARGARINE ULTRA 500G	PIECE	5 000	0			0	1	04/01/2027 (285 jour)
2604	21500260402	MARGARINE ULTRA 500G	CARTON	120 000	0			0	24	04/01/2027 (285 jour)
2693	22500269301	MARIE LONDON	SACHET	8 000	0			0	1	
2693	22500269302	MARIE LONDON	CARTON	32 000	0			0	4	
410	3573	MARKER KAIKAI EN BOITE	PIECE	1 000	1149	0	0	1149	1	
410	3572	MARKER KAIKAI EN BOITE	BOITE	18 000	114,9	0	0	114,9	10	
2011	22800201101	MAXAM BLANCHEUR	PAQUET	11 500	0			0	1	
2011	22800201102	MAXAM BLANCHEUR	CARTON	276 000	0			0	24	
3158	22800315801	MAXAM FLUOR 50G	PAQUET	15 500	0			0	1	01/02/2027 (313 jour)
3158	22800315802	MAXAM FLUOR 50G	CARTON	474 000	0			0	24	01/02/2027 (313 jour)
3676	22800367601	MAXAM FLUOR 50G PCE	PIECE	1 300	1			1	1	
2010	22800201001	MAXAM MENTHE	PAQUET	11 500	3			3	1	01/02/2024 (-782 jour)
2010	22800201002	MAXAM MENTHE	CARTON	276 000	0,1			0,1	24	01/02/2024 (-782 jour)
3679	22800367901	MAXAM MENTHE PCE	PIECE	1 000	0			0	1	
359	3499	MAXAM SOURIRE 	PAQUET	11 500	71	0	0	71	1	31/10/2023 (-875 jour)
359	3498	MAXAM SOURIRE 	CARTON	276 000	3	0	0	3	24	31/10/2023 (-875 jour)
3678	22800367801	MAXAM SOURIRE PCE	PIECE	1 000	6			6	1	
1720	15600172001	MAXAM VITAMIN	PAQUET	10 000	0			0	1	
1720	15600172002	MAXAM VITAMIN	CARTON	-	0			0	24	
1519	5086	MAYONNAISE GM	PIECE	7 500	0	0	0	0	1	01/03/2027 (341 jour)
1519	5085	MAYONNAISE GM	CARTON	96 000	0	0	0	0	12	01/03/2027 (341 jour)
1518	5084	MAYONNAISE PM	PIECE	4 000	0	0	0	0	1	
1518	5083	MAYONNAISE PM	CARTON	96 000	0	0	0	0	24	
360	3500	MEGALINE EN ROULLEAUX	ROULEAUX	129 000	0	0	0	0	1	
361	3501	MEGAPHONE	PIECE	35 000	1	0	0	1	1	
2006	15600200601	MENABOLO ALOE VERA 200G	PIECE	5 500	0			0	1	
2006	15600200602	MENABOLO ALOE VERA 200G	PAQUET	33 000	0			0	6	
2006	15600200603	MENABOLO ALOE VERA 200G	CARTON	264 000	0			0	48	
2221	15600222101	MENABOLO ALOE VERA 50G	PACQUET	18 500	0			0	1	
2221	15600222102	MENABOLO ALOE VERA 50G	CARTON	185 000	0			0	10	
3886	15600388601	MENABOLO BABY CARE FORMULA 55G	PAQUET	18 500	0			0	1	
3886	15600388602	MENABOLO BABY CARE FORMULA 55G	CARTON	185 000	0			0	10	
2286	15600228601	MENABOLO BAOBAB 50G	PACQUET	18 500	0			0	1	
2286	15600228602	MENABOLO BAOBAB 50G	CARTON	185 000	0			0	10	
2572	15600257201	MENABOLO FAMILY CARE_GM	PIECE	5 500	0			0	1	
2572	15600257202	MENABOLO FAMILY CARE_GM	PACQUET	33 000	0			0	6	
2572	15600257203	MENABOLO FAMILY CARE_GM	CARTON	264 000	0			0	48	
2185	15600218501	MENABOLO FAMILY CARE_PM	PAQUET	18 500	0			0	1	
2185	15600218502	MENABOLO FAMILY CARE_PM	CARTON	185 000	0			0	10	
2592	15600259201	MENABOLO MALIKIA PM	PACQUET	17 500	0			0	1	
2592	15600259202	MENABOLO MALIKIA PM	CARTON	175 000	0			0	10	
3568	15600356801	MENABOLO MEDICARE PM 50GR	PIECE	-	0			0	1	
3568	15600356802	MENABOLO MEDICARE PM 50GR	PACQUET	18 500	0			0	12	
3568	15600356803	MENABOLO MEDICARE PM 50GR	CARTON 	185 000	0			0	120	
3172	15600317201	MENABOLO MORINGA GM 	PIECE	5 500	0			0	1	
2594	15600259401	MENABOLO MORINGA PM	PACQUET	18 500	0			0	1	
2594	15600259402	MENABOLO MORINGA PM	CARTON	185 000	0			0	10	
768	4067	MENABOLO PM	PACQUE	14 500	5	0	0	5	1	22/12/2025 (-92 jour)
768	4066	MENABOLO PM	CARTON	145 000	0,5	0	0	0,5	10	22/12/2025 (-92 jour)
4249	15600424901	MENABOLO PM PIECE	PIECE	1 600	1			1	1	
2288	15600228801	MENABOLO PODOA PM	PACQUET	18 500	0			0	1	
2288	15600228802	MENABOLO PODOA PM	CARTON	185 000	0			0	10	
1505	5063	MENABOLO SALAMA EN PIECE	PIECE	150	0	0	0	0	1	
2186	15600218601	MENABOLO SHEA BUTTER GM	PAQUET	33 000	0			0	1	
2186	15600218602	MENABOLO SHEA BUTTER GM	CARTON	264 000	0			0	8	
3562	15600356201	MENABOLO SHEA BUTTER PM 50GR	PIECE	-	0			0	1	01/12/2027 (616 jour)
3562	15600356202	MENABOLO SHEA BUTTER PM 50GR	PACQUET	18 500	0			0	12	01/12/2027 (616 jour)
3562	15600356203	MENABOLO SHEA BUTTER PM 50GR	CARTON	185 000	0			0	120	01/12/2027 (616 jour)
362	4065	MENABOLO_GM	PIECE	5 200	0	0	0	0	1	11/12/2025 (-103 jour)
362	3503	MENABOLO_GM	PAQUET	31 200	0	0	0	0	6	11/12/2025 (-103 jour)
362	3502	MENABOLO_GM	CARTON	250 000	0	0	0	0	48	11/12/2025 (-103 jour)
1736	22800173601	MERIELCE 50G 	PAQUET	9 000	7			7	1	28/02/2025 (-389 jour)
1736	22800173602	MERIELCE 50G 	CARTON	108 000	0,6			0,6	12	28/02/2025 (-389 jour)
3680	22800368001	MERIELCE 50G PCE	PIECE	800	4			4	1	
2417	15600241701	MERIELCE ALOE VERA 130G	PACQUET	17 000	0			0	1	
2417	15600241702	MERIELCE ALOE VERA 130G	CARTON	204 000	0			0	12	
363	3504	MESURE 1L	PIECE	4 000	88	0	0	88	1	
364	3505	MESURE COMPLET	PAQUET	3 000	0	0	0	0	1	
1097	4511	METAL D APPORT EN KG	KG	10 000	29	0	0	29	1	
3935	22500393501	MIAM MINI	SACHET	2 000	0			0	1	
3492	22500349201	MIAM TOUT CHOCO	SACHET	-	0			0	1	
3492	22500349202	MIAM TOUT CHOCO	CARTON	-	0			0	15	
808	4121	MICRO SANS FIL	PIECE	0	6	0	0	6	1	
2021	21500202101	MILANA POULET 	BOITE	9 000	0			0	1	
2021	21500202102	MILANA POULET 	CARTON	72 000	0			0	8	
2301	24200230101	MILK _STICK 	BOCAL	8 900	0			0	1	26/04/2023 (-1063 jour)
2301	24200230102	MILK _STICK 	CARTON	160 000	0			0	18	26/04/2023 (-1063 jour)
3198	21500319801	MIMI SNACKS	PAQUET	5 500	0			0	1	
3198	21500319802	MIMI SNACKS	BALLE	0	0			0	8	
1698	23600169801	MINI BUTTERFLY	BOCAL	10 000	0			0	1	01/10/2021 (-1635 jour)
1698	23600169802	MINI BUTTERFLY	CARTON	200 000	0			0	20	01/10/2021 (-1635 jour)
2702	24000270201	MINI JELLY STICK	BOITE	18 500	0			0	1	29/02/2024 (-754 jour)
2702	24000270202	MINI JELLY STICK	CARTON	222 000	0			0	12	29/02/2024 (-754 jour)
1588	5192	MIRA LAVE MAINS	PIECE	3 000	0	0	0	0	1	
1588	5191	MIRA LAVE MAINS	CARTON	36 000	0	0	0	0	12	
2344	23400234401	MIRA NETTOYANT WC 750ML	PIECE	7 500	0			0	1	
2344	23400234402	MIRA NETTOYANT WC 750ML	CARTON	90 000	0			0	12	
3967	23600396701	MIX FRUIT KIDDO	SACHET	2 500	0			0	1	
3967	23600396702	MIX FRUIT KIDDO	CARTON	50 000	0			0	20	
4364	23600436401	MIX FRUIT POP ROYALE	SACHET	2 500	0			0	1	
4364	23600436402	MIX FRUIT POP ROYALE	CARTON	50 000	0			0	20	
1579	5180	MOFO	PIECE	0	0	0	0	0	1	
1579	5179	MOFO	CARTON	1 000	0	0	0	0	20	
1579	5178	MOFO	1/2 PIECE	10 000	0	0	0	0	1	
1551	5134	MOLFIX SMALL PANTS JUM 	PAQUET	6 000	0	0	0	0	1	
1551	5133	MOLFIX SMALL PANTS JUM 	BALLE	59 000	0	0	0	0	10	
2112	22100211201	MOLFIX SMALL PANTS MAXI 8X8 	PIECE	6 500	0			0	1	
2112	22100211202	MOLFIX SMALL PANTS MAXI 8X8 	BALLE	52 000	0			0	8	
4250	15600425001	MOSQUITO ANITA Citronel	PACQUET	1 900	0			0	1	
4250	15600425002	MOSQUITO ANITA Citronel	BOITE	22 000	0			0	12	
4250	15600425003	MOSQUITO ANITA Citronel	CARTON	264 000	0			0	144	
241	3319	MOTEUR MACHINE A COUDRE	PIECE	50 000	14	0	0	14	1	
369	3514	MOTO CROSS 150GY-28	PIECE	4 000 000	0	0	0	0	1	
370	3515	MOTO CROSS 150GY-28 PLUS	PIECE	4 600 000	0	0	0	0	1	
371	3516	MOTO CROSS 150GY-38	PIECE	4 900 000	0	0	0	0	1	
1130	4555	MOTO JOG 90 CRAMPONNET	PIECE	2 510 000	0	0	0	0	1	
2287	24500228701	MOTO JOG 90 PNEU LISSE	PIECE	-	0			0	1	
377	3524	MOTO JOG PRO 50 CRAMPONNET	PIECE	2 050 000	0	0	0	0	1	
1096	4510	MOTO JOG PRO 50 PNEU LISSE	PIECE	1 250 000	0	0	0	0	1	
1523	5090	MOTO SCOOTER RS	PIECE	3 700 000	0	0	0	0	1	
2931	25500293101	MOTO SCOOTER YMT 49 CI BLEU	PIECE	4 800 000	0			0	1	
2932	25500293201	MOTO SCOOTER YMT 49 CI GRIS	PIECE	4 800 000	0			0	1	
2933	25500293301	MOTO SCOOTER YMT 49 CI NOIR	PIECE	4 400 000	0			0	1	
1360	4862	MOTO SCOTER KISBEE	PIECE	4 100 000	0	0	0	0	1	
378	3525	MOTOMA	BOITE	7 000	0	0	0	0	1	
378	3526	MOTOMA	CARTON	168 000	0	0	0	0	24	
1026	3748	MOUCHOIR A JETER  PASTEL	PAQUET	4 000	0	0	0	0	1	
1026	4429	MOUCHOIR A JETER  PASTEL	CARTON	360 000	0	0	0	0	90	
380	3528	MOUCHOIR A JETER FAMILIA	PAQUET	2 500	0	0	0	0	1	24/05/2018 (-2861 jour)
380	15600038002	MOUCHOIR A JETER FAMILIA	CARTON	60 000	0	0	0	0	24	24/05/2018 (-2861 jour)
3936	21500393601	MOUTARDE LESIEUR 260G	PIECE	8 300	4			4	1	01/06/2025 (-296 jour)
3936	21500393602	MOUTARDE LESIEUR 260G	CARTON	99 000	0,3			0,3	12	01/06/2025 (-296 jour)
802	4113	NAPPE DE TABLE TSOTRA	PIECE	3 000	0	0	0	0	1	
4650	23600465001	NECT CHOCO CARAMEL POP EN SHT	SACHET	5 000	0			0	1	
4650	23600465002	NECT CHOCO CARAMEL POP EN SHT	CARTON	80 000	0			0	16	
4649	23600464901	NECT XTRA PAINTER XXL 16PKT	SACHET	5 000	0			0	1	
4649	23600464902	NECT XTRA PAINTER XXL 16PKT	CARTON	80 000	0			0	16	
816	4133	NET OI VAISELLE EN PAQUET	PIECE	2 500	0	0	0	0	1	
816	4131	NET OI VAISELLE EN PAQUET	PAQUET	25 000	0	0	0	0	10	
797	4106	NICKEL CARREAU EN PIECE	PIECE	7 000	2	0	0	2	1	
2589	23400258901	NICKEL DETARTRANT 1L	PIECE	7 000	0			0	1	
2589	23400258902	NICKEL DETARTRANT 1L	PACQUET	105 000	0			0	15	
798	4108	NICKEL GEL WC 500ML	PIECE	7 000	0	0	0	0	1	
798	15600079802	NICKEL GEL WC 500ML	PAQUET	105 000	0	0	0	0	15	
3790	15600379001	NICKEL LAVE SOL 1L	PIECE	5 000	0			0	1	
3790	15600379002	NICKEL LAVE SOL 1L	PAQUET	60 000	0			0	12	
2285	23400228501	NICKEL LAVE VITRE 1L	PIECE	7 000	0			0	1	
2285	23400228502	NICKEL LAVE VITRE 1L	PACQUET	105 000	0			0	15	
4177	23400417701	NICKEL LAVE VITRES 750ML	PIECE	4 800	0			0	1	
4177	23400417702	NICKEL LAVE VITRES 750ML	PACQUET	72 000	0			0	15	
533	4125	NOUILLES	PIECE	1 600	0	0	0	0	1	04/06/2022 (-1389 jour)
533	3743	NOUILLES	CARTON	60 000	0	0	0	0	40	04/06/2022 (-1389 jour)
1874	22400187401	NOUILLES 1ER CHOIX 	PIECE	4 000	0			0	1	
1874	22400187402	NOUILLES 1ER CHOIX 	CARTON	96 000	0			0	24	
3585	22400358501	NOUILLES PREMIER PIECE	PIECE	1 000	1			1	1	
780	4082	NOUILLES PREMIER Prix	CARTON	39 000	202	0	0	202	1	01/10/2025 (-174 jour)
1606	5215	NURSE 1 - 400g	BOITE	28 000	0	0	0	0	1	18/08/2025 (-218 jour)
1606	5214	NURSE 1 - 400g	CARTON	336 000	0	0	0	0	12	18/08/2025 (-218 jour)
1607	5217	NURSE 1 - 900g	BOITE	59 000	0	0	0	0	1	19/08/2025 (-217 jour)
1607	5216	NURSE 1 - 900g	CARTON	354 000	0	0	0	0	6	19/08/2025 (-217 jour)
1611	5225	NURSE 2 - 400g	BOITE	28 000	0	0	0	0	1	01/06/2025 (-296 jour)
1611	5224	NURSE 2 - 400g	CARTON	336 000	0	0	0	0	12	01/06/2025 (-296 jour)
1612	5227	NURSE 2 - 900g	BOITE	59 000	0	0	0	0	1	31/05/2025 (-297 jour)
1612	5226	NURSE 2 - 900g	CARTON	354 000	0	0	0	0	6	31/05/2025 (-297 jour)
320	3438	OIL FILTER	BOITE	15 000	0	0	0	0	1	
3643	22600364301	OLEDA	PIECE	1 700	1			1	1	
424	3591	ONDRO-BARY TSOTRA	PIECE	2 000	4	0	0	4	1	
48	3042	ONDROKA MAKARAKARA	PIECE	2 000	4	0	0	4	1	
964	4329	ORDI_PORTABLE ACER	PIECE	1 700 000	0	0	0	0	1	
2107	24400210701	ORDI_PORTABLE ACER 15.6 "  ( V )	PIECE	1 550 000	1			1	1	
966	4331	ORDI_PORTABLE ASUS 15.6 "	PIECE	1 600 000	2	0	0	2	1	
2108	24400210801	ORDI_PORTABLE ASUS 15.6 " ( V ) 	PIECE	1 700 000	0			0	1	
967	4332	ORDI_PORTABLE HP 16.6 "	PIECE	1 670 000	1	0	0	1	1	
968	4333	ORDINATEUR PORTABLE HP MINI 	PIECE	1 300 000	0	0	0	0	1	
965	4330	ORDINATEUR PORTABLE SAMSUNG 	PIECE	1 700 000	0	0	0	0	1	
3950	23600395001	PAIL CANDY	PAQUET	10 000	0			0	1	
3950	23600395002	PAIL CANDY	CARTON	240 000	0			0	24	
2938	22100293801	PAMPERS N°2 ( 4 X 40 )	PAQUET	-	0			0	1	
2938	22100293802	PAMPERS N°2 ( 4 X 40 )	CARTON	-	0			0	4	
2937	22100293701	PAMPERS N°3 ( 4 X 36 )	PAQUET	-	0			0	1	
2937	22100293702	PAMPERS N°3 ( 4 X 36 )	CARTON	-	0			0	4	
2697	22100269701	PAMPERS N°4 ( 4 X 28 ) 	PIECE	1 000	0			0	1	
2697	22100269702	PAMPERS N°4 ( 4 X 28 ) 	PACQUET	-	0			0	28	
2697	22100269703	PAMPERS N°4 ( 4 X 28 ) 	CARTON	-	0			0	112	
3188	22100318801	PAMPERS N°4 ( 4 X 32 ) 	PACQUET	37 000	0			0	1	
3188	22100318802	PAMPERS N°4 ( 4 X 32 ) 	CARTON	-	0			0	4	
2597	22100259701	PAMPERS N°5 (4 X 30)	PACQUET	35 000	0			0	1	
2597	22100259702	PAMPERS N°5 (4 X 30)	CARTON	140 000	0			0	4	
432	3600	PANNEAU 15W	PIECE	45 000	4	0	0	4	1	
440	3608	PANNEAU 60W	PIECE	125 000	0	0	0	0	1	
431	3599	PANNEAU PROFESSIONNEL 1000W	PIECE	0	1	0	0	1	1	
427	3595	PANNEAU SOLAIRE 100W	PIECE	200 000	0	0	0	0	1	
429	3597	PANNEAU SOLAIRE 120W	PIECE	235 000	0	0	0	0	1	
430	3598	PANNEAU SOLAIRE 150W	PIECE	295 000	0	0	0	0	1	
433	3601	PANNEAU SOLAIRE 200W	PIECE	470 000	0	0	0	0	1	
428	3596	PANNEAU SOLAIRE 250W	PIECE	480 000	0	0	0	0	1	
435	3603	PANNEAU SOLAIRE 300W	PIECE	580 000	1	0	0	1	1	
436	3604	PANNEAU SOLAIRE 30W	PIECE	60 000	0	0	0	0	1	
437	3605	PANNEAU SOLAIRE 40W	PIECE	72 000	1	0	0	1	1	
438	3606	PANNEAU SOLAIRE 50W	PIECE	110 000	0	0	0	0	1	
439	3607	PANNEAU SOLAIRE 5W	PIECE	13 000	6	0	0	6	1	
441	3609	PANNEAU SOLAIRE 6W	PIECE	19 000	0	0	0	0	1	
442	3610	PANNEAU SOLAIRE 70W	PIECE	135 000	1	0	0	1	1	
443	3611	PANNEAU SOLAIRE 75W	PIECE	170 000	0	0	0	0	1	
444	3612	PANNEAU SOLAIRE 80W	PIECE	190 000	0	0	0	0	1	
796	4105	PAPIER CADEAU	PIECE	300	39	0	0	39	1	
3592	24900359201	PAPIER DOLPHIN A4	PAQUET	22 000	0			0	1	
3592	24900359202	PAPIER DOLPHIN A4	CARTON	110 000	0			0	5	
3926	15600392601	PAPIER EPAPER 	PAQUET	22 000	0			0	1	
3926	15600392602	PAPIER EPAPER 	CARTON	110 000	0			0	5	
3743	24800374301	PAPIER HYGIENIQUE DOUCY	PIECE	1 300	0			0	1	
3743	24800374302	PAPIER HYGIENIQUE DOUCY	PAQUET	7 500	0			0	6	
3743	24800374303	PAPIER HYGIENIQUE DOUCY	BALLE	60 000	0			0	48	
1468	5023	PAPIER PELURE	PAQUET	6 500	6	0	0	6	1	
448	3617	PARASOL BARAINGO GM	PIECE	10 000	0	0	0	0	1	
450	3619	PARASOL FOHY TSOTRA	PIECE	8 000	1824	0	0	1824	1	
449	3618	PARASOL LAVA	PIECE	10 000	177	0	0	177	1	
1213	4664	PARASOL MENA TAHO GM	PIECE	15 000	0	0	0	0	1	
451	3620	PARASOL ZAZA LUX	PIECE	6 000	49	0	0	49	1	
452	3621	PARASOL ZAZA TSOTRA	PIECE	4 000	2	0	0	2	1	
447	3616	PARASOLO BARAINGO PM	PIECE	6 000	56	0	0	56	1	
446	3615	PARASOLO MAINTY TAHO GM	PIECE	15 000	0	0	0	0	1	
453	3622	PARASOLO MOYENNE	PIECE	6 000	53	0	0	53	1	
781	4084	PASOIR LAVATAHO GM EN PIECE	PIECE	3 000	16	0	0	16	1	
919	4257	PASOIR LAVATAHO PM EN PIECE	PIECE	2 000	9	0	0	9	1	
1450	4996	PATAPON DETAIL	PCS	700	2	0	0	2	1	
456	3625	PATAPON GM	PAQUET	18 000	0	0	0	0	1	31/10/2025 (-144 jour)
456	3627	PATAPON GM	BALLE	144 000	0	0	0	0	8	31/10/2025 (-144 jour)
457	3626	PATAPON PM	PAQUET	5 000	0,2	0	0	0,2	1	31/10/2022 (-1240 jour)
457	3628	PATAPON PM	CARTON	120 000	0	0	0	0	24	31/10/2022 (-1240 jour)
20	3003	PATE APOLLO 	CARTON	32 000	0	0	0	0	1	11/07/2024 (-621 jour)
971	4336	PATE APOLLO 	PIECE	800	6	0	0	6	1	
1613	21500161301	PATE HAKA 	CARTON	35 000	0			0	1	19/08/2021 (-1678 jour)
1765	22400176501	PATE HAKA 	PIECE	700	0			0	1	
1421	5123	PATE KELLOGGS	PIECE	600	6	0	0	6	1	
1421	4956	PATE KELLOGGS	CARTON	23 000	0,1	0	0	0,1	40	
381	3529	PATE MIYA EN CARTON	CARTON	30 000	0	0	0	0	1	
872	4203	PATE MIYA EN CARTON	CARTON	30 000	1	0	0	1	1	
671	3913	PATE YUMMY 60 EN CARTON	CARTON	35 000	1	0	0	1	1	
758	4052	PAUMELE 160 GAUCHE DROITE EN PIECE	PIECE	12 500	0	0	0	0	1	
459	3630	PAUMELLE 100 GAUCHE DROITE	PIECE	0	1	0	0	1	1	
460	3631	PAUMELLE 120 GAUCHE DROITE	PIECE	2 000	0	0	0	0	1	
461	3632	PAUMELLE 140GAUCHE DROITE	PIECE	2 000	0	0	0	0	1	
458	3629	PAUMELLE EN PIECE	PIECE	2 000	0	0	0	0	1	
867	4198	PEIGNE MOYENNE	PIECE	0	208	0	0	208	1	
868	4199	PEIGNE PM	PIECE	500	12	0	0	12	1	
1047	4451	PEINT  ANTI-ROUILLE ROUGE 1KG EN BOITE	BOITE	19 000	0	0	0	0	1	
721	4005	PEINT ECLAT 1KG EN BOITE	BOITE	19 000	473	0	0	473	1	
725	4011	PEINT ECLAT 3KG	BOITE	55 000	77	0	0	77	1	
912	4250	PEINT VERNIS GLASS 1 KG EN PIECE	PIECE	19 000	9	0	0	9	1	
1034	4438	PEINT-ECLAT BLANC 1KG EN BOITE	BOITE	19 000	0	0	0	0	1	
1042	4446	PEINT-ECLAT BLEU MOYEN 1KG EN BOITE	BOITE	19 000	0	0	0	0	1	
1045	4449	PEINT-ECLAT BLEU PACIFIC 1KG EN BOITE	BOITE	19 000	0	0	0	0	1	
1041	4445	PEINT-ECLAT BLEU PASTEL 1KG EN BOITE	BOITE	19 000	28	0	0	28	1	
1555	5138	PEINT-ECLAT GRIS 1KG EN BOITE	BOITE	19 000	0	0	0	0	1	
1046	4450	PEINT-ECLAT GRIS FONCE 1KG EN BOITE	BOITE	19 000	0	0	0	0	1	
1037	4441	PEINT-ECLAT JAUNE 1KG EN BOITE	BOITE	19 000	0	0	0	0	1	
1043	4447	PEINT-ECLAT NOIRE 1KG EN BOITE	BOITE	19 000	0	0	0	0	1	
1038	4442	PEINT-ECLAT ORANGE 1KG EN BOITE	BOITE	19 000	0	0	0	0	1	
1033	4437	PEINT-ECLAT ROUGE 1KG EN BOITE	BOITE	19 000	3	0	0	3	1	
1040	4444	PEINT-ECLAT TON BOIS 1KG EN BOITE	BOITE	19 000	0	0	0	0	1	
1044	4448	PEINT-ECLAT VERT LUMIERE 1KG EN BOITE	BOITE	19 000	0	0	0	0	1	
1039	4443	PEINT-ECLAT VERT PASTEL 1KG EN BOITE	BOITE	19 000	0	0	0	0	1	
1036	4440	PEINT-ECLAT VERT PATRICIA 1KG EN BOITE	BOITE	19 000	0	0	0	0	1	
1035	4439	PEINT-ECLAT VERT PIN 1KG EN BOITE	BOITE	19 000	3	0	0	3	1	
716	3995	PEINTURE 5KG EXTERIEUR	DABA	39 000	0	0	0	0	1	
495	3697	PEINTURE 5KG INTERIEUR	DABA	35 000	0	0	0	0	1	
4776	21900477601	PEINTURE ANTI FOULING SARAH V	BOITE	-	0			0	1	
1032	4436	PEINTURE ANTI-ROUILLE GM EN PIECE	DABA	289 000	0	0	0	0	1	
724	4010	PEINTURE ANTI-ROUILLE GRIS EN BOITE	BOITE	19 000	0	0	0	0	1	
1031	4435	PEINTURE ANTI-ROULLE GM PIECE	DABA	0	0	0	0	0	1	
4332	21900433201	PEINTURE ANTTIROULLE ROUGE BRUN	BOITE	-	2			2	1	
21	3004	PEINTURE ARDOISINE 1KG	BOITE	19 000	0	0	0	0	1	
723	4009	PEINTURE ECLAT  PM	BOITE	5 000	246	0	0	246	1	
412	3576	PEINTURE ECLAT A HUILE GM	DABA	289 000	2	0	0	2	1	
4777	21900477701	PEINTURE EPOXY PREMIERE SARAH V	BOITE	-	0			0	1	
414	3578	PEINTURE EXTERIEURE GM	DABA	159 000	0	0	0	0	1	
413	3577	PEINTURE INTERIEURE GM	DABA	155 000	4	0	0	4	1	
4736	21900473601	PEINTURE MIKALAQUE EN BOITE DE 3KG SARAH V	BOITE	-	2			2	1	
911	4249	PEINTURE VERNIS PM EN PIECE	PIECE	4 500	58	0	0	58	1	
137	3160	PELLE GM	PIECE	5 000	0	0	0	0	1	
4469	23600446901	PEN FINGER HARD CANDY 3G	PACQUET	12 000	0			0	1	
4469	23600446902	PEN FINGER HARD CANDY 3G	CARTON	360 000	0			0	30	
2584	24200258401	PENGUIN CHOCO 8G	PACQUET	15 000	0			0	1	14/05/2023 (-1045 jour)
2584	24200258402	PENGUIN CHOCO 8G	CARTON	540 000	0			0	36	14/05/2023 (-1045 jour)
2727	15600272701	PERFIT 	PIECE	3 900	0			0	1	01/07/2026 (98 jour)
2727	15600272702	PERFIT 	CARTON	140 000	0			0	36	01/07/2026 (98 jour)
3199	21500319901	PETIT PIZZA	SACHET	10 000	0			0	1	27/11/2023 (-848 jour)
3199	21500319902	PETIT PIZZA	BALLE	-	0			0	16	27/11/2023 (-848 jour)
2427	21400242701	PETROL 240L	LITRE	3 900	0			0	1	
2427	21400242702	PETROL 240L	TONNELET	936 000	0			0	240	
1085	4494	PETROMAX PM EN PIECE	PIECE	5 000	0	0	0	0	1	
3706	22300370601	PILE CHAMPION R6	BOITE	6 000	0			0	1	
3706	22300370602	PILE CHAMPION R6	CARTON	140 000	0			0	25	
1205	4652	PILE EVERLAST GM	BTE	7 700	0	0	0	0	1	31/05/2021 (-1758 jour)
1205	4651	PILE EVERLAST GM	CARTON	184 000	0	0	0	0	24	31/05/2021 (-1758 jour)
1206	4654	PILE EVERLAST PM	BOITE	4 000	0	0	0	0	1	31/03/2021 (-1819 jour)
1206	4653	PILE EVERLAST PM	CARTON	200 000	0	0	0	0	50	31/03/2021 (-1819 jour)
4265	21900426501	PILE PM (R6) en Piece	PACQUET	1 700	4			4	1	
783	4086	PINCE	PIECE	3 000	0	0	0	0	1	
1225	4677	PINCE BOTA EN PQT	PAQUET	3 500	0	0	0	0	1	
416	3581	PINCE LAMBA FLEURY	PAQUET	4 000	0	0	0	0	1	
417	3582	PINCE LAMBA TSOTRA	PAQUET	3 000	0	0	0	0	1	
4301	21900430101	PINCEAU SARAH V	PIECE	-	0			0	1	
3715	22000371501	PISTASY 100 KAPOAKA / 25	SAC	105 000	0			0	1	
1768	21500176801	PISTASY AVARATRA 	KAPOAKA	1 200	0	0		0	1	
2571	22000257101	PISTASY AVARATRA 200 KAPOAKA 	SAC	219 000	0	0		0	1	
829	4148	PISTASY EN KG	EN KG	5 400	0	0	0	0	1	
3948	22000394801	PISTASY MENA TRIER 	KAPOAKA	1 100	0			0	1	
423	3589	PISTASY MENA TRIER EN SAC	SAC	209 000	0	0	0	0	1	
1614	21500161401	PISTASY VANGA	SAC	165 000	0			0	1	
1666	22000166601	PISTASY VANGA KG	KAPOAKA	800	0			0	1	
1666	22000166602	PISTASY VANGA KG	KILOS	3 200	0			0	4	
4308	21900430801	PLASMA SARAH V	PIECE	-	0			0	1	
791	4097	PLATEAU PLASTIQUE	PIECE	5 000	2	0	0	2	1	
985	4356	PNEU 31X10.50XR15	PIECE	450 000	0	0	0	0	1	
3772	15600377201	PNEU 750/16	PIECE	-	1			1	1	
2681	25000268101	PNEU DUNLOP 225 / 95 R 16 C	PIECE	-	1			1	1	
1209	4659	PNEU HORIZON 750/16	PIECE	450 000	0	0	0	0	1	
691	3959	PNEU VAOVAO	PIECE	460 000	0	0	0	0	1	
1196	4640	POID EN DETAIL	PIECE	5 000	5	0	0	5	1	
1191	4631	POIDS 2 KG	PÎECE	15 000	0	0	0	0	1	
1190	4630	POIDS 5KG	PIECE	25 000	3	0	0	3	1	
738	4029	POIDS COMPLET	PIECE	15 000	0	0	0	0	1	
464	3638	POINTE 100X20 DE 20KG	KG	8 000	0	0	0	0	1	
464	3640	POINTE 100X20 DE 20KG	BOITE	0	0	0	0	0	5	
464	3636	POINTE 100X20 DE 20KG	CARTON	0	0	0	0	0	20	
466	3641	POINTE 120X20 DE 20KG	KG	0	0	0	0	0	1	
466	4076	POINTE 120X20 DE 20KG	BOITE	0	0	0	0	0	5	
466	3639	POINTE 120X20 DE 20KG	CARTON	0	0	0	0	0	20	
467	3644	POINTE 120X21 DE 20KG	KG	0	0	0	0	0	1	
467	3643	POINTE 120X21 DE 20KG	BOITE	0	0	0	0	0	5	
467	3642	POINTE 120X21 DE 20KG	CARTON	0	0	0	0	0	20	
776	4265	POINTE 120X22	KG	0	0	0	0	0	1	
776	4264	POINTE 120X22	BOITE	0	0	0	0	0	5	
776	4078	POINTE 120X22	CARTON	0	0	0	0	0	20	
468	3647	POINTE 140 DE 20KG	KG	8 000	1	0	0	1	1	
468	3646	POINTE 140 DE 20KG	BOITE	37 000	0,2	0	0	0,2	5	
468	3645	POINTE 140 DE 20KG	CARTON	145 000	0,1	0	0	0,1	20	
469	3649	POINTE 160 	KG	8 000	0	0	0	0	1	
469	3997	POINTE 160 	BOITE	36 500	0	0	0	0	5	
469	3648	POINTE 160 	CARTON	145 000	0	0	0	0	20	
1306	4790	POINTE 30X13 DE 20KG	KG	0	0	0	0	0	1	
1306	4789	POINTE 30X13 DE 20KG	BOITE	0	0	0	0	0	5	
1306	4788	POINTE 30X13 DE 20KG	CARTON	0	0	0	0	0	20	
471	3655	POINTE 40X14 20KG	KG	0	0	0	0	0	1	
471	3654	POINTE 40X14 20KG	BOITE	0	0	0	0	0	5	
471	3653	POINTE 40X14 20KG	CARTON	0	0	0	0	0	20	
472	3658	POINTE 50X16 DE 20 KG	KG	0	0	0	0	0	1	
472	3657	POINTE 50X16 DE 20 KG	BOITE	0	0	0	0	0	5	
472	3656	POINTE 50X16 DE 20 KG	CARTON	0	0	0	0	0	20	
473	3660	POINTE 50X18 DE 20KG	BOITE	0	0	0	0	0	5	
473	3659	POINTE 50X18 DE 20KG	CARTON	0	0	0	0	0	20	
474	3664	POINTE 60X17 DE 20KG	KG	0	0	0	0	0	1	
474	3663	POINTE 60X17 DE 20KG	BOITE	0	0	0	0	0	5	
474	3662	POINTE 60X17 DE 20KG	CARTON	0	0	0	0	0	20	
146	3010	POINTE 60X20	BOITE	0	0,1	0	0	0,1	5	
146	3169	POINTE 60X20	CARTON	0	0	0	0	0	20	
475	3666	POINTE 70X18 20KG	KG	0	0	0	0	0	1	
475	3667	POINTE 70X18 20KG	BOITE	0	0	0	0	0	5	
475	3665	POINTE 70X18 20KG	CARTON	0	0	0	0	0	20	
476	3670	POINTE 80X18 DE 20KG	KG	0	0	0	0	0	1	
476	3669	POINTE 80X18 DE 20KG	BOITE	0	0	0	0	0	5	
476	3668	POINTE 80X18 DE 20KG	CARTON	0	0	0	0	0	20	
477	3673	POINTE 80X19 DE 20KG	KG	0	0	0	0	0	1	
477	3672	POINTE 80X19 DE 20KG	BOITE	0	0	0	0	0	5	
477	3671	POINTE 80X19 DE 20KG	CARTON	0	0	0	0	0	20	
478	3676	POINTE 90X19	KG	0	0	0	0	0	1	
478	3674	POINTE 90X19	BOITE	0	0	0	0	0	5	
478	3675	POINTE 90X19	CARTON	0	0	0	0	0	20	
479	3679	POINTE 90X20 DE 20KG	KG	0	0	0	0	0	1	
479	3678	POINTE 90X20 DE 20KG	BOITE	0	0	0	0	0	5	
479	3677	POINTE 90X20 DE 20KG	CARTON	0	0	0	0	0	20	
481	3681	POINTE A BETON 	CARTON	500 000	8	0	0	8	1	
909	4247	POINTE A BETON 50 EN BOITE	BOITE	40 000	0	0	0	0	1	
3092	21500309201	POIVRE DE L' EST 	BOUTEIL	10 000	0			0	1	
2598	21500259801	POIVRE SACHET DOYPACK	SACHET	-	0			0	1	
2598	21500259802	POIVRE SACHET DOYPACK	CARTON	-	0			0	10	
483	3685	POP DRINK	PAQUET	15 000	0	0	0	0	1	30/06/2018 (-2824 jour)
483	3684	POP DRINK	CARTON	60 000	0	0	0	0	4	30/06/2018 (-2824 jour)
1115	4539	POP DRINK SUSSETTE EN PIECE	PIECE	500	0	0	0	0	1	
607	3838	PORTE ASSIETTE LUX EN PIECE	PIECE	15 000	5	0	0	5	1	
821	4140	PORTE ASSIETTE TSOTRA EN PIECE	PIECE	5 000	9	0	0	9	1	
910	4248	PORTE CD EN PIECE	PIECE	0	73	0	0	73	1	
822	4141	PORTE DOCUMENT	PIECE	100	83	0	0	83	1	
1470	5025	PORTE DOCUMENT	PIECE	0	0	0	0	0	1	
1480	5035	PORTE KIRARO GM	PIECE	0	22	0	0	22	1	
1479	5034	PORTE KIRARO MOYENNE	PIECE	0	21	0	0	21	1	
1478	5033	PORTE KIRARO PM	PIECE	0	54	0	0	54	1	
125	3143	PORTE SAC EN PIECE	PIECE	40 000	0	0	0	0	1	
1400	4920	PORTE SP	PIECE	2 500	4	0	0	4	1	
486	3688	POT PLASTIC GM	PIECE	4 000	0	0	0	0	1	
487	3689	POT PLASTIC PM	PIECE	2 500	4	0	0	4	1	
3179	22500317901	POTATA 15G	PAQUET	7 200	5			5	1	19/08/2024 (-582 jour)
3179	22500317902	POTATA 15G	BOITE	30 000	1			1	5	19/08/2024 (-582 jour)
3179	22500317903	POTATA 15G	CARTON	360 000	0,1			0,1	50	19/08/2024 (-582 jour)
4486	22500448601	POTATA 15G EN PIECE	PIECE	-	9			9	1	
1114	4538	POUDRE RONONO VANA EN 1/2 KG	1/2KG	10 000	0	0	0	0	1	
4208	22600420801	POUDRE SAVON ARIEL FLORAL 500G	PIECE	8 300	2			2	1	
4208	22600420802	POUDRE SAVON ARIEL FLORAL 500G	CARTON	198 000	0,1			0,1	24	
4209	22600420901	POUDRE SAVON ARIEL LAVENDER 500G	PIECE	8 300	2			2	1	
4209	22600420902	POUDRE SAVON ARIEL LAVENDER 500G	CARTON	198 000	0,1			0,1	24	
4206	22600420601	POUDRE SAVON ARIEL SPRING 500G	PIECE	8 300	13			13	1	17/10/2024 (-523 jour)
4206	22600420602	POUDRE SAVON ARIEL SPRING 500G	CARTON	198 000	0,5			0,5	24	17/10/2024 (-523 jour)
1394	4912	POUDRE SAVON B29 15 GR	CARTON	29 000	0	0	0	0	1	
1650	21500165001	POUDRE SOJA	SAC	200 000	0			0	1	
787	4092	POUPÉE 2 SOEUR	PIECE	2 000	11	0	0	11	1	
794	4103	POUPÉE 3 SOEUR	PIECE	2 000	93	0	0	93	1	
405	3567	POUPÉE MANIDINA PM	PIECE	25 000	29	0	0	29	1	
272	3362	POUPÉE MISOLO LAMBA GM	PIECE	10 000	0	0	0	0	1	
1	2976	POUPÉE PM MISOLO LAMBA	PIECE	10 000	3	0	0	3	1	
455	3624	POUPÉE SIMPE	PIECE	2 000	0	0	0	0	1	
489	3691	PRADA	PAIRE	30 000	50	0	0	50	1	
2894	22500289401	PRINCE FOURRE 130G*20	PIECE	2 500	0			0	1	31/12/2023 (-814 jour)
2894	22500289402	PRINCE FOURRE 130G*20	CARTON	49 000	0			0	20	31/12/2023 (-814 jour)
2488	22500248801	PRINCE FOURRE CHOCO 130G*20	PIECE	2 000	0			0	1	
2488	22500248802	PRINCE FOURRE CHOCO 130G*20	CARTON	40 000	0			0	20	
2487	22500248701	PRINCE FOURRE VANILLE 130G*20	PIECE	2 500	0			0	1	
2487	22500248702	PRINCE FOURRE VANILLE 130G*20	CARTON	49 000	0			0	20	
2489	22500248901	PRINCE POCHON 60G*35	PIECE	1 200	0			0	1	14/09/2023 (-922 jour)
2489	22500248902	PRINCE POCHON 60G*35	CARTON	42 000	0			0	35	14/09/2023 (-922 jour)
4349	23600434901	PRINCESS	PIECE	500	0			0	1	
4349	23600434902	PRINCESS	SACHET	12 000	0			0	30	
4349	23600434903	PRINCESS	CARTON	216 000	0			0	540	
3504	21500350401	PROBO (KATSAKA NOTOTONA)	PIECE	5 000	0			0	1	
1477	5032	PRODUIT COSMETIC	PAQUET	10 000	0	0	0	0	1	
920	4258	PROTEGE CAHIER EN PAQET	PAQUET	5 000	28	0	0	28	1	
1024	4432	PROTEGE CAHIER EN PQT	PIECE	300	237	0	0	237	1	
1024	4425	PROTEGE CAHIER EN PQT	PAQUET	5 000	9,5	0	0	9,5	25	
1074	4479	PROTEGE GP EN PIECE	PIECE	500	35	0	0	35	1	
2911	15600291101	PROVENDE LFL 0521A DEMARRAGE CHAIRE 	SAC	197 000	0			0	1	
2913	15600291301	PROVENDE LFL 0521A DEMARRAGE CHAIRE 	KILOS	4 000	0,1			0,1	1	
2909	15600290901	PROVENDE LFL 0541A FINITION CHAIRE	SAC	186 000	0			0	1	
2912	15600291201	PROVENDE LFL 0541A FINITION CHAIRE	KILOS	3 800	0,4			0,4	1	
2910	15600291001	PROVENDE LFL 1430A FINITION PORC	SAC	140 000	0			0	1	
2914	15600291401	PROVENDE LFL 1430A FINITION PORC 	KILOS	3 000	0			0	1	
4145	21500414501	PUB G GUN BOCAL	BOCAL	23 000	3			3	1	01/06/2025 (-296 jour)
4145	21500414502	PUB G GUN BOCAL	CARTON	276 000	0,2			0,2	12	01/06/2025 (-296 jour)
4336	24200433601	PURE GOLD KHAZANA	PIECE	500	0			0	1	
4336	24200433602	PURE GOLD KHAZANA	SACHET	14 500	0			0	30	
4336	24200433603	PURE GOLD KHAZANA	CARTON	261 000	0			0	540	
792	4098	RADIO CARTE	PIECE	40 000	4	0	0	4	1	
494	3696	RAFIA	KG	10 000	47,5	0	0	47,5	1	
1344	4839	RAFIA EN DETAIL	PIECE	10 000	0	0	0	0	1	
2585	24200258501	RAMBO CHOCOLATE 5G	BOITE	17 000	0			0	1	
2585	24200258502	RAMBO CHOCOLATE 5G	CARTON	204 000	0			0	12	
1734	16600173401	RANO VISY	PIECE	0	0			0	1	
1734	16600173402	RANO VISY	PAQUET	29 000	0			0	8	
1734	16600173403	RANO VISY	CARTON	87 000	0			0	24	
668	3908	RASOIR BIC PQT DE 5 EN SHT	SACHET	2 300	0	0	0	0	1	
2796	15600279601	RASOIR SUPER MAX	PIECE	700	2			2	1	
2796	15600279602	RASOIR SUPER MAX	CARTON	84 000	0			0	120	
498	3701	REGISTRE DAPPEL	PIECE	3 500	337	0	0	337	1	
775	4077	REGLE COMPLET GM EN PAQUET	PAQUET	2 000	78	0	0	78	1	
499	3702	REGLE COMPLET PM EN PACQUET	PAQUET	1 200	0	0	0	0	1	
500	3703	REGLE LUX EN PIECE	PIECE	1 000	1	0	0	1	1	
504	3707	REGULATEUR 10A	PIECE	120 000	22	0	0	22	1	
505	3708	REGULATEUR 20A	PIECE	140 000	16	0	0	16	1	
506	3709	REGULATEUR 3A	PIECE	60 000	26	0	0	26	1	
501	3704	REGULATEUR 50A	PIECE	200 000	1	0	0	1	1	
503	3706	REGULATEUR 5A	PIECE	80 000	1	0	0	1	1	
502	3705	REGULETEUR 30A	PIECE	170 000	12	0	0	12	1	
693	3963	RIVET EN SACHET	SACHET	25 000	0	0	0	0	1	
1423	4960	RIZ DE LUX EN SAC	SAC	85 000	0	0	0	0	1	
3860	23600386001	ROBOT LOLLIPOP 5,4G	BOCAL	22 000	0			0	1	
3860	23600386002	ROBOT LOLLIPOP 5,4G	CARTON	264 000	0			0	12	
877	4208	ROJO VY EN PIECE	PIECE	10 000	7	0	0	7	1	
667	4083	RONONO  MOI GM	BOITE	5 800	0	0	0	0	1	
667	3907	RONONO  MOI GM	CARTON	140 000	0	0	0	0	24	
1132	4558	RONONO 2EM CHOIX GM	BOITE	4 000	0	0	0	0	1	
1170	4605	RONONO 2EM CHOIX PM	BOITE	2 000	0	0	0	0	1	
1025	4428	RONONO CAPITAL GM	BOITE	8 000	0	0	0	0	1	26/02/2020 (-2218 jour)
1025	4426	RONONO CAPITAL GM	CARTON	192 000	0	0	0	0	24	26/02/2020 (-2218 jour)
814	3378	RONONO CAPITAL PM	PIECE	2 500	0	0	0	0	1	
814	4128	RONONO CAPITAL PM	CARTON	119 000	0	0	0	0	48	
927	4272	RONONO DYANAS	BOITE	2 650	1	0	0	1	1	30/11/2020 (-1940 jour)
927	4271	RONONO DYANAS	CARTON	127 200	0	0	0	0	48	30/11/2020 (-1940 jour)
1280	4750	RONONO DYANAS GM	BOITE	5 500	1	0	0	1	1	27/02/2019 (-2582 jour)
1280	4751	RONONO DYANAS GM	CARTON	132 000	0	0	0	0	24	27/02/2019 (-2582 jour)
1839	23100183901	RONONO ELVIA GM	BOITE	10 900	0			0	1	01/06/2025 (-296 jour)
1839	23100183902	RONONO ELVIA GM	CARTON	261 000	0			0	24	01/06/2025 (-296 jour)
1657	23100165701	RONONO ELVIA PM	BOITE	4 700	4			4	1	01/06/2025 (-296 jour)
1657	23100165702	RONONO ELVIA PM	CARTON	225 600	0,1			0,1	48	01/06/2025 (-296 jour)
2692	23100269201	RONONO GENIE  GM	BOITE	9 900	0			0	1	27/09/2023 (-909 jour)
2692	23100269202	RONONO GENIE  GM	CARTON	237 000	0			0	24	27/09/2023 (-909 jour)
4321	25100432101	RONONO LUCKY COW PM*48	BOITE	5 000	0			0	1	
4321	25100432102	RONONO LUCKY COW PM*48	CARTON	240 000	0			0	48	
3156	21500315601	RONONO MAMA GM	BOITE	10 000	0			0	1	20/06/2025 (-277 jour)
3156	21500315602	RONONO MAMA GM	CARTON	240 000	0			0	24	20/06/2025 (-277 jour)
3157	21500315701	RONONO MAMA PM	BOITE	4 500	1			1	1	15/12/2025 (-99 jour)
3157	21500315702	RONONO MAMA PM	CARTON	216 000	0			0	48	15/12/2025 (-99 jour)
999	4379	RONONO MOI PM	BOITE	2 400	0	0	0	0	1	
999	4378	RONONO MOI PM	CARTON	115 000	0	0	0	0	48	
1399	4919	RONONO POUDRE FARILAC	SACHET	5 000	0	0	0	0	1	
1399	4918	RONONO POUDRE FARILAC	CARTON	230 000	0	0	0	0	48	
1491	5046	RONONO POUDRE FONTERA ( BLEU ) 	SAC	800 000	0	0	0	0	1	17/01/2025 (-431 jour)
2607	21500260701	RONONO POUDRE LACTIMILK  	SAC	800 000	0			0	1	31/10/2023 (-875 jour)
2608	21500260801	RONONO POUDRE LACTIMILK 1/2 KG	SACHET	16 000	0			0	1	
638	3874	RONONO POUDRE VANA EN KG	KG	20 000	0	0	0	0	1	
637	3873	RONONO POUDRE VANA EN SAC	SAC	490 000	0	0	0	0	1	
4064	21500406401	RONONO SHASA GM	BOITE	11 000	0			0	1	18/06/2025 (-279 jour)
4064	21500406402	RONONO SHASA GM	CARTON	264 000	0			0	24	18/06/2025 (-279 jour)
1398	4917	RONONO SOCOLAIT GM	BOITE	8 500	0	0	0	0	1	
1398	4916	RONONO SOCOLAIT GM	CARTON	203 000	0	0	0	0	24	
3800	25100380001	RONONO WHITE GOLD PM	BOITE	4 900	0			0	1	01/03/2025 (-388 jour)
3800	25100380002	RONONO WHITE GOLD PM	CARTON	235 200	0			0	48	01/03/2025 (-388 jour)
4680	21900468001	ROULAUX GM SARAH V	PIECE	-	0			0	1	
4300	21900430001	ROULAUX PM SARAH V	PIECE	-	0			0	1	
4376	21900437601	ROULEAU KIT PATE LAPIN SARAH V	PIECE	-	0			0	1	
511	3715	ROULLEAU MOYENNE	PIECE	7 000	0	0	0	0	1	
510	3714	ROULLEAU PM	PIECE	1 800	0	0	0	0	1	
509	3713	ROULLEAUX GM	ROULLEAUX	8 000	1	0	0	1	1	
1298	4775	SABLITO EN PIECE	PIECE	700	19	0	0	19	1	11/04/2019 (-2539 jour)
3227	15600322701	SAC VIDE 1,20M	PIECE	2 800	0			0	1	
3227	15600322702	SAC VIDE 1,20M	BALLE	-	0			0	500	
3228	15600322801	SAC VIDE 1,40M	PIECE	2 800	0			0	1	
3228	15600322802	SAC VIDE 1,40M	BALLE	-	0			0	500	
3731	15600373101	SAC VIDE KINTANA PCE	PIECE	1 000	0			0	1	
3710	15600371001	SAC VIDE SP 57*100 BLANC	PIECE	2 000	0			0	1	
3710	15600371002	SAC VIDE SP 57*100 BLANC	BALLE	1 000 000	0			0	500	
3709	15600370901	SAC VIDE SP 70*120 BLANC	PIECE	2 400	0			0	1	
3709	15600370902	SAC VIDE SP 70*120 BLANC	BALLE	1 200 000	0			0	500	
826	4145	SACHET  LUX PM EN PIECE	PIECE	1 000	119	0	0	119	1	
3255	15600325501	SACHET BEST PRICE BALLE	BALLE	230 000	0			0	1	
953	4312	SACHET BEST TAVARATRA GM	PIECE	600	51	0	0	51	1	
953	4311	SACHET BEST TAVARATRA GM	PAQUET	30 000	1	0	0	1	50	
514	4107	SACHET BEST TAVARATRA PM	PIECE	500	13	0	0	13	1	
514	3720	SACHET BEST TAVARATRA PM	PAQUET	17 000	0,3	0	0	0,3	50	
954	4314	SACHET BEST TSOTRA PM EN PAQUET	PIECE	500	0	0	0	0	1	
954	4313	SACHET BEST TSOTRA PM EN PAQUET	PAQUET	17 000	0	0	0	0	50	
3236	15600323601	SACHET HIPPER LE MAGNIFIQUE 	PIECE	500	9			9	1	
3236	15600323602	SACHET HIPPER LE MAGNIFIQUE 	PAQUET	16 000	0,2			0,2	50	
827	4146	SACHET LUX  GM EN PIECE	PIECE	1 500	90	0	0	90	1	
1670	15600167001	SACHET OISEAU	PIECE	500	0			0	1	
1670	15600167002	SACHET OISEAU	PACQUET	16 000	0			0	50	
1670	15600167003	SACHET OISEAU	BALLE	64 000	0			0	200	
2663	15600266301	SACHET PM	PACQUET	3 500	0			0	1	
2803	15600280301	SACHET PM @ ROULEAU	ROULEAU	7 000	0			0	1	
1703	15600170301	SACHET PM F49	PAQUET	5 500	0			0	1	
838	4161	SACHET PM TRANSPARENT	PACQUET	3 500	0	0	0	0	1	
3285	15600328501	SACHET VOROMBOLA GM	PIECE	500	31			31	1	
3285	15600328502	SACHET VOROMBOLA GM	PAQUET	12 500	1,2			1,2	25	
3285	15600328503	SACHET VOROMBOLA GM	BALLE	50 000	0,3			0,3	100	
3285	15600328504	SACHET VOROMBOLA GM	SAC	-	0,1			0,1	400	
1628	22200162801	SAF INSTANT 500G	BOITE	9 000	0			0	1	25/02/2021 (-1853 jour)
1628	22200162802	SAF INSTANT 500G	CARTON	180 000	0			0	20	25/02/2021 (-1853 jour)
1402	4923	SALTO CACAPIGEON	SACHET	5 000	0	0	0	0	1	
1402	4922	SALTO CACAPIGEON	CARTON	15 000	0	0	0	0	3	
1309	4795	SALTO CHIPS GM	SACHET	11 000	0	0	0	0	1	
961	4325	SAMISUNG GALAXY GRAND EN PIECE	PIECE	350 000	2	0	0	2	1	
520	4414	SAMOISINE	PIECE	1 000	0	0	0	0	1	
520	3726	SAMOISINE	PAQUET	10 000	0	0	0	0	12	
962	4326	SAMSUNG DUOS EN PIECE	PIECE	260 000	2	0	0	2	1	
963	4327	SAMSUNG GALAXY GRAND PRIME EN PIECE	PIECE	290 000	3	0	0	3	1	
959	4323	SAMSUNG GALAXY J7 EN PIECE	PIECE	550 000	5	0	0	5	1	
958	4322	SAMSUNG GALAXY TAB EN PIECE	PIECE	400 000	2	0	0	2	1	
960	4324	SAMSUNG GALAXY WIN EN PIECE	PIECE	350 000	3	0	0	3	1	
2728	21500272801	SARDINE ANNY	PIECE	4 400	0			0	1	31/12/2026 (281 jour)
2728	21500272802	SARDINE ANNY	CARTON	219 000	0			0	50	31/12/2026 (281 jour)
1837	15600183701	SARDINE CHAMPION	PIECE	3 300	1			1	1	12/07/2028 (840 jour)
1837	15600183702	SARDINE CHAMPION	CARTON	165 000	0			0	50	12/07/2028 (840 jour)
1726	21500172601	SARDINE DELMONACO	PIECE	2 800	0			0	1	03/10/2024 (-537 jour)
1726	21500172602	SARDINE DELMONACO	CARTON	140 000	0			0	50	03/10/2024 (-537 jour)
1293	4767	SARDINE JULIE	PIECE	2 200	0	0	0	0	1	
1293	4766	SARDINE JULIE	CARTON	110 000	0	0	0	0	50	
524	3731	SARDINE MONICA	PIECE	2 800	7	0	0	7	1	30/11/2023 (-845 jour)
524	3732	SARDINE MONICA	CARTON	139 000	0,1	0	0	0,1	50	30/11/2023 (-845 jour)
1294	4769	SARDINE OMEGA	PIECE	2 200	0	0	0	0	1	
1294	4768	SARDINE OMEGA	CARTON	109 000	0	0	0	0	50	
1458	5008	SARDINE TISSA	BOITE	2 200	0	0	0	0	1	
1458	5007	SARDINE TISSA	CARTON	110 000	0	0	0	0	50	
3769	21500376901	SARDINE VIVO	BOITE	3 000	0			0	1	
3769	21500376902	SARDINE VIVO	CARTON	75 000	0			0	25	
1200	4644	SARON-KANINA	PIECE	3 000	1	0	0	1	1	
4173	21500417301	SAUCE CHILI BON APPETIT 280G	BOUTEILLE	6 500	0			0	1	09/11/2026 (229 jour)
4173	21500417302	SAUCE CHILI BON APPETIT 280G	CARTON	156 000	0			0	24	09/11/2026 (229 jour)
4031	21500403101	SAUCE DARK SUPERIEURE PET 400ML	PCS	8 000	0			0	1	
4031	21500403102	SAUCE DARK SUPERIEURE PET 400ML	PACQUET	48 000	0			0	6	
526	3734	SAUCE EN JERYCAN	JERYCA	59 000	0	0	0	0	1	
527	3735	SAUCE EN JERYCAN EN CARTON	CARTON	203 000	0	0	0	0	1	
2134	21500213401	SAUCE EN JERYCAN_GM	JERYCAN	129 000	2			2	1	30/06/2024 (-632 jour)
1386	4901	SAUCE JERYCAN PM	JERYCA	27 000	0	0	0	0	1	30/04/2024 (-693 jour)
1386	4902	SAUCE JERYCAN PM	CARTON	324 000	0	0	0	0	12	30/04/2024 (-693 jour)
528	4172	SAUCE PLASTIQUE TSARAHIRATRA 	PIECE	4 000	0	0	0	0	1	27/10/2025 (-148 jour)
528	3736	SAUCE PLASTIQUE TSARAHIRATRA 	PAQUET	24 000	0	0	0	0	6	27/10/2025 (-148 jour)
3942	21500394201	SAUCE SOJA MATSIRO	BOUTEIL	4 000	0			0	1	
2267	21500226701	SAUCE TSA SIOU	JERYCANE	49 000	0			0	1	26/07/2023 (-972 jour)
2267	21500226702	SAUCE TSA SIOU	CARTON	294 000	0			0	6	26/07/2023 (-972 jour)
2753	21500275301	SAUCE TSA SIOU 230G RRB	BOCAL	7 000	2			2	1	26/07/2023 (-972 jour)
2753	21500275302	SAUCE TSA SIOU 230G RRB	CARTON	168 000	0,1			0,1	24	26/07/2023 (-972 jour)
540	3753	SAVILY N° 4 EN PIECE	PIECE	0	0	0	0	0	1	
541	3755	SAVILY N° 5	PIECE	900	0	0	0	0	1	
541	3754	SAVILY N° 5	BOITE	10 500	0	0	0	0	12	
542	3757	SAVILY N° 6	PIECE	1 000	0	0	0	0	1	
542	3756	SAVILY N° 6	BOITE	11 000	0	0	0	0	12	
543	3759	SAVILY N° 8	PIECE	1 000	0	0	0	0	1	
543	3758	SAVILY N° 8	BOITE	14 500	0	0	0	0	12	
974	4341	SAVILY N°10	PIECE	1 500	11	0	0	11	1	
974	4340	SAVILY N°10	BOITE	18 000	0,9	0	0	0,9	12	
3148	15600314801	SAVOKA TARATRA	BOITE	7 000	0			0	1	
3148	15600314802	SAVOKA TARATRA	CARTON	252 000	0			0	36	
1231	4685	SAVON 2EME CHOIX	CARTON	6 000	0	0	0	0	1	
1430	4970	SAVON BARRE NATIONAL 400G	BARRE	2 500	0	0	0	0	1	
1430	4968	SAVON BARRE NATIONAL 400G	CARTON	80 000	0	0	0	0	32	
1203	4650	SAVON BARRE PRIMO	PIECE	7 500	0	0	0	0	1	10/09/2024 (-560 jour)
1203	4647	SAVON BARRE PRIMO	CARTON	119 000	0	0	0	0	16	10/09/2024 (-560 jour)
1444	4988	SAVON BARRE RUBIS	BARRE	5 000	0	0	0	0	1	
1444	4987	SAVON BARRE RUBIS	CARTON	79 000	0	0	0	0	16	
2437	22600243701	SAVON BARRE RUBIS CITRON 800G 	BARRE	9 500	1			1	1	
2437	22600243702	SAVON BARRE RUBIS CITRON 800G 	CARTON	152 000	0,1			0,1	16	
1540	5116	SAVON CAPITAL BARRE	BARRE	5 000	0	0	0	0	1	
1540	5115	SAVON CAPITAL BARRE	CARTON	80 000	0	0	0	0	16	
43	3035	SAVON CITRON BARRE NATIONAL	PIECE	5 000	0	0	0	0	1	
43	3033	SAVON CITRON BARRE NATIONAL	CARTON	78 000	0	0	0	0	16	
92	3100	SAVON CITRON DALLAN EN CARTON	CARTON	0	0	0	0	0	1	
93	3101	SAVON CITRON DALLAN EN PIECE	PIECE	5 500	0	0	0	0	1	
3663	22600366301	SAVON CITRUS PCE	PIECE	1 800	0			0	1	
1502	5058	SAVON EN BARRE	BARRE	3 500	0	0	0	0	1	
3622	22600362201	SAVON FAX FRUIT COCKTAIL 60G	SACHET	6 000	2			2	1	17/06/2026 (84 jour)
3622	22600362202	SAVON FAX FRUIT COCKTAIL 60G	CARTON	144 000	0,1			0,1	24	17/06/2026 (84 jour)
3624	22600362401	SAVON FAX LEMON FRESH 60G	SACHET	6 000	1			1	1	17/06/2026 (84 jour)
3624	22600362402	SAVON FAX LEMON FRESH 60G	CARTON	144 000	0			0	24	17/06/2026 (84 jour)
3623	22600362301	SAVON FAX PINK FLOWERS 60G	SACHET	6 000	0			0	1	17/06/2026 (84 jour)
3623	22600362302	SAVON FAX PINK FLOWERS 60G	CARTON	144 000	0			0	24	17/06/2026 (84 jour)
3621	22600362101	SAVON FAX SUNSHINE APPLES 60G	SACHET	6 000	0			0	1	17/06/2026 (84 jour)
3621	22600362102	SAVON FAX SUNSHINE APPLES 60G	CARTON	144 000	0			0	24	17/06/2026 (84 jour)
1532	5100	SAVON FLOR 	PIECE	1 000	0	0	0	0	1	01/12/2027 (616 jour)
1532	5099	SAVON FLOR 	CARTON	100 000	0	0	0	0	100	01/12/2027 (616 jour)
3248	22600324801	SAVON FRES 75G	PAQUET	9 500	0			0	1	24/08/2025 (-212 jour)
3248	22600324802	SAVON FRES 75G	CARTON	110 000	0			0	12	24/08/2025 (-212 jour)
898	4233	SAVON GF 27 EN CRT	CARTON	16 000	0	0	0	0	1	
897	4232	SAVON GF 3 EN CRT	CARTON	7 500	0	0	0	0	1	
778	4080	SAVON KALINA GM EN CARTON	CARTON	30 000	0	0	0	0	1	
779	4081	SAVON KALINA PM EN CARTON	CARTON	24 000	0	0	0	0	1	
1445	4989	SAVON KANTO K 5 EN CARTON	CARTON	17 000	0	0	0	0	1	22/03/2021 (-1828 jour)
1446	4990	SAVON KANTO K 6 EN CARTON	CARTON	15 000	1	0	0	1	1	
1413	4943	SAVON KANTO K12 EN CARTON	CARTON	19 900	0	0	0	0	1	22/03/2021 (-1828 jour)
1404	4927	SAVON KIM BARRE EN CARTON	BARRE	1 700	0	0	0	0	1	
1404	4926	SAVON KIM BARRE EN CARTON	CARTON	20 000	0	0	0	0	12	
1378	4893	SAVON KIMSA BARRE	BARRE	4 000	42	0	0	42	1	
1378	4891	SAVON KIMSA BARRE	CARTON	80 000	2,1	0	0	2,1	20	
1208	4658	SAVON LE ROBUSTE BARRE EN CARTON	BARRE	5 000	1	0	0	1	1	
1208	4657	SAVON LE ROBUSTE BARRE EN CARTON	CARTON	59 000	0,1	0	0	0,1	12	
1433	4974	SAVON M1 EN CARTON	CARTON	7 000	0	0	0	0	1	
1359	4861	SAVON MABEL	PAQUET	4 500	0	0	0	0	1	
1359	4860	SAVON MABEL	CARTON	54 000	0	0	0	0	12	
2331	22600233101	SAVON RIM M5	CARTON	45 000	0			0	1	
3682	22600368201	SAVON RIM PCE	PIECE	700	0			0	1	
1679	22600167901	SAVON RIM R27	CARTON	19 500	0			0	1	31/01/2020 (-2244 jour)
1681	22600168101	SAVON RIM R29	CARTON	19 500	0			0	1	31/01/2021 (-1878 jour)
3211	22600321101	SAVON SEIM BARRE BLANC	BARRE	9 000	0			0	1	
3211	22600321102	SAVON SEIM BARRE BLANC	CARTON	54 000	0			0	6	
1396	4914	SAVON SOA PLUS BARRE	CARTON	31 000	0	0	0	0	1	
1396	15600139602	SAVON SOA PLUS BARRE	PIECE	-	0	0	0	0	9	
3658	22600365801	SAVON SOBA M20 MARRON PCE	PIECE	700	0			0	1	
3655	22600365501	SAVON SOBA M20 PCE	PIECE	800	0			0	1	
3644	22600364401	SAVON SOBA TSARA BARRE	BARRE	5 300	0			0	1	
1447	4991	SAVON TSARA BARRE	BARRE	6 900	0	0	0	0	1	
1447	15600144702	SAVON TSARA BARRE	CARTON	61 000	0	0	0	0	9	
2328	15600232801	SAVON VAO CITRON	PIECE	11 000	0			0	1	
2328	15600232802	SAVON VAO CITRON	PACQUET	99 000	0			0	9	
3869	22600386901	SAVON WHITE WASH NATURE 90G	PIECE	800	0			0	1	
3869	22600386902	SAVON WHITE WASH NATURE 90G	CARTON	28 800	0			0	36	
769	4070	SAVONETTE JULIETTE	PACQUE	4 500	25	0	0	25	1	
769	4068	SAVONETTE JULIETTE	CARTON	54 000	2,1	0	0	2,1	12	
2441	22600244101	SAVONNETTE DIVA 125G	PACQUET	8 000	0			0	1	
2441	22600244102	SAVONNETTE DIVA 125G	CARTON	96 000	0			0	12	
2601	22600260101	SAVONY MANITRA 	PIECE	500	0			0	1	
1875	15600187501	SCOTCH ALIZE	PIECE	2 000	0			0	1	
1875	15600187502	SCOTCH ALIZE	PACQUET	12 000	0			0	6	
1875	15600187503	SCOTCH ALIZE	CARTON	144 000	0			0	72	
2242	15600224201	SCOTCH ALIZE GM	PIECE	2 000	0			0	1	
2242	15600224202	SCOTCH ALIZE GM	PACQUET	8 000	0			0	6	
2242	15600224203	SCOTCH ALIZE GM	CARTON	-	0			0	72	
864	15600086403	SCOTCH K2	CARTON	-	0,2	0	0	0,2	20	
2440	15600244001	SCOTCH K2 _ GM	PIECE	10 000	0			0	1	
2440	15600244002	SCOTCH K2 _ GM	PACQUET	-	0			0	6	
2440	15600244003	SCOTCH K2 _ GM	CARTON	-	0			0	24	
3931	15600393101	SCOTCH TAPE	PIECE	10 000	1			1	1	
3931	15600393102	SCOTCH TAPE	CARTON	-	0,1			0,1	20	
1724	15600172401	SCOTCH TOLE	METRE	10 000	0			0	1	
1724	15600172402	SCOTCH TOLE	ROULEAU	100 000	0			0	10	
530	3740	SEAU 10L	PIECE	4 000	0	0	0	0	1	
1131	4557	SEAU 10L KEPOLY EN PIECE	PIECE	5 000	14	0	0	14	1	
531	3741	SEAU 15L	PIECE	5 500	31	0	0	31	1	
935	4285	SEAU 15L  KEPOLY EN PIECE	PIECE	7 500	9	0	0	9	1	
731	4017	SEAU 15L AROVY NY ALA	PIECE	6 500	10	0	0	10	1	
1136	4562	SEAU 15L BERYL EN PIECE	PI ECE	5 500	0	0	0	0	1	
936	4286	SEAU 20L AVEC CAUVELE	PIECE	15 000	0	0	0	0	1	
1216	4667	SEAU 20LITRE KENPOLY	PIECE	10 000	10	0	0	10	1	
1217	4668	SEAU 25LITRE KENPOLY	PIECE	13 000	0	0	0	0	1	
1218	4669	SEAU 30LITRE KENPOLY	PIECE	15 000	4	0	0	4	1	
694	3964	SEAU 5L	PIECE	2 300	87	0	0	87	1	
1269	4734	SEAU 5L PILA BE	PIECE	1 000	10	0	0	10	1	
1268	4733	SEAU 5L PILA HELY	PIECE	1 500	13	0	0	13	1	
1215	4666	SEAU 5LITRE KENPOLY	PIECE	3 000	96	0	0	96	1	
1123	4548	SEAU 6L	PIECE	2 800	3	0	0	3	1	
532	3742	SEAU 8L	PIECE	3 500	7	0	0	7	1	
1384	4898	SEAU 8LITRE KENPOLY	PIECE	4 000	21	0	0	21	1	
1214	4665	SEAU KENPOLY 3 LITRE	PIECE	3 000	0	0	0	0	1	
1596	5203	SEDAAP EN PIECE	PIECE	1 800	20	0	0	20	1	
536	3746	SEL FIN EN SACHET	SACHET	250	0	0	0	0	1	
3293	20100329301	SEL FIN EN SACHET 20KG ANTANANKORO	SAC	-	0			0	1	
3291	20100329101	SEL GROS ANTANANKORO	SAC	-	0			0	1	
1603	5210	SERPILLERE DOUBLE	PIECE	8 000	5	0	0	5	1	
2583	15600258301	SERVIETTE DE TABLE TOP	PACQUET	3 000	0			0	1	
2583	15600258302	SERVIETTE DE TABLE TOP	BALLE	72 000	0			0	24	
1211	4663	SERVIETTE MOLPED	PAQUET	2 500	14	0	0	14	1	30/06/2023 (-998 jour)
1211	4661	SERVIETTE MOLPED	CARTON	60 000	0,6	0	0	0,6	24	30/06/2023 (-998 jour)
1212	4007	SERVIETTE MY LEYDIE	PAQUET	1 800	33	0	0	33	1	
1212	4662	SERVIETTE MY LEYDIE	CARTON	48 000	1,4	0	0	1,4	24	
1371	4882	SEVIETTE HYGIENIQUE CARE	PAQUET	2 700	135,9	0	0	135,9	1	10/12/2020 (-1930 jour)
1371	4881	SEVIETTE HYGIENIQUE CARE	CARTON	162 000	2,3	0	0	2,3	60	10/12/2020 (-1930 jour)
1418	4952	SEZY PLASTIQUE	PIECE	17 000	43	0	0	43	1	
1473	5028	SEZY PLASTIQUE LUX	PIECE	24 000	0	0	0	0	1	
4291	24200429101	SHAPE CHOCOLATE BOCAL	BOCAL	10 000	0			0	1	
4291	24200429102	SHAPE CHOCOLATE BOCAL	CARTON	240 000	0			0	24	
3918	21500391801	SHINE COFFEE	PIECE	250	0			0	1	
3918	21500391802	SHINE COFFEE	SACHET	6 000	0			0	24	
3918	21500391803	SHINE COFFEE	CARTON	48 000	0			0	192	
3538	23500353801	SHORT COTON A27 65KG	BALLE	740 000	0			0	1	
3235	15600323501	SIKALITE	PIECE	12 000	0			0	1	
70	3070	SILL GUM COOL	SACHET	4 000	0	0	0	0	1	
70	3069	SILL GUM COOL	CARTON	120 000	0	0	0	0	30	
1561	5149	SILL GUM FRESH	SACHET	2 500	1	0	0	1	1	29/02/2020 (-2215 jour)
1561	5148	SILL GUM FRESH	CARTON	39 000	0,1	0	0	0,1	16	29/02/2020 (-2215 jour)
1342	4835	SILL GUM NAKA	SACHET	3 700	1	0	0	1	1	
1342	4836	SILL GUM NAKA	CARTON	59 000	0,1	0	0	0,1	16	
675	3919	SILL GUM ZOOK	SACHET	3 000	0	0	0	0	1	
675	3918	SILL GUM ZOOK	CARTON	90 000	0	0	0	0	30	
2225	21500222501	SILL GUM_ZOOK (16)	SACHET	4 000	10			10	1	30/04/2024 (-693 jour)
2225	21500222502	SILL GUM_ZOOK (16)	CARTON	64 000	0,6			0,6	16	30/04/2024 (-693 jour)
4487	23600448701	SILL GUM_ZOOK (16) EN PIECE	PIECE	-	35			35	1	
545	3762	SK1	CARTON	13 000	200	0	0	200	1	
2435	24800243501	SLEEPY - LADY	PIECE	1 800	0			0	1	
2435	24800243502	SLEEPY - LADY	CARTON	43 000	0			0	24	
3124	24800312401	SLEEPY NAT SOFT 8X24	PIECE	2 900	0			0	1	10/08/2025 (-226 jour)
3124	24800312402	SLEEPY NAT SOFT 8X24	CARTON	69 500	0			0	24	10/08/2025 (-226 jour)
1145	4579	SMALL OLIVARY BOCAL	BOCAL	6 000	0	0	0	0	1	
1145	4578	SMALL OLIVARY BOCAL	CARTON	144 000	0	0	0	0	24	
1364	4869	SMILE FUNNY FACE EN BOCAL	BOCAL	7 000	0	0	0	0	1	
1142	4573	SMILEY FUNNY FACE BOCAL GM	BOCAL	9 000	0	0	0	0	1	
1147	4582	SMILEY FUNNY FACE BOCAL PM	BOCAL	5 000	0	0	0	0	1	
1580	5181	SMILEY FUNNY FACES EN SACHET	SACHET	4 000	0	0	0	0	1	
4587	21500458701	SN SALTO POP	SACHET	5 100	0			0	1	
4716	21500471601	SNACK CHEESSE RINGS 15G	SACHET	11 300	0			0	1	
4716	21500471602	SNACK CHEESSE RINGS 15G	CARTON	180 000	0			0	16	
1411	4940	SOBA SB10 EN CARTON	BARRE	2 000	0	0	0	0	1	
1411	4939	SOBA SB10 EN CARTON	CARTON	20 000	0	0	0	0	10	
1410	4938	SOBA SB13 BLANC MAVO	BARRE	4 300	0	0	0	0	1	
1410	4937	SOBA SB13 BLANC MAVO	CARTON	55 000	0	0	0	0	13	
904	4241	SODA ORANGE PM EN PAQUET DE 12	PAQUET	20 000	0	0	0	0	1	26/02/2020 (-2218 jour)
770	4069	SOFTEX INDIVIDUEL EN SACHET	PIECE	250	1	0	0	1	1	
4178	22100417801	SOFTEX MAXI FIT WINGS*8 ALVEOLE	PACQUET	3 500	0			0	1	
4178	22100417802	SOFTEX MAXI FIT WINGS*8 ALVEOLE	CARTON	210 000	0			0	60	
1651	21500165101	SOJA 1/2 KG EN SACHET	SACHET	2 000	23			23	1	
312	3427	SOLAR LIGHT	PIECE	130 000	63	0	0	63	1	
1719	15600171901	SOTRO A JETER	PAQUET	5 000	66			66	1	
701	3973	SOTRO LUXE EN PQT	PAQUET	10 000	48	0	0	48	1	
553	3774	SOTRO TSOTRA EN PACQUET	PAQUET	4 000	0	0	0	0	1	
3239	15600323901	SOUDE CAUSTIQUE PERLEE	KG	6 500	0			0	1	
3226	15600322601	SOUDE CAUSTIQUE PERLEE 25KG	SAC	162 500	0			0	1	
554	3776	SOUPIERE MAFANA GM	PIECE	35 000	0	0	0	0	1	
556	3778	SOUPIERE MAFANA MOYENNE	PIECE	25 000	0	0	0	0	1	
555	3777	SOUPIERE MAFANA PM	PIECE	25 000	0	0	0	0	1	
2248	23600224801	SOUR POWDER CANDY	PACQUET	7 000	0			0	1	31/08/2023 (-936 jour)
2248	23600224802	SOUR POWDER CANDY	CARTON	240 000	0			0	30	31/08/2023 (-936 jour)
124	3142	SOUS COMPTEUR	PIECE	90 000	7	0	0	7	1	
396	3556	SPAGETTI LUCCHINI GM EN CARTON	CARTON	36 000	0	0	0	0	1	
490	3692	SPAGETTI PREMIER	CARTON	34 500	0	0	0	0	1	
109	3127	SPAGHETHI MUTLU	CARTON	0	6	0	0	6	1	
869	4200	SPAGHETI MUTLI EN PIECE	PIECE	0	46	0	0	46	1	
1838	22400183801	SPAGHETTI CHERIE	PIECE 	2 600	0			0	1	08/05/2025 (-320 jour)
1838	22400183802	SPAGHETTI CHERIE	CARTON	52 000	0			0	20	08/05/2025 (-320 jour)
1173	4610	SPAGHETTI DANDY EN CARTON	CARTON	28 000	0	0	0	0	1	
3117	21500311701	SPAGHETTI ELVIA 500G*20	CARTON	49 000	0			0	1	30/06/2024 (-632 jour)
3118	21500311801	SPAGHETTI ELVIA 500G*20	PIECE	2 500	1			1	1	
1436	4977	SPAGHETTI EN PIECE	PIECE	1 700	46	0	0	46	1	
1174	4611	SPAGHETTI GEFCO EN CARTON	CARTON	28 000	0	0	0	0	1	
2666	22400266601	SPAGHETTI NOUR D'OR	CARTON	44 000	0			0	1	
2667	22400266701	SPAGHETTI NOUR D'OR	PIECE	2 200	0			0	1	
3153	21500315301	SPAGHETTI RASMI 500G	CARTON	44 000	0			0	1	
3155	21500315501	SPAGHETTI RASMI 500G	PIECE	2 200	0			0	1	
1584	5185	SPAGHETTI ROSSINI 	CARTON	0	0	0	0	0	1	27/07/2027 (489 jour)
1763	21500176301	SPAGHETTI ROSSINI 	PIECE	0	0			0	1	
2428	21500242801	SPAGHETTI SANREMO	PIECE	2 600	0			0	1	
2425	21500242501	SPAGHETTI SANREMO 	CARTON	51 000	0			0	1	
4306	21900430601	SPATULE DE 10 SARAH V	PIECE	-	0			0	1	
559	3783	SPEAKER BORY	PIECE	20 000	125	0	0	125	1	
734	4023	SPEAKER JIDA 81	PIECE	0	5	0	0	5	1	
560	3784	SPEAKER LAVA	PIECE	20 000	9	0	0	9	1	
766	4061	SPEAKER LUX	PIECE	0	17	0	0	17	1	
561	3785	SPEAKER MAVENTY	PIECE	0	0	0	0	0	1	
888	4221	SPRITE GM 	PAQUET	29 000	0	0	0	0	1	16/07/2022 (-1347 jour)
1834	21800183401	STABILISATEUR	PIECE	230 000	2			2	1	
3491	19200349101	STOCK COMMANDER AFRICAN	SAC	147 000	0	0		0	1	
3927	24000392701	STRIP JELLY JELLOO	BOITE	4 000	8			8	1	
3927	24000392702	STRIP JELLY JELLOO	CARTON	96 000	0,3			0,3	24	
235	3309	STYLO DIGNO ( BLEU )	BOITE	19 000	1	0	0	1	1	
235	3310	STYLO DIGNO ( BLEU )	CARTON	380 000	0,1	0	0	0,1	20	
1863	15600186301	STYLO DIGNO ( ROUGE )	BOITE	19 000	0			0	1	
1863	15600186302	STYLO DIGNO ( ROUGE )	CARTON	380 000	0			0	20	
3225	15600322501	STYLO EUROPA	BOITE	12 000	0			0	1	
3225	15600322502	STYLO EUROPA	CARTON	960 000	0			0	80	
4096	15600409601	STYLO EUROPA EN PIECE	PIECE	500	60			60	1	
863	4194	STYLO FAFA EN BOITE	BOITE	6 500	8	0	0	8	1	
2668	15600266801	STYLO LAUREAT BLEU	BOITE	20 000	0			0	1	
2668	15600266802	STYLO LAUREAT BLEU	CARTON	-	0			0	20	
2669	15600266901	STYLO LAUREAT NOIR	BOITE	20 000	0			0	1	
2669	15600266902	STYLO LAUREAT NOIR	CARTON	-	0			0	20	
2671	15600267101	STYLO LAUREAT VERT	BOITE	20 000	0			0	1	
2671	15600267102	STYLO LAUREAT VERT	CARTON	-	0			0	20	
4357	21900435701	STYLO NOVA 1mm	BOITE	9 000	0			0	1	
4357	21900435702	STYLO NOVA 1mm	CARTON	180 000	0			0	20	
1029	4433	STYLO PM EN PIECE	PIECE	500	81	0	0	81	1	
854	4186	STYLO YES	BOITE	6 500	0	0	0	0	1	
854	4182	STYLO YES	CARTON	130 000	0	0	0	0	20	
846	4171	STYLOT  LEXI 4 COULEUR EN PAQUET	PAQUET	2 000	18	0	0	18	1	
562	3787	SUB WOOFER GM	PIECE	250 000	3	0	0	3	1	
123	3141	SUB WOOFER MOYENNE (JIDA)	PIECE	0	0	0	0	0	1	
4640	23600464001	SUCETTE BIG POP GM XXL	BOITE	22 000	0			0	1	
4640	23600464002	SUCETTE BIG POP GM XXL	CARTON	132 000	0			0	6	
2337	23600233701	SUCETTE BOCAL ROYAL	BOITE	12 000	0			0	1	
2337	23600233702	SUCETTE BOCAL ROYAL	CARTON	72 000	0			0	6	
1897	23600189701	SUCETTE CHOCO VANILLA DOLLY LOLLY	SACHET	5 900	0			0	1	
1897	23600189702	SUCETTE CHOCO VANILLA DOLLY LOLLY	CARTON	117 000	0			0	20	
3507	23600350701	SUCETTE DONUT	SACHET	12 500	0			0	1	
3507	23600350702	SUCETTE DONUT	CARTON	150 000	0			0	12	
3509	23600350901	SUCETTE HEART POP GM VAOVAO	SACHET	12 500	0			0	1	
3509	23600350902	SUCETTE HEART POP GM VAOVAO	CARTON	150 000	0			0	12	
3141	23600314101	SUCETTE HEARTY POP	PIECE	100	0			0	1	
3812	23600381201	SUCETTE HEARTY POP BOCAL	BOCAL	12 000	0			0	1	01/09/2025 (-204 jour)
3812	23600381202	SUCETTE HEARTY POP BOCAL	CARTON	144 000	0			0	12	01/09/2025 (-204 jour)
4202	23600420201	SUCETTE MIX FRUIT NATURAL	SACHET	2 500	0			0	1	01/08/2026 (129 jour)
4202	23600420202	SUCETTE MIX FRUIT NATURAL	CARTON	50 000	0			0	20	01/08/2026 (129 jour)
4183	23600418301	SUCETTE MIX YOGOFRU BOCAL	BOCAL	23 000	0			0	1	01/09/2026 (160 jour)
4183	23600418302	SUCETTE MIX YOGOFRU BOCAL	CARTON	138 000	0			0	6	01/09/2026 (160 jour)
4397	23600439701	SUCETTE NECT CHUPITO WHISTLE 50*24	SACHET	3 500	0			0	1	
4397	23600439702	SUCETTE NECT CHUPITO WHISTLE 50*24	CARTON	84 000	0			0	24	
4360	23600436001	SUCETTE NEO POP XXL	SACHET	8 500	0			0	1	
4360	23600436002	SUCETTE NEO POP XXL	CARTON	136 000	0			0	16	
2298	20700229801	SUCRE @ SACHET 500G	SAC	199 000	0			0	1	
2299	20700229901	SUCRE @ SACHET 500G	SACHET	2 000	0			0	1	
1630	20700163001	SUCRE 50KG IMPORT	SAC	219 000	0			0	1	
4528	20700452801	SUCRE EN SACHET MAGASIN D	KILOS	4 000	0			0	1	
4059	20700405901	SUCRE ROUGE SELATI 50KG	SAC	202 000	0			0	1	
4334	21500433401	SUPER CONE 12*60 EN BOCAL	BOCAL	20 000	0			0	1	
4334	21500433402	SUPER CONE 12*60 EN BOCAL	CARTON	240 000	0			0	12	
388	3539	SUPER MOUSTIQUAIRE	PIECE	4 900	0	0	0	0	1	
388	3540	SUPER MOUSTIQUAIRE	BALLE	245 000	0	0	0	0	50	
565	3991	SUR EAU OASIS	PIECE	1 000	0	0	0	0	1	01/12/2027 (616 jour)
565	3791	SUR EAU OASIS	CARTON	40 000	0	0	0	0	40	01/12/2027 (616 jour)
4014	21500401401	SWEET AFRICA POULET EN PACQUET	PACQUET	12 500	0			0	1	01/06/2026 (68 jour)
4014	21500401402	SWEET AFRICA POULET EN PACQUET	CARTON	100 000	0			0	8	01/06/2026 (68 jour)
3705	23600370501	SWEET BOY PCE	PIECE	100	0			0	1	
566	3792	TABLE TELEVISION	PIECE	100 000	6	0	0	6	1	
516	3722	TADIM-BITANA	PIECE	1 800	69	0	0	69	1	
1002	4382	TADY SAMBO N 60	ROULEAUX	4 800 000	0	0	0	0	1	
1003	4383	TADY SAMBO N 65	ROULEAUX	5 200 000	0	0	0	0	1	
1004	4384	TADY SAMBO N 70	ROULEAUX	5 990 000	0	0	0	0	1	
569	3795	TADY SAMBO N° 36	ROULEAUX	2 100 000	0	0	0	0	1	
1188	4628	TADY SAMBO N°20	PIECE	650 000	0	0	0	0	1	
568	3794	TADY SAMBO N°32	ROULEAUX	1 600 000	0	0	0	0	1	
1021	4422	TAHONA LA SCIE BE	PIECE	8 000	2	0	0	2	1	
908	3764	TAMIS ROND VY	PIECE	1 800	6118	0	0	6118	1	
908	4246	TAMIS ROND VY	PIECE	10 000	254,9	0	0	254,9	24	
973	4339	TAMIS ROND VY EN PIECE	PIECE	2 000	4	0	0	4	1	
571	3799	TAPIS FLEUR	PIECE	6 000	0	0	0	0	1	
574	3803	TAPIS LUX	PIECE	29 000	0	0	0	0	1	
575	3804	TAPIS TABLE EN METRE TSOTRA	METRE	3 000	2	0	0	2	1	
576	3805	TAPIS TIGRE	PIECE	6 000	0	0	0	0	1	
577	3806	TAPIS TSIPIKA	PIECE	4 000	52	0	0	52	1	
239	3317	TAPIS WELCOM GM	PIECE	5 000	0	0	0	0	1	
573	3802	TAPIS WELCOME	PIECE	6 000	2	0	0	2	1	
1629	15600162901	TARETRA GONY MENA	PIECE	15 000	0			0	1	
870	4201	TARETRA PM 	PIECE	100	77	0	0	77	1	
811	4124	TARIÈRE GM EN PIECE	PIECE	3 000	0	0	0	0	1	
881	4212	TARIERE M EN PIECE	PIECE	3 000	47	0	0	47	1	
578	3808	TARIERE PM	PIECE	0	91	0	0	91	1	
810	4123	TARIÈRE PM EN PIECE	PIECE	2 000	0	0	0	0	1	
1201	4645	TASY	PIECE	1 400	1	0	0	1	1	
1272	4737	TCHIN TCHIN EN CARTON	CARTON	0	0	0	0	0	1	
1273	4738	TCHIN-TCHIN EN SACHET	SACHET	2 000	1	0	0	1	1	
894	4227	T-CRAYON EN BOITE	BOITE	5 000	33	0	0	33	1	
1274	4740	T-CRAYON EN DETAIL	PIECE	300	0	0	0	0	1	
853	4181	TEE SHIRT DYNAMIC	PIECE	2 000	0	0	0	0	1	
580	3811	TEINTE KAPSI	PIECE	6 000	1	0	0	1	1	
581	3812	TELE 17 POUSSE BETRAFO	PIECE	250 000	1	0	0	1	1	
584	3815	TELE 21P	PIECE	0	0	0	0	0	1	
245	3323	TELE ECRAN PLAT 24" ORDI BLANCHE	PIECE	490 000	0	0	0	0	1	
789	4094	TELE ECRAN PLAT 24" TRUST NOIRE	PIECE	370 000	1	0	0	1	1	
760	4054	TELEPHON NOKIA 1010	PIECE	50 000	6	0	0	6	1	
763	4057	TELEPHON NOKIA 107	PIECE	50 000	8	0	0	8	1	
761	4055	TELEPHON NOKIA 1100	PIECE	40 000	0	0	0	0	1	
762	4056	TELEPHON NOKIA 2330C	PIECE	50 000	2	0	0	2	1	
585	3816	TELEPHONE BLACKBERRY	PIECE	150 000	3	0	0	3	1	
765	4060	TELEPHONE NOKIA 103	PIECE	40 000	4	0	0	4	1	
1233	4687	TELEPHONE NOKIA 1280	PIECE	20 000	0	0	0	0	1	
764	4058	TELEPHONE NOKIA 1680C	PIECE	80 000	6	0	0	6	1	
1198	4642	TELEPHONE NOKIA C1	PIECE	50 000	10	0	0	10	1	
45	3038	TELEPHONE NOKIA TIRROIR	PIECE	60 000	1	0	0	1	1	
586	3817	TELEPHONE SAMSUNG	PIECE	40 000	4	0	0	4	1	
703	3975	THERMOS 0,13	PIECE	9 000	0	0	0	0	1	
121	3139	THERMOS 0,45L	PIECE	7 000	29	0	0	29	1	
2800	15600280001	THERMOS 3L PLASTIQUE	PIECE	39 000	1			1	1	
2800	15600280002	THERMOS 3L PLASTIQUE	CARTON	-	0,1			0,1	12	
2799	15600279901	THERMOS 9111A 2L VY	PIECE	33 000	0			0	1	
2799	15600279902	THERMOS 9111A 2L VY	CARTON	-	0			0	16	
588	3819	THERMOS ALWAYS 1L	PIECE	12 000	38	0	0	38	1	
589	3820	THERMOS CARAFE	PIECE	35 000	3	0	0	3	1	
116	3134	THERMOS CARAFE 1,9L	PIECE	15 000	17	0	0	17	1	
120	3138	THERMOS CARREAU 1L	PIECE	10 000	5	0	0	5	1	
122	3140	THERMOS CARREAU 2L	PIECE	15 000	6	0	0	6	1	
828	4147	THERMOS FLEUR	PIECE	35 000	1	0	0	1	1	
2700	15600270001	THERMOS GOLDEN FLOWER 3L  	PIECE	50 000	1			1	1	
119	3137	THERMOS HOPESTAR 1L	PIECE	19 000	20	0	0	20	1	
118	3136	THERMOS HOPESTAR 2L	PIECE	29 000	0	0	0	0	1	
117	3135	THERMOS LOVELY 3L	PIECE	35 000	0	0	0	0	1	
2699	15600269901	THERMOS VISTA 2L	PIECE	52 000	0			0	1	
704	3976	THERMOS VY 1L	PIECE	16 000	28	0	0	28	1	
587	3818	THERMOS VY 2L	PIECE	20 000	14	0	0	14	1	
3616	21500361601	THON EN MIETTES 185G	PIECE	4 500	3			3	1	
3616	21500361602	THON EN MIETTES 185G	CARTON	216 000	0,1			0,1	48	
1408	4934	TIARA PM	BOITE	4 000	0	0	0	0	1	01/06/2024 (-661 jour)
1408	4933	TIARA PM	CARTON	95 000	0	0	0	0	24	01/06/2024 (-661 jour)
4457	23600445701	TIK TOK VETO ASSORTED POPS EN SACHET	SACHET	14 500	0			0	1	
4457	23600445702	TIK TOK VETO ASSORTED POPS EN SACHET	CARTON	232 000	0			0	16	
1030	4434	TINCRAYON EN PIECE	PIECE	200	290	0	0	290	1	
590	3821	TOKO VY GM	PIECE	3 000	4	0	0	4	1	
591	3822	TOKO VY PM	PIECE	2 500	8	0	0	8	1	
604	3835	TOLE 0,20/2,5  MANGILATRA	FEUILL	19 000	0	0	0	0	1	
605	3836	TOLE 0,20/3M MANGILATRA	FEUILL	24 000	0	0	0	0	1	
618	3849	TOLE 0,25/2,5 2EME	FEUILL	45 000	0	0	0	0	1	
1741	21300174101	TOLE 0,25/2M 2ÈME	FEUILLE	30 000	0			0	1	
2283	21300228301	TOLE 0,25/3M 2EME	FEUILLE	54 000	1			1	1	
1220	4671	TOLE 0.20/3M REF	FUEILL	18 000	0	0	0	0	1	
1219	4670	TOLE 0.30/2M REF	FUEILL	17 000	2	0	0	2	1	
610	3841	TOLE 2E CHOIX	FEUILL	25 000	1	0	0	1	1	
1257	4718	TOLE 2E CHOIX 0.40	FUEILL	42 000	3	0	0	3	1	
608	3839	TOLE 2E CHOIX 2,5M	FEUILL	22 000	0	0	0	0	1	
609	3840	TOLE 2E CHOIX 2M	FEUILL	16 000	0	0	0	0	1	
606	3837	TOLE 2E CHOIX 3M	FEUILL	27 000	0	0	0	0	1	
3213	21300321301	TOLE PLIES	FEUILLE	-	8			8	1	
623	3854	TOLE TRANSPARENT 2,5M	FEUILL	63 000	0	0	0	0	1	
625	3856	TOLE TRANSPARENT 2M	FEUILL	50 000	0	0	0	0	1	
624	3855	TOLE TRANSPARENT 3M	FEUILL	75 000	0	0	0	0	1	
1232	4686	TOLE TSY AMPY REFY	FEUILL	0	5	0	0	5	1	
2590	15600259001	TOMATE BOITE HELLO FASTE	BOITE	750	0			0	1	10/05/2023 (-1049 jour)
2590	15600259002	TOMATE BOITE HELLO FASTE	CARTON	75 000	0			0	100	10/05/2023 (-1049 jour)
4003	21500400301	TOMATE BOITE MAMA	BOITE 	900	0			0	1	02/03/2026 (-22 jour)
4003	21500400302	TOMATE BOITE MAMA	CARTON	90 000	0			0	100	02/03/2026 (-22 jour)
627	3859	TOMATE DELICIOSO 400GR	BOITE	2 000	0	0	0	0	1	
627	3860	TOMATE DELICIOSO 400GR	CARTON	48 000	0	0	0	0	24	
1361	4865	TOMATE DELICIOSO 70GR	BOITE	650	0	0	0	0	1	18/08/2022 (-1314 jour)
1361	4864	TOMATE DELICIOSO 70GR	CARTON	32 500	0	0	0	0	50	18/08/2022 (-1314 jour)
2657	21500265701	TOMATE ELVIA EN SACHET	SACHET	500	21			21	1	24/06/2023 (-1004 jour)
2657	21500265702	TOMATE ELVIA EN SACHET	CARTON	49 000	0,2			0,2	100	24/06/2023 (-1004 jour)
3814	21500381401	TOMATE EUROPA @ BOITE 70G	BOITE	950	0			0	1	19/04/2027 (390 jour)
3814	21500381402	TOMATE EUROPA @ BOITE 70G	CARTON	47 500	0			0	50	19/04/2027 (390 jour)
3694	21500369401	TOMATE EUROPA @ SACHET 50G	SACHET	650	6			6	1	
3694	21500369402	TOMATE EUROPA @ SACHET 50G	CARTON	65 000	0,1			0,1	100	
1516	5080	TOMATE GEFCO 70GR	BOITE	650	0	0	0	0	1	10/08/2022 (-1322 jour)
1516	5079	TOMATE GEFCO 70GR	CARTON	32 500	0	0	0	0	50	10/08/2022 (-1322 jour)
4221	21500422101	TOMATE KENZY EN SACHET 50G	PIECE	600	0			0	1	10/11/2026 (230 jour)
4221	21500422102	TOMATE KENZY EN SACHET 50G	BOITE	15 000	0			0	25	10/11/2026 (230 jour)
4221	21500422103	TOMATE KENZY EN SACHET 50G	CARTON	60 000	0			0	100	10/11/2026 (230 jour)
4371	21500437101	TONGOLO BE @ KILOS	KILOS	1 500	2859,3			2859,3	1	
4509	21500450901	TONGOLO BE 2 EME EN KILOS	KILOS	2 000	0			0	1	
3321	23600332101	TONGUE PAINT ASSORTI 5G	SACHET	2 800	1			1	1	30/09/2024 (-540 jour)
3321	23600332102	TONGUE PAINT ASSORTI 5G	CARTON	55 000	0,1			0,1	20	30/09/2024 (-540 jour)
4485	23600448501	TONGUE PAINTER JUMBO LOLLIPOP KIDDIES	SACHET	14 500	0			0	1	
4485	23600448502	TONGUE PAINTER JUMBO LOLLIPOP KIDDIES	CARTON	232 000	0			0	16	
3964	23600396401	TONGUE PAINTER KIDDO	SACHET	2 500	1			1	1	
3964	23600396402	TONGUE PAINTER KIDDO	CARTON	50 000	0,1			0,1	20	
4461	23600446101	TONGUE PAINTER MONSTRE POP KIDDIES	SACHET	12 500	0			0	1	
4461	23600446102	TONGUE PAINTER MONSTRE POP KIDDIES	CARTON	200 000	0			0	16	
2249	23600224901	TONGUE_DANCER (100PCS)	BOCAL	14 000	0			0	1	30/09/2024 (-540 jour)
2249	23600224902	TONGUE_DANCER (100PCS)	CARTON	168 000	0			0	12	30/09/2024 (-540 jour)
3770	21500377001	TOP CAFE 	PIECE	600	0			0	1	18/03/2025 (-371 jour)
3770	21500377002	TOP CAFE 	CARTON	72 000	0			0	120	18/03/2025 (-371 jour)
4289	21500428901	TOP CAFFE MOKACHINNO 22G	PIECE	900	0			0	1	
4289	21500428902	TOP CAFFE MOKACHINNO 22G	PACQUET	8 100	0			0	9	
4289	21500428903	TOP CAFFE MOKACHINNO 22G	CARTON	162 000	0			0	180	
630	3864	TORCHE	PIECE	3 000	646	0	0	646	1	
525	3733	TORCHE AVEC BRIQUET	BOITE	0	87	0	0	87	1	
631	3865	TORCHE CHARGEABLE	PIECE	5 000	21	0	0	21	1	
629	3863	TORCHE DE TETE	PIECE	3 000	57	0	0	57	1	
705	3977	TORCHE PANNEAU FISAKA	PIECE	0	52	0	0	52	1	
706	3978	TORCHE SOLAR CHARGE FLASHLIGHT	PIECE	4 000	2161	0	0	2161	1	
1128	4553	TORCHE VY GM EN PIECE	PIECE	3 000	0	0	0	0	1	
1075	4480	TORCHE VY PM EN PIECE	PIECE	1 000	2	0	0	2	1	
1307	5000	TOTOKENA MAMASOA	PIECE	800	12,3	0	0	12,3	1	
1307	4792	TOTOKENA MAMASOA	SACHET	4 800	2	0	0	2	6	
1307	4791	TOTOKENA MAMASOA	SAC	52 000	0,3	0	0	0,3	48	
774	4074	TOURNE VICE EN PAQUET	PAQUET	9 000	21	0	0	21	1	
1279	4748	TSARAMASO  AMBATO	SAC	159 000	0	0	0	0	1	
1742	22000174201	TSARAMASO 25KG	SAC	85 000	0			0	1	
2581	22000258101	TSARAMASO AVARATRA (EN KAPOAKA)	KAPOAKA	1 500	0			0	1	
3138	21500313801	TSARAMASO AVARATRA 25KG	SAC	133 000	0			0	1	
1735	22000173501	TSARAMASO AVARATRA 50KG	SAC	265 000	0			0	1	
1757	22000175701	TSARAMASO BOTA KELY	SAC	159 000	0			0	1	
1435	4976	TSARAMASO MENA	SAC	235 000	0	0	0	0	1	
1881	22000188101	TSARAMASO MENA	KAPOAKA	1 000	0			0	1	
3238	22000323801	TSARAMASO MIANDRIVAZO  DE 60KG	SAC	-	0			0	1	
3018	23800301801	T-SHIT COL V AIGLE D'OR	PIECES	30 000	3			3	1	
3171	22000317101	TSIASISA 	KAPOAKA	900	0			0	1	
1884	22000188401	TSIASISA 25KG	SAC	0	0			0	1	
635	3870	TSIASISA 50Kg	SAC	0	0	0	0	0	1	
2706	22000270601	TSIASISA ANTANANKORO	SAC	-	0			0	1	
1487	5042	TSIKY NACK	SACHET	7 000	0	0	0	0	1	31/07/2021 (-1697 jour)
3688	15600368801	TUBE RECTANGLE GALVA	PIECE	100 000	0			0	1	
3099	21900309901	TUBE RECTANGLE GALVA 60X40 	PIECE	-	0			0	1	
2490	22500249001	TUC CLASSIC  65*24	PIECE	1 500	0			0	1	30/09/2023 (-906 jour)
2490	22500249002	TUC CLASSIC  65*24	CARTON	36 000	0			0	24	30/09/2023 (-906 jour)
2895	22500289501	TUC MINI 30G*30	PIECE	800	0			0	1	02/11/2023 (-873 jour)
2895	22500289502	TUC MINI 30G*30	CARTON	24 000	0			0	30	02/11/2023 (-873 jour)
2491	22500249101	TUC POCKET 32G	BOITE	19 500	0			0	1	30/11/2023 (-845 jour)
2491	22500249102	TUC POCKET 32G	CARTON	115 000	0			0	6	30/11/2023 (-845 jour)
1308	4794	TURBO KINGA	SACHET	1 500	0	0	0	0	1	31/05/2019 (-2489 jour)
1308	4793	TURBO KINGA	CARTON	24 000	0	0	0	0	16	31/05/2019 (-2489 jour)
744	4036	TUYAU 15 X 1,5MM X 50M	METRE	5 000	0	0	0	0	1	
745	4037	TUYAU 9MM X 1MM X 50M	METRE	3 000	2,2	0	0	2,2	1	
1401	4921	TUYAU POMPE A EAU	ROULEAUX	40 000	4	0	0	4	1	
1377	4890	TUYAU PVC 100	PIECE	49 000	0	0	0	0	1	
1660	23200166001	VANILLE MASAKA	KILOS	265 000	0			0	1	
1764	23300176401	VANILLE VERTE	KILOS	-	74563			74563	1	
1592	5196	VARY CAPITAL 50 KG EN SAC	SAC	90 000	0	0	0	0	1	
1661	19200166101	VARY CHAMPION	SAC	112 000	0			0	1	
2902	19200290201	VARY DISTE 	KILOS	3 000	0	0		0	1	
1639	19200163901	VARY DISTE 50KG	SAC	159 000	0	0		0	1	
1740	19200174001	VARY GASY 25KG	SAC	72 000	0			0	1	
3520	19200352001	VARY GASY 25KG ANTANANKORO	SAC	-	24			24	1	
3146	19200314601	VARY GASY 49KG	SAC	-	0			0	1	
642	3878	VARY GASY 60KG	SAC	169 000	0	0	0	0	1	
2696	19200269601	VARY GASY 60KG ANTANANKORO	SAC	-	0			0	1	
47	3041	VARY GASY 60KG BORIBORY	SAC	162 000	0	0	0	0	1	
1747	19200174701	VARY GASY 60KG LAVA	SAC	162 000	0			0	1	
3295	19200329501	VARY GASY AMBATORIA 50KG	SAC	-	0			0	1	
3273	19200327301	VARY GASY AMBATORIA 60KG	SAC	178 000	0	0		0	1	
3206	19200320601	VARY GASY ANDAPA 25KG	SAC	74 000	0			0	1	
3244	19200324401	VARY GASY ANDAPA 60KG 2E CHOIX	SAC	-	0	0		0	1	
4248	19200424801	VARY GASY ANDAPA en Kapoaka A	KAPOAKA	900	0			0	1	
4488	19200448801	VARY GASY ANDAPA EN KILOS	KILOS	-		34		34	1	
4190	19200419001	VARY GASY ANDAPA LUX 50KG	SAC	142 000	0	0		0	1	
3223	19200322301	VARY GASY BEFANDRIANA 60KG	SAC	160 000	0			0	1	
1583	5184	VARY GASY BOTA MENAMENA 50KG	SAC	159 000	0	0	0	0	1	
3670	19200367001	VARY GASY FOTSY 	KILOS	3 000	0	0		0	1	
3224	19200322401	VARY GASY FOTSY 60KG	SAC	190 000	0	0		0	1	
4172	19200417201	VARY GASY MAMOANTSANTSY 50KG	SAC	167 000	1	8		9	1	
3180	19200318001	VARY GASY MAMPIKONY 60KG ANTANANKORO 	SAC	160 000	0			0	1	
1553	5136	VARY GASY MAROA 	SAC	149 000	0	0	0	0	1	
1460	5147	VARY GASY MENA 50KG	KAPOAK	500	0	0	0	0	1	
1460	5010	VARY GASY MENA 50KG	SAC	139 000	0	0	0	0	175	
1754	19200175401	VARY GASY MENA 60KG	SAC	-	0			0	1	
4492	19200449201	VARY GASY MILANGO 50KG	SAC	-		1496		1496	1	
3112	19200311201	VARY GASY VAO 	KAPOAKA	950	21			21	1	
2269	19200226901	VARY GASY ZANATANY 50KG	SAC	127 000	0			0	1	
1904	19200190401	VARY HARAKA BOTAKELY	SAC	104 000	0			0	1	
1495	5051	VARY HARAKA TRANSPARENT 50KG 	SAC	145 000	0	0	0	0	1	
1631	19200163101	VARY LA FAMILLE INDE	SAC	145 000	0	3		3	1	
1753	19200175301	VARY LUX LAXMI	SAC	104 000	0			0	1	
2899	19200289901	VARY MAKALIOKA 2EME CHOIX	SAC	162 000	0	0		0	1	
4011	19200401101	VARY MAKALIOKA MENA 50 KG	SAC	167 000	0	9		9	1	
2429	19200242901	VARY MAKALIOKA VAO en Kapoaka A	KAPOAKA	850	0			0	1	
3602	19200360201	VARY MANJARIKA 50KG 	SAC	147 000	0	0		0	1	
4192	19200419201	VARY MASOANDRO 50KG	SAC	-	1			1	1	
1760	19200176001	VARY MME ROSE 60KG	SAC	299 000	0			0	1	
3881	19200388101	VARY MME ROSE TALOHA	KAPOAKA 	1 200	0	0		0	1	
2936	19200293601	VARY R R PREMIUM	SAC	130 000	0	0		0	1	
1906	19200190601	VARY ROYAL SALAMI 25KG	SAC	59 000	1			1	1	
1762	19200176201	VARY STOCK 25KG	SAC	53 000	0			0	1	
3703	19200370301	VARY STOCK 2ÈME CHOIX	SAC	139 000	0	0		0	1	
3804	19200380401	VARY STOCK 2ÈME CHOIX KILOS	KILOS	-		0		0	1	
1748	19200174801	VARY STOCK 50KG	SAC	144 000	0			0	1	
3272	19200327201	VARY STOCK 50KG ANTANANKORO	SAC	-	0	0		0	1	
3246	19200324601	VARY STOCK 50KG VITA ANTANANKORO 	SAC	-	0			0	1	
2254	19200225401	VARY STOCK AONE 50KG	SAC	104 000	0			0	1	
1690	19200169001	VARY STOCK ARROZ 50KG	SAC	88 000	0			0	1	
1594	5199	VARY STOCK ASIAN 5%	SAC	91 000	0	0	0	0	1	
1691	19200169101	VARY STOCK BAREA ATM	SAC	153 000	0	0		0	1	
3732	19200373201	VARY STOCK BON 50KG	SAC	145 000	0	0		0	1	
4616	19200461601	VARY STOCK BOULE PETANQUE SAC 50KG	SAC	106 000	0			0	1	
3914	19200391401	VARY STOCK BULMEX 50KG	SAC	100 000		0		0	1	
4498	19200449801	VARY STOCK CE BON SAC 50KG	SAC	106 000	0			0	1	
4511	19200451101	VARY STOCK CHAMPION 50KG	SAC	105 000	0			0	1	
3232	19200323201	VARY STOCK EAGLE 50KG	SAC	108 000	0	0		0	1	
3525	19200352501	VARY STOCK ECO 25KG 	SAC	75 000		0		0	1	
4465	19200446501	VARY STOCK EHOALA 50KG	SAC	108 000	0			0	1	
1604	5211	VARY STOCK EN KAPOAKA D	KPK	550	0	0	0	0	1	
1851	19200185101	VARY STOCK FANEVA	SAC	145 000	0			0	1	
1616	19200161601	VARY STOCK FELIZ 50KG	SAC	90 000	0			0	1	
1582	5183	VARY STOCK FELIZ FAMILIA 25 KG	SAC	55 000	0	0	0	0	1	
3214	19200321401	VARY STOCK FOOT BALL 50KG	SAC	138 000	0	0		0	1	
3806	19200380601	VARY STOCK GLOBAL 50KG	SAC	138 000	0	0		0	1	
4570	19200457001	VARY STOCK GOLD COIN 50KG	SAC	105 000	0			0	1	
1563	5152	VARY STOCK HAPPY FAMILY ( BLEU ) 50KG	SAC	93 000	0	0	0	0	1	
1564	5153	VARY STOCK HAPPY FAMILY 25KG EN SAC	SAC	52 000	0	0	0	0	1	
1545	5124	VARY STOCK HAPPY FAMILY 50KG EN SAC	SAC	88 000	0	0	0	0	1	
4464	19200446401	VARY STOCK HARY FITIA 50KG	SAC	106 000	0			0	1	
3216	19200321601	VARY STOCK HELLO 50KG	SAC	135 000	0			0	1	
1848	19200184801	VARY STOCK INDUS 50KG	SAC	100 000	0			0	1	
3636	19200363601	VARY STOCK KING AFRICA 50KG	SAC	139 000	0			0	1	
3275	19200327501	VARY STOCK KINTANA 25KG	SAC	55 000	0			0	1	
3502	19200350201	VARY STOCK KINTANA HARAKA 50KG	SAC	151 000	0			0	1	
1597	5204	VARY STOCK LALA EN SAC	SAC	135 000	0	0	0	0	1	
3330	19200333001	VARY STOCK LEENA 50KG	SAC	108 000	0			0	1	
3322	19200332201	VARY STOCK LEMUR 50KG	SAC	145 000	0			0	1	
3892	19200389201	VARY STOCK MARA 50KG	SAC	138 000	0	0		0	1	
4678	19200467801	VARY STOCK MARACANA SAC 50KG	SAC	105 000	0			0	1	
1674	19200167401	VARY STOCK MARIO	SAC	96 000	0			0	1	
3714	19200371401	VARY STOCK MOL 50KG	SAC	145 000	0	0		0	1	
3205	19200320501	VARY STOCK NAMANA	SAC	135 000	0			0	1	
3329	19200332901	VARY STOCK PACK RHINO 25KG	SAC	50 000	0	0		0	1	
1684	19200168401	VARY STOCK PAPA	SAC	90 000	0			0	1	
3574	19200357401	VARY STOCK PAPA 50KG	SAC	145 000		0		0	1	
1424	4961	VARY STOCK PETANQUE	SAC	78 000	0	0	0	0	1	
3998	19200399801	VARY STOCK POGO 50 KG	SAC	105 000	0	0		0	1	
4722	19200472201	VARY STOCK ROMAZAVA 50KG	SAC	117 000	1			1	1	
3713	19200371301	VARY STOCK SAKSHI SILVER  50KG	SAC	147 000	0	0		0	1	
3191	19200319101	VARY STOCK SHAVA 50KG	SAC	113 000	0			0	1	
3215	19200321501	VARY STOCK SIMBA PREMIUM QUALITY 50KG	SAC	108 000	0			0	1	
1667	19200166701	VARY STOCK STAR 25Kg	SAC	56 000	0			0	1	
2683	19200268301	VARY STOCK STAR 50KG	SAC	135 000	0			0	1	
1688	19200168801	VARY STOCK SUN FLOWER	SAC	87 000	0			0	1	
1557	5140	VARY STOCK SUPER GOAL	SAC	96 000	0	0	0	0	1	
1682	19200168201	VARY STOCK TANISHK	SAC	139 000	0	0		0	1	
3581	19200358101	VARY STOCK TIGRE PAKISTAN 50KG	SAC	147 000	0	0		0	1	
2345	19200234501	VARY STOCK TSINJO 25KG	SAC	76 000	0			0	1	
2935	19200293501	VARY STOCK TSINJO 50KG FOTSY 	SAC	112 000	0			0	1	
3526	19200352601	VARY STOCK TUCTUC 50KG	SAC	147 000	0	0		0	1	
3582	19200358201	VARY STOCK VOLAMENA 50KG	SAC	152 000	0	0		0	1	
4617	19200461701	VARY STOCK VOLGA SAC 50KG	SAC	105 000	0			0	1	
641	3877	VARY STOCK WARRIOR	SAC	78 000	0	0	0	0	1	
641	4749	VARY STOCK WARRIOR	SAC	77 000	0	0	0	0	1	
1685	19200168501	VARY TASTE LIFE 25KG	SAC	50 000	0			0	1	
3245	19200324501	VARY TSINJO 25KG ANTANANKORO	SAC	-	0			0	1	
1925	19200192501	VARY TSINJO 50KG	SAC	134 000	0			0	1	
3207	19200320701	VARY TSINJO VAOVAO 	SAC	135 000	0			0	1	
2334	19200233401	VARY VOKY TSARA 50KG	SAC	110 000	0	0		0	1	
644	3880	VENTILATEUR	PIECE	130 000	15	0	0	15	1	
3132	21900313201	VENTILATEUR AKITA	CARTON	0	0			0	1	
3134	21900313401	VENTILATEUR AKITA 3 PALLES  EN PCS	PIECE	99 000	2			2	1	
3130	21900313001	VENTILATEUR KOOPER 230V	PIECE	199 000	6			6	1	
767	4062	VENTILATEUR LAVA	PIECE	55 000	1	0	0	1	1	
3131	21900313101	VENTILATEUR SOLAR FAN 12V	PIECE	199 000	3			3	1	
722	4006	VERNIS 1KG	BOITE	19 000	0	0	0	0	1	
727	4013	VERNIS 3KG	BOITE	55 000	1	0	0	1	1	
726	4012	VERNIS PM	BOITE	5 000	0	0	0	0	1	
1567	3883	VERRE A JETTER	PAQUET	4 000	0	0	0	0	1	
1567	5158	VERRE A JETTER	CARTON	0	0	0	0	0	40	
650	3887	VERRE CARAFE	PAQUET	20 000	0	0	0	0	1	
923	4262	VERRE EN PIECE	PIECE	1 500	0	0	0	0	1	
648	3885	VERRE P10 GM	PAQUET	12 000	0	0	0	0	1	
649	3886	VERRE P10 PM	PAQUET	8 000	0	0	0	0	1	
645	3881	VERRE P6 EN CARTON	CARTON	0	0	0	0	0	1	
646	3882	VERRE P6 EN PACQUET	PAQUET	3 500	7	0	0	7	1	
647	3884	VERRE P6 PM	PAQUET	3 500	0	0	0	0	1	
40	3028	VERRE PLASTIQUE GM EN PIECE	PIECE	600	0	0	0	0	1	
2268	15600226801	VERRE PLASTIQUE PM	PIECE	200	0			0	1	
1118	4543	VERSOIX 0.40 EN ROULEAU	ROULEAUX	1 800	53	0	0	53	1	
1119	4544	VERSOIX 0.60 EN ROULEAU	ROULEAUX	2 600	2	0	0	2	1	
1508	5070	VETSIN 3G SOYSOY 	SACHET	1 900	0	0	0	0	1	
1508	5069	VETSIN 3G SOYSOY 	CARTON	76 000	0	0	0	0	40	
786	3270	VETSIN 3G TASTE KING	SACHET	1 900	0	0	0	0	1	
786	4091	VETSIN 3G TASTE KING	CARTON	95 000	0	0	0	0	50	
651	3998	VETSIN MI WON 3G	SACHET	3 000	0	0	0	0	1	
651	3888	VETSIN MI WON 3G	CARTON	210 000	0	0	0	0	70	
4378	21500437801	VETSIN SASA  Moto 3G*160*25	PACQUET	13 000	0			0	1	
4378	21500437802	VETSIN SASA  Moto 3G*160*25	CARTON	325 000	0			0	25	
654	3893	VILIA BAKOLY GM	PIECE	3 000	23	0	0	23	1	
715	3992	VILIA BAKOLY PM	PIECE	2 500	32	0	0	32	1	
656	3895	VILIA BOL ARC EN CIEL	PIECE	15 000	0	0	0	0	1	
657	3896	VILIA BOL BAKOLY FOTSY	PIECE	8 000	19	0	0	19	1	
655	3894	VILIA BOL DURALEX	PIECE	3 500	21	0	0	21	1	
658	3897	VILIA BOL INOX LUX	PIECE	7 000	6	0	0	6	1	
659	3898	VILIA DURALEX	PIECE	2 000	0	0	0	0	1	
1229	4682	VILIA INOX OVAL	PIECE	2 000	6	0	0	6	1	
660	3899	VILIA SPAGETTI	PIECE	9 000	10	0	0	10	1	
1264	4726	VINAIGRE GM EN DETAIL	BOUTEI	1 000	0	0	0	0	1	
1261	4723	VINAIGRE PM EN DETAIL	BOUEIL	500	0	0	0	0	1	
2616	21500261601	VINAIGRE SACHET SAVOUR 	SACHET	4 700	0			0	1	
2616	21500261602	VINAIGRE SACHET SAVOUR 	BALLE	23 500	0			0	5	
2615	21500261501	VINAIGRE SAVOUR 0.25L	PACQUET	7 000	0			0	1	
2614	21500261401	VINAIGRE SAVOUR 1L	PACQUET	11 000	3			3	1	
1635	21500163501	VINAIGRE TSOTRA GM	PACK	7 000	1			1	1	28/02/2023 (-1120 jour)
1617	21500161701	VINAIGRE TSOTRA PM	PACK	6 000	1			1	1	31/10/2022 (-1240 jour)
3994	21500399401	VITALAIT 250G	SACHET	9 500	0			0	1	22/06/2025 (-275 jour)
3993	21500399301	VITALAIT 250G*32	CARTON	204 000	0			0	1	
3978	21500397801	VITALAIT 500G	SACHET	18 500	1			1	1	
3979	21500397901	VITALAIT 500G*16	CARTON	296 000	1			1	1	22/06/2025 (-275 jour)
2602	22000260201	VOANEMBA 50KG BLACK EYES	SAC	189 000	0			0	1	
3095	22000309501	VOANEMBA EN KG	KILOS	3 400	0			0	1	
1632	22000163201	VOANJOBORY 	KG	4 400	0			0	1	
3331	22000333101	VOANJOBORY 50KG ANTANANKORO	SAC	-	0	0		0	1	
2587	22000258701	VOANJOBORY 60KG	SAC	264 000	0			0	1	
3110	22000311001	VOANTSIROKA	KILOS	-	0			0	1	
3204	22000320401	VOANTSIROKA MAINTSO	KAPOAKA	0	0			0	1	
2330	22000233001	VOANTSIROKA MAINTSO 25KG	SAC	0	0			0	1	
740	4032	VOLIGE SAPIN	PIECE	6 000	0	0	0	0	1	
3169	22600316901	VOVO -TSAVONY SAFIDY 30G	CARTON	30 000	2			2	1	
3702	22600370201	VOVO -TSAVONY SAFIDY PCE	PIECE	200	0			0	1	
1832	22600183201	VOVON-TSAVONY DENOR	SAC	29 000	0			0	1	
3230	15600323001	VOVON-TSAVONY FOM	PIECE	250	0			0	1	
1833	22600183301	VOVON-TSAVONY SEIM	SAC	30 000	0			0	1	
3231	22600323101	VOVON-TSAVONY SEIM	PIECE	200	0			0	1	
1932	22600193201	VOVON-TSAVONY UNO 15G	SAC	34 000	0			0	1	
2113	22600211301	VOVON-TSAVONY UNO 30G	SAC	40 000	1			1	1	
392	3550	VOVOTSAVONY EN PIECE	PIECE	200	0	0	0	0	1	
4429	23900442901	XXL PET 35CL	PACQUET	37 000	0			0	1	
670	3911	YARICO GM	BOITE	5 500	0	0	0	0	1	
670	3912	YARICO GM	CARTON	132 000	0	0	0	0	24	
669	3910	YARICO PM	BOITE	4 200	13	0	0	13	1	31/01/2019 (-2609 jour)
669	3909	YARICO PM	CARTON	210 000	0,3	0	0	0,3	50	31/01/2019 (-2609 jour)
1692	23600169201	YOGURT BONBON	SACHET	5 000	0			0	1	25/09/2021 (-1641 jour)
1692	23600169202	YOGURT BONBON	CARTON	99 000	0			0	24	25/09/2021 (-1641 jour)
3965	23600396501	YOGURT POP KIDDO	SACHET	2 500	0			0	1	01/08/2026 (129 jour)
3965	23600396502	YOGURT POP KIDDO	CARTON	50 000	0			0	20	01/08/2026 (129 jour)
2944	21500294401	YOUT LAIT EN POUDRE 1KG 	SACHET	35 000	0			0	1	
2944	21500294402	YOUT LAIT EN POUDRE 1KG 	CARTON	280 000	0			0	8	
2945	21500294501	YOUT LAIT EN POUDRE 250G	SACHET	8 800	2			2	1	
2945	21500294502	YOUT LAIT EN POUDRE 250G	CARTON	280 000	0,1			0,1	32	
2946	21500294601	YOUT LAIT EN POUDRE 500G	SACHET	17 500	0			0	1	
2946	21500294602	YOUT LAIT EN POUDRE 500G	CARTON	280 000	0			0	16	
2680	21500268001	YOUZOU 1,5 L 	PACQUET	32 000	5			5	1	03/08/2024 (-598 jour)
2950	21500295001	YOUZOU 50 CL 	PACQUET	23 000	39			39	1	13/05/2023 (-1046 jour)
784	4064	ZINC PRO	PIECE	7 000	0	0	0	0	1	
784	4089	ZINC PRO	CARTON	111 000	0	0	0	0	16	
782	4087	ZINGA / NAPPE DE TABLE LUX	PIECE	15 000	1	0	0	1	1	
782	4085	ZINGA / NAPPE DE TABLE LUX	PIECE	600	0	0	0	0	48	
674	4088	ZINQ BARRE	PIECE	6 000	0	0	0	0	1	
674	3917	ZINQ BARRE	CARTON	119 000	0	0	0	0	20	
673	4063	ZINQ MORCEAU	PIECE	1 200	0	0	0	0	1	
673	3916	ZINQ MORCEAU	CARTON	57 500	0	0	0	0	48	


ID	CODE	DESIGNATION	UNITE	PRIX	DEPOT VENTE A	DEPOT ANTANANKORO	DEPOT STOCK C	STOCK G	DIV	EXPD
2661	22600266101	 CITRON VERELLE 60G X 96PCS	PIECE	800	0			0	1	
2661	22600266102	 CITRON VERELLE 60G X 96PCS	CARTON	76 800	0			0	96	
2715	22500271501	4X4 50	SACHET	1 400	0			0	1	30/06/2023 (-998 jour)
2715	22500271502	4X4 50	CARTON	34 000	0			0	20	30/06/2023 (-998 jour)
4	2981	AGENDA GM	PIECE	9 000	0	0	0	0	1	
2355	23800235501	AIGLE  D OR  FOOTLOOSE MAR P35	PAIRE	54 000	0			0	1	
2356	23800235601	AIGLE  D OR  FOOTLOOSE MAR P36	PAIRE	54 000	0			0	1	
2357	23800235701	AIGLE  D OR  FOOTLOOSE MAR P37	PAIRE	54 000	0			0	1	
2358	23800235801	AIGLE  D OR  FOOTLOOSE MAR P38	PAIRE	54 000	0			0	1	
2359	23800235901	AIGLE  D OR  FOOTLOOSE MAR P39	PAIRE	54 000	0			0	1	
2360	23800236001	AIGLE  D OR  FOOTLOOSE MAR P40	PAIRE	54 000	0			0	1	
2361	23800236101	AIGLE  D OR  FOOTLOOSE MAR P41	PAIRE	54 000	0			0	1	
2362	23800236201	AIGLE  D OR  FOOTLOOSE MAR P42	PAIRE	54 000	0			0	1	
2363	23800236301	AIGLE  D OR  FOOTLOOSE MAR P43	PAIRE	54 000	0			0	1	
2346	23800234601	AIGLE  D OR  FOOTLOOSE NOIR P35	PAIRE	54 000	0			0	1	
2347	23800234701	AIGLE  D OR  FOOTLOOSE NOIR P36	PAIRE	54 000	0			0	1	
2348	23800234801	AIGLE  D OR  FOOTLOOSE NOIR P37	PAIRE	54 000	0			0	1	
2349	23800234901	AIGLE  D OR  FOOTLOOSE NOIR P38	PAIRE	54 000	0			0	1	
2351	23800235101	AIGLE  D OR  FOOTLOOSE NOIR P40	PAIRE	54 000	0			0	1	
2352	23800235201	AIGLE  D OR  FOOTLOOSE NOIR P41	PAIRE	54 000	0			0	1	
2353	23800235301	AIGLE  D OR  FOOTLOOSE NOIR P42	PAIRE	54 000	0			0	1	
2619	23800261901	AIGLE  D OR  FOOTLOOSE VIO P35	PAIRE	54 000	0			0	1	
2620	23800262001	AIGLE  D OR  FOOTLOOSE VIO P41	PAIRE	54 000	0			0	1	
2364	23800236401	AIGLE  D OR  FOOTLOOSE VRJ P40	PAIRE	54 000	0			0	1	
2365	23800236501	AIGLE  D OR  FOOTLOOSE VRV P41	PAIRE	54 000	0			0	1	
2366	23800236601	AIGLE  D OR  FOOTLOOSE VRV P42	PAIRE	54 000	0			0	1	
2367	23800236701	AIGLE  D OR  FOOTLOOSE VRV P43	PAIRE	54 000	0			0	1	
3076	23800307601	AIGLE  D OR  MIRADO FOM P39	PAIRE	59 000	0			0	1	
3078	23800307801	AIGLE  D OR  MIRADO FOM P40	PAIRE	59 000	0			0	1	
3077	23800307701	AIGLE  D OR  MIRADO FOM P41	PAIRE	59 000	0			0	1	
3080	23800308001	AIGLE  D OR  MIRADO FOM P43	PAIRE	59 000	0			0	1	
3083	23800308301	AIGLE  D OR  MIRADO NOIR P39	PAIRE	59 000	0			0	1	
3302	23800330201	AIGLE  D OR TEAKO FR P36	PAIRE	73 000	0			0	1	
3303	23800330301	AIGLE  D OR TEAKO FR P37	PAIRE	73 000	0			0	1	
3304	23800330401	AIGLE  D OR TEAKO FR P38	PAIRE	73 000	0			0	1	
3305	23800330501	AIGLE  D OR TEAKO FR P39	PAIRE	73 000	0			0	1	
3297	23800329701	AIGLE  D OR TEAKO MARRON P35	PAIRE	73 000	0			0	1	
3296	23800329601	AIGLE  D OR TEAKO MARRON P37	PAIRE	73 000	0			0	1	
3298	23800329801	AIGLE  D OR TEAKO MARRON P38	PAIRE	73 000	0			0	1	
3300	23800330001	AIGLE  D OR TEAKO MARRON P39	PAIRE	73 000	0			0	1	
3299	23800329901	AIGLE  D OR TEAKO MARRON P41	PAIRE	73 000	0			0	1	
5	2982	AIGLE  DOR GM	PAIRE	50 000	0,9	0	0	0,9	1	
2521	23800252101	AIGLE D OR ADANA MARRON P35	PAIRE	68 000	0			0	1	
2522	23800252201	AIGLE D OR ADANA MARRON P36	PAIRE	68 000	0			0	1	
2523	23800252301	AIGLE D OR ADANA MARRON P37	PAIRE	68 000	0			0	1	
2524	23800252401	AIGLE D OR ADANA MARRON P38	PAIRE	68 000	0			0	1	
2525	23800252501	AIGLE D OR ADANA MARRON P39	PAIRE	68 000	0			0	1	
2526	23800252601	AIGLE D OR ADANA MARRON P40	PAIRE	68 000	0			0	1	
2527	23800252701	AIGLE D OR ADANA MARRON P41	PAIRE	68 000	0			0	1	
2264	23800226401	AIGLE D OR ALOALO_TAB P36	PAIRE	79 000	0			0	1	
2265	23800226501	AIGLE D OR ALOALO_TAB P37	PAIRE	79 000	0			0	1	
2310	23800231001	AIGLE D OR ALOALO_TAB P38	PAIRE	79 000	0			0	1	
1915	23800191501	AIGLE D OR ALOALO_TAB P39	PAIRE	79 000	0			0	1	
2266	23800226601	AIGLE D OR ALOALO_TAB P40	PAIRE	79 000	0			0	1	
2034	23800203401	AIGLE D OR ALOALO_TAB P41	PAIRE	79 000	0			0	1	
2035	23800203501	AIGLE D OR ALOALO_TAB P42	PAIRE	79 000	0			0	1	
2036	23800203601	AIGLE D OR ALOALO_TAB P43	PAIRE	79 000	0			0	1	
2962	23800296201	AIGLE D OR ALOALO_TAB P44	PAIRE	79 000	0			0	1	
2528	23800252801	AIGLE D OR AMBY MARINE P35	PAIRE	68 000	0			0	1	
2529	23800252901	AIGLE D OR AMBY MARINE P36	PAIRE	68 000	0			0	1	
2530	23800253001	AIGLE D OR AMBY MARINE P37	PAIRE	68 000	0			0	1	
2531	23800253101	AIGLE D OR AMBY MARINE P38	PAIRE	68 000	0			0	1	
2532	23800253201	AIGLE D OR AMBY MARINE P39	PAIRE	68 000	0			0	1	
2533	23800253301	AIGLE D OR AMBY MARINE P40	PAIRE	68 000	0			0	1	
2534	23800253401	AIGLE D OR AMBY MARINE P41	PAIRE	68 000	0			0	1	
3341	23800334101	AIGLE D OR AMPINGA C P39	PAIRE	81 000	0			0	1	
3340	23800334001	AIGLE D OR AMPINGA C P40	PAIRE	81 000	0			0	1	
3339	23800333901	AIGLE D OR AMPINGA C P41	PAIRE	81 000	0			0	1	
3338	23800333801	AIGLE D OR AMPINGA C P42	PAIRE	81 000	0			0	1	
3337	23800333701	AIGLE D OR AMPINGA C P43	PAIRE	81 000	0			0	1	
3336	23800333601	AIGLE D OR AMPINGA C P44	PAIRE	81 000	0			0	1	
3335	23800333501	AIGLE D OR AMPINGA C P45	PAIRE	81 000	0			0	1	
1961	23800196101	AIGLE D OR ANKOAY-FOM P35	PAIRE	68 000	0			0	1	
2255	23800225501	AIGLE D OR ANKOAY-FOM P36	PAIRE	68 000	0			0	1	
1958	23800195801	AIGLE D OR ANKOAY-FOM P37	PAIRE	68 000	0			0	1	
1959	23800195901	AIGLE D OR ANKOAY-FOM P38	PAIRE	68 000	0			0	1	
1960	23800196001	AIGLE D OR ANKOAY-FOM P39	PAIRE	68 000	0			0	1	
1966	23800196601	AIGLE D OR ANKOAY-FOM P40	PAIRE	68 000	0			0	1	
1957	23800195701	AIGLE D OR ANKOAY-FOM P41	PAIRE	68 000	0			0	1	
3062	23800306201	AIGLE D OR ARINALA-MAR P39	PAIRE	56 000	0			0	1	
3063	23800306301	AIGLE D OR ARINALA-MAR P40	PAIRE	56 000	0			0	1	
3065	23800306501	AIGLE D OR ARINALA-MAR P41	PAIRE	56 000	0			0	1	
3066	23800306601	AIGLE D OR ARINALA-MAR P42	PAIRE	56 000	0			0	1	
3067	23800306701	AIGLE D OR ARINALA-MAR P43	PAIRE	56 000	0			0	1	
3068	23800306801	AIGLE D OR ARINALA-MAR P44	PAIRE	56 000	0			0	1	
3064	23800306401	AIGLE D OR ARINALA-MAR P45	PAIRE	56 000	0			0	1	
3074	23800307401	AIGLE D OR ARIVELO-MAR P39	PAIRE	56 000	0			0	1	
3070	23800307001	AIGLE D OR ARIVELO-MAR P40	PAIRE	56 000	0			0	1	
3072	23800307201	AIGLE D OR ARIVELO-MAR P41	PAIRE	56 000	0			0	1	
3073	23800307301	AIGLE D OR ARIVELO-MAR P42	PAIRE	56 000	0			0	1	
3075	23800307501	AIGLE D OR ARIVELO-MAR P43	PAIRE	56 000	0			0	1	
2482	23800248201	AIGLE D OR AVO NOIR P28	PAIRE	49 000	0			0	1	
2483	23800248301	AIGLE D OR AVO NOIR P29	PAIRE	49 000	0			0	1	
2484	23800248401	AIGLE D OR AVO NOIR P30	PAIRE	49 000	0			0	1	
2485	23800248501	AIGLE D OR AVO NOIR P31	PAIRE	49 000	0			0	1	
2486	23800248601	AIGLE D OR AVO NOIR P32	PAIRE	49 000	0			0	1	
2493	23800249301	AIGLE D OR AVO NOIR P33	PAIRE	49 000	0			0	1	
2494	23800249401	AIGLE D OR AVO NOIR P34	PAIRE	49 000	0			0	1	
3023	23800302301	AIGLE D OR AVOLAZA MRN P28	PAIRE	55 000	0			0	1	
3020	23800302001	AIGLE D OR AVOLAZA MRN P29	PAIRE	55 000	0			0	1	
3019	15600301901	AIGLE D OR AVOLAZA MRN P30	PAIRE	55 000	0			0	1	
3021	23800302101	AIGLE D OR AVOLAZA MRN P31	PAIRE	55 000	0			0	1	
3024	23800302401	AIGLE D OR AVOLAZA MRN P32	PAIRE	55 000	0			0	1	
3022	23800302201	AIGLE D OR AVOLAZA MRN P33	PAIRE	55 000	0			0	1	
3025	23800302501	AIGLE D OR AVOLAZA MRN P34	PAIRE	55 000	0			0	1	
2227	23800222701	AIGLE D OR AVOLAZA NOIR P39	PAIRE	72 000	0			0	1	
2053	23800205301	AIGLE D OR AVOLAZA NOIR P40	PAIRE	72 000	0			0	1	
1919	23800191901	AIGLE D OR AVOLAZA NOIR P41	PAIRE	72 000	0			0	1	
2051	23800205101	AIGLE D OR AVOLAZA NOIR P42	PAIRE	72 000	0			0	1	
2052	23800205201	AIGLE D OR AVOLAZA NOIR P43	PAIRE	72 000	0			0	1	
1796	23800179601	AIGLE D OR DIHY	PAIRE	68 000	0			0	1	
1953	23800195301	AIGLE D OR DIHY-MARRON P35	PAIRE	68 000	0			0	1	
1954	23800195401	AIGLE D OR DIHY-MARRON P37	PAIRE	68 000	0			0	1	
1955	23800195501	AIGLE D OR DIHY-MARRON P38	PAIRE	68 000	0			0	1	
1956	23800195601	AIGLE D OR DIHY-MARRON P39	PAIRE	68 000	0			0	1	
2373	23800237301	AIGLE D OR ELATRA NOIR P39	PAIRE	69 000	0			0	1	
2374	23800237401	AIGLE D OR ELATRA NOIR P40	PAIRE	69 000	0			0	1	
2375	23800237501	AIGLE D OR ELATRA NOIR P41	PAIRE	69 000	0			0	1	
2376	23800237601	AIGLE D OR ELATRA NOIR P42	PAIRE	69 000	0			0	1	
2377	23800237701	AIGLE D OR ELATRA NOIR P43	PAIRE	69 000	0			0	1	
3345	23800334501	AIGLE D OR FANOVA C P40	PAIRE	82 000	0			0	1	
3344	23800334401	AIGLE D OR FANOVA C P41	PAIRE	82 000	0			0	1	
1918	23800191801	AIGLE D OR FEHINY	PAIRE	68 000	0			0	1	
2617	23800261701	AIGLE D OR FOOTLOOSE BLANC P35	PAIRE	53 000	0			0	1	
2831	23800283101	AIGLE D OR FOOTLOOSE BLANC P36	PAIRE	53 000	0			0	1	
2829	23800282901	AIGLE D OR FOOTLOOSE BLANC P38	PAIRE	53 000	0			0	1	
2618	23800261801	AIGLE D OR FOOTLOOSE BLANC P39	PAIRE	53 000	0			0	1	
2830	23800283001	AIGLE D OR FOOTLOOSE BLANC P40	PAIRE	53 000	0			0	1	
2636	23800263601	AIGLE D OR GASIKARA_MAR P37	PAIRE	79 000	0			0	1	
1917	23800191701	AIGLE D OR GASIKARA_MAR P38	PAIRE	79 000	0			0	1	
2323	23800232301	AIGLE D OR GASIKARA_MAR P39	PAIRE	79 000	0			0	1	
2324	23800232401	AIGLE D OR GASIKARA_MAR P40	PAIRE	79 000	0			0	1	
2325	23800232501	AIGLE D OR GASIKARA_MAR P41	PAIRE	79 000	0			0	1	
2326	23800232601	AIGLE D OR GASIKARA_MAR P42	PAIRE	79 000	0			0	1	
2637	23800263701	AIGLE D OR GASIKARA_MAR P43	PAIRE	79 000	0			0	1	
2964	23800296401	AIGLE D OR GASIKARA_MAR P44	PAIRE	79 000	0			0	1	
2638	23800263801	AIGLE D OR GASIKARA_NOIR P39	PAIRE	79 000	0			0	1	
2639	23800263901	AIGLE D OR GASIKARA_NOIR P40	PAIRE	79 000	0			0	1	
2640	23800264001	AIGLE D OR GASIKARA_NOIR P41	PAIRE	79 000	0			0	1	
2963	23800296301	AIGLE D OR GASIKARA_NOIR P42	PAIRE	79 000	0			0	1	
2641	23800264101	AIGLE D OR GASIKARA_NOIR P43	PAIRE	79 000	0			0	1	
2965	23800296501	AIGLE D OR GASIKARA_NOIR P44	PAIRE	79 000	0			0	1	
2856	23800285601	AIGLE D OR HAJA MAR P45	PAIRE	78 000	0			0	1	
2258	23800225801	AIGLE D OR HAJA MARRON P39	PAIRE	78 000	0			0	1	
1911	23800191101	AIGLE D OR HAJA MARRON P40	PAIRE	78 000	0			0	1	
2038	23800203801	AIGLE D OR HAJA MARRON P42	PAIRE	78 000	0			0	1	
2039	23800203901	AIGLE D OR HAJA MARRON P43	PAIRE	78 000	0			0	1	
3314	23800331401	AIGLE D OR HAJA NOIR P38	PAIRE	78 000	0			0	1	
2040	23800204001	AIGLE D OR HAJA NOIR P40	PAIRE	78 000	0			0	1	
2041	23800204101	AIGLE D OR HAJA NOIR P41	PAIRE	78 000	0			0	1	
2042	23800204201	AIGLE D OR HAJA NOIR P42	PAIRE	78 000	0			0	1	
2043	23800204301	AIGLE D OR HAJA NOIR P43	PAIRE	78 000	0			0	1	
2857	23800285701	AIGLE D OR HAJA NOIR P44	PAIRE	78 000	0			0	1	
3397	23800339701	AIGLE D OR HAMITRA C P36	PAIRE	76 000	0			0	1	
3395	23800339501	AIGLE D OR HAMITRA C P38	PAIRE	76 000	0			0	1	
3394	23800339401	AIGLE D OR HAMITRA C P39	PAIRE	76 000	0			0	1	
3393	23800339301	AIGLE D OR HAMITRA C P40	PAIRE	76 000	0			0	1	
3392	23800339201	AIGLE D OR HAMITRA C P41	PAIRE	76 000	0			0	1	
1923	23800192301	AIGLE D OR HERY MARRON P39	PAIRE	78 000	0			0	1	
2058	23800205801	AIGLE D OR HERY MARRON P40	PAIRE	78 000	0			0	1	
2059	23800205901	AIGLE D OR HERY MARRON P41	PAIRE	78 000	0			0	1	
2060	23800206001	AIGLE D OR HERY MARRON P42	PAIRE	78 000	0			0	1	
2062	23800206201	AIGLE D OR HERY NOIR P39	PAIRE	78 000	0			0	1	
2063	23800206301	AIGLE D OR HERY NOIR P40	PAIRE	78 000	0			0	1	
2064	23800206401	AIGLE D OR HERY NOIR P41	PAIRE	78 000	0			0	1	
2065	23800206501	AIGLE D OR HERY NOIR P42	PAIRE	78 000	0			0	1	
2858	23800285801	AIGLE D OR HERY NOIR P45	PAIRE	78 000	0			0	1	
3448	23800344801	AIGLE D OR HITSY C P37	PAIRE	81 000	0			0	1	
3447	23800344701	AIGLE D OR HITSY C P38	PAIRE	81 000	0			0	1	
3445	23800344501	AIGLE D OR HITSY C P39	PAIRE	81 000	0			0	1	
3444	23800344401	AIGLE D OR HITSY C P40	PAIRE	81 000	0			0	1	
3446	23800344601	AIGLE D OR HITSY C P41	PAIRE	81 000	0			0	1	
3442	23800344201	AIGLE D OR HITSY C P42	PAIRE	81 000	0			0	1	
3441	23800344101	AIGLE D OR HITSY C P43	PAIRE	81 000	0			0	1	
3381	23800338101	AIGLE D OR HITSY C P44	PAIRE	81 000	0			0	1	
3443	23800344301	AIGLE D OR HITSY C P45	PAIRE	81 000	0			0	1	
3475	23800347501	AIGLE D OR HOBY COU P39	PAIRE	81 000	0			0	1	
3477	23800347701	AIGLE D OR HOBY COU P41	PAIRE	81 000	0			0	1	
3478	23800347801	AIGLE D OR HOBY COU P42	PAIRE	81 000	0			0	1	
3479	23800347901	AIGLE D OR HOBY COU P43	PAIRE	81 000	0			0	1	
3480	23800348001	AIGLE D OR HOBY COU P44	PAIRE	81 000	0			0	1	
3481	23800348101	AIGLE D OR HOBY COU P45	PAIRE	81 000	0			0	1	
2277	23800227701	AIGLE D OR HOBY-CAR P39	PAIRE	78 000	0			0	1	
2315	23800231501	AIGLE D OR HOBY-CAR P40	PAIRE	78 000	0			0	1	
2316	23800231601	AIGLE D OR HOBY-CAR P41	PAIRE	78 000	0			0	1	
1794	23800179401	AIGLE D OR HOBY-CAR P42	PAIRE	78 000	0			0	1	
2317	23800231701	AIGLE D OR HOBY-CAR P43	PAIRE	78 000	0			0	1	
2872	23800287201	AIGLE D OR HOBY-CAR P44	PAIRE	78 000	0			0	1	
2871	23800287101	AIGLE D OR HOBY-CAR P45	PAIRE	78 000	0			0	1	
2318	23800231801	AIGLE D OR HOBY-MAR P39	PAIRE	78 000	0			0	1	
2319	23800231901	AIGLE D OR HOBY-MAR P40	PAIRE	78 000	0			0	1	
2320	23800232001	AIGLE D OR HOBY-MAR P41	PAIRE	78 000	0			0	1	
2321	23800232101	AIGLE D OR HOBY-MAR P42	PAIRE	78 000	0			0	1	
2322	23800232201	AIGLE D OR HOBY-MAR P43	PAIRE	78 000	0			0	1	
2634	23800263401	AIGLE D OR HOBY-MAR P44	PAIRE	78 000	0			0	1	
2635	23800263501	AIGLE D OR HOBY-MAR P45	PAIRE	78 000	0			0	1	
2649	23800264901	AIGLE D OR HOBY-NOIR P39	PAIRE	78 000	0			0	1	
2650	23800265001	AIGLE D OR HOBY-NOIR P40	PAIRE	78 000	0			0	1	
2651	23800265101	AIGLE D OR HOBY-NOIR P41	PAIRE	78 000	0			0	1	
2652	23800265201	AIGLE D OR HOBY-NOIR P42	PAIRE	78 000	0			0	1	
2653	23800265301	AIGLE D OR HOBY-NOIR P43	PAIRE	78 000	0			0	1	
2654	23800265401	AIGLE D OR HOBY-NOIR P44	PAIRE	78 000	0			0	1	
2655	23800265501	AIGLE D OR HOBY-NOIR P45	PAIRE	78 000	0			0	1	
3361	23800336101	AIGLE D OR IHOLY P 35	PAIRE	76 000	0			0	1	
3360	23800336001	AIGLE D OR IHOLY P 36	PAIRE	76 000	0			0	1	
3359	23800335901	AIGLE D OR IHOLY P 37	PAIRE	76 000	0			0	1	
3358	23800335801	AIGLE D OR IHOLY P 38	PAIRE	76 000	0			0	1	
3357	23800335701	AIGLE D OR IHOLY P 39	PAIRE	76 000	0			0	1	
3354	23800335401	AIGLE D OR IHOLY P 40	PAIRE	76 000	0			0	1	
3355	23800335501	AIGLE D OR IHOLY P 41	PAIRE	76 000	0			0	1	
3308	23800330801	AIGLE D OR IKOLOINA P37	PAIRE	73 000	0			0	1	
3309	23800330901	AIGLE D OR IKOLOINA P39	PAIRE	73 000	0			0	1	
2327	23800232701	AIGLE D OR JORO-MAR 35-44	PAIRE	68 000	0			0	1	
2446	23800244601	AIGLE D OR LAKA MAR P22	PAIRE	35 000	0			0	1	
2447	23800244701	AIGLE D OR LAKA MAR P23	PAIRE	45 000	0			0	1	
2448	23800244801	AIGLE D OR LAKA MAR P24	PAIRE	49 000	0			0	1	
2452	23800245201	AIGLE D OR LAKA MAR P28	PAIRE	65 000	0			0	1	
2453	23800245301	AIGLE D OR LAKA MAR P29	PAIRE	65 000	0			0	1	
2454	23800245401	AIGLE D OR LAKA MAR P30	PAIRE	49 000	0			0	1	
2455	23800245501	AIGLE D OR LAKA MAR P31	PAIRE	49 000	0			0	1	
2457	23800245701	AIGLE D OR LAKA MAR P33	PAIRE	49 000	0			0	1	
2458	23800245801	AIGLE D OR LAKA MAR P34	PAIRE	65 000	0			0	1	
2459	23800245901	AIGLE D OR LAKA MAR P35	PAIRE	68 000	0			0	1	
2460	23800246001	AIGLE D OR LAKA MAR P36	PAIRE	68 000	0			0	1	
2462	23800246201	AIGLE D OR LAKA MAR P38	PAIRE	68 000	0			0	1	
3435	23800343501	AIGLE D OR LEFA COU P39	PAIRE	81 000	0			0	1	
3434	23800343401	AIGLE D OR LEFA COU P40	PAIRE	81 000	0			0	1	
3433	23800343301	AIGLE D OR LEFA COU P41	PAIRE	81 000	0			0	1	
3432	23800343201	AIGLE D OR LEFA COU P42	PAIRE	81 000	0			0	1	
3431	23800343101	AIGLE D OR LEFA COU P43	PAIRE	81 000	0			0	1	
3430	23800343001	AIGLE D OR LEFA COU P44	PAIRE	81 000	0			0	1	
3429	23800342901	AIGLE D OR LEFA COU P45	PAIRE	81 000	0			0	1	
2044	23800204401	AIGLE D OR MAHANDRY MARRON P35	PAIRE	79 000	0			0	1	
1920	23800192001	AIGLE D OR MAHANDRY MARRON P36	PAIRE	79 000	0			0	1	
2045	23800204501	AIGLE D OR MAHANDRY MARRON P37	PAIRE	79 000	0			0	1	
2046	23800204601	AIGLE D OR MAHANDRY MARRON P38	PAIRE	79 000	0			0	1	
2260	23800226001	AIGLE D OR MAHANDRY MARRON P39	PAIRE	79 000	0			0	1	
2047	23800204701	AIGLE D OR MAHANDRY MARRON P40	PAIRE	79 000	0			0	1	
2048	23800204801	AIGLE D OR MAHANDRY MARRON P41	PAIRE	79 000	0			0	1	
2049	23800204901	AIGLE D OR MAHANDRY MARRON P42	PAIRE	79 000	0			0	1	
2050	23800205001	AIGLE D OR MAHANDRY MARRON P43	PAIRE	79 000	0			0	1	
2622	23800262201	AIGLE D OR MAHANDRY MARRON P44	PAIRE	79 000	0			0	1	
2623	23800262301	AIGLE D OR MAHANDRY MARRON P45	PAIRE	79 000	0			0	1	
2515	23800251501	AIGLE D OR MAHASOA MARINE P36 	PAIRE	68 000	0			0	1	
2516	23800251601	AIGLE D OR MAHASOA MARINE P37	PAIRE	68 000	0			0	1	
2517	23800251701	AIGLE D OR MAHASOA MARINE P38	PAIRE	68 000	0			0	1	
2518	23800251801	AIGLE D OR MAHASOA MARINE P39	PAIRE	69 000	0			0	1	
2519	23800251901	AIGLE D OR MAHASOA MARINE P40	PAIRE	69 000	0			0	1	
2555	23800255501	AIGLE D OR MAHEFA MARRON P39	PAIRE	78 000	0			0	1	
2556	23800255601	AIGLE D OR MAHEFA MARRON P40	PAIRE	78 000	0			0	1	
2557	23800255701	AIGLE D OR MAHEFA MARRON P41	PAIRE	78 000	0			0	1	
2558	23800255801	AIGLE D OR MAHEFA MARRON P42	PAIRE	78 000	0			0	1	
2559	23800255901	AIGLE D OR MAHEFA MARRON P43	PAIRE	78 000	0			0	1	
2560	23800256001	AIGLE D OR MAHEFA MARRON P44	PAIRE	78 000	0			0	1	
2561	23800256101	AIGLE D OR MAHEFA MARRON P45	PAIRE	78 000	0			0	1	
1921	23800192101	AIGLE D OR MAHEFA NOIR P39	PAIRE	78 000	0			0	1	
2544	23800254401	AIGLE D OR MAHEFA NOIR P40	PAIRE	78 000	0			0	1	
2545	23800254501	AIGLE D OR MAHEFA NOIR P41	PAIRE	78 000	0			0	1	
2546	23800254601	AIGLE D OR MAHEFA NOIR P42	PAIRE	78 000	0			0	1	
2547	23800254701	AIGLE D OR MAHEFA NOIR P43	PAIRE	78 000	0			0	1	
2548	23800254801	AIGLE D OR MAHEFA NOIR P44	PAIRE	78 000	0			0	1	
2549	23800254901	AIGLE D OR MAHEFA NOIR P45	PAIRE	78 000	0			0	1	
3374	23800337401	AIGLE D OR MANAMPY C P39	PAIRE	81 000	0			0	1	
3373	23800337301	AIGLE D OR MANAMPY C P40	PAIRE	81 000	0			0	1	
3372	23800337201	AIGLE D OR MANAMPY C P41	PAIRE	81 000	0			0	1	
3371	23800337101	AIGLE D OR MANAMPY C P42	PAIRE	81 000	0			0	1	
3370	23800337001	AIGLE D OR MANAMPY C P43	PAIRE	81 000	0			0	1	
2132	23800213201	AIGLE D OR MANJA-MAT P38	PAIRE	68 000	0			0	1	
2130	23800213001	AIGLE D OR MANJA-MAT P39	PAIRE	68 000	0			0	1	
2131	23800213101	AIGLE D OR MANJA-MAT P40	PAIRE	68 000	0			0	1	
2133	23800213301	AIGLE D OR MANJA-MAT P41	PAIRE	68 000	0			0	1	
2126	23800212601	AIGLE D OR MANJA-NOIR P35	PAIRE	68 000	0			0	1	
2127	23800212701	AIGLE D OR MANJA-NOIR P36	PAIRE	68 000	0			0	1	
2128	23800212801	AIGLE D OR MANJA-NOIR P37	PAIRE	68 000	0			0	1	
1982	23800198201	AIGLE D OR MANJA-NOIR P38	PAIRE	68 000	0			0	1	
1983	23800198301	AIGLE D OR MANJA-NOIR P39	PAIRE	68 000	0			0	1	
1984	23800198401	AIGLE D OR MANJA-NOIR P40	PAIRE	68 000	0			0	1	
1985	23800198501	AIGLE D OR MANJA-NOIR P41	PAIRE	68 000	0			0	1	
1913	23800191301	AIGLE D OR MARTIORA _ MRN P35	PAIRE	68 000	0			0	1	
2027	23800202701	AIGLE D OR MARTIORA _ MRN P36	PAIRE	68 000	0			0	1	
2028	23800202801	AIGLE D OR MARTIORA _ MRN P37	PAIRE	68 000	0			0	1	
2029	23800202901	AIGLE D OR MARTIORA _ MRN P38	PAIRE	68 000	0			0	1	
2030	23800203001	AIGLE D OR MARTIORA _ MRN P39	PAIRE	68 000	0			0	1	
2031	23800203101	AIGLE D OR MARTIORA _ MRN P41	PAIRE	68 000	0			0	1	
2032	23800203201	AIGLE D OR MARTIORA _ MRN P42	PAIRE	68 000	0			0	1	
2033	23800203301	AIGLE D OR MARTIORA _ MRN P43	PAIRE	68 000	0			0	1	
2311	23800231101	AIGLE D OR MARTIORA_ MRN P40	PAIRE	68 000	0			0	1	
1914	23800191401	AIGLE D OR MASOANDRO_FOM	PAIRE	68 000	0			0	1	
2870	23800287001	AIGLE D OR MIATO MAR P41	PAIRE	78 000	0			0	1	
2869	23800286901	AIGLE D OR MIATO MAR P42	PAIRE	78 000	0			0	1	
1807	23800180701	AIGLE D OR MILY CARMEL P35	PAIRE	78 000	0			0	1	
2082	23800208201	AIGLE D OR MILY CARMEL P36	PAIRE	78 000	0			0	1	
2083	23800208301	AIGLE D OR MILY CARMEL P37	PAIRE	78 000	0			0	1	
2084	23800208401	AIGLE D OR MILY CARMEL P38	PAIRE	78 000	0			0	1	
2085	23800208501	AIGLE D OR MILY CARMEL P39	PAIRE	78 000	0			0	1	
2086	23800208601	AIGLE D OR MILY CARMEL P40	PAIRE	78 000	0			0	1	
2087	23800208701	AIGLE D OR MILY CARMEL P41	PAIRE	78 000	0			0	1	
2263	23800226301	AIGLE D OR MILY-MARRON P35	PAIRE	78 000	0			0	1	
1969	23800196901	AIGLE D OR MILY-MARRON P38	PAIRE	78 000	0			0	1	
1970	23800197001	AIGLE D OR MILY-MARRON P39	PAIRE	78 000	0			0	1	
1972	23800197201	AIGLE D OR MILY-MARRON P41	PAIRE	78 000	0			0	1	
1973	23800197301	AIGLE D OR MILY-MARRON P42	PAIRE	78 000	0			0	1	
2235	23800223501	AIGLE D OR MILY-MARRON P43	PAIRE	78 000	0			0	1	
3472	23800347201	AIGLE D OR MIRA P40	PAIRE	83 000	0			0	1	
3468	23800346801	AIGLE D OR MIRA P43	PAIRE	83 000	0			0	1	
3467	23800346701	AIGLE D OR MIRA P44	PAIRE	83 000	0			0	1	
2969	23800296901	AIGLE D OR MIRENTY MAR P40	PAIRE	79 000	0			0	1	
2970	23800297001	AIGLE D OR MIRENTY MAR P41	PAIRE	79 000	0			0	1	
2971	23800297101	AIGLE D OR MIRENTY MAR P42	PAIRE	79 000	0			0	1	
2973	23800297301	AIGLE D OR MIRENTY MAR P44	PAIRE	79 000	0			0	1	
2837	23800283701	AIGLE D OR MIRENTY NOIR P40	PAIRE	79 000	0			0	1	
2836	23800283601	AIGLE D OR MIRENTY NOIR P41	PAIRE	79 000	0			0	1	
2835	23800283501	AIGLE D OR MIRENTY NOIR P42	PAIRE	79 000	0			0	1	
2833	23800283301	AIGLE D OR MIRENTY NOIR P44	PAIRE	79 000	0			0	1	
2967	23800296701	AIGLE D OR MIRENTY NOIR P45	PAIRE	79 000	0			0	1	
2092	23800209201	AIGLE D OR MIRINDRA NOIR P35	PAIRE	74 000	0			0	1	
2093	23800209301	AIGLE D OR MIRINDRA NOIR P36	PAIRE	74 000	0			0	1	
2094	23800209401	AIGLE D OR MIRINDRA NOIR P37	PAIRE	74 000	0			0	1	
2095	23800209501	AIGLE D OR MIRINDRA NOIR P38	PAIRE	74 000	0			0	1	
2096	23800209601	AIGLE D OR MIRINDRA NOIR P39	PAIRE	74 000	0			0	1	
2097	23800209701	AIGLE D OR MIRINDRA NOIR P40	PAIRE	74 000	0			0	1	
2098	23800209801	AIGLE D OR MIRINDRA NOIR P41	PAIRE	74 000	0			0	1	
3026	23800302601	AIGLE D OR MIRINDRA ROB P28	PAIRE	55 000	0			0	1	
3027	23800302701	AIGLE D OR MIRINDRA ROB P29	PAIRE	55 000	0			0	1	
3030	23800303001	AIGLE D OR MIRINDRA ROB P30	PAIRE	55 000	0			0	1	
3031	23800303101	AIGLE D OR MIRINDRA ROB P31	PAIRE	55 000	0			0	1	
3032	23800303201	AIGLE D OR MIRINDRA ROB P32	PAIRE	55 000	0			0	1	
3028	23800302801	AIGLE D OR MIRINDRA ROB P33	PAIRE	55 000	0			0	1	
3029	23800302901	AIGLE D OR MIRINDRA ROB P34	PAIRE	55 000	0			0	1	
2189	15600218901	AIGLE D OR MIRINDRA-MARRON P35	PAIRE	74 000	0			0	1	
1797	23800179701	AIGLE D OR MIRINDRA-MARRON P36	PAIRE	74 000	0			0	1	
1962	23800196201	AIGLE D OR MIRINDRA-MARRON P37	PAIRE	74 000	0			0	1	
1963	23800196301	AIGLE D OR MIRINDRA-MARRON P38	PAIRE	74 000	0			0	1	
1964	23800196401	AIGLE D OR MIRINDRA-MARRON P39	PAIRE	74 000	0			0	1	
1965	23800196501	AIGLE D OR MIRINDRA-MARRON P40	PAIRE	74 000	0			0	1	
1968	23800196801	AIGLE D OR MIRINDRA-MARRON P41	PAIRE	74 000	0			0	1	
2393	23800239301	AIGLE D OR MIZA MAR P36	PAIRE	72 000	0			0	1	
2394	23800239401	AIGLE D OR MIZA MAR P37	PAIRE	72 000	0			0	1	
2395	23800239501	AIGLE D OR MIZA MAR P38	PAIRE	72 000	0			0	1	
2396	23800239601	AIGLE D OR MIZA MAR P39	PAIRE	72 000	0			0	1	
2397	23800239701	AIGLE D OR MIZA MAR P40	PAIRE	72 000	0			0	1	
2398	23800239801	AIGLE D OR MIZA MAR P41	PAIRE	72 000	0			0	1	
2399	23800239901	AIGLE D OR MIZA MAR P42	PAIRE	72 000	0			0	1	
2400	23800240001	AIGLE D OR MIZA MAR P43	PAIRE	72 000	0			0	1	
3459	23800345901	AIGLE D OR NIARY CO P40	PAIRE	83 000	0			0	1	
3458	23800345801	AIGLE D OR NIARY CO P41	PAIRE	83 000	0			0	1	
3457	23800345701	AIGLE D OR NIARY CO P42	PAIRE	83 000	0			0	1	
3439	23800343901	AIGLE D OR NIARY CO P44	PAIRE	83 000	0			0	1	
3414	23800341401	AIGLE D OR NJARY CO P35	PAIRE	82 000	0			0	1	
3413	23800341301	AIGLE D OR NJARY CO P36	PAIRE	82 000	0			0	1	
3412	23800341201	AIGLE D OR NJARY CO P37	PAIRE	82 000	0			0	1	
3411	23800341101	AIGLE D OR NJARY CO P38	PAIRE	82 000	0			0	1	
3408	23800340801	AIGLE D OR NJARY CO P41	PAIRE	82 000	0			0	1	
3407	23800340701	AIGLE D OR NJARY CO P42	PAIRE	82 000	0			0	1	
2980	23800298001	AIGLE D OR NOTIANA-FR P20	PAIRE	39 000	0			0	1	
2983	23800298301	AIGLE D OR NOTIANA-FR P22	PAIRE	45 000	0			0	1	
2982	23800298201	AIGLE D OR NOTIANA-FR P23	PAIRE	45 000	0			0	1	
3001	23800300101	AIGLE D OR NOTIANA-FR P24	PAIRE	49 000	0			0	1	
3002	23800300201	AIGLE D OR NOTIANA-FR P25	PAIRE	49 000	0			0	1	
3003	23800300301	AIGLE D OR NOTIANA-FR P26	PAIRE	49 000	0			0	1	
3000	23800300001	AIGLE D OR NOTIANA-FR P27	PAIRE	49 000	0			0	1	
3034	23800303401	AIGLE D OR NOTIANA-FR P28	PAIRE	56 000	0			0	1	
3038	23800303801	AIGLE D OR NOTIANA-FR P29	PAIRE	56 000	0			0	1	
3039	23800303901	AIGLE D OR NOTIANA-FR P30	PAIRE	56 000	0			0	1	
3040	23800304001	AIGLE D OR NOTIANA-FR P31	PAIRE	56 000	0			0	1	
3035	23800303501	AIGLE D OR NOTIANA-FR P32	PAIRE	56 000	0			0	1	
3005	23800300501	AIGLE D OR NOTIANA-NOIR P24	PAIRE	49 000	0			0	1	
3006	23800300601	AIGLE D OR NOTIANA-NOIR P25	PAIRE	49 000	0			0	1	
3405	23800340501	AIGLE D OR PAPANGO C P36	PAIRE	76 000	0			0	1	
3404	23800340401	AIGLE D OR PAPANGO C P37	PAIRE	76 000	0			0	1	
3403	23800340301	AIGLE D OR PAPANGO C P38	PAIRE	76 000	0			0	1	
3402	23800340201	AIGLE D OR PAPANGO C P39	PAIRE	76 000	0			0	1	
3401	23800340101	AIGLE D OR PAPANGO C P40	PAIRE	76 000	0			0	1	
3400	23800340001	AIGLE D OR PAPANGO C P41	PAIRE	76 000	0			0	1	
3417	23800341701	AIGLE D OR RANJA CO P42	PAIRE	53 000	0			0	1	
3416	23800341601	AIGLE D OR RANJA CO P43	PAIRE	53 000	0			0	1	
3368	23800336801	AIGLE D OR REJO COU P35	PAIRE	81 000	0			0	1	
3367	23800336701	AIGLE D OR REJO COU P36	PAIRE	81 000	0			0	1	
3366	23800336601	AIGLE D OR REJO COU P37	PAIRE	81 000	0			0	1	
3365	23800336501	AIGLE D OR REJO COU P38	PAIRE	81 000	0			0	1	
3364	23800336401	AIGLE D OR REJO COU P39	PAIRE	81 000	0			0	1	
3363	23800336301	AIGLE D OR REJO COU P40	PAIRE	81 000	0			0	1	
3451	23800345101	AIGLE D OR REJO COU P42	PAIRE	81 000	0			0	1	
3450	23800345001	AIGLE D OR REJO COU P43	PAIRE	81 000	0			0	1	
3449	23800344901	AIGLE D OR REJO COU P44	PAIRE	81 000	0			0	1	
2463	23800246301	AIGLE D OR ROSO NOIR P20	PAIRE	39 000	0			0	1	
2464	23800246401	AIGLE D OR ROSO NOIR P21	PAIRE	39 000	0			0	1	
2466	23800246601	AIGLE D OR ROSO NOIR P23	PAIRE	39 000	0			0	1	
2468	23800246801	AIGLE D OR ROSO NOIR P25	PAIRE	39 000	0			0	1	
2470	23800247001	AIGLE D OR ROSO NOIR P27	PAIRE	39 000	0			0	1	
2474	23800247401	AIGLE D OR ROSO NOIR P31	PAIRE	65 000	0			0	1	
2476	23800247601	AIGLE D OR ROSO NOIR P33	PAIRE	65 000	0			0	1	
2477	23800247701	AIGLE D OR ROSO NOIR P34	PAIRE	65 000	0			0	1	
2479	23800247901	AIGLE D OR ROSO NOIR P36	PAIRE	68 000	0			0	1	
2480	23800248001	AIGLE D OR ROSO NOIR P37	PAIRE	68 000	0			0	1	
2481	23800248101	AIGLE D OR ROSO NOIR P38	PAIRE	68 000	0			0	1	
2535	23800253501	AIGLE D OR ROTSY VERT VERDANA P37	PAIRE	68 000	0			0	1	
2536	23800253601	AIGLE D OR ROTSY VERT VERDANA P38	PAIRE	68 000	0			0	1	
2538	23800253801	AIGLE D OR ROTSY VERT VERDANA P40	PAIRE	68 000	0			0	1	
3380	23800338001	AIGLE D OR SAFIDY C P39	PAIRE	59 000	0			0	1	
3379	23800337901	AIGLE D OR SAFIDY C P40	PAIRE	59 000	0			0	1	
3378	23800337801	AIGLE D OR SAFIDY C P41	PAIRE	59 000	0			0	1	
3377	23800337701	AIGLE D OR SAFIDY C P42	PAIRE	59 000	0			0	1	
3311	23800331101	AIGLE D OR SANGANY OCR P36	PAIRE	76 000	0			0	1	
3473	23800347301	AIGLE D OR SANJY P39	PAIRE	81 000	0			0	1	
3465	23800346501	AIGLE D OR SANJY P41	PAIRE	81 000	0			0	1	
3462	23800346201	AIGLE D OR SANJY P42	PAIRE	81 000	0			0	1	
3461	23800346101	AIGLE D OR SANJY P43	PAIRE	81 000	0			0	1	
3469	23800346901	AIGLE D OR SANJY P44	PAIRE	81 000	0			0	1	
3470	23800347001	AIGLE D OR SANJY P45	PAIRE	81 000	0			0	1	
2236	23800223601	AIGLE D OR SARIAKA MARRON P35	PAIRE	73 000	0			0	1	
1806	23800180601	AIGLE D OR SARIAKA MARRON P36	PAIRE	73 000	0			0	1	
2237	23800223701	AIGLE D OR SARIAKA MARRON P37	PAIRE	73 000	0			0	1	
2088	23800208801	AIGLE D OR SARIAKA MARRON P38	PAIRE	73 000	0			0	1	
2089	23800208901	AIGLE D OR SARIAKA MARRON P39	PAIRE	73 000	0			0	1	
2090	23800209001	AIGLE D OR SARIAKA MARRON P40	PAIRE	73 000	0			0	1	
2091	23800209101	AIGLE D OR SARIAKA MARRON P41	PAIRE	73 000	0			0	1	
2562	23800256201	AIGLE D OR SIDINA NOIR P28	PAIRE	49 000	0			0	1	
2563	23800256301	AIGLE D OR SIDINA NOIR P29	PAIRE	49 000	0			0	1	
2564	23800256401	AIGLE D OR SIDINA NOIR P30	PAIRE	49 000	0			0	1	
2565	23800256501	AIGLE D OR SIDINA NOIR P31	PAIRE	49 000	0			0	1	
2567	23800256701	AIGLE D OR SIDINA NOIR P33	PAIRE	65 000	0			0	1	
2568	23800256801	AIGLE D OR SIDINA NOIR P35	PAIRE	68 000	0			0	1	
2569	23800256901	AIGLE D OR SIDINA NOIR P38	PAIRE	68 000	0			0	1	
2368	23800236801	AIGLE D OR SIDINA NOIR P39	PAIRE	69 000	0			0	1	
2369	23800236901	AIGLE D OR SIDINA NOIR P40	PAIRE	69 000	0			0	1	
2370	23800237001	AIGLE D OR SIDINA NOIR P41	PAIRE	69 000	0			0	1	
2371	23800237101	AIGLE D OR SIDINA NOIR P42	PAIRE	69 000	0			0	1	
2372	23800237201	AIGLE D OR SIDINA NOIR P43	PAIRE	69 000	0			0	1	
2630	23800263001	AIGLE D OR SITRAKA MAR P39	PAIRE	78 000	0			0	1	
2632	23800263201	AIGLE D OR SITRAKA MAR P41	PAIRE	78 000	0			0	1	
2840	23800284001	AIGLE D OR SITRAKA MAR P43	PAIRE	78 000	0			0	1	
2511	23800251101	AIGLE D OR SOA MARINE P38	PAIRE	69 000	0			0	1	
2512	23800251201	AIGLE D OR SOA MARINE P39	PAIRE	69 000	0			0	1	
2513	23800251301	AIGLE D OR SOA MARINE P40	PAIRE	69 000	0			0	1	
1912	23800191201	AIGLE D OR TEFY_NOIR P39	PAIRE	78 000	0			0	1	
2312	23800231201	AIGLE D OR TEFY_NOIR P40	PAIRE	78 000	0			0	1	
2313	23800231301	AIGLE D OR TEFY_NOIR P41	PAIRE	78 000	0			0	1	
2314	23800231401	AIGLE D OR TEFY_NOIR P42	PAIRE	78 000	0			0	1	
2839	23800283901	AIGLE D OR TEFY_NOIR P43	PAIRE	78 000	0			0	1	
1809	23800180901	AIGLE D OR TIANA	PAIRE	68 000	0			0	1	
2079	23800207901	AIGLE D OR TIARY MARINE P40	PAIRE	68 000	0			0	1	
2080	23800208001	AIGLE D OR TIARY MARINE P41	PAIRE	68 000	0			0	1	
3318	23800331801	AIGLE D OR TIARY MARRON P35	PAIRE	68 000	0			0	1	
2997	23800299701	AIGLE D OR TOAVINA-BLG P23	PAIRE	45 000	0			0	1	
3009	23800300901	AIGLE D OR TOAVINA-BLG P24	PAIRE	49 000	0			0	1	
3008	23800300801	AIGLE D OR TOAVINA-BLG P25	PAIRE	49 000	0			0	1	
3007	23800300701	AIGLE D OR TOAVINA-BLG P27	PAIRE	49 000	0			0	1	
3056	23800305601	AIGLE D OR TOAVINA-BLG P30	PAIRE	56 000	0			0	1	
3061	23800306101	AIGLE D OR TOAVINA-BLG P33	PAIRE	56 000	0			0	1	
2990	23800299001	AIGLE D OR TOAVINA-JSA P22	PAIRE	45 000	0			0	1	
3049	23800304901	AIGLE D OR TOAVINA-JSA P30	PAIRE	56 000	0			0	1	
3052	23800305201	AIGLE D OR TOAVINA-NOIR P28	PAIRE	56 000	0			0	1	
2882	23800288201	AIGLE D OR TONG TEDY MAR P35	PAIRE	40 000	0			0	1	
2885	23800288501	AIGLE D OR TONG TEDY MAR P36	PAIRE	40 000	0			0	1	
2881	23800288101	AIGLE D OR TONG TEDY MAR P37	PAIRE	40 000	0			0	1	
2880	23800288001	AIGLE D OR TONG TEDY MAR P38	PAIRE	40 000	0			0	1	
2884	23800288401	AIGLE D OR TONG TEDY MAR P41	PAIRE	40 000	0			0	1	
2883	23800288301	AIGLE D OR TONG TEDY MAR P42	PAIRE	40 000	0			0	1	
2879	23800287901	AIGLE D OR TONG TEDY MAR P43	PAIRE	40 000	0			0	1	
2888	23800288801	AIGLE D OR TONG TEDY NOIR P36	PAIRE	40 000	0			0	1	
2887	23800288701	AIGLE D OR TONG TEDY NOIR P37	PAIRE	40 000	0			0	1	
2889	23800288901	AIGLE D OR TONG TEDY NOIR P38	PAIRE	40 000	0			0	1	
2886	23800288601	AIGLE D OR TONG TEDY NOIR P40	PAIRE	40 000	0			0	1	
2890	23800289001	AIGLE D OR TONG TEDY NOIR P41	PAIRE	40 000	0			0	1	
2892	23800289201	AIGLE D OR TONG TEDY NOIR P43	PAIRE	40 000	0			0	1	
2874	23800287401	AIGLE D OR TONG TEDY ROU P35	PAIRE	40 000	0			0	1	
2876	23800287601	AIGLE D OR TONG TEDY ROU P37	PAIRE	40 000	0			0	1	
3320	23800332001	AIGLE D OR TONG TEDY ROU P38	PAIRE	40 000	0			0	1	
2877	23800287701	AIGLE D OR TONG TEDY ROU P40	PAIRE	40 000	0			0	1	
2873	23800287301	AIGLE D OR TONG TEDY ROU P41	PAIRE	40 000	0			0	1	
2875	23800287501	AIGLE D OR TONG TEDY ROU P42	PAIRE	40 000	0			0	1	
2878	23800287801	AIGLE D OR TONG TEDY ROU P43	PAIRE	40 000	0			0	1	
2384	23800238401	AIGLE D OR TONGUE THEO - MAR P35	PAIRE	56 000	0			0	1	
2383	23800238301	AIGLE D OR TONGUE THEO - MAR P36	PAIRE	56 000	0			0	1	
2385	23800238501	AIGLE D OR TONGUE THEO - MAR P37	PAIRE	56 000	0			0	1	
2386	23800238601	AIGLE D OR TONGUE THEO - MAR P38	PAIRE	56 000	0			0	1	
2387	23800238701	AIGLE D OR TONGUE THEO - MAR P39	PAIRE	56 000	0			0	1	
2388	23800238801	AIGLE D OR TONGUE THEO - MAR P40	PAIRE	56 000	0			0	1	
2389	23800238901	AIGLE D OR TONGUE THEO - MAR P41	PAIRE	56 000	0			0	1	
2390	23800239001	AIGLE D OR TONGUE THEO - MAR P42	PAIRE	56 000	0			0	1	
2391	23800239101	AIGLE D OR TONGUE THEO - MAR P43	PAIRE	56 000	0			0	1	
4802	23800480201	AIGLE D OR TSANGA NOIR	PAIRE	82 000	0			0	1	
2543	23800254301	AIGLE D OR TSIAHY MARRON P35	PAIRE	68 000	0			0	1	
2542	23800254201	AIGLE D OR TSIAHY MARRON P36	PAIRE	68 000	0			0	1	
2540	23800254001	AIGLE D OR TSIAHY MARRON P37	PAIRE	68 000	0			0	1	
2541	23800254101	AIGLE D OR TSIAHY MARRON P38	PAIRE	68 000	0			0	1	
2854	23800285401	AIGLE D OR TSIFERANA MAR P37	PAIRE	73 000	0			0	1	
2853	23800285301	AIGLE D OR TSIFERANA MAR P38	PAIRE	73 000	0			0	1	
2851	23800285101	AIGLE D OR TSIFERANA MAR P41	PAIRE	73 000	0			0	1	
2865	23800286501	AIGLE D OR TSIHARIA MAR P39	PAIRE	73 000	0			0	1	
2867	23800286701	AIGLE D OR TSIHARIA MAR P40	PAIRE	73 000	0			0	1	
2868	23800286801	AIGLE D OR TSIHARIA MAR P41	PAIRE	73 000	0			0	1	
2866	23800286601	AIGLE D OR TSIHARIA MAR P42	PAIRE	73 000	0			0	1	
2862	23800286201	AIGLE D OR TSIHARIA NOIR P39	PAIRE	73 000	0			0	1	
2859	23800285901	AIGLE D OR TSIHARIA NOIR P40	PAIRE	73 000	0			0	1	
2861	23800286101	AIGLE D OR TSIHARIA NOIR P41	PAIRE	73 000	0			0	1	
2863	23800286301	AIGLE D OR TSIHARIA NOIR P42	PAIRE	73 000	0			0	1	
2864	23800286401	AIGLE D OR TSIHARIA NOIR P43	PAIRE	73 000	0			0	1	
2860	23800286001	AIGLE D OR TSIHARIA NOIR P44	PAIRE	73 000	0			0	1	
2550	23800255001	AIGLE D OR TSIHOARANA MARRON P39	PAIRE	68 000	0			0	1	
2551	23800255101	AIGLE D OR TSIHOARANA MARRON P40	PAIRE	68 000	0			0	1	
2552	23800255201	AIGLE D OR TSIHOARANA MARRON P41	PAIRE	68 000	0			0	1	
2553	23800255301	AIGLE D OR TSIHOARANA MARRON P42	PAIRE	68 000	0			0	1	
2554	23800255401	AIGLE D OR TSIHOARANA MARRON P43	PAIRE	68 000	0			0	1	
2054	23800205401	AIGLE D OR TSIHOARANA NOIR P40	PAIRE	68 000	0			0	1	
2055	23800205501	AIGLE D OR TSIHOARANA NOIR P41	PAIRE	68 000	0			0	1	
2056	23800205601	AIGLE D OR TSIHOARANA NOIR P42	PAIRE	68 000	0			0	1	
2057	23800205701	AIGLE D OR TSIHOARANA NOIR P43	PAIRE	68 000	0			0	1	
2642	23800264201	AIGLE D OR TSILAVINA P39	PAIRE	83 000	0			0	1	
2643	23800264301	AIGLE D OR TSILAVINA P40	PAIRE	83 000	0			0	1	
2644	23800264401	AIGLE D OR TSILAVINA P41	PAIRE	83 000	0			0	1	
2645	23800264501	AIGLE D OR TSILAVINA P42	PAIRE	83 000	0			0	1	
2646	23800264601	AIGLE D OR TSILAVINA P43	PAIRE	83 000	0			0	1	
2647	23800264701	AIGLE D OR TSILAVINA P44	PAIRE	83 000	0			0	1	
2648	23800264801	AIGLE D OR TSILAVINA P45	PAIRE	83 000	0			0	1	
2956	23800295601	AIGLE D OR TSILAVINIAINA NOIR P39 	PAIRE	81 000	0			0	1	
2958	23800295801	AIGLE D OR TSILAVINIAINA NOIR P40	PAIRE	81 000	0			0	1	
2957	23800295701	AIGLE D OR TSILAVINIAINA NOIR P42	PAIRE	81 000	0			0	1	
2961	23800296101	AIGLE D OR TSILAVINIAINA NOIR P43 	PAIRE	81 000	0			0	1	
2960	23800296001	AIGLE D OR TSILAVINIAINA NOIR P44 	PAIRE	81 000	0			0	1	
2959	23800295901	AIGLE D OR TSILAVINIAINA NOIR P45 	PAIRE	81 000	0			0	1	
2844	23800284401	AIGLE D OR TSIRAVA MAR P39	PAIRE	80 000	0			0	1	
2848	23800284801	AIGLE D OR TSIRAVA MAR P40	PAIRE	80 000	0			0	1	
2846	23800284601	AIGLE D OR TSIRAVA MAR P41	PAIRE	80 000	0			0	1	
2847	23800284701	AIGLE D OR TSIRAVA MAR P42	PAIRE	80 000	0			0	1	
2845	23800284501	AIGLE D OR TSIRAVA MAR P43	PAIRE	80 000	0			0	1	
2073	23800207301	AIGLE D OR TSITOHA MARRON P41	PAIRE	68 000	0			0	1	
2074	23800207401	AIGLE D OR TSITOHA MARRON P42	PAIRE	68 000	0			0	1	
2075	23800207501	AIGLE D OR TSITOHA MARRON P43	PAIRE	68 000	0			0	1	
3352	23800335201	AIGLE D OR TSOA COU P35	PAIRE	81 000	0			0	1	
3351	23800335101	AIGLE D OR TSOA COU P36	PAIRE	81 000	0			0	1	
3350	23800335001	AIGLE D OR TSOA COU P37	PAIRE	81 000	0			0	1	
3349	23800334901	AIGLE D OR TSOA COU P38	PAIRE	81 000	0			0	1	
3348	23800334801	AIGLE D OR TSOA COU P39	PAIRE	81 000	0			0	1	
3453	23800345301	AIGLE D OR TSOA COU P40	PAIRE	81 000	0			0	1	
3347	23800334701	AIGLE D OR TSOA COU P41	PAIRE	81 000	0			0	1	
2843	23800284301	AIGLE D OR VOHITRA MAR P36	PAIRE	80 000	0			0	1	
2841	23800284101	AIGLE D OR VOHITRA MAR P37	PAIRE	80 000	0			0	1	
2842	23800284201	AIGLE D OR VOHITRA MAR P38	PAIRE	80 000	0			0	1	
2378	23800237801	AIGLE D OR VOHITRA MAR P39	PAIRE	80 000	0			0	1	
2379	23800237901	AIGLE D OR VOHITRA MAR P40	PAIRE	80 000	0			0	1	
2380	23800238001	AIGLE D OR VOHITRA MAR P41	PAIRE	80 000	0			0	1	
2381	23800238101	AIGLE D OR VOHITRA MAR P42	PAIRE	80 000	0			0	1	
2382	23800238201	AIGLE D OR VOHITRA MAR P43	PAIRE	80 000	0			0	1	
1974	23800197401	AIGLE D OR ZARA-MARRON P38	PAIRE	68 000	0			0	1	
2501	23800250101	AIGLE D OR ZOTO MAR P28	PAIRE	55 000	0			0	1	
2502	23800250201	AIGLE D OR ZOTO MAR P29	PAIRE	55 000	0			0	1	
2503	23800250301	AIGLE D OR ZOTO MAR P30	PAIRE	55 000	0			0	1	
2504	23800250401	AIGLE D OR ZOTO MAR P31	PAIRE	55 000	0			0	1	
2505	23800250501	AIGLE D OR ZOTO MAR P32	PAIRE	55 000	0			0	1	
2506	23800250601	AIGLE D OR ZOTO MAR P33	PAIRE	55 000	0			0	1	
2507	23800250701	AIGLE D OR ZOTO MAR P34	PAIRE	55 000	0			0	1	
2497	23800249701	AIGLE D OR ZOTO NOIR P30	PAIRE	55 000	0			0	1	
2498	23800249801	AIGLE D OR ZOTO NOIR P31	PAIRE	55 000	0			0	1	
3033	23800303301	AIGLE D OR ZOTO NOIR P32	PAIRE	55 000	0			0	1	
2500	23800250001	AIGLE D OR ZOTO NOIR P34	PAIRE	55 000	0			0	1	
2231	23800223101	AIGLE D OR_ALOALO P37	PAIRE	68 000	0			0	1	
2232	23800223201	AIGLE D OR_ALOALO P39	PAIRE	68 000	0			0	1	
2233	23800223301	AIGLE D OR_ALOALO P41	PAIRE	68 000	0			0	1	
1922	23800192201	AIGLE D OR_ANKOAY-NOIR P39	PAIRE	68 000	0			0	1	
2196	23800219601	AIGLE D OR_ANKOAY-NOIR P40	PAIRE	68 000	0			0	1	
2309	23800230901	AIGLE D OR_ANKOAY-NOIR P41	PAIRE	-	0			0	1	
2197	23800219701	AIGLE D OR_ANKOAY-NOIR P42	PAIRE	68 000	0			0	1	
2198	23800219801	AIGLE D OR_ANKOAY-NOIR P43	PAIRE	68 000	0			0	1	
2256	23800225601	AIGLE D OR_ANKOAY-NOIR P44	PAIRE	68 000	0			0	1	
2187	15600218701	AIGLE D OR_DIHY-MARRON P36	PAIRE	68 000	0			0	1	
2188	15600218801	AIGLE D OR_DIHY-MARRON P40	PAIRE	68 000	0			0	1	
2205	23800220501	AIGLE D OR_FEHINY-NOIR P41	PAIRE	68 000	0			0	1	
2206	23800220601	AIGLE D OR_FEHINY-NOIR P42	PAIRE	68 000	0			0	1	
2207	23800220701	AIGLE D OR_FEHINY-NOIR P43	PAIRE	68 000	0			0	1	
2825	23800282501	AIGLE D OR_ILOAINA-MAR P36	PAIRE	78 000	0			0	1	
2826	23800282601	AIGLE D OR_ILOAINA-MAR P37	PAIRE	78 000	0			0	1	
2827	23800282701	AIGLE D OR_ILOAINA-MAR P38	PAIRE	78 000	0			0	1	
2823	23800282301	AIGLE D OR_ILOAINA-MAR P40	PAIRE	78 000	0			0	1	
2822	23800282201	AIGLE D OR_ILOAINA-MAR P41	PAIRE	78 000	0			0	1	
2821	23800282101	AIGLE D OR_ILOAINA-MAR P42	PAIRE	78 000	0			0	1	
2820	23800282001	AIGLE D OR_ILOAINA-NOIR P39	PAIRE	78 000	0			0	1	
2816	23800281601	AIGLE D OR_ILOAINA-NOIR P40	PAIRE	78 000	0			0	1	
2819	23800281901	AIGLE D OR_ILOAINA-NOIR P41	PAIRE	78 000	0			0	1	
2818	23800281801	AIGLE D OR_ILOAINA-NOIR P42	PAIRE	78 000	0			0	1	
2817	23800281701	AIGLE D OR_ILOAINA-NOIR P43	PAIRE	78 000	0			0	1	
2828	23800282801	AIGLE D OR_ILOAINA-NOIR P44	PAIRE	78 000	0			0	1	
2814	23800281401	AIGLE D OR_ITOKIANA-MAR P36	PAIRE	73 000	0			0	1	
2809	23800280901	AIGLE D OR_ITOKIANA-MAR P38	PAIRE	73 000	0			0	1	
2810	23800281001	AIGLE D OR_ITOKIANA-MAR P39	PAIRE	73 000	0			0	1	
2811	23800281101	AIGLE D OR_ITOKIANA-MAR P40	PAIRE	73 000	0			0	1	
2812	23800281201	AIGLE D OR_ITOKIANA-MAR P41	PAIRE	73 000	0			0	1	
2193	23800219301	AIGLE D OR_JORO-NOIR P40	PAIRE	68 000	0			0	1	
2195	23800219501	AIGLE D OR_JORO-NOIR P42	PAIRE	68 000	0			0	1	
2259	23800225901	AIGLE D OR_MAEVA [MARRON] P36	PAIRE	68 000	0			0	1	
2177	23800217701	AIGLE D OR_MAEVA [MARRON] P37	PAIRE	68 000	0			0	1	
2178	23800217801	AIGLE D OR_MAEVA [MARRON] P38	PAIRE	68 000	0			0	1	
2179	23800217901	AIGLE D OR_MAEVA [MARRON] P39	PAIRE	68 000	0			0	1	
2180	23800218001	AIGLE D OR_MAEVA [MARRON] P40	PAIRE	68 000	0			0	1	
2136	23800213601	AIGLE D OR_MAEVA-PAR P36	PAIRE	68 000	0			0	1	
2271	23800227101	AIGLE D OR_MAEVA-PAR P37	PAIRE	68 000	0			0	1	
2272	23800227201	AIGLE D OR_MAEVA-PAR P38	PAIRE	68 000	0			0	1	
2273	23800227301	AIGLE D OR_MAEVA-PAR P39	PAIRE	68 000	0			0	1	
2138	23800213801	AIGLE D OR_MAEVA-PAR P41	PAIRE	68 000	0			0	1	
2144	23800214401	AIGLE D OR_MAHALIANA [OCR] P36	PAIRE	68 000	0			0	1	
2145	23800214501	AIGLE D OR_MAHALIANA [OCR] P39	PAIRE	68 000	0			0	1	
2147	23800214701	AIGLE D OR_MAHALIANA [OCR] P40	PAIRE	68 000	0			0	1	
2148	23800214801	AIGLE D OR_MAHALIANA [OCR] P41	PAIRE	68 000	0			0	1	
2228	23800222801	AIGLE D OR_MAHANDRY-NOIR P39	PAIRE	79 000	0			0	1	
2261	23800226101	AIGLE D OR_MAHANDRY-NOIR P40	PAIRE	79 000	0			0	1	
2262	23800226201	AIGLE D OR_MAHANDRY-NOIR P41	PAIRE	79 000	0			0	1	
2229	23800222901	AIGLE D OR_MAHANDRY-NOIR P42	PAIRE	79 000	0			0	1	
2230	23800223001	AIGLE D OR_MAHANDRY-NOIR P43	PAIRE	79 000	0			0	1	
2621	23800262101	AIGLE D OR_MAHANDRY-NOIR P44	PAIRE	79 000	0			0	1	
2966	23800296601	AIGLE D OR_MAHANDRY-NOIR P45	PAIRE	79 000	0			0	1	
2208	23800220801	AIGLE D OR_MASOANDRO-FOM P35	PAIRE	68 000	0			0	1	
2209	23800220901	AIGLE D OR_MASOANDRO-FOM P37	PAIRE	68 000	0			0	1	
2210	23800221001	AIGLE D OR_MASOANDRO-FOM P38	PAIRE	68 000	0			0	1	
2211	23800221101	AIGLE D OR_MASOANDRO-FOM P39	PAIRE	68 000	0			0	1	
2212	23800221201	AIGLE D OR_MASOANDRO-FOM P41	PAIRE	68 000	0			0	1	
2278	23800227801	AIGLE D OR_MILY-CAR P35	PAIRE	78 000	0			0	1	
2279	23800227901	AIGLE D OR_MILY-CAR P38	PAIRE	78 000	0			0	1	
2280	23800228001	AIGLE D OR_MILY-CAR P39	PAIRE	78 000	0			0	1	
2281	23800228101	AIGLE D OR_MILY-CAR P42	PAIRE	78 000	0			0	1	
2155	23800215501	AIGLE D OR_MISAINA [FOM] P41	PAIRE	68 000	0			0	1	
2975	23800297501	AIGLE D OR_RANTO P39	PAIRE	78 000	0			0	1	
2976	23800297601	AIGLE D OR_RANTO P40	PAIRE	78 000	0			0	1	
2977	23800297701	AIGLE D OR_RANTO P41	PAIRE	78 000	0			0	1	
2978	23800297801	AIGLE D OR_RANTO P42	PAIRE	78 000	0			0	1	
2979	23800297901	AIGLE D OR_RANTO P43	PAIRE	78 000	0			0	1	
2157	23800215701	AIGLE D OR_RIALY [VRV] P37	PAIRE	68 000	0			0	1	
2158	23800215801	AIGLE D OR_RIALY [VRV] P38	PAIRE	68 000	0			0	1	
2159	23800215901	AIGLE D OR_RIALY [VRV] P39	PAIRE	68 000	0			0	1	
2160	23800216001	AIGLE D OR_RIALY [VRV] P40	PAIRE	68 000	0			0	1	
2139	23800213901	AIGLE D OR_SAHOBY [ROB] P35	PAIRE	70 000	0			0	1	
2142	23800214201	AIGLE D OR_SAHOBY [ROB] P41	PAIRE	70 000	0			0	1	
1798	23800179801	AIGLE D OR_SITRAKA-NOIR P39	PAIRE	78 000	0			0	1	
2626	23800262601	AIGLE D OR_SITRAKA-NOIR P40	PAIRE	78 000	0			0	1	
2190	15600219001	AIGLE D OR_SITRAKA-NOIR P41	PAIRE	78 000	0			0	1	
2191	15600219101	AIGLE D OR_SITRAKA-NOIR P42	PAIRE	78 000	0			0	1	
2162	23800216201	AIGLE D OR_SOMONJARA [ROB] P35	PAIRE	68 000	0			0	1	
2163	23800216301	AIGLE D OR_SOMONJARA [ROB] P36	PAIRE	68 000	0			0	1	
2165	23800216501	AIGLE D OR_SOMONJARA [ROB] P38	PAIRE	68 000	0			0	1	
2166	23800216601	AIGLE D OR_SOMONJARA [ROB] P39	PAIRE	68 000	0			0	1	
2168	23800216801	AIGLE D OR_SOMONJARA [ROB] P40	PAIRE	68 000	0			0	1	
2167	23800216701	AIGLE D OR_SOMONJARA [ROB] P41	PAIRE	68 000	0			0	1	
1916	23800191601	AIGLE D OR_TEHITRA-MAR P36	PAIRE	73 000	0			0	1	
2806	23800280601	AIGLE D OR_TEHITRA-MAR P37	PAIRE	73 000	0			0	1	
2807	23800280701	AIGLE D OR_TEHITRA-MAR P38	PAIRE	73 000	0			0	1	
2275	23800227501	AIGLE D OR_TEHITRA-MAR P39	PAIRE	73 000	0			0	1	
2808	23800280801	AIGLE D OR_TEHITRA-MAR P41	PAIRE	73 000	0			0	1	
2173	23800217301	AIGLE D OR_TOKY [MARRON] P39	PAIRE	68 000	0			0	1	
3306	23800330601	AIGLE D OR_TOKY [MARRON] P40	PAIRE	68 000	0			0	1	
2175	23800217501	AIGLE D OR_TOKY [MARRON] P41	PAIRE	68 000	0			0	1	
2174	23800217401	AIGLE D OR_TOKY [MARRON] P42	PAIRE	68 000	0			0	1	
1812	23800181201	AIGLE D OR_TOKY [NOIR] P39	PAIRE	68 000	0			0	1	
2169	23800216901	AIGLE D OR_TOKY [NOIR] P40	PAIRE	68 000	0			0	1	
2170	23800217001	AIGLE D OR_TOKY [NOIR] P41	PAIRE	68 000	0			0	1	
2171	23800217101	AIGLE D OR_TOKY [NOIR] P42	PAIRE	68 000	0			0	1	
2172	23800217201	AIGLE D OR_TOKY [NOIR] P43	PAIRE	68 000	0			0	1	
3452	23800345201	AIGLE DOR FANOVA C P42	PAIRE	82 000	0			0	1	
3342	23800334201	AIGLE DOR FANOVA C P43	PAIRE	80 000	0			0	1	
1526	5093	AIGLE DOR V P 35 - 41	PAIRE	65 000	0	0	0	0	1	
2849	23800284901	AILGE D OR TSIFERANA MAR P39	PAIRE	73 000	0			0	1	
2416	24200241601	AIRPLANE - CHOCO 	PACQUET	9 000	0			0	1	
2416	24200241602	AIRPLANE - CHOCO 	CARTON	270 000	0			0	30	
16	2998	AMPOULE ECONOMIQUE GM	PIECE	15 000	82	0	0	82	1	
17	2999	AMPOULE ECONOMIQUE MN	PIECE	7 000	29	0	0	29	1	
15	2997	AMPOULE ECONOMIQUE PM	PIECE	3 000	17	0	0	17	1	
131	3154	AMPOULE PANNEAU 12 V	PIECE	8 000	944	0	0	944	1	
19	3002	AMPOULE PANNEAU BORY ?	PIECE	3 000	86	0	0	86	1	
1020	4421	AMPOULE RANO 	PIECE	9 000	0	0	0	0	1	
1020	4420	AMPOULE RANO 	CARTON	1 000 000	0	0	0	0	100	
2115	15600211501	AMPOULE RANO 9W	PIECE	5 000	4			4	1	
18	3001	AMPOULE TSOTRA EN PIECE	PIECE	1 000	0	0	0	0	1	
136	3159	ANGADY GM	PIECE	5 000	28	0	0	28	1	
138	3161	ANGADY PM	PIECE	4 000	12	0	0	12	1	
2787	22800278701	ANGOLA BLEU GM	PAQUET	10 500	0			0	1	
2787	22800278702	ANGOLA BLEU GM	CARTON	126 000	0			0	12	
2792	22800279201	ANGOLA BLEU PM	PAQUET	10 500	0			0	1	
2792	22800279202	ANGOLA BLEU PM	CARTON	126 000	0			0	12	
2788	22800278801	ANGOLA ROUGE GM	PAQUET	10 500	0			0	1	
2788	22800278802	ANGOLA ROUGE GM	CARTON	126 000	0			0	12	
2789	22800278901	ANGOLA VERT GM	PAQUET	10 500	0			0	1	
2789	22800278902	ANGOLA VERT GM	CARTON	126 000	0			0	12	
2791	22800279101	ANGOLA VERT PM	PAQUET	10 500	0			0	1	28/02/2025 (-389 jour)
2791	22800279102	ANGOLA VERT PM	CARTON	126 000	0			0	12	28/02/2025 (-389 jour)
111	3129	ANNEAU EN SACHET	SACHET	5 000	0	0	0	0	1	
922	4261	ANTENNE  EN PIECE	PIECE	10 000	23	0	0	23	1	
508	3712	ANTSY EN PIECE	PIECE	4 000	70	0	0	70	1	
924	4267	APOLLO BOLE	BOLE	1 000	0	0	0	0	1	
924	4266	APOLLO BOLE	CARTON	12 000	0	0	0	0	12	
1426	4963	APPAREIL SOUS VIDE GM	PIECE	7 500 000	0	0	0	0	1	
1427	4964	APPAREIL SOUS VIDE MOYENNE	PIECE	6 700 000	2	0	0	2	1	
1428	4965	APPAREIL SOUS VIDE PM	PIECE	3 500 000	1	0	0	1	1	
1466	5021	ASPIRATEUR 1600W VC-78C	PIECE	490 000	0	0	0	0	1	
1941	21800194101	ASPIRATEUR VC - 79C	PIECE	550 000	0			0	1	
24	3008	ATODY	PIECE	600	0	0	0	0	1	
1028	4431	AUTO COLLANT	PAQUET	1 000	34	0	0	34	1	
1512	5075	AY LUX EN PIECE	PIECE	150 000	2	0	0	2	1	
937	4287	BAC A LINGE EN PIECE	PIECE	10 000	0	0	0	0	1	
882	4214	BAGEUTTE	BOITE	0	72	0	0	72	1	
882	4213	BAGEUTTE	CARTON	0	9	0	0	9	8	
1469	5024	BAGUETTE 2.5	PCS	300	0	0	0	0	1	
4437	21900443701	BAGUETTE BASIQUE ELECTRIQUE SARAH V	PAQUET	25 000	0			0	1	
4310	21900431001	BAGUETTE BASIQUE Noir SARAH V	PACQUET	25 000	0			0	1	
4299	21900429901	BAGUETTE BASIQUE VERT SARAH V	PACQUET	25 000	0			0	1	
4501	21900450101	BAGUETTE SAFINOX SARAH V	PACQUET	40 000	0			0	1	
4311	21900431101	BAGUETTE SAF-PRO BLEU SARAH 	PACQUET	-	0			0	1	
2332	24700233201	BAJAJ RE	PIECE	5 000 000	0			0	1	
4194	19200419401	BALAIRA VARY VAO	SAC	50 000	0			0	1	
1581	5182	BALAIRE TSARAMASO MENA	SAC	30 000	0	0	0	0	1	
32	3017	BALANCE 2 PLATEAU FORCE 10KG	PIECE	50 000	2	0	0	2	1	
33	3018	BALANCE 2 PLATEAU FORCE 15KG	PIECE	52 000	1	0	0	1	1	
1187	4627	BALANCE 2 PLATEAU FORCE 20KG	PIECE	57 000	0	0	0	0	1	
1370	4880	BALANCE 2 PLATEAU FORCE 5KG	PIECE	45 000	3	0	0	3	1	
114	3132	BALANCE DEBAKA AVEC PLATEAU	PIECE	59 000	0	0	0	0	1	
3137	21800313701	BALANCE ELECTRONIQUE 60 KG EN PCS	PIECE	210 000	0			0	1	
115	3133	BALANCE MONTRE MIANTONA 100KG	PIECE	59 000	0	0	0	0	1	
35	3020	BALANCE VINTANA	PIECE	29 000	3	0	0	3	1	
151	3177	BALATOM	METRE	9 000	5	0	0	5	1	
151	3178	BALATOM	ROULEAUX	360 000	0,1	0	0	0,1	40	
1641	15600164101	BALATOM TSOTRA	ROULEAUX	199 000	0			0	1	
153	3180	BALLE BABY (LIGHT) PM 0 A 6 ANS	BALLE	730 000	0	0	0	0	1	
3528	23500352801	BALLE BABY 2 OLGA A42	BALLE	690 000	0			0	1	
2955	15600295501	BALLE BABY MASOANDRO	BALLE	770 000	0			0	1	
1156	4591	BALLE BABY MEDIUM JAUNE 	BALLE	590 000	0	0	0	0	1	
2106	23500210601	BALLE BABY P ROUGE	BALLE 	1 320 000	0			0	1	
1166	4601	BALLE BABY RuMAGE 0 À 6 ANS	BALLE	870 000	0	0	0	0	1	
1089	4498	BALLE BABY RUMUNAGE 0 À 12	BALLE	870 000	0	0	0	0	1	
2782	23500278201	BALLE BABY SONO	BALLE 	760 000	0			0	1	
156	3183	BALLE BABY TRANSPARENT (SW)	BALLE	1 290 000	0	0	0	0	1	
1223	4674	BALLE BED COUVERT	BALLE	400 000	0	0	0	0	1	
1328	4818	BALLE CHEMISE BE	BALLE	1 200 000	0	0	0	0	1	
1184	4624	BALLE CHEMISE ENFANT	BALLE	750 000	0	0	0	0	1	
4007	15600400701	BALLE CRYSTAL CLOTHING	BALLE	870 000	0			0	1	
2780	23500278001	BALLE DRAP A49	BALLE	510 000	0			0	1	
1164	4599	BALLE DRAP LUX EN BALLE	BALLE	630 000	0	0	0	0	1	
1158	4593	BALLE DRAP Z5 EN BALLE	BALLE	570 000	0	0	0	0	1	
1153	4588	BALLE FRIP AM 310 EN BALLE	BALLE	500 000	0	0	0	0	1	
4051	15600405101	BALLE FRIPER	BALLE	530 000	0			0	1	
1497	5053	BALLE KAZAKA BONJOUR MADAGASCAR	BALLE	390 000	0	0	0	0	1	
1474	5029	BALLE KAZAKA SOI CAI	BALLE	745 000	0	0	0	0	1	
1023	4424	BALLE KAZAKA SOI DG	BALLE	670 000	0	0	0	0	1	
1157	4592	BALLE KIDS EXLISIVE EN BALLE	BALLE	950 000	0	0	0	0	1	
3532	23500353201	BALLE MAILLOT ENSEMBLE	BALLE	1 110 000	0			0	1	
980	4350	BALLE MEDIUM RUMMAGE LMR-02/03	BALLE	490 000	0	0	0	0	1	
1350	4847	BALLE MELLE 80KG	BALLE	690 000	0	0	0	0	1	
1598	5205	BALLE MELLE CARTON	BALLE	390 000	0	0	0	0	1	
1686	23500168601	BALLE MELLE DABO	BALLE	420 000	0			0	1	
1492	5047	BALLE MELLE ENFANT ET	BALLE	590 000	0	0	0	0	1	
1459	5009	BALLE MELLE JOKER	BALLE	480 000	0	0	0	0	1	
159	3186	BALLE MELLE ORANGE GM	BALLE	840 000	0	0	0	0	1	
1154	4589	BALLE MELLE SAMMER MIX LUX EN BALLE	BALLE	580 000	0	0	0	0	1	
1152	4587	BALLE MELLE SUMMER MIX GM	BALLE	750 000	0	0	0	0	1	
978	4347	BALLE MELLE SUMMER MIX PM	BALLE	750 000	0	0	0	0	1	
4499	23500449901	BALLE MS74	BALLE	530 000	0			0	1	
2784	23500278401	BALLE PANT GARGO A27	BALLE 	750 000	0			0	1	
3534	23500353401	BALLE PANTA COURT 45KG	BALLE	320 000	0			0	1	
1356	4855	BALLE POLO HOMME	BALLE	370 000	0	0	0	0	1	
2781	23500278101	BALLE RIDEAU A50	BALLE	510 000	0			0	1	
1506	5064	BALLE RIDEAU BANDE NOIR	BALLE	1 650 000	0	0	0	0	1	
3535	23500353501	BALLE RIDEAU P. ROSE / VERTE	BALLE	900 000	0			0	1	
1088	4497	BALLE RIDEAU VOIL AM 222	BALLE	870 000	0	0	0	0	1	
161	3188	BALLE RIDEAU VOIL CTL	BALLE	1 690 000	0	0	0	0	1	
1159	4594	BALLE RIDEAU VOILE LUX GM EN BALLE	BALLE	1 720 000	0	0	0	0	1	
1160	4595	BALLE RIDEAU VOILE PM	BALLE	900 000	1	0	0	1	1	
1078	4484	BALLE RIMAGE BLEU	BALLE	450 000	0	0	0	0	1	
1222	4673	BALLE ROBE CHOIX A15	BALLE	950 000	0	0	0	0	1	
1353	4852	BALLE ROBE COTON DRESSE SLEVLESS	BALLE	780 000	0	0	0	0	1	
1163	4598	BALLE ROBE ENFANT LUX EN BALLE	BALLE	650 000	0	0	0	0	1	
1077	4483	BALLE ROBE SACHET	BALLE	1 460 000	0	0	0	0	1	
1405	4928	BALLE ROBE SACHET GIRL	BALLE	1 490 000	0	0	0	0	1	
1939	23500193901	BALLE ROBE SOI C A I 	BALLE	1 070 000	0			0	1	
162	3189	BALLE ROBE SOI PM	BALLE	950 000	0	0	0	0	1	
925	4268	BALLE ROBE TENDANCE	BALLE	800 000	0	0	0	0	1	
155	3182	BALLE SHORT BE POSY	BALLE	1 400 000	0	0	0	0	1	
1161	4596	BALLE SHORT ENFANT	BALLE	1 490 000	0	0	0	0	1	
1091	4500	BALLE SHORT ENFANT AM 173	BALLE	930 000	0	0	0	0	1	
1499	5055	BALLE SHORT MAILLOT	BALLE	650 000	0	0	0	0	1	
3539	23500353901	BALLE SHORT PLAGE A31	BALLE	850 000	0			0	1	
1355	4854	BALLE SHORT PLAGE S19-3	BALLE	880 000	0	0	0	0	1	
1373	4884	BALLE SLIN SNIKI	BALLE	620 000	0	0	0	0	1	
3542	23500354201	BALLE SOUTIEN COALA	BALLE	580 000	0			0	1	
3544	23500354401	BALLE T SHIRT P. VERT	BALLE	630 000	0			0	1	
2785	23500278501	BALLE T SHIRT POLO 45KG	BALLE	620 000	0			0	1	
160	3187	BALLE TOP MODE	BALLE	450 000	0	0	0	0	1	
1467	5022	BALLE TOP SUMMER MIX	BALLE	390 000	0	0	0	0	1	
1397	4915	BALLE T-SHIRT ENFANT	BALLE	670 000	0	0	0	0	1	
2783	23500278301	BALLE VESTE JEAN	BALLE	660 000	0			0	1	
1110	4534	BALLON FOOT JAUNE	PIECE	120 000	0	0	0	0	1	
165	3193	BALLON FOOT LUX	PIECE	60 000	0	0	0	0	1	
164	3191	BALLON TSOTRA	PIECE	5 000	0	0	0	0	1	
1113	4537	BALOM EN PIECE	PIECE	50	130	0	0	130	1	
2751	24000275101	BAOBA CITRON 50CL	BOUTEILLE	6 500	0			0	1	30/09/2024 (-540 jour)
2751	24000275102	BAOBA CITRON 50CL	CARTON	78 000	0			0	12	30/09/2024 (-540 jour)
2748	24000274801	BAOBA FRAISE 50CL	BOUTEILLE	6 500	0			0	1	30/09/2024 (-540 jour)
2748	24000274802	BAOBA FRAISE 50CL	CARTON	78 000	0			0	12	30/09/2024 (-540 jour)
2750	24000275001	BAOBA GRENADINE 50CL	BOUTEILLE	6 500	0			0	1	30/08/2024 (-571 jour)
2750	24000275002	BAOBA GRENADINE 50CL	CARTON	78 000	0			0	12	30/08/2024 (-571 jour)
2749	24000274901	BAOBA MENTHE 50CL	BOUTEILLE	6 500	0			0	1	
2749	24000274902	BAOBA MENTHE 50CL	CARTON	78 000	0			0	12	
2752	24000275201	BAOBA ORANGE MANDARINE 50CL	BOUTEILLE	6 500	0			0	1	30/09/2024 (-540 jour)
2752	24000275202	BAOBA ORANGE MANDARINE 50CL	CARTON	78 000	0			0	12	30/09/2024 (-540 jour)
167	3195	BARAMINE	PIECE	8 000	55	0	0	55	1	
793	4102	BARBELET	ROULEA	90 000	53	0	0	53	1	
3139	19200313901	BAREA ATM	SAC	112 000	0			0	1	
676	3921	BARIKA VY	PIECE	150 000	1	0	0	1	1	
1182	4621	BARRETTE	PIECE	500	38	0	0	38	1	
172	3200	BAT JARRET 150A	PIECE	100 000	0	0	0	0	1	
1149	4584	BATTERIE 100AH TOPISEM EN PIECE	CARTON	390 000	0	0	0	0	1	
170	3198	BATTERIE 105 AH CS	PIECE	310 000	0	0	0	0	1	
1062	4466	BATTERIE 105 AH CS 	PIECE	260 000	0	0	0	0	1	
1068	4473	BATTERIE 120 AH CS SANS ENTRETIEN	PIECE	350 000	0	0	0	0	1	
950	4308	BATTERIE 150AH YOUSHEN	PIECE	580 000	0	0	0	0	1	
177	3205	BATTERIE 200 AH CS	PIECE	620 000	0	0	0	0	1	
707	3979	BATTERIE 2E CHOIX 	PIECE	80 000	0	0	0	0	1	
1235	4689	BATTERIE 2E CHOIX VISCA	PIECE	80 000	0	0	0	0	1	
931	4279	BATTERIE 36 AH CS 	PIECE	170 000	0	0	0	0	1	
753	4047	BATTERIE 36 AH CS AVEC ENTRETIEN	PIECE	90 000	0	0	0	0	1	
930	4278	BATTERIE 45 AH SANS ENTRETIEN	PIECE	230 000	0	0	0	0	1	
181	3209	BATTERIE 4A	PIECE	40 000	0	0	0	0	1	
957	4321	BATTERIE 55AH YOUSHEN	PIECE	270 000	0	0	0	0	1	
982	4352	BATTERIE 60 AH CS	PIECE	210 000	0	0	0	0	1	
171	3199	BATTERIE 60A	PIECE	160 000	0	0	0	0	1	
182	3210	BATTERIE 70A	PIECE	140 000	1	0	0	1	1	
183	3211	BATTERIE 75A	PIECE	170 000	0	0	0	0	1	
983	4353	BATTERIE 80 AH CS	PIECE	280 000	0	0	0	0	1	
173	3201	BATTERIE JARRET 200A	PIECE	100 000	0	0	0	0	1	
1335	4826	BATTERIE JARRET OCCASION 200AH	PIECE	200 000	0	0	0	0	1	
993	4372	BATTERIE MAINTSO CARTON 100AH	PIECE	370 000	0	0	0	0	1	
992	4371	BATTERIE MAINTSO CARTON 120AH	PIECE	370 000	0	0	0	0	1	
994	4373	BATTERIE MAINTSO CARTON 150AH	PIECE	540 000	0	0	0	0	1	
995	4374	BATTERIE MAINTSO CARTON 200AH	PIECE	670 000	0	0	0	0	1	
990	4367	BATTERIE MAINTSO CARTON 50AH	PIECE	240 000	0	0	0	0	1	
991	4370	BATTERIE MAINTSO CARTON 80AH	PIECE	300 000	0	0	0	0	1	
169	3197	BATTERIE MOTO 4A	PIECE	40 000	23	0	0	23	1	
174	3202	BATTERIE MOTO 5A	PIECE	50 000	63	0	0	63	1	
538	3749	BATTERIE MOTO 7A	PIECE	45 000	4	0	0	4	1	
175	3203	BATTERIE PROFESSIONNELLE 100A	PIECE	180 000	1	0	0	1	1	
184	3213	BATTERIE SOLAIRE 100A	PIECE	350 000	0	0	0	0	1	
3552	23700355201	BATTERIE SOLAIRE 120A	PIECE	380 000	0			0	1	
176	3204	BATTERIE SOLAIRE 150A	PIECE	450 000	0	0	0	0	1	
178	3206	BATTERIE SOLAIRE 38A	PIECE	110 000	1	0	0	1	1	
3550	23700355001	BATTERIE SOLAIRE 50A	PIECE	220 000	1			1	1	
185	3214	BATTERIE SOLAIRE 5A	PIECE	50 000	0	0	0	0	1	
3551	23700355101	BATTERIE SOLAIRE 65A	PIECE	230 000	1			1	1	
1482	5037	BATTERIE STAR 105AH	PCS	300 000	0	0	0	0	1	
1481	5036	BATTERIE STAR 120AH	PCS	340 000	0	0	0	0	1	
1483	5038	BATTERIE STAR 80AH	PCS	260 000	0	0	0	0	1	
180	3208	BATTERIE TSOTRA 200A	PIECE	490 000	0	0	0	0	1	
2793	15600279301	BAUME KATRAFAY	PIECE	400	19			19	1	
2793	15600279302	BAUME KATRAFAY	PAQUET	7 000	0,9			0,9	20	
2793	15600279303	BAUME KATRAFAY	CARTON	-	0,1			0,1	240	
905	4242	BBA [ PLASTIQUE ] PM PAQUET DE 12	PAQUET	28 000	0	0	0	0	1	22/04/2021 (-1797 jour)
188	3980	BERYL EN BARRE	BARRE	5 500	0	0	0	0	1	
188	3218	BERYL EN BARRE	CARTON	65 000	0	0	0	0	12	
187	4857	BERYL POUDRE	SACHET	250	0	0	0	0	1	
187	3217	BERYL POUDRE	CARTON	29 000	0	0	0	0	150	
1016	4413	BERYL POUDRE EN SAC	SAC	42 000	0	0	0	0	1	
1539	5114	BEURRE EVET	PIECE	2 800	0	0	0	0	1	05/08/2022 (-1327 jour)
1539	21500153902	BEURRE EVET	CARTON	83 000	0	0	0	0	30	05/08/2022 (-1327 jour)
1992	21500199201	BEURRE TEREMA 200G	PIECE	2 800	0			0	1	26/07/2022 (-1337 jour)
1992	21500199202	BEURRE TEREMA 200G	CARTON	83 000	0			0	30	26/07/2022 (-1337 jour)
677	3922	BIG BAG	PIECE	10 000	20	0	0	20	1	
4037	21500403701	BIG BOY WAFER BISCUIT 40PCS	BOCAL	15 000	0			0	1	
4037	21500403702	BIG BOY WAFER BISCUIT 40PCS	CARTON	240 000	0			0	16	
812	3752	BIG EN BOUTEILL GM	BOUTEI	4 000	0	0	0	0	1	
812	4126	BIG EN BOUTEILL GM	PAQUET	24 000	0	0	0	0	6	
189	3993	BIGTOX	BOITE	900	0	0	0	0	1	31/05/2023 (-1028 jour)
189	3219	BIGTOX	CARTON	50 000	0	0	0	0	60	31/05/2023 (-1028 jour)
2949	22500294901	BISCUIT 4X4 GLUCOSE BE	PCS	200	0			0	1	30/09/2023 (-906 jour)
2949	22500294902	BISCUIT 4X4 GLUCOSE BE	SACHET	2 000	0			0	10	30/09/2023 (-906 jour)
2949	22500294903	BISCUIT 4X4 GLUCOSE BE	CARTON	47 000	0			0	240	30/09/2023 (-906 jour)
1907	22500190701	BISCUIT 4X4 GO	SACHET	2 000	0			0	1	30/06/2023 (-998 jour)
1907	22500190702	BISCUIT 4X4 GO	CARTON	36 000	0			0	18	30/06/2023 (-998 jour)
1429	4967	BISCUIT ANITA	PIECE	500	0	0	0	0	1	
1429	4966	BISCUIT ANITA	CARTON	11 000	0	0	0	0	24	
752	4046	BISCUIT CREAMOZ	PAQUET	5 400	0	0	0	0	1	
752	4045	BISCUIT CREAMOZ	CARTON	27 000	0	0	0	0	5	
4268	22500426801	BISCUIT CRUNCH Coated Wafer	BOITE	8 800	2			2	1	01/05/2024 (-692 jour)
4268	22500426802	BISCUIT CRUNCH Coated Wafer	CARTON	210 000	0,1			0,1	24	01/05/2024 (-692 jour)
233	3994	BISCUIT DELICE CHOCO	PAQUET	2 000	0	0	0	0	1	
233	3307	BISCUIT DELICE CHOCO	CARTON	46 000	0	0	0	0	24	
2948	22500294801	BISCUIT FAMILY VANILLE	PIECES	300	0			0	1	31/08/2023 (-936 jour)
2948	22500294802	BISCUIT FAMILY VANILLE	SACHET	3 000	0			0	10	31/08/2023 (-936 jour)
2948	22500294803	BISCUIT FAMILY VANILLE	CARTON	53 000	0			0	180	31/08/2023 (-936 jour)
2778	22500277801	BISCUIT FARILAC 	SACHET	7 900	0			0	1	01/05/2024 (-692 jour)
2778	22500277802	BISCUIT FARILAC 	CARTON	47 000	0			0	6	01/05/2024 (-692 jour)
1349	4846	BISCUIT KREMY	SACHET	1 600	0	0	0	0	1	
1349	4845	BISCUIT KREMY	CARTON	24 000	0	0	0	0	15	
3830	22500383001	BISCUIT LEXUS CRACKERS 	BOITE	9 000	15			15	1	01/10/2025 (-174 jour)
3830	22500383002	BISCUIT LEXUS CRACKERS 	CARTON	90 000	1,5			1,5	10	01/10/2025 (-174 jour)
379	3561	BISCUIT LORA	PIECE	2 000	0	0	0	0	1	
379	3527	BISCUIT LORA	CARTON	47 000	0	0	0	0	24	
3181	22500318101	BISCUIT MAHABIBO	PAQUET	2 100	0			0	1	01/10/2024 (-539 jour)
3181	22500318102	BISCUIT MAHABIBO	CARTON	29 000	0			0	14	01/10/2024 (-539 jour)
3846	22500384601	BISCUIT MAHABIBO PIECE	PIECE	200	0			0	1	
2019	22500201901	BISCUIT MILK FRESH 	SACHET	2 500	0			0	1	
2019	22500201902	BISCUIT MILK FRESH 	CARTON	25 000	0			0	10	
1172	4609	BISCUIT NICE BLEU GM 	SACHET	2 800	0	0	0	0	1	01/10/2024 (-539 jour)
1172	4608	BISCUIT NICE BLEU GM 	CARTON	28 000	0	0	0	0	10	01/10/2024 (-539 jour)
1365	4871	BISCUIT NICE BLEU PM 	SACHET	2 400	0	0	0	0	1	01/10/2025 (-174 jour)
1365	4870	BISCUIT NICE BLEU PM 	CARTON	24 000	0	0	0	0	10	01/10/2025 (-174 jour)
1352	4851	BISCUIT NUTRIVIT 3 EN CARTON	SACHET	1 000	0	0	0	0	1	
1352	4850	BISCUIT NUTRIVIT 3 EN CARTON	CARTON	27 300	0	0	0	0	27	
1351	4849	BISCUIT NUTRIVIT 6	SACHET	2 000	0	0	0	0	1	
1351	4848	BISCUIT NUTRIVIT 6	CARTON	36 000	0	0	0	0	18	
1366	4873	BISCUIT OLEO GM EN CARTON	SACHET	2 800	0	0	0	0	1	
1366	4872	BISCUIT OLEO GM EN CARTON	CARTON	28 000	0	0	0	0	10	
1367	4875	BISCUIT OLEO PM EN CARTON	SACHET	2 500	0	0	0	0	1	
1367	4874	BISCUIT OLEO PM EN CARTON	CARTON	25 000	0	0	0	0	10	
830	4150	BISCUIT SABLITO	SACHET	5 800	0	0	0	0	1	
830	4149	BISCUIT SABLITO	CARTON	46 000	0	0	0	0	8	
666	3906	BISCUIT SAIDA WAFER	PIECE	1 300	0	0	0	0	1	18/08/2023 (-949 jour)
666	3905	BISCUIT SAIDA WAFER	CARTON	36 000	0	0	0	0	28	18/08/2023 (-949 jour)
1226	4679	BISCUIT SALT KISS	SACHET	4 000	0	0	0	0	1	
1226	4678	BISCUIT SALT KISS	CARTON	48 000	0	0	0	0	12	
4022	22500402201	BISCUIT SMILY CREAMZ	SACHET	4 500	0			0	1	
4022	22500402202	BISCUIT SMILY CREAMZ	CARTON	45 000	0			0	10	
2908	22500290801	BISCUIT SUPER CHOCO 	SACHET	850	0			0	1	
2908	22500290802	BISCUIT SUPER CHOCO 	CARTON	36 000	0			0	41	
2303	22500230301	BISCUIT SUPER COCO 	SACHET	850	0			0	1	30/11/2023 (-845 jour)
2303	22500230302	BISCUIT SUPER COCO 	CARTON	36 000	0			0	41	30/11/2023 (-845 jour)
986	4365	BISCUIT SUPER MARIE 	SACHET	6 500	0	0	0	0	1	31/08/2024 (-570 jour)
986	4357	BISCUIT SUPER MARIE 	CARTON	65 000	0	0	0	0	10	31/08/2024 (-570 jour)
1569	5161	BISCUIT YUM YUM	PIECE	2 000	0	0	0	0	1	31/10/2021 (-1605 jour)
1569	5160	BISCUIT YUM YUM	CARTON	48 000	0	0	0	0	24	31/10/2021 (-1605 jour)
831	4152	BISCUITS YUP	SACHET	1 900	0	0	0	0	1	
831	4151	BISCUITS YUP	CARTON	22 000	0	0	0	0	12	
841	4166	BISKY CHOCO	SACHET	1 900	0	0	0	0	1	30/04/2022 (-1424 jour)
841	4165	BISKY CHOCO	CARTON	30 000	0	0	0	0	16	30/04/2022 (-1424 jour)
190	3221	BISKY TEEN	SACHET	1 800	0	0	0	0	1	
190	3220	BISKY TEEN	CARTON	28 000	0	0	0	0	6	
976	4343	BLACK ENERGY DRINK	PIECE	1 500	0	0	0	0	1	
976	4344	BLACK ENERGY DRINK	CARTON	36 000	0	0	0	0	24	
1609	5221	BLEDILAIT CROISSANCE N°3 400g	BOITE	27 000	0	0	0	0	1	12/12/2023 (-833 jour)
1609	5219	BLEDILAIT CROISSANCE N°3 400g	CARTON	324 000	0	0	0	0	12	12/12/2023 (-833 jour)
1859	21500185901	BLEDILAIT CROISSANCE N°3 900g	BOITE	59 000	0			0	1	16/11/2024 (-493 jour)
1859	21500185902	BLEDILAIT CROISSANCE N°3 900g	CARTON	354 000	0			0	6	16/11/2024 (-493 jour)
1860	21500186001	BLEDILAIT JUNIOR 400G	BOITE	25 000	0			0	1	
1860	21500186002	BLEDILAIT JUNIOR 400G	CARTON	300 000	0			0	12	
1608	5223	BLEDILAIT JUNIOR 800g	BOITE	51 700	0	0	0	0	1	01/10/2025 (-174 jour)
1608	5218	BLEDILAIT JUNIOR 800g	CARTON	620 000	0	0	0	0	12	01/10/2025 (-174 jour)
1610	5222	BLEDILAIT N°1 900g	BOITE	47 000	0	0	0	0	1	
1610	5220	BLEDILAIT N°1 900g	CARTON	282 000	0	0	0	0	6	
191	3222	BLEU DAZUR(SHT)	PAQUET	1 500	0	0	0	0	1	
191	3223	BLEU DAZUR(SHT)	CARTON	36 000	0	0	0	0	24	
194	3227	BOCAL 1 LITRE	PIECE	2 000	0	0	0	0	1	
192	3225	BOCAL 2 LITRE	PIECE	2 800	0	0	0	0	1	
2252	15600225201	BOCAL 2 LITRE " KAFEZA "	PIECE	-	0			0	1	
1942	15600194201	BOCAL 3 LITRE	PIECE	3 500	0			0	1	
193	3226	BOCAL PM	PIECE	3 000	0	0	0	0	1	
3327	15600332701	BOCAL VIDE CREAM WAFER	PIECE	2 000	0			0	1	
1267	4732	BOIS DE SAPIN 3EME CHOIX	PIECE	2 000	0	0	0	0	1	
1126	4551	BOIS ROND	PIECE	1 000	0	0	0	0	1	
1263	4725	BOISSON 50CL EN BOUTEILLE	BOUTEI	2 000	17	0	0	17	1	
1945	23900194501	BOISSON AMERICAN COLA PM	PACQUET	20 000	0			0	1	
1323	4813	BOISSON BIG ANANAS GM	PAQUET	29 000	0	0	0	0	1	25/08/2022 (-1307 jour)
2243	21500224301	BOISSON BIG CITRON VERT GM	PACQUET	29 000	0			0	1	
1321	4811	BOISSON BIG COLA GM	PAQUET	20 000	0	0	0	0	1	31/03/2023 (-1089 jour)
1322	4812	BOISSON BIG ORANGE GM	PAQUET	29 000	0	0	0	0	1	14/09/2022 (-1287 jour)
813	4127	BOISSON BIG PM ANANAS	PAQUET	15 000	0	0	0	0	1	31/01/2023 (-1148 jour)
2238	21500223801	BOISSON BIG PM CITRON VERT	PACQUET	15 000	0			0	1	30/11/2022 (-1210 jour)
1325	4815	BOISSON BIG PM COLA	PAQUET	15 000	0	0	0	0	1	12/08/2022 (-1320 jour)
1324	4814	BOISSON BIG PM ORANGE	PAQUET	15 000	0	0	0	0	1	31/08/2023 (-936 jour)
1946	23900194601	BOISSON BUBBLE UP LEMON PM	PACQUET	20 000	0			0	1	
2687	23900268701	BOISSON DJINO COLA 125CL	PACQUET	25 000	0			0	1	
2244	23900224401	BOISSON DJINO COLA 150CL	PACQUET	30 000	0			0	1	30/06/2022 (-1363 jour)
1929	23900192901	BOISSON DJINO COLA 35CL	PACQUET	20 000	0			0	1	13/02/2024 (-770 jour)
1930	23900193001	BOISSON DJINO LIMONADE 35CL	PACQUET	20 000	1			1	1	17/02/2024 (-766 jour)
3114	23900311401	BOISSON DJINO PM 	BOUTEIL	2 000	0			0	1	
2688	23900268801	BOISSON DJINO TROPICAL 125CL	PACQUET	25 000	0			0	1	22/10/2023 (-884 jour)
2240	21500224001	BOISSON DJINO TROPICAL 150CL	PACQUET	29 000	0			0	1	09/08/2022 (-1323 jour)
1931	23900193101	BOISSON DJINO TROPICAL ORANGE 35CL	PACQUET	20 000	0			0	1	29/01/2024 (-785 jour)
1317	4805	BOISSON FANTA  [ PLASTIQUE ]PM	PAQUET	17 000	0	0	0	0	1	
1548	5128	BOISSON FANTA POMME GM	PAQUET	32 000	0	0	0	0	1	
1947	23900194701	BOISSON PLANET ORANGE PM	PACQUET	20 000	0			0	1	
1285	4757	BOISSON SODA PM EN PAQUET	PAQUET	17 000	0	0	0	0	1	
2412	23900241201	BOISSON_VERRE 1LITRE	CAGEOT	38 000	0			0	1	
2708	23900270801	BOISSON_VERRE 1LITRE	BOUTEILLE	-	1			1	1	
196	3230	BOLO DUO	SACHET	2 800	0	0	0	0	1	31/12/2022 (-1179 jour)
196	3229	BOLO DUO	CARTON	67 000	0	0	0	0	24	31/12/2022 (-1179 jour)
1326	4816	BOLO EN PIECE	PIECE	200	0	0	0	0	1	
1541	5118	BOLO PEPITOS	SACHET	2 000	0	0	0	0	1	31/03/2020 (-2184 jour)
1541	5117	BOLO PEPITOS	CARTON	30 000	0	0	0	0	15	31/03/2020 (-2184 jour)
2768	23600276801	BONBON  CHOCO BOCAL OVAL	BOCAL	29 000	0			0	1	
2768	23600276802	BONBON  CHOCO BOCAL OVAL	CARTON	261 000	0			0	9	
3247	23600324701	BONBON  CHOCO BOCAL OVAL	PIECE	100	0			0	1	
2767	23600276701	BONBON AMENDAS	SACHET	14 000	0			0	1	
2767	23600276702	BONBON AMENDAS	CARTON	336 000	0			0	24	
906	4243	BONBON ANGLAIS PM EN PQT	PAQUET	17 000	0	0	0	0	1	
3922	23600392201	BONBON ASSORTED JU-C	BOCAL	12 000	0			0	1	
3922	23600392202	BONBON ASSORTED JU-C	CARTON	192 000	0			0	16	
737	4028	BONBON BELO	SACHET	9 000	0	0	0	0	1	
737	4027	BONBON BELO	CARTON	18 000	0	0	0	0	12	
1425	4962	BONBON BOUTEIT SACHET	SACHET	3 000	0	0	0	0	1	
1412	4942	BONBON BROCHETTE	PAQUET	3 000	0	0	0	0	1	
1412	4941	BONBON BROCHETTE	SAC	149 000	0	0	0	0	50	
900	4236	BONBON BUTTER	SACHET	2 500	0	0	0	0	1	
900	4235	BONBON BUTTER	CARTON	50 000	0	0	0	0	20	
1700	23600170001	BONBON CHANTILLY 	SACHET	5 000	0			0	1	25/09/2021 (-1641 jour)
1700	23600170002	BONBON CHANTILLY 	CARTON	119 000	0			0	24	25/09/2021 (-1641 jour)
2300	23600230001	BONBON CHOCO BEAN 	BOITE	10 000	0			0	1	14/04/2023 (-1075 jour)
2300	23600230002	BONBON CHOCO BEAN 	CARTON	120 000	0			0	12	14/04/2023 (-1075 jour)
1012	4407	BONBON COCA COLA	SACHET	2 500	0	0	0	0	1	
1012	4406	BONBON COCA COLA	CARTON	60 000	0	0	0	0	20	
1011	4405	BONBON COEUR KIDY	SACHET	3 000	0	0	0	0	1	30/11/2021 (-1575 jour)
1011	4404	BONBON COEUR KIDY	CARTON	60 000	0	0	0	0	20	30/11/2021 (-1575 jour)
1571	5164	BONBON COEUR TONGUE	SACHET	3 500	0	0	0	0	1	
1571	5163	BONBON COEUR TONGUE	CARTON	70 000	0	0	0	0	20	
3512	23600351201	BONBON COFFEE	SACHET	3 800	1			1	1	
3512	23600351202	BONBON COFFEE	CARTON	76 000	0			0	24	
1138	4566	BONBON COLA	SACHET	6 800	0	0	0	0	1	
1138	4565	BONBON COLA	CARTON	163 000	0	0	0	0	24	
938	4289	BONBON CONTRE TOUX MANTHE EN CARTON	CARTON	0	0	0	0	0	1	
1440	4982	BONBON EN PIECE	PIECE	0	0	0	0	0	1	
1900	23600190001	BONBON ERLAN	SACHET	4 000	0			0	1	25/04/2026 (31 jour)
1900	23600190002	BONBON ERLAN	CARTON	165 000	0			0	28	25/04/2026 (31 jour)
1013	4411	BONBON FANTY	SACHET	2 500	0	0	0	0	1	
1013	4408	BONBON FANTY	CARTON	50 000	0	0	0	0	20	
1902	23600190201	BONBON FINGER SPRING	SACHET	9 900	0			0	1	
1902	23600190202	BONBON FINGER SPRING	CARTON 	118 800	0			0	12	
2694	23600269401	BONBON FLAMINGO	SACHET	15 500	0			0	1	
2694	23600269402	BONBON FLAMINGO	CARTON	248 000	0			0	16	
4113	21500411301	BONBON FRUIT FLASH TOFFE BOCAL	BOCAL	17 000	0			0	1	
4113	21500411302	BONBON FRUIT FLASH TOFFE BOCAL	CARTON	153 000	0			0	9	
1014	4410	BONBON FRUIT MAN	SACHET	2 000	0	0	0	0	1	
1014	4409	BONBON FRUIT MAN	CARTON	50 000	0	0	0	0	20	
4110	23600411001	BONBON FRUIT SLICE ORANGE	SACHET	12 000	0			0	1	
4110	23600411002	BONBON FRUIT SLICE ORANGE	CARTON	140 000	0			0	12	
4062	21500406201	BONBON FRUTO FILLS	SACHET	5 000	0			0	1	
4062	21500406202	BONBON FRUTO FILLS	CARTON	150 000	0			0	30	
1908	23600190801	BONBON FUNNY BIRDS 	BOITE	19 000	0			0	1	
1908	23600190802	BONBON FUNNY BIRDS 	CARTON	228 000	0			0	12	
1448	4993	BONBON GLASS	SACHET	5 000	0	0	0	0	1	24/04/2021 (-1795 jour)
1448	4992	BONBON GLASS	CARTON	100 000	0	0	0	0	20	24/04/2021 (-1795 jour)
1009	4401	BONBON JUNGEL	SACHET	7 000	0	0	0	0	1	
1009	4400	BONBON JUNGEL	CARTON	140 000	0	0	0	0	20	
1139	4568	BONBON JUNGLE EN CRT	BOCAL	5 000	0	0	0	0	1	
1139	4567	BONBON JUNGLE EN CRT	CARTON	60 000	0	0	0	0	12	
1414	4945	BONBON LOVE DROPS	SACHET	8 000	0	0	0	0	1	30/09/2020 (-2001 jour)
1414	4944	BONBON LOVE DROPS	CARTON	96 000	0	0	0	0	12	30/09/2020 (-2001 jour)
801	4112	BONBON LUX EN SACHET	SACHET	9 000	0	0	0	0	1	
1230	4684	BONBON MENTHE EN SACHET	SACHET	3 000	0	0	0	0	1	
1327	4817	BONBON MILK	SACHET	2 000	0	0	0	0	1	
1320	4810	BONBON MILK FLAVOR	SACHET	3 000	0	0	0	0	1	
1320	4809	BONBON MILK FLAVOR	CARTON	120 000	0	0	0	0	40	
1383	4897	BONBON MILK STICK FLAVOR	SACHET	2 000	0	0	0	0	1	
1144	4577	BONBON OLIVE BOCAL EN CARTON	BOCAL	7 000	0	0	0	0	1	
1144	4576	BONBON OLIVE BOCAL EN CARTON	CARTON	108 000	0	0	0	0	12	
1988	23600198801	BONBON OPERA	SACHET	4 500	0			0	1	31/10/2023 (-875 jour)
1988	23600198802	BONBON OPERA	CARTON	72 000	0			0	16	31/10/2023 (-875 jour)
4114	21500411401	BONBON PARTY BOMB TOFFE BOCAL	BOCAL	17 000	0			0	1	
4114	21500411402	BONBON PARTY BOMB TOFFE BOCAL	CARTON	153 000	0			0	9	
1007	4396	BONBON PERATRA	SACHET	7 000	0	0	0	0	1	
1007	4394	BONBON PERATRA	CARTON	140 000	0	0	0	0	20	
3194	23600319401	BONBON RING LOLLIPOP 	BOCAL	25 700	0			0	1	24/07/2024 (-608 jour)
3194	23600319402	BONBON RING LOLLIPOP 	CARTON	205 000	0			0	8	24/07/2024 (-608 jour)
3871	23600387101	BONBON RING LOLLIPOP SHT	SACHET	12 000	0			0	1	
197	3231	BONBON RONONO EN SACHET	SACHET	2 500	0	0	0	0	1	
197	3232	BONBON RONONO EN SACHET	SAC	290 000	0	0	0	0	100	
987	4362	BONBON SAMAH	SACHET	7 000	0	0	0	0	1	
987	4358	BONBON SAMAH	CARTON	112 000	0	0	0	0	16	
989	4364	BONBON SARAH	SACHET	3 000	0	0	0	0	1	
989	4363	BONBON SARAH	CARTON	60 000	0	0	0	0	20	
1006	4392	BONBON SILLY BILLY	SACHET	5 000	0	0	0	0	1	
1006	4389	BONBON SILLY BILLY	CARTON	79 000	0	0	0	0	16	
2770	23600277001	BONBON SIMON CANDY GIG FRUIT	SACHET	9 000	0			0	1	
2770	23600277002	BONBON SIMON CANDY GIG FRUIT	CARTON	144 000	0			0	16	
2771	23600277101	BONBON SIMON CANDY GIG MILK ASS	SACHET	9 000	0			0	1	
2771	23600277102	BONBON SIMON CANDY GIG MILK ASS	CARTON	144 000	0			0	16	
2769	23600276901	BONBON SIMON DUE	SACHET	9 000	0			0	1	31/08/2023 (-936 jour)
2769	23600276902	BONBON SIMON DUE	CARTON	144 000	0			0	16	31/08/2023 (-936 jour)
3721	23600372101	BONBON SPEED RACING	BOITE	13 000	0			0	1	05/05/2026 (41 jour)
3721	23600372102	BONBON SPEED RACING	CARTON	260 000	0			0	20	05/05/2026 (41 jour)
1363	4868	BONBON SUCETTE BOCAL TONGUE	BOCAL	12 000	0	0	0	0	1	
1363	4867	BONBON SUCETTE BOCAL TONGUE	CARTON	96 000	0	0	0	0	8	
3178	23600317801	BONBON SUCETTE FRUIT LOLLIPOP	SACHET	3 000	0			0	1	
3178	23600317802	BONBON SUCETTE FRUIT LOLLIPOP	SAC	60 000	0			0	20	
3177	23600317701	BONBON SUCETTE MILK LOLLIPOP	SACHET	3 000	0			0	1	
3177	23600317702	BONBON SUCETTE MILK LOLLIPOP	SAC	60 000	0			0	20	
1431	4972	BONBON SUCETTE PATATI PATATA	SACHET	7 000	0	0	0	0	1	
1431	4971	BONBON SUCETTE PATATI PATATA	CARTON	167 000	0	0	0	0	24	
3100	23600310001	BONBON SUCETTE PM CHOCO CARAMEL	SACHET	2 500	0			0	1	
3100	23600310002	BONBON SUCETTE PM CHOCO CARAMEL	CARTON	50 000	0			0	20	
3930	23600393001	BONBON SUCETTE PM CHOCO VANILLA	SACHET	2 500	0			0	1	
3930	23600393002	BONBON SUCETTE PM CHOCO VANILLA	CARTON	50 000	0			0	20	
3929	23600392901	BONBON SUCETTE PM COLA	SACHET	2 500	0			0	1	
3929	23600392902	BONBON SUCETTE PM COLA	CARTON	50 000	0			0	20	
901	4238	BONBON SUPA	SACHET	5 000	0	0	0	0	1	
901	4237	BONBON SUPA	CARTON	99 000	0	0	0	0	20	
3826	23600382601	BONBON SUPA FILLED	SACHET	4 000	0			0	1	01/05/2026 (37 jour)
3826	23600382602	BONBON SUPA FILLED	CARTON	80 000	0			0	20	01/05/2026 (37 jour)
4065	23600406501	BONBON SUPER MILK CANDY	SACHET	2 900	16			16	1	
4065	23600406502	BONBON SUPER MILK CANDY	CARTON	58 000	0,8			0,8	20	
988	4361	BONBON SUSSETTE BOCAL	BOCAL	9 000	0	0	0	0	1	
988	4359	BONBON SUSSETTE BOCAL	CARTON	54 000	0	0	0	0	6	
4012	21500401201	BONBON SWEET CUP CHOCO BOCAL	BOCAL	13 000	0			0	1	01/07/2026 (98 jour)
4012	21500401202	BONBON SWEET CUP CHOCO BOCAL	CARTON	156 000	0			0	12	01/07/2026 (98 jour)
4180	23600418001	BONBON SWITCH POP	SACHET	3 400	0			0	1	01/11/2026 (221 jour)
4180	23600418002	BONBON SWITCH POP	CARTON	68 000	0			0	20	01/11/2026 (221 jour)
1005	4387	BONBON TAMARIN GM	SACHET	9 000	0	0	0	0	1	30/11/2021 (-1575 jour)
1005	4385	BONBON TAMARIN GM	CARTON	90 000	0	0	0	0	10	30/11/2021 (-1575 jour)
1573	5168	BONBON TAMARIN PM	SACHET	2 000	0	0	0	0	1	30/09/2021 (-1636 jour)
1573	5167	BONBON TAMARIN PM	CARTON	120 000	0	0	0	0	48	30/09/2021 (-1636 jour)
1140	4570	BONBON TARZAN EN CARTON	BOCAL	5 000	0	0	0	0	1	
1140	4569	BONBON TARZAN EN CARTON	CARTON	60 000	0	0	0	0	12	
1407	4932	BONBON TELEPHONE	SACHET	3 500	0	0	0	0	1	
1407	4931	BONBON TELEPHONE	CARTON	149 000	0	0	0	0	30	
1008	4399	BONBON TENIS	SACHET	5 000	0	0	0	0	1	
1008	4398	BONBON TENIS	CARTON	100 000	0	0	0	0	20	
1143	4575	BONBON TENNIS BUBBLE GUM BOCAL 	BOCAL	12 000	0	0	0	0	1	14/10/2025 (-161 jour)
1143	4574	BONBON TENNIS BUBBLE GUM BOCAL 	CARTON	114 000	0	0	0	0	12	14/10/2025 (-161 jour)
4026	23600402601	BONBON TIK TOK GUM VITO	SACHET	9 900	0			0	1	01/08/2027 (494 jour)
4026	23600402602	BONBON TIK TOK GUM VITO	CARTON	158 400	0			0	16	01/08/2027 (494 jour)
1464	5019	BONBON TONGUE PAINTER	SACHET	4 000	0	0	0	0	1	01/10/2024 (-539 jour)
1464	5018	BONBON TONGUE PAINTER	CARTON	99 000	0	0	0	0	20	01/10/2024 (-539 jour)
1010	4403	BONBON TWISTER	SACHET	9 000	0	0	0	0	1	
1010	4402	BONBON TWISTER	CARTON	144 000	0	0	0	0	16	
2951	23600295101	BONBON YOLO POP	SACHET	9 500	0			0	1	
2951	23600295102	BONBON YOLO POP	CARTON	152 000	0			0	16	
2016	23600201601	BONITA CHOCOLATE	PIECE	500	0			0	1	26/11/2022 (-1214 jour)
2016	23600201602	BONITA CHOCOLATE	BOITE	12 000	0			0	24	26/11/2022 (-1214 jour)
2016	23600201603	BONITA CHOCOLATE	CARTON	72 000	0			0	144	26/11/2022 (-1214 jour)
2015	23600201501	BONITA COCO	PIECE	500	0			0	1	01/12/2022 (-1209 jour)
2015	23600201502	BONITA COCO	BOITE	12 000	0			0	24	01/12/2022 (-1209 jour)
2015	23600201503	BONITA COCO	CARTON	72 000	0			0	144	01/12/2022 (-1209 jour)
1270	4735	BOUGIE 2E CHOIX GM	PAQUET	2 000	0	0	0	0	1	
1271	4736	BOUGIE 2E CHOIX MN	PAQUET	0	0	0	0	0	1	
2426	23000242601	BOUGIE ANITA	PACQUET	3 300	0			0	1	
2426	23000242602	BOUGIE ANITA	CARTON	165 000	0			0	50	
1723	15600172301	BOUGIE BALIAKA GM	PAQUET	3 000	0			0	1	
1723	15600172302	BOUGIE BALIAKA GM	CARTON	120 000	0			0	40	
348	3485	BOUGIE GM	PACQUE	2 800	0	0	0	0	1	
348	3487	BOUGIE GM	CARTON	112 000	0	0	0	0	40	
1207	4656	BOUGIE JUMBO MN	PAQUET	2 000	0	0	0	0	1	
1207	4655	BOUGIE JUMBO MN	CARTON	95 000	0	0	0	0	48	
926	4270	BOUGIE MOYENNE	PAQUET	2 500	0	0	0	0	1	
926	4269	BOUGIE MOYENNE	CARTON	0	0	0	0	0	30	
346	3480	BOUGIE MOYENNE GEFCO	PAQUET	2 600	0	0	0	0	1	
346	3479	BOUGIE MOYENNE GEFCO	CARTON	130 000	0	0	0	0	50	
347	3484	BOUGIE PM	PAQUET	1 000	0	0	0	0	1	
347	3486	BOUGIE PM	CARTON	80 000	0	0	0	0	80	
3857	23600385701	BRACELET JUMP CANDY 9G	BOITE	12 500	0			0	1	01/06/2026 (68 jour)
3857	23600385702	BRACELET JUMP CANDY 9G	CARTON	250 000	0			0	20	01/06/2026 (68 jour)
844	4169	BRIQUE DE  VERRE EN PIECE	PIECE	12 000	0	0	0	0	1	
679	3925	BRIQUE DE VERRE EN CARTON	CARTON	72 000	0	0	0	0	1	
790	4096	BRIQUET 007	BOITE	14 000	0	0	0	0	1	
790	4095	BRIQUET 007	CARTON	279 000	0	0	0	0	20	
1857	21900185701	BRIQUET BAREA 	BOITE	17 000	0			0	1	
1857	21900185702	BRIQUET BAREA 	CARTON	340 000	0			0	20	
201	3237	BRIQUET EN PIECE	PIECE	200	0	0	0	0	1	
2794	15600279401	BRIQUET STAR 	BOITE	19 000	0			0	1	
2794	15600279402	BRIQUET STAR 	CARTON	380 000	0			0	20	
544	3761	BRIQUET TOKYO ET XIANDAI	KG	10 000	0	0	0	0	1	
544	3760	BRIQUET TOKYO ET XIANDAI	BOITE	12 000	0	0	0	0	20	
1019	4419	BROSS A DENT FORMULA EN BOITE	BOITE	11 000	0	0	0	0	1	
1463	5017	BROSSE A DENT COLGATE EN PAQUET	PIECE	1 300	0	0	0	0	1	30/09/2021 (-1636 jour)
1463	5016	BROSSE A DENT COLGATE EN PAQUET	PAQUET	15 000	0	0	0	0	120	30/09/2021 (-1636 jour)
1018	4417	BROSSE A DENT FORMULA EN CRT	CARTON	132 000	0	0	0	0	1	
2709	15600270901	BROSSE A DENT TRIKA 	PIECE	1 000	0			0	1	
2709	15600270902	BROSSE A DENT TRIKA 	BOITE	11 000	0			0	12	
205	3242	BROSSE A DENT TSOTRA EN PACQUET	PAQUET	2 000	0	0	0	0	1	
206	3243	BROSSE A DENT ZAZA EN PACQUET	PAQUET	2 000	0	0	0	0	1	
4302	21900430201	BROSSE METALIQUE SARAH V	PIECE	-	0			0	1	
4305	21900430501	BROSSE RASTA-pm SARAH V	PIECE	-	0			0	1	
3962	23600396201	BUBBLE STICK 	BOITE	7 000	0			0	1	
3962	23600396202	BUBBLE STICK 	CARTON	140 000	0			0	20	
4008	23600400801	BUBBLE STICK PIECE	PIECE	250	0			0	1	
2247	23600224701	BUBLE_CIRCLE	SACHET	11 000	0			0	1	31/10/2023 (-875 jour)
2247	23600224702	BUBLE_CIRCLE	CARTON	330 000	0			0	30	31/10/2023 (-875 jour)
1472	5027	CACHE POUSSIERE	PIECE	0	0	0	0	0	1	
3249	15600324901	CAFARTOX	PIECE	1 000	0			0	1	
3249	15600324902	CAFARTOX	CARTON	500 000	0			0	100	
2297	15600229701	CAGEOT [ CONSIGNATION ]	PIECE	17 000	0			0	1	
1242	3249	CAHIER 100P CHEVALIER	PAQUET	8 000	0	0	0	0	1	
1242	4696	CAHIER 100P CHEVALIER	CARTON	0	0	0	0	0	20	
1244	3250	CAHIER 100P CHEVALIER GF EN PAQUET	PAQUET	12 000	0	0	0	0	1	
1244	4698	CAHIER 100P CHEVALIER GF EN PAQUET	CARTON	120 000	0	0	0	0	10	
1509	5072	CAHIER 100P CLASSINN	PAQUET	11 000	0	0	0	0	1	
1509	5071	CAHIER 100P CLASSINN	CARTON	220 000	0	0	0	0	20	
1252	4710	CAHIER 100P EVERYDAY GF	PAQUET	9 500	0	0	0	0	1	
1252	4711	CAHIER 100P EVERYDAY GF	CARTON	0	0	0	0	0	20	
2659	22700265901	CAHIER 100P GRAND FORMAT (PIÈCE)	PIECE	1 500	0			0	1	
1250	4708	CAHIER 100P PREMIER GF	PAQUET	12 000	0	0	0	0	1	
1250	4707	CAHIER 100P PREMIER GF	CARTON	230 000	0	0	0	0	20	
1239	3253	CAHIER 200P CHEVALIER	PAQUET	8 000	0	0	0	0	1	
1239	4693	CAHIER 200P CHEVALIER	CARTON	150 000	0	0	0	0	20	
1243	3254	CAHIER 200P CHEVALIER GF	PAQUET	12 500	0	0	0	0	1	
1243	4697	CAHIER 200P CHEVALIER GF	CARTON	150 000	0	0	0	0	12	
1241	4346	CAHIER 200P GAZELE	PAQUET	8 000	0	0	0	0	1	
1241	4695	CAHIER 200P GAZELE	CARTON	160 000	0	0	0	0	20	
2658	22700265801	CAHIER 200P GRAND FORMAT (PIÈCE)	PIECE	3 000	0			0	1	
1253	4714	CAHIER 200P PREMIER GF	PAQUET	12 500	0	0	0	0	1	
1253	4712	CAHIER 200P PREMIER GF	CARTON	0	0	0	0	0	12	
1254	4713	CAHIER 200P PREMIER GF EN CARTON	CARTON	0	0	0	0	0	1	
1248	4703	CAHIER 200P PREMIER PLUS GF	PAQUET	19 000	0	0	0	0	1	
1248	4704	CAHIER 200P PREMIER PLUS GF	CARTON	228 000	0	0	0	0	12	
1247	4701	CAHIER 200P SCOLAIRE GF	PAQUET	13 000	0	0	0	0	1	
1247	4702	CAHIER 200P SCOLAIRE GF	CARTON	0	0	0	0	0	12	
836	4159	CAHIER 50 PAGE MOYENNE	PAQUET	8 000	0	0	0	0	1	
3775	22700377501	CAHIER BOSSEUR 200P	PIECE	2 500	0			0	1	
1393	4911	CAHIER CALIGRAPHE 100 PAGE 	PAQUET	15 000	0	0	0	0	1	
1393	4910	CAHIER CALIGRAPHE 100 PAGE 	CARTON	299 000	0	0	0	0	20	
1392	4909	CAHIER CALIGRAPHE 200 PAGE	PAQUET	15 000	0	0	0	0	1	
1392	4908	CAHIER CALIGRAPHE 200 PAGE	CARTON	299 000	0	0	0	0	20	
1868	22700186801	CAHIER CHAMPION 100P	PACQUET	14 000	0			0	1	
1868	22700186802	CAHIER CHAMPION 100P	CARTON	279 000	0			0	20	
1869	22700186901	CAHIER CHAMPION 200P	PACQUET	14 000	0			0	1	
1869	22700186902	CAHIER CHAMPION 200P	CARTON	279 000	0			0	20	
1652	22700165201	CAHIER DE DESSIN	PAQUET	17 000	0			0	1	
1652	22700165202	CAHIER DE DESSIN	CARTON	408 000	0			0	24	
2674	22700267401	CAHIER DE DESSIN LAUREAT REF 102	PACQUET	13 000	0			0	1	
2674	22700267402	CAHIER DE DESSIN LAUREAT REF 102	CARTON	312 000	0			0	16	
2673	22700267301	CAHIER DE DESSIN LAUREAT UNI REF 100	PACQUET	13 000	0			0	1	
2673	22700267302	CAHIER DE DESSIN LAUREAT UNI REF 100	CARTON	312 000	0			0	16	
1862	22700186201	CAHIER DIGITAL 200P	PACQUET	10 000	0			0	1	
1862	22700186202	CAHIER DIGITAL 200P	CARTON	199 000	0			0	20	
3326	22700332601	CAHIER DIGITAL 50P	PAQUET	15 000	36			36	1	
3326	22700332602	CAHIER DIGITAL 50P	CARTON	240 000	2,2			2,2	16	
2675	22700267501	CAHIER ECRITURE CALLIGRAPHE REF 5403	PACQUET	14 000	0			0	1	
2675	22700267502	CAHIER ECRITURE CALLIGRAPHE REF 5403	CARTON	336 000	0			0	24	
1653	22700165301	CAHIER ECRITURE LAUREAT	PACQUET	17 000	0			0	1	
1653	22700165302	CAHIER ECRITURE LAUREAT	CARTON	408 000	0			0	24	
1643	22700164301	CAHIER ELITE 100 PAGE	PACQUET	9 000	0			0	1	
1643	22700164302	CAHIER ELITE 100 PAGE	CARTON	144 000	0			0	16	
1642	22700164201	CAHIER ELITE 50 PAGE	PACQUET	12 000	0			0	1	
1642	22700164202	CAHIER ELITE 50 PAGE	CARTON	144 000	0			0	12	
207	3245	CAHIER FRANCE 100P	PAQUET	9 500	0	0	0	0	1	
207	22700020702	CAHIER FRANCE 100P	CARTON	190 000	0	0	0	0	20	
1256	4717	CAHIER FRANCE 200P 	PAQUET	8 000	0	0	0	0	1	
1536	5109	CAHIER HERCULE 50P	PAQUET	12 000	0	0	0	0	1	
1536	5108	CAHIER HERCULE 50P	CARTON	192 000	0	0	0	0	16	
3119	22700311901	CAHIER NITRO 100P	PAQUET	11 500	0			0	1	
3119	22700311902	CAHIER NITRO 100P	CARTON	229 000	0			0	20	
3162	22700316201	CAHIER NITROLINE 100P PF	PAQUET	12 000	0			0	1	
3162	22700316202	CAHIER NITROLINE 100P PF	CARTON	240 000	0			0	20	
3163	22700316301	CAHIER NITROLINE 200P PF	PAQUET	12 000	0			0	1	
3163	22700316302	CAHIER NITROLINE 200P PF	CARTON	240 000	0			0	20	
3161	22700316101	CAHIER NITROLINE 50P PF	PAQUET	13 000	0			0	1	
3161	22700316102	CAHIER NITROLINE 50P PF	CARTON	260 000	0			0	20	
1017	4416	CAHIER PLASTIQUE 100P GF	PIECE	1 600	0	0	0	0	1	
1017	4415	CAHIER PLASTIQUE 100P GF	PAQUET	7 000	0	0	0	0	5	
1880	22700188001	CAHIER SCOLAIRE 100P ( MIKOLO MASO )	PACQUET	14 800	0			0	1	
1880	22700188002	CAHIER SCOLAIRE 100P ( MIKOLO MASO )	CARTON	296 000	0			0	20	
1255	4716	CAHIER SCOLAIRE 100P GF	PAQUET	12 000	0	0	0	0	1	
1255	4715	CAHIER SCOLAIRE 100P GF	CARTON	0	0	0	0	0	12	
1879	22700187901	CAHIER SCOLAIRE 100P TSOTRA	PACQUET	14 800	0			0	1	
1879	22700187902	CAHIER SCOLAIRE 100P TSOTRA	CARTON	296 000	0			0	20	
1870	22700187001	CAHIER SCOLAIRE 200P ( MIKOLO MASO )	PACQUET	14 800	0			0	1	
1870	22700187002	CAHIER SCOLAIRE 200P ( MIKOLO MASO )	CARTON	296 000	0			0	20	
1093	4507	CAHIER SUPER 100P	PAQUET	11 000	0	0	0	0	1	
1093	4503	CAHIER SUPER 100P	CARTON	220 000	0	0	0	0	20	
1095	4509	CAHIER SUPER 200P	PAQUET	10 000	0	0	0	0	1	
1095	4508	CAHIER SUPER 200P	CARTON	140 000	0	0	0	0	20	
1249	4706	CAHIER SUPER GF 200P	PAQUET	12 500	0	0	0	0	1	
1249	4705	CAHIER SUPER GF 200P	CARTON	140 000	0	0	0	0	12	
4440	22700444001	CAHIER TOPS 200P PF	PAQUET	10 000	32			32	1	
1063	4468	CAHIER TOPS 50P PF	PAQUET	13 000	0	0	0	0	1	
1063	4467	CAHIER TOPS 50P PF	CARTON	208 000	0	0	0	0	20	
1079	4486	CAHIER TRIUMPH 50P ( TSOTRA ) PF	PAQUET	0	0	0	0	0	1	
1079	4487	CAHIER TRIUMPH 50P ( TSOTRA ) PF	CARTON	0	0	0	0	0	16	
2246	15600224601	CAISSE MOTO	PIECE 	40 000	0			0	1	
1141	4219	CAKE	PIECE	3 000	0	0	0	0	1	
1141	4572	CAKE	BOITE	18 000	0	0	0	0	6	
1141	4571	CAKE	CARTON	72 000	0	0	0	0	24	
4507	23600450701	CANDY BONBON BONJOURNE COLA BOCAL	BOCAL	12 000	0			0	1	
4507	23600450702	CANDY BONBON BONJOURNE COLA BOCAL	CARTON	144 000	0			0	12	
4508	23600450801	CANDY BONBON BONJOURNE FANTA BOCAL	BOCAL	12 000	0			0	1	
4508	23600450802	CANDY BONBON BONJOURNE FANTA BOCAL	CARTON	144 000	0			0	12	
4506	23600450601	CANDY BONBON BONJOURNE SPRINT BOCAL	BOCAL	12 000	0			0	1	
4506	23600450602	CANDY BONBON BONJOURNE SPRINT BOCAL	CARTON	144 000	0			0	12	
1702	23600170201	CANDY CRUSH	SACHET	10 000	0			0	1	01/10/2021 (-1635 jour)
1702	23600170202	CANDY CRUSH	CARTON	200 000	0			0	20	01/10/2021 (-1635 jour)
3987	23600398701	CANDY KING FANTA ORANGE	SACHET	2 500	0			0	1	
3987	23600398702	CANDY KING FANTA ORANGE	CARTON	50 000	0			0	20	
3985	23600398501	CANDY KING MIX FRUITS	SACHET	2 500	0			0	1	
3985	23600398502	CANDY KING MIX FRUITS	CARTON	50 000	0			0	20	
209	3259	CANTINE	PIECE	25 000	0	0	0	0	1	
3570	21500357001	CAPRICE FANTA ANANAS 1.5L II	PAQUET	28 000	0			0	1	
3252	23600325201	CARAMEL	PIECE	100	0			0	1	
837	4160	CARNET RECU EN PIECE	PIECE	3 000	0	0	0	0	1	
1094	4505	CARNET SUPER (PACQUET DE 10)	PAQUET	2 700	0	0	0	0	1	
1094	4506	CARNET SUPER (PACQUET DE 10)	CARTON	135 000	0	0	0	0	50	
907	4245	CARNET SUPER PQT  DE 15	PAQUET	4 900	0	0	0	0	1	
907	4244	CARNET SUPER PQT  DE 15	CARTON	139 000	0	0	0	0	30	
1102	4520	CARREAU 30 REF 30071	PIECE	3 500	4	0	0	4	1	
1102	4519	CARREAU 30 REF 30071	CARTON	34 000	0,4	0	0	0,4	11	
1103	4522	CARREAU 30 REF 30072	PIECE	3 500	-2	0	0	-2	1	
1103	4521	CARREAU 30 REF 30072	CARTON	34 000	-0,2	0	0	-0,2	11	
1105	4526	CARREAU 30 REF 30138	PIECE	3 000	0	0	0	0	1	
1105	4525	CARREAU 30 REF 30138	CARTON	34 000	0	0	0	0	11	
3150	21900315001	CARREAU 30 REF 303	PIECE	4 500	1			1	1	
3150	21900315002	CARREAU 30 REF 303	M2	49 000	0,1			0,1	11	
1106	4528	CARREAU 30 REF 30357	PIECE	3 500	0	0	0	0	1	
1106	4527	CARREAU 30 REF 30357	CARTON	34 000	0	0	0	0	11	
3151	21900315101	CARREAU 30 REF 310	PIECE	4 500	26			26	1	
3151	21900315102	CARREAU 30 REF 310	M2	49 000	2,4			2,4	11	
1099	4514	CARREAU 30 REF 400-11-1	PIECE	3 500	6	0	0	6	1	
1099	4513	CARREAU 30 REF 400-11-1	CARTON	34 000	0,5	0	0	0,5	11	
3149	21900314901	CARREAU 30 REF AB 3198	PIECE	4 900	8			8	1	
3149	21900314902	CARREAU 30 REF AB 3198	M2	53 000	0,7			0,7	11	
1108	4532	CARREAU 30 REF T33103	PIECE	3 500	7	0	0	7	1	
1108	4531	CARREAU 30 REF T33103	CARTON	34 000	0,6	0	0	0,6	11	
1100	4516	CARREAU 30 REF T33108	PIECE	3 500	3	0	0	3	1	
1100	4515	CARREAU 30 REF T33108	CARTON	34 000	0,3	0	0	0,3	11	
1104	4524	CARREAU 30 REF T33113	PIECE	3 500	5	0	0	5	1	
1104	4523	CARREAU 30 REF T33113	CARTON	34 000	0,5	0	0	0,5	11	
1101	4518	CARREAU 30 REF T33130	PIECE	3 500	39	0	0	39	1	
1101	4517	CARREAU 30 REF T33130	CARTON	34 000	3,5	0	0	3,5	11	
1107	4530	CARREAU 30 REF T33132	PIECE	3 500	7	0	0	7	1	
1107	4529	CARREAU 30 REF T33132	CARTON	34 000	0,6	0	0	0,6	11	
216	3273	CARREAU 40 ( 6 pcs ) 	PIECE	8 500	130	0	0	130	1	
216	3272	CARREAU 40 ( 6 pcs ) 	M²	49 000	21,7	0	0	21,7	6	
213	3267	CARREAU DE 15 BLANC 1METRE CARRÉ	M2	35 000	10	0	0	10	1	
729	4015	CARREAU DE 15 COULEUR 1METRE CARRÉ	M2	40 000	0	0	0	0	1	
1289	4762	CARREAU DE 20 EN CARTON	CARTON	0	0	0	0	0	1	
203	3240	CARREAU DE 20X40 EN PIECE	PIECE	11 000	8	0	0	8	1	
1275	4742	CARREAU DE 30 REF 30000	PIECE	3 500	1	0	0	1	1	
1275	4741	CARREAU DE 30 REF 30000	M²	34 000	0,1	0	0	0,1	11	
1297	4774	CARREAU DE 30 REF 30070	PIECE	3 500	29	0	0	29	1	
1297	4773	CARREAU DE 30 REF 30070	M²	34 000	2,6	0	0	2,6	11	
1277	4747	CARREAU DE 30 REF 30077	PIECE	3 500	5	0	0	5	1	
1277	4745	CARREAU DE 30 REF 30077	M²	34 000	0,5	0	0	0,5	11	
1276	4744	CARREAU DE 30 REF H33-9	PIECE	3 500	1	0	0	1	1	
1276	4743	CARREAU DE 30 REF H33-9	M²	34 000	0,1	0	0	0,1	11	
1266	4731	CARREAU DE 30 REF T33095	PIECE	3 500	5	0	0	5	1	
1266	4730	CARREAU DE 30 REF T33095	M²	34 000	0,5	0	0	0,5	11	
1296	4772	CARREAU DE 30 REF T33119	PIECE	3 500	1	0	0	1	1	
1296	4771	CARREAU DE 30 REF T33119	M²	34 000	0,1	0	0	0,1	11	
215	3271	CARREAU DE 30X20 EN PIECE	PIECE	3 500	0	0	0	0	1	
695	3966	CARREAU DE 30X20 TSISY REFERENCE	CARTON	3 500	0	0	0	0	1	
1568	5169	CARREAU DE 30X30 ( 11 pce )	PIECE	3 500	0	0	0	0	1	
1568	5159	CARREAU DE 30X30 ( 11 pce )	M²	34 000	0	0	0	0	11	
217	3275	CARREAU DE 60	PIECE	30 000	117	0	0	117	1	
217	3274	CARREAU DE 60	CARTON	120 000	29,2	0	0	29,2	4	
1258	4719	CARREAU DE 60 PILA	PIECE	20 000	50	0	0	50	1	
1259	4721	CARREAU DE REF T33107	PIECE	3 500	22	0	0	22	1	
1259	4720	CARREAU DE REF T33107	CARTON	39 000	2	0	0	2	11	
218	3276	CARREAU EN KG 	KG	1 500	0	0	0	0	1	
219	3278	CARREAU MURAL 30X20	PIECE	4 500	545	0	0	545	1	
219	3277	CARREAU MURAL 30X20	CARTON	72 000	34,1	0	0	34,1	16	
220	3279	CARREAU PILA EN PIECE	PIECE	2 500	1111	0	0	1111	1	
3111	21900311101	CARREAU VAKIVAKY	KILOS	1 500	0			0	1	
3265	23600326501	CARS POP	SACHET	4 000	0			0	1	31/08/2024 (-570 jour)
3265	23600326502	CARS POP	CARTON	80 000	0			0	20	31/08/2024 (-570 jour)
38	3024	CASQUE MOTO M	PIECE	29 000	0	0	0	0	1	
1120	4545	CASQUE MOTO MOYENNE YAMAHA EN PIECE	PIECE	29 000	0	0	0	0	1	
39	3025	CASQUE MOTO ZAZA	PIECE	25 000	0	0	0	0	1	
2408	15600240801	CHAMBRE A AIR_GM 750 / 825 R16	PIECE	-	0			0	1	
4030	21500403001	CHAMPIGNONS SHIITAKE 250G	SACHET	45 000	34			34	1	
4030	21500403002	CHAMPIGNONS SHIITAKE 250G	CARTON	1 800 000	0,8			0,8	40	
2576	21500257601	CHAPELLURE	SACHET	7 000	0			0	1	
3553	21500355301	CHEESE BALLS PCE	PIECE	1 000	0			0	1	
222	3983	CHEMISE de DOSSIER	PIECE	300	0	0	0	0	1	
222	3284	CHEMISE de DOSSIER	PAQUET	29 000	0	0	0	0	10	
3920	21500392001	CHILLI POP 	SACHET	12 500	0			0	1	
3920	21500392002	CHILLI POP 	CARTON	150 000	0			0	12	
1722	21500172201	CHIPETTE 100G	SACHET	4 000	0			0	1	
1722	21500172202	CHIPETTE 100G	PAQUET	40 000	0			0	10	
1722	21500172203	CHIPETTE 100G	CARTON	-	0			0	150	
1415	4947	CHOCO BUTTERFLY	SACHET	5 800	0	0	0	0	1	
1415	4946	CHOCO BUTTERFLY	CARTON	174 000	0	0	0	0	30	
1336	4827	CHOCO CUP EN BOCAL	BOCAL	13 000	0	0	0	0	1	
1336	4828	CHOCO CUP EN BOCAL	CARTON	130 000	0	0	0	0	10	
1303	4782	CHOCO CUP TRES BON	BOCAL	13 000	0	0	0	0	1	
1303	4781	CHOCO CUP TRES BON	CARTON	156 000	0	0	0	0	12	
1701	23600170101	CHOCO LOLO	SACHET	5 000	0			0	1	
1701	23600170102	CHOCO LOLO	CARTON	120 000	0			0	24	
1699	23600169901	CHOCO MINI BALLS	BOCAL	15 000	0			0	1	30/04/2024 (-693 jour)
1699	23600169902	CHOCO MINI BALLS	CARTON	150 000	0			0	10	30/04/2024 (-693 jour)
223	3287	CHOCOLAT CHOCHO	PAQUET	11 500	0	0	0	0	1	
223	3288	CHOCOLAT CHOCHO	CARTON	0	0	0	0	0	20	
1403	4925	CHOCOLAT EMERALD BOCAL	BOCAL	17 000	0	0	0	0	1	31/08/2021 (-1666 jour)
1403	4924	CHOCOLAT EMERALD BOCAL	CARTON	102 000	0	0	0	0	6	31/08/2021 (-1666 jour)
884	4110	CHOCOLAT MERVAT	BOITE	18 000	0	0	0	0	1	
884	4216	CHOCOLAT MERVAT	CARTON	144 000	0	0	0	0	8	
2336	23600233601	CHOCOLAT MONTRE 	SACHET	15 000	0			0	1	
2336	23600233602	CHOCOLAT MONTRE 	CARTON	299 000	0			0	20	
1348	4844	CHOCOLAT POUDRE	SACHET	2 000	0	0	0	0	1	
1348	4843	CHOCOLAT POUDRE	CARTON	60 000	0	0	0	0	30	
1449	4995	CHOCOLAT STICK	SACHET	5 000	0	0	0	0	1	
1449	4994	CHOCOLAT STICK	CARTON	179 000	0	0	0	0	30	
3187	22500318701	CHOCOLATE BISCUIT 	BOITE	14 500	0			0	1	24/07/2024 (-608 jour)
3187	22500318702	CHOCOLATE BISCUIT 	CARTON	290 000	0			0	20	24/07/2024 (-608 jour)
4363	21900436301	CHROMATE DE ZINC SARAH V	BOITE	-	0			0	1	
2017	23600201701	CIKIDAY 20G	PIECE	500	0			0	1	01/12/2022 (-1209 jour)
2017	23600201702	CIKIDAY 20G	BOITE	12 000	0			0	24	01/12/2022 (-1209 jour)
2017	23600201703	CIKIDAY 20G	CARTON	72 000	0			0	144	01/12/2022 (-1209 jour)
1886	15600188601	CIMENT AMBITSIKA	SAC	38 000	0			0	1	
1202	4646	CIMENT LOVA	SAC	38 000	0	0	0	0	1	
1227	4680	CIMENT MANDA	SAC	43 000	0	0	0	0	1	
1749	21900174901	CIMENT OMBILAHY	SAC	28 000	0			0	1	
1193	4637	CIMENT POWER	SAC	34 000	0	0	0	0	1	
3596	21900359601	CIMENT POWER VAOVAO	SAC	34 000	0			0	1	
224	3289	CIMENT SOL	SAC	28 000	0	0	0	0	1	
977	4345	CIMENT WP	SAC	31 000	0	0	0	0	1	
1781	15600178101	CITRON MULTI SUPER NATIONAL	BARRE	5 900	0			0	1	
1781	15600178102	CITRON MULTI SUPER NATIONAL	CARTON	94 000	0			0	16	
49	4263	CLE ARMOIRE	PIECE	3 000	188	0	0	188	1	
49	3043	CLE ARMOIRE	BOITE	36 000	15,7	0	0	15,7	12	
50	3044	CLE CASTRE	PIECE	15 000	0	0	0	0	1	
51	3045	CLE SIMPLE EN BOITE	BOITE	5 000	0	0	0	0	1	
52	3046	CLE VACHETTE DOUBLE	PIECE	10 000	0	0	0	0	1	
688	3952	CLE VACHETTE SIMPLE	PIECE	12 000	0	0	0	0	1	
1199	4643	CLE VIPER EN PIECE	PIECE	4 000	0	0	0	0	1	
3212	23900321201	COCA COLA CANETTE 300ML	PIECE	2 500	0			0	1	01/07/2025 (-266 jour)
3212	23900321202	COCA COLA CANETTE 300ML	PAQUET	60 000	0			0	24	01/07/2025 (-266 jour)
1299	4776	COCA COLA PM PAQUET DE 12	PAQUET	20 000	0	0	0	0	1	27/04/2021 (-1792 jour)
860	4191	COCACOLA GM 	PAQUET	29 000	0	0	0	0	1	13/08/2023 (-954 jour)
225	3291	COL FIX	BOITE	45 000	0	0	0	0	1	
2442	22800244201	COLGATE TOTAL PRO 75ML (100G)	PIECE	9 500	0			0	1	
2442	22800244202	COLGATE TOTAL PRO 75ML (100G)	PACQUET	114 000	0			0	12	
2442	22800244203	COLGATE TOTAL PRO 75ML (100G)	CARTON	456 000	0			0	48	
1362	3929	COLORANT	PIECE	2 000	0	0	0	0	1	28/02/2021 (-1850 jour)
1362	4866	COLORANT	PAQUET	20 000	0	0	0	0	10	28/02/2021 (-1850 jour)
1339	4831	CONGELATEUR 258 LITRE	PIECE	2 700 000	0	0	0	0	1	
1340	4832	CONGELATEUR 308 LITRE	PIECE	2 990 000	0	0	0	0	1	
939	4292	CONTRE TOUT MENTHE	SACHET	2 000	0	0	0	0	1	
939	4291	CONTRE TOUT MENTHE	CARTON	39 000	0	0	0	0	20	
3253	23600325301	CONTRE TOUT PIECE	PIECE	100	0			0	1	
227	3295	CONVERT 120WATTS PM	PIECE	60 000	0	0	0	0	1	
228	3296	CONVERT 150WATTS PM	PIECE	42 000	0	0	0	0	1	
62	3060	CONVERTISSEUR  1500WATT LUX	PIECE	590 000	0	0	0	0	1	
61	3059	CONVERTISSEUR  2000 WATT LUX	PIECE	600 000	1	0	0	1	1	
57	3055	CONVERTISSEUR  800 WATTS	PIECE	300 000	0	0	0	0	1	
893	4226	CONVERTISSEUR 1000 W	PIECE	280 000	7	0	0	7	1	
105	3122	CONVERTISSEUR 10000 WATTS	PIECE	85 000	0	0	0	0	1	
55	3053	CONVERTISSEUR 100WATTS	PIECE	30 000	0	0	0	0	1	
58	3056	CONVERTISSEUR 120WATTS	PIECE	40 000	0	0	0	0	1	
64	3063	CONVERTISSEUR 3000WATT LUX	PIECE	730 000	4	0	0	4	1	
63	3062	CONVERTISSEUR 300WATTS	PIECE	70 000	0	0	0	0	1	
65	3064	CONVERTISSEUR 4000WATT LUX	PIECE	850 000	0	0	0	0	1	
67	3066	CONVERTISSEUR 5000 WATT	PIECE	1 190 000	0	0	0	0	1	
66	3065	CONVERTISSEUR 500WATTS	PIECE	90 000	0	0	0	0	1	
68	3067	CONVERTISSEUR 7000WATTS	PIECE	0	0	0	0	0	1	
230	3298	CONVERTISSEUR EN SERIE 500W	PIECE	0	0	0	0	0	1	
1150	4585	CONVERTISSEUR JARRETT 300W	PIECE	90 000	0	0	0	0	1	
1151	4586	CONVERTISSEUR JARRETT 500W	PIECE	110 000	0	0	0	0	1	
719	4002	CONVERTISSEUR OCCASION	PIECE	0	0	0	0	0	1	
1122	4547	CONVERTISSUER JARRETT 1000W	PIECE	290 000	0	0	0	0	1	
69	3068	CONVRTISSEUR 1000 PROFESSIONNEL	PIECE	425 000	3	0	0	3	1	
2701	22500270101	COOKIES  BE	SACHET	15 500	0			0	1	
2701	22500270102	COOKIES  BE	CARTON	248 000	0			0	16	
3201	21500320101	CORN PUFF	SACHET	8 500	0			0	1	
3201	21500320102	CORN PUFF	BALLE	0	0			0	20	
78	3080	CORNIER DE 50	BARRE	169 000	0	0	0	0	1	
4370	21900437001	CORNIERE DE 100 SARAH V	BARRE	-	0			0	1	
1503	5059	CORNIERE DE 20	BARRE	0	0	0	0	0	1	
76	3078	CORNIERE DE 30	BARRE	69 000	0	0	0	0	1	
1134	4560	CORNIERRE DE 80CM X8	BARRE	230 000	0	0	0	0	1	
79	3081	CORRY GM EN CARTON	CARTON	33 000	0	0	0	0	1	
1543	5120	CORRY KELY MORCEAU EN CARTON	CARTON	6 000	0	0	0	0	1	
80	3082	CORRY PM EN CARTON	CARTON	25 000	0	0	0	0	1	
886	4228	COTON	SAC	19 000	0	0	0	0	1	
886	4218	COTON	SACHET	3 000	0	0	0	0	2	
2939	22100293901	COUCHE PAMPERS 	PIECE	1 000	0			0	1	
1195	4639	COUCHE PAMPERS EN PAQUET	PAQUET	32 000	0	0	0	0	1	
1167	4602	COUDE PVC EN PIECE	PIECE	6 000	0	0	0	0	1	
712	3987	COUPES JAVA EN METTRE	METRE	4 000	0	0	0	0	1	
712	3988	COUPES JAVA EN METTRE	PAQUET	40 000	0	0	0	0	10	
1186	4626	COURROIE	PIECE	16 000	0	0	0	0	1	
749	4042	COUVERTURE TITANIC	PIECE	45 000	0	0	0	0	1	
1287	4760	CRAIE BLANCHE CHALK	BOITE	2 000	0	0	0	0	1	
1287	4759	CRAIE BLANCHE CHALK	CARTON	140 000	0	0	0	0	60	
1083	4492	CRAIE BOITE PM	BOITE	600	0	0	0	0	1	
4166	15600416601	CRAYON DE BOIS	PIECE	500	0			0	1	
917	4255	CRAYON DE COULEUR	PAQUET	600	0	0	0	0	1	
231	3300	CREAM GM	PIECE	1 500	0	0	0	0	1	
231	3299	CREAM GM	CARTON	72 000	0	0	0	0	48	
785	3947	CREAM PM EN SACHET	SACHET	1 700	0	0	0	0	1	
785	4090	CREAM PM EN SACHET	CARTON	17 000	0	0	0	0	10	
4034	21500403401	CREAM WAFER OYE BISCUITS	BOITE	18 000	0			0	1	
4034	21500403402	CREAM WAFER OYE BISCUITS	CARTON	324 000	0			0	18	
1775	21500177502	CRISTALINE 100CL	PACQUET	19 000	0,4			0,4	8	30/01/2027 (311 jour)
56	3054	CROCHE GASY	PIECE	800	0	0	0	0	1	
144	3439	CROCHE N 4	PIECE	1 000	0	0	0	0	1	
144	3167	CROCHE N 4	BOITE	12 000	0	0	0	0	12	
84	3090	CROCHE N°08	PIECE	1 000	0	0	0	0	1	
84	3089	CROCHE N°08	BOITE	12 000	0	0	0	0	12	
85	4116	CROCHE N°10	PIECE	1 800	0	0	0	0	1	
85	3091	CROCHE N°10	BOITE	18 000	0	0	0	0	12	
87	3095	CROCHE N°14	PIECE	2 500	0	0	0	0	1	
87	3094	CROCHE N°14	BOITE	24 000	0	0	0	0	12	
232	3306	CUR DENT EN PQT	PAQUET	2 000	0	0	0	0	1	
1420	4954	CURDENT	PAQUET	2 000	0	0	0	0	1	
1112	4536	CURDENT EN BOITE	BOITE	300	0	0	0	0	1	
818	4137	CUVETTE  45 SUPER MADAPLAST	PIECE	5 000	0	0	0	0	1	
1382	4896	CUVETTE 30 NOVA	PIECE	2 500	0	0	0	0	1	
1125	4550	CUVETTE 45 EN PIECE	PIECE	9 000	0	0	0	0	1	
1456	5005	CUVETTE 45D	PIECE	5 000	0	0	0	0	1	
771	4071	CUVETTE 46 GRAVURE	PIECE	6 000	0	0	0	0	1	
1176	4613	CUVETTE 50GRAVURE	PIECE	6 000	0	0	0	0	1	
1124	4549	CUVETTE 50L EN PIECE	PIECE	12 000	0	0	0	0	1	
88	3096	CUVETTE 52 GRAVURE	PIECE	7 000	0	0	0	0	1	
1177	4614	CUVETTE 55 GRAVURE	PIECE	7 000	0	0	0	0	1	
89	3097	CUVETTE AIGLE GM	PIECE	17 000	0	0	0	0	1	
856	4185	CUVETTE AIGLE PM	PIECE	6 000	0	0	0	0	1	
1178	4615	CUVETTE B 40	PIECE	3 500	0	0	0	0	1	
1135	4561	CUVETTE BERYL EN PIECE	PIECE	5 000	0	0	0	0	1	
933	4283	CUVETTE BROUSE LAMBA	PIECE	20 000	0	0	0	0	1	
1520	5087	CUVETTE BYCOLOR 20L	PIECE	5 500	0	0	0	0	1	
1455	5004	CUVETTE BYCOLOR 45L	PIECE	12 000	0	0	0	0	1	
1175	4612	CUVETTE EAGLE 35L	PIECE	9 000	0	0	0	0	1	
1457	5006	CUVETTE EAGLE 40L	PIECE	10 000	0	0	0	0	1	
1419	4953	CUVETTE EAGLE 45L	PIECE	11 000	0	0	0	0	1	
90	3098	CUVETTE GM	PIECE	27 000	0	0	0	0	1	
1127	4552	CUVETTE INOX EN PIECE	PIECE	3 000	0	0	0	0	1	
934	4284	CUVETTE KEPOLY GM	PIECE	24 000	0	0	0	0	1	
1380	4894	CUVETTE OVALE	PIECE	6 500	0	0	0	0	1	
732	4019	CUVETTE PM  M27	PIECE	2 000	0	0	0	0	1	
1332	4823	CUVETTE VAOLINE	PIECE	4 000	0	0	0	0	1	
2746	24000274601	DARBEL CITRON 100CL	BOUTEILLE	9 500	0			0	1	31/08/2024 (-570 jour)
2746	24000274602	DARBEL CITRON 100CL	CARTON	114 000	0			0	12	31/08/2024 (-570 jour)
2743	24000274301	DARBEL FRAISE100CL	BOUTEILLE	9 500	0			0	1	31/08/2024 (-570 jour)
2743	24000274302	DARBEL FRAISE100CL	CARTON	114 000	0			0	12	31/08/2024 (-570 jour)
2745	24000274501	DARBEL GRENADINE 100CL	BOUTEILLE	9 500	0			0	1	31/08/2024 (-570 jour)
2745	24000274502	DARBEL GRENADINE 100CL	CARTON	114 000	0			0	12	31/08/2024 (-570 jour)
2744	24000274401	DARBEL MENTHE 100CL	BOUTEILLE	9 500	0			0	1	
2744	24000274402	DARBEL MENTHE 100CL	CARTON	114 000	0			0	12	
3565	24000356501	DARBEL MENTHE 75CL*12	BOUTEILLE	9 900	0			0	1	
3565	24000356502	DARBEL MENTHE 75CL*12	CARTON 	118 000	0			0	12	
2747	24000274701	DARBEL ORANGE 100CL	BOUTEILLE	9 500	0			0	1	30/09/2024 (-540 jour)
2747	24000274702	DARBEL ORANGE 100CL	CARTON	114 000	0			0	12	30/09/2024 (-540 jour)
916	4254	DEFENG MOTOR	PIECE	50 000	0	0	0	0	1	
3288	24200328801	DELICE CHOCO POUDRE 20G	PIECE	500	505			505	1	01/04/2024 (-722 jour)
3288	24200328802	DELICE CHOCO POUDRE 20G	CARTON	-	2			2	252	01/04/2024 (-722 jour)
2732	21500273201	DELICE CHOCOLAT POUDRE 200G*45	SACHET	5 000	1			1	1	01/07/2026 (98 jour)
2732	21500273202	DELICE CHOCOLAT POUDRE 200G*45	CARTON	225 000	0			0	45	01/07/2026 (98 jour)
2718	21500271801	DELICE LAIT 1KG	SACHET	41 000	0			0	1	06/01/2026 (-77 jour)
2718	21500271802	DELICE LAIT 1KG	CARTON	328 000	0			0	8	06/01/2026 (-77 jour)
3103	21500310301	DELICE LAIT 20G	SACHET	900	0			0	1	15/03/2026 (-9 jour)
3103	21500310302	DELICE LAIT 20G	CARTON	226 800	0			0	252	15/03/2026 (-9 jour)
3104	21500310401	DELICE LAIT 250G	SACHE T	11 000	0			0	1	15/03/2026 (-9 jour)
3104	21500310402	DELICE LAIT 250G	CARTON	352 000	0			0	32	15/03/2026 (-9 jour)
2717	21500271701	DELICE LAIT 500G	SACHET	21 000	0			0	1	05/02/2027 (317 jour)
2717	21500271702	DELICE LAIT 500G	CARTON	336 000	0			0	16	05/02/2027 (317 jour)
1406	4930	DELICIUOS CHIPS	SACHET	6 000	0	0	0	0	1	
1406	4929	DELICIUOS CHIPS	CARTON	179 000	0	0	0	0	30	
1462	5015	DENTIFRICE SIGNAL	PIECE	3 000	0	0	0	0	1	18/10/2021 (-1618 jour)
1462	5014	DENTIFRICE SIGNAL	PAQUET	36 000	0	0	0	0	12	18/10/2021 (-1618 jour)
1462	5013	DENTIFRICE SIGNAL	CARTON	144 000	0	0	0	0	48	18/10/2021 (-1618 jour)
1076	4481	DILUENTE 1L EN PIECE	PIECE	9 000	0	0	0	0	1	
3949	23600394901	DINOSAUR BUBLE GUM	BOCAL	17 000	0			0	1	
3949	23600394902	DINOSAUR BUBLE GUM	CARTON	204 000	0			0	12	
4366	21900436601	DISQUE MEL SARAH V pqt de 10pcs	PACQUET	-	0			0	1	
4297	21900429701	DISQUE MEL SARAH V PQT DE 15PCS	PACQUET	30 000	0			0	1	
795	4104	DOLA AVION	PIECE	15 000	0	0	0	0	1	
108	3126	DOLA CHEVAL DE BOIS	PIECE	20 000	0	0	0	0	1	
788	4093	DOLA PINGOIN	PIECE	15 000	0	0	0	0	1	
365	3506	DOLA SAMBO	PIECE	15 000	0	0	0	0	1	
247	3325	DOMINO GM	BARETT	4 500	0	0	0	0	1	
280	3379	DOMINO PM	BARETT	3 000	1	0	0	1	1	
96	3106	DOUILLE	PIECE	1 000	18	0	0	18	1	
2409	15600240901	DR CONFORT COUCHE ADULTE 6 X L10	PIECE	4 000	0			0	1	07/12/2024 (-472 jour)
2409	15600240902	DR CONFORT COUCHE ADULTE 6 X L10	PAQUET	39 000	0			0	10	07/12/2024 (-472 jour)
2409	15600240903	DR CONFORT COUCHE ADULTE 6 X L10	BALLE	234 000	0			0	60	07/12/2024 (-472 jour)
4307	21900430701	DULIENTE NITRO 416 SARAH V	BOUTEIL	-	0			0	1	
4362	21900436201	DURCISSEUR Chromate de zinc PM SARAH V	BOITE	100 000	0			0	1	
4778	21900477801	DURCISSEUR PEINTURE EPOXY PREMIERE SARAH V	BOITE	-	0			0	1	
238	3316	DVD PORTABLE  10	PIECE	210 000	0	0	0	0	1	
777	4079	DVD PORTABLE 14''	PIECE	240 000	0	0	0	0	1	
1586	5186	EAU DE JAVEL	PIECE	4 000	1	0	0	1	1	
1586	5188	EAU DE JAVEL	CARTON	24 000	0,2	0	0	0,2	6	
101	3115	EAU VIVE PM ( P10 )	PAQUET	11 800	0	0	0	0	1	09/03/2024 (-745 jour)
100	3114	EAU VIVE TALOHA GM	PAQUET	21 000	0	0	0	0	1	14/11/2025 (-130 jour)
243	3321	ECRAN PLAT 19"	PIECE	340 000	0	0	0	0	1	
244	3322	ECRAN PLAT 22" ORDI	PIECE	450 000	0	0	0	0	1	
246	3324	ECRAN PLAT 26" ORDI	PIECE	550 000	0	0	0	0	1	
2101	24300210101	ECRAN PLAT 32"	PIECE	950 000	0			0	1	
242	3320	ECRAN PLAT 40"	PIECE	1 950 000	0	0	0	0	1	
248	3326	ECRAN PLAT 42"	PIECE	1 500 000	0	0	0	0	1	
2100	24300210001	ECRAN PLAT 46"	PIECE	1 700 000	0			0	1	
2099	24300209901	ECRAN PLAT 55"	PIECE	2 200 000	0			0	1	
583	3814	ELASTIQUE EN SACHET	SACHET	3 400	0	0	0	0	1	
1585	4355	ELASTIQUE VOLO	SACHET	5 500	0	0	0	0	1	
1585	5187	ELASTIQUE VOLO	CARTON	0	0	0	0	0	100	
269	3327	ELBEBEC GM EN PQT	PAQUET	13 500	0	0	0	0	1	
269	3357	ELBEBEC GM EN PQT	BALLE	130 000	0	0	0	0	10	
270	3359	ELBEBEC PM EN BALLE	PAQUET	7 000	0	0	0	0	1	
270	3358	ELBEBEC PM EN BALLE	BALLE	69 000	0	0	0	0	10	
996	3363	EMBALAGE VANILLE	PIECE	0	0	0	0	0	1	
996	4040	EMBALAGE VANILLE	EN KG	0	0	0	0	0	16,2	
996	4375	EMBALAGE VANILLE	CARTON	0	0	0	0	0	162	
271	3360	EMBALLAGE TSOTRA	PIECE	200	0	0	0	0	1	
875	4206	ENCRE TAMPON EN PIECE	PIECE	0	0	0	0	0	1	
4168	21900416801	ENCRE TAMPON PELIKAN EN PIECE	PIECE	3 000	6			6	1	
1562	4783	ENVELOPPES FOTSY 	PAQUET	3 000	0	0	0	0	1	
1562	5150	ENVELOPPES FOTSY 	CRTCHE	80 000	0	0	0	0	20	
1562	5151	ENVELOPPES FOTSY 	CARTON	480 000	0	0	0	0	2400	
682	3945	ENVELOPPES PACQUET DE 50	PAQUET	3 500	0	0	0	0	1	
4131	15600413101	ENVELOPPES PAPERLINE	PAQUET	-	7			7	1	
970	4335	ENVELOPPES PAR AVION PACQUET DE 50	PACQUE	3 500	0	0	0	0	1	
632	3866	ENVELOPPES PAR AVION TSOTRA PACQUET DE 25	PACQUE	700	0	0	0	0	1	
683	3946	EPONGE MORCEAU EN BALLE	BALLE	15 000	0	0	0	0	1	
1073	4478	EPONGE PM EN PIECE	PIECE	300	0	0	0	0	1	
1080	4488	EQUERRE EN PIECE	PIECE	500	0	0	0	0	1	
301	3414	ESSENCE HELIX 1L	JERICA	39 000	0	0	0	0	1	
1898	15600189801	ESSUIE TOUT PASTEL	PACQUET	7 000	0			0	1	
1898	15600189802	ESSUIE TOUT PASTEL	CARTON	250 000	0			0	36	
128	3146	ETAGERE KIRARO LUX	PIECE	0	0	0	0	0	1	
274	3369	ETAGERE KIRARO NOIR	PIECE	40 000	0	0	0	0	1	
880	4211	EXTANCERE EN PIECE	PIECE	3 000	565	0	0	565	1	
879	4210	EXTANCERE LUX EN SACHET	SACHET	4 000	0	0	0	0	1	
3229	15600322901	EXTRA PROPRE	PIECE	300	0			0	1	
579	3809	FACTURE EN PIECE	PIECE	0	0	0	0	0	1	
918	4256	FACTURE PM	PIECE	2 000	0	0	0	0	1	
277	3375	FAITIERE 2M	PIECE	19 000	0	0	0	0	1	
2801	15600280101	FAMAFA 1003 TSOTRA 	PIECE	5 000	0			0	1	
2801	15600280102	FAMAFA 1003 TSOTRA 	CARTON	216 000	0			0	50	
2802	15600280201	FAMAFA 907 MANCHE BLANC	PIECE	7 000	0			0	1	
2802	15600280202	FAMAFA 907 MANCHE BLANC	CARTON	350 000	0			0	50	
2420	15600242001	FAMAFA B11	PIECE	9 000	0			0	1	
279	3377	FAMAFA LUX	PIECE	8 000	0	0	0	0	1	
1779	15600177901	FAMAFA LUX 308 	PIECE	9 000	0			0	1	
1671	15600167101	FAMAFA LUX VAO	PIECE	6 000	0			0	1	
1671	15600167102	FAMAFA LUX VAO	CARTON	288 000	0			0	48	
1687	15600168701	FAMAFA LUX VTP MM	PIECE	8 000	0			0	1	
1687	15600168702	FAMAFA LUX VTP MM	CARTON	-	0			0	50	
3878	15600387801	FAMAFA RASTA 300G	PIECE	10 000	0			0	1	
1778	15600177801	FAMAFA TEEPEE	PIECE	7 000	0			0	1	
278	3376	FAMAFA TSOTRA	PIECE	5 000	0	0	0	0	1	
98	3111	FAMAFA VY	PIECE	1 000	0	0	0	0	1	
127	3145	FAMAKY EN PIECE	PIECE	10 000	0	0	0	0	1	
281	3380	FANALA GM	PIECE	15 000	0	0	0	0	1	
282	3381	FANALA PM	PIECE	9 000	0	0	0	0	1	
2401	23800240101	FANORONA MAR P39	PAIRE	69 000	0			0	1	
2402	23800240201	FANORONA MAR P40	PAIRE	69 000	0			0	1	
2403	23800240301	FANORONA MAR P41	PAIRE	69 000	0			0	1	
2404	23800240401	FANORONA MAR P42	PAIRE	69 000	0			0	1	
2405	23800240501	FANORONA MAR P43	PAIRE	69 000	0			0	1	
861	4192	FANTA ORANGE GM	PAQUET	29 000	0	0	0	0	1	24/07/2022 (-1339 jour)
887	4220	FANTA PM PAQUET DE 12	PAQUET	20 000	0	0	0	0	1	04/04/2020 (-2180 jour)
3768	16100376801	FARINE DEEM LAND 50KG	SAC	209 000	0	0		0	1	
4133	16100413301	FARINE EAGLE EN SAC 50KG	SAC	205 000	0	0		0	1	
283	3382	FARINE EGYPTE	SAC	123 000	0	0	0	0	1	31/03/2021 (-1819 jour)
284	3384	FARINE ERIS	SAC	124 000	0	0	0	0	1	01/10/2021 (-1635 jour)
3762	16100376201	FARINE MAGNEVA 50KG 	SAC	138 000	0	0		0	1	
3974	16100397401	FARINE MAHERY 50KG 	SAC	138 000	0	0		0	1	
747	4039	FARINE SAVA	SAC	0	0	0	0	0	1	
1658	15600165801	FATANA A GAZ	PIECE	69 000	0			0	1	
463	3635	FATANA MITSISY	PIECE	12 000	0	0	0	0	1	
1441	4984	FECULE 1KG	SACHET	8 000	0	0	0	0	1	
1441	4983	FECULE 1KG	CARTON	0	0	0	0	0	16	
249	3330	FER A CHARBON	PIECE	25 000	1	0	0	1	1	
255	3336	FER COURANT GM	PIECE	59 000	0	0	0	0	1	
256	3337	FER COURANT PM	PIECE	35 000	0	0	0	0	1	
1311	4797	FER POUTRELLE H	BARRE	150 000	0	0	0	0	1	
1678	21900167801	FER U 	PIECE	270 400	0			0	1	
1471	5026	FIL CAMERA	METRE	3 000	0	0	0	0	1	
1318	4806	FIL ROUGE NOIR	PAQUET	10 000	0	0	0	0	1	
234	3308	FILO MACHINE COUDRE	PAQUET	2 000	46	0	0	46	1	
865	4196	FILO PARASY PAQUET DE 10	PAQUET	400	0	0	0	0	1	
1260	4722	FILTER OIL FOTSY	PIECE	35 000	0	0	0	0	1	
3834	15600383401	FILTRE A HUILE	PIECE	6 000	0			0	1	
3835	15600383501	FILTRE GASOIL 	PIECE	6 000	0			0	1	
3858	23600385801	FINGER PACIFIER 5G	PAQUET	12 500	0			0	1	01/06/2026 (68 jour)
3858	23600385802	FINGER PACIFIER 5G	CARTON	300 000	0			0	24	01/06/2026 (68 jour)
696	3967	FINGOTRA PERATRA EN SACHET	SACHET	500	0	0	0	0	1	
2406	15600240601	FLASK GM TRAPPE 1100/1200 R20 	PIECE	100 000	0			0	1	
2407	15600240701	FLASK PM TRAPPE (750/700 - 650-16)	PIECE	100 000	0			0	1	
883	4215	FLECHE EN PIECE	PIECE	1 000	0	0	0	0	1	
1507	5068	FLORESTAL SUCETTE	SACHET	7 000	0	0	0	0	1	
1507	5067	FLORESTAL SUCETTE	CARTON	168 000	0	0	0	0	24	
1547	5127	FONTERA LAIT EN SAC	SAC	0	0	0	0	0	1	
259	3341	FONTERA ROUGE EN KG	KG	0	0	0	0	0	1	
1494	5050	FONTERA VEGETABLE 1/2KG EN SACHET	1/2KG	0	0	0	0	0	1	
1646	22800164601	FORMULA PM	PACQUET	10 000	0			0	1	22/11/2021 (-1583 jour)
1646	22800164602	FORMULA PM	CARTON	119 000	0			0	12	22/11/2021 (-1583 jour)
4241	21500424101	FORTUNE COCONUT 1L	BOUTEILLE	40 000	0			0	1	
4241	21500424102	FORTUNE COCONUT 1L	CARTON	480 000	0			0	12	
4240	21500424001	FORTUNE VANILLA 1L	BOUTEILLE	40 000	0			0	1	
4240	21500424002	FORTUNE VANILLA 1L	CARTON	480 000	0			0	12	
549	3770	FOURCHETTE LUXE EN PQT	PAQUET	10 000	0	0	0	0	1	
550	3771	FOURCHETTE TSOTRA	PAQUET	4 000	0	0	0	0	1	
1197	4641	FRAIS AMBODIKILO	VOYAGE	100 000	17	0	0	17	1	
848	4175	FRAIS AMBODITANGENA	VOYAGE	80 000	2	0	0	2	1	
899	4234	FRAIS ANDRAVOLASOA	VOYAGE	160 000	35,5	0	0	35,5	1	
9	2991	FRAIS DE RANSPORT AMBODIMANGA	VOYAGE	450 000	11	0	0	11	1	
521	3727	FRAIS DE TRANPORT SANDRAKATSY	VOYAGE	450 000	42	0	0	42	1	
1165	4600	FRAIS DE TRANSPORT	VOYAGE	10 000	3	0	0	3	1	
7	2989	FRAIS DE TRANSPORT AMBATOFITARAFANA	VOYAGE	80 000	13	0	0	13	1	
8	2990	FRAIS DE TRANSPORT AMBIAMAMY	VOYAGE	20 000	7	0	0	7	1	
969	4334	FRAIS DE TRANSPORT AMBODIATAFANA	VOYAGE	100 000	42	0	0	42	1	
10	2992	FRAIS DE TRANSPORT AMBODIRAVINA	VOYAGE	120 000	2	0	0	2	1	
130	3152	FRAIS DE TRANSPORT AMBODISATRANA	VOYAGE	100 000	16	0	0	16	1	
14	2996	FRAIS DE TRANSPORT AMBODITSARA	VOYAGE	150 000	1	0	0	1	1	
11	2993	FRAIS DE TRANSPORT AMBODIVANDROZANA	VOYAGE	500 000	4	0	0	4	1	
12	2994	FRAIS DE TRANSPORT AMBODIVOANGY	VOYAGE	80 000	9	0	0	9	1	
13	2995	FRAIS DE TRANSPORT AMBODIVOANIO	VOYAGE	130 000	19	0	0	19	1	
129	3151	FRAIS DE TRANSPORT AMBODIVOHITRA	VOYAGE	100 000	44	0	0	44	1	
132	3155	FRAIS DE TRANSPORT ANALALAVA	VOYAGE	60 000	0	0	0	0	1	
134	3157	FRAIS DE TRANSPORT ANDRATAMARINA	VOYAGE	200 000	1	0	0	1	1	
135	3158	FRAIS DE TRANSPORT ANDRORANGAVOLA	VOYAGE	100 000	1	0	0	1	1	
143	3166	FRAIS DE TRANSPORT ANIRIBE	VOYAGE	50 000	27	0	0	27	1	
139	3162	FRAIS DE TRANSPORT ANKADY	VOYAGE	40 000	0	0	0	0	1	
140	3163	FRAIS DE TRANSPORT ANTANAMBAO BE	VOYAGE	100 000	0	0	0	0	1	
141	3164	FRAIS DE TRANSPORT ANTANAMBAO HELY	VOYAGE	120 000	11	0	0	11	1	
142	3165	FRAIS DE TRANSPORT ANTANAMIRANTINA	VOYAGE	250 000	100	0	0	100	1	
102	3118	FRAIS DE TRANSPORT ANTANANANIVO	VOYAGE	150 000	9	0	0	9	1	
103	3119	FRAIS DE TRANSPORT ANTANETILAVA	VOYAGE	60 000	9	0	0	9	1	
104	3120	FRAIS DE TRANSPORT ANTENINA	VOYAGE	200 000	6	0	0	6	1	
147	3170	FRAIS DE TRANSPORT ANTSIRABE	VOYAGE	100 000	9	0	0	9	1	
148	3171	FRAIS DE TRANSPORT ANTSIRAKIVOLO	VOYAGE	60 000	3	0	0	3	1	
23	3007	FRAIS DE TRANSPORT ATANIBE	VOYAGE	300 000	1	0	0	1	1	
166	3194	FRAIS DE TRANSPORT BANDABE	VOYAGE	100 000	5	0	0	5	1	
276	3374	FRAIS DE TRANSPORT FAHAMBAHY	VOYAGE	60 000	9	0	0	9	1	
303	3416	FRAIS DE TRANSPORT IFASINA	VOYAGE	400 000	11	0	0	11	1	
304	3417	FRAIS DE TRANSPORT IMORONA	VOYAGE	60 000	4	0	0	4	1	
402	3564	FRAIS DE TRANSPORT MADITONA	VOYAGE	50 000	84	0	0	84	1	
1288	4761	FRAIS DE TRANSPORT MAHALINA	VOYAGE	80 000	9	0	0	9	1	
517	3723	FRAIS DE TRANSPORT SAHARAMY	VOYAGE	100 000	34	0	0	34	1	
522	3728	FRAIS DE TRANSPORT SANDRAVAZAHA	VOYAGE	35 000	7	0	0	7	1	
1488	5043	FRAIS DE TRANSPORT TANAMBAO SATA	VOYAGE	50 000	2	0	0	2	1	
634	3869	FRAIS DE TRANSPORT TSARAVATO	VOYAGE	169 000	7	0	0	7	1	
640	3876	FRAIS DE TRANSPORT VARARY	VOYAGE	400 000	77	0	0	77	1	
264	4231	FRESHA	PIECE	200	0	0	0	0	1	
264	3348	FRESHA	CARTON	26 000	0	0	0	0	150	
1180	4618	FROMAGE LABANITA	BTE	3 000	0	0	0	0	1	
1180	4617	FROMAGE LABANITA	CARTON	108 000	0	0	0	0	36	
2672	21500267201	FROMAGE LAND'OR 08	BOITE	3 000	0			0	1	
2672	21500267202	FROMAGE LAND'OR 08	CARTON	108 000	0			0	36	
266	3351	GADANA GM	PIECE	10 000	0	0	0	0	1	
267	3352	GADANA MOYENNE	PIECE	3 000	0	0	0	0	1	
323	3444	GADANA MOYENNE	PIECE	5 000	0	0	0	0	1	
2410	21400241001	GASOIL  200L	LITRE	0	0			0	1	
2410	21400241002	GASOIL  200L	BARIKA	0	0			0	200	
921	4260	GATEAU KEK ANI	PIECE	3 000	1	0	0	1	1	
921	4259	GATEAU KEK ANI	CARTON	72 000	0	0	0	0	24	
1522	5089	GLACIERE PRINCEWARE  31 LITRE	PIECE	199 000	0	0	0	0	1	
1521	5088	GLACIERE PRINCEWARE 60 LITRE	PIECE	295 000	0	0	0	0	1	
3626	22500362601	GLOBAL CRACKER TUB RANCH 227G	BOITE	6 000	0			0	1	
3626	22500362602	GLOBAL CRACKER TUB RANCH 227G	CARTON	-	0			0	12	
3628	22500362801	GLOBAL CRACKER TUB SALTED 227G	BOITE	6 000	0			0	1	
1986	22500198601	GLUCOSE GALAXY	SACHET	2 200	0			0	1	31/08/2023 (-936 jour)
1986	22500198602	GLUCOSE GALAXY	CARTON	22 000	0			0	10	31/08/2023 (-936 jour)
3933	22500393301	GLUCOSE PM 	PIECE	100	0			0	1	
3923	22500392301	GLUCOSE PM [ ASSORTED ]	SACHET	2 200	0			0	1	
3923	22500392302	GLUCOSE PM [ ASSORTED ]	CARTON	22 000	0			0	10	
1168	4603	GODAS EN PIECE	PIECE	20 000	0	0	0	0	1	
4121	21500412101	GOFRETTE SWISS WAFER	PIECE	1 900	0			0	1	
4121	21500412102	GOFRETTE SWISS WAFER	CARTON	68 400	0			0	36	
2698	24200269801	GOLDEN COIN CHOCOLAT CAR	BOITE	24 000	0			0	1	
2698	24200269802	GOLDEN COIN CHOCOLAT CAR	CARTON	288 000	0			0	30	
3516	23600351601	GOMAS MASCAR	PACQUET	15 000	0			0	1	
3516	23600351602	GOMAS MASCAR	CARTON	300 000	0			0	20	
799	4739	GOMME	PIECE	100	0	0	0	0	1	
799	4109	GOMME	BOITE	5 000	0	0	0	0	80	
3125	22500312501	GOUTY BISCUIT COMPLET	SACHET	8 000	0			0	1	02/02/2024 (-781 jour)
3125	22500312502	GOUTY BISCUIT COMPLET	CARTON	48 000	0			0	6	02/02/2024 (-781 jour)
3128	21500312801	GOUTY BISCUIT COMPLET EN PIECE	PIECE	1 000	0			0	1	
1888	22500188801	GOUTY COOKIES 	SACHET	7 000	0			0	1	31/07/2023 (-967 jour)
1888	22500188802	GOUTY COOKIES 	CARTON	42 000	0			0	6	31/07/2023 (-967 jour)
1672	22500167201	GOUTY GRANDI  FRAISE	SACHET	2 800	0			0	1	31/10/2022 (-1240 jour)
1672	22500167202	GOUTY GRANDI  FRAISE	CARTON	47 600	0			0	17	31/10/2022 (-1240 jour)
1995	22500199501	GOUTY GRANDI  LAIT	SACHET	2 800	0			0	1	31/10/2022 (-1240 jour)
1995	22500199502	GOUTY GRANDI  LAIT	CARTON	47 600	0			0	17	31/10/2022 (-1240 jour)
3102	22500310201	GOUTY PETITS SABLES	PIECE	1 500	0			0	1	01/08/2026 (129 jour)
3102	22500310202	GOUTY PETITS SABLES	SACHET	8 800	0			0	6	01/08/2026 (129 jour)
3102	22500310203	GOUTY PETITS SABLES	BALLE	35 000	0			0	24	01/08/2026 (129 jour)
