CODE;DESIGNATION;UNITE;PRIX;DATE MISE A JOUR
00600168201; 4X4 UP ;SACHET;1 900 Ar;24/11/2025
00600168202; 4X4 UP ;CARTON;32 000 Ar;24/11/2025
00100086901; BONBON SUCETTE YOGURT LOLLIPOP;SACHET;3 000 Ar;02/05/2023
00100089101; CHEESE BALLS EN PIECE ;PIECE1;1 000 Ar;04/03/2024
00100089102; CHEESE BALLS EN PIECE ;SACHET;37 000 Ar;08/06/2023
00100094001; EMBALLAGE TSOTRA PM (56*76);PIECE;150 Ar;21/11/2024
00100081801; MARGARINE ULTRA 500G; PIECE;5 000 Ar;27/02/2023
00100034901; MATEZA;PIECE ;-;01/02/2023
00100034902; MATEZA;CARTON;-;01/02/2023
00100086501; SAVON ZA KOA V40;CARTON;17 000 Ar;13/05/2024
00100042901; Softex maxi wing's *8 rose;PIECE;3 500 Ar;27/02/2026
00100042902; Softex maxi wing's *8 rose;CARTON;198 000 Ar;09/08/2025
00100062401; TOP POP ;SACHET;6 500 Ar;11/01/2025
00100062402; TOP POP ;BAL;130 000 Ar;11/01/2025
00100006201; VESTLIN LEMON 50G;PIECE;1 500 Ar;08/11/2021
00100006202; VESTLIN LEMON 50G;PACQUET;18 500 Ar;12/01/2026
00100006203; VESTLIN LEMON 50G;CARTON;185 000 Ar;12/01/2026
00100091101; VOANTSIROKA MAINTSO @ KAPOAKA;KAPOAKA;1 300 Ar;13/05/2025
00100194401; VOANTSIROKA MAINTSO @ SAC;SAC;229 000 Ar;02/07/2026
02600150601;100X20;BOITE;37 000 Ar;14/04/2025
02600150602;100X20;CARTON;148 000 Ar;14/04/2025
02600150701;120X21;BOITE;37 000 Ar;14/04/2025
02600150702;120X21;CARTON;148 000 Ar;14/04/2025
02600159601;20X12;BOITE;-;
02600159602;20X12;CARTON;-;
02600154201;30X13;BOITE;37 000 Ar;10/06/2025
02600154202;30X13;CARTON;148 000 Ar;10/06/2025
02600149801;40X14;BOITE;37 000 Ar;14/04/2025
02600149802;40X14;CARTON;148 000 Ar;14/04/2025
00100053001;4X4 ;SACHET;6 000 Ar;18/12/2023
00100069901;4X4 50 ;SACHET ;1 700 Ar;07/02/2023
00100069902;4X4 50 ;CARTON;34 000 Ar;07/02/2023
00100047301;4X4 BOKOTRA;SACHET;8 900 Ar;21/12/2022
00600188301;4X4 HAPPY CHOCO;SACHET;3 800 Ar;12/05/2026
00600188302;4X4 HAPPY CHOCO;CARTON;57 000 Ar;12/05/2026
00100089401;4X4 HAPPY TOP ;SACHET;2 000 Ar;16/06/2023
00100089402;4X4 HAPPY TOP ;CARTON;28 000 Ar;16/06/2023
02600149901;50X16;BOITE;37 000 Ar;14/04/2025
02600149902;50X16;CARTON;148 000 Ar;14/04/2025
02600150001;50X18;BOITE;37 000 Ar;14/04/2025
02600150002;50X18;CARTON;148 000 Ar;14/04/2025
02600150101;60X17;BOITE;37 000 Ar;14/04/2025
02600150102;60X17;CARTON;148 000 Ar;14/04/2025
02600150201;60X20;BOITE;37 000 Ar;14/04/2025
02600150202;60X20;CARTON;148 000 Ar;14/04/2025
00100023701;70/19;KG;8 000 Ar;25/05/2025
00100023702;70/19;BOITE;-;20/02/2023
00100023703;70/19;CARTON;148 000 Ar;29/12/2021
02600150301;70X18;BOITE;37 000 Ar;14/04/2025
02600150302;70X18;CARTON;148 000 Ar;14/04/2025
02600150401;80X19 ;BOITE;37 000 Ar;14/04/2025
02600150402;80X19 ;CARTON;148 000 Ar;14/04/2025
02600150501;90X20;BOITE;37 000 Ar;14/04/2025
02600150502;90X20;CARTON;148 000 Ar;14/04/2025
00100014801;ACIDE LAVA;BOUTEILLE;4 000 Ar;16/05/2022
00100014802;ACIDE LAVA;CARTON;24 000 Ar;16/05/2022
00100014901;ACIDEL BOTA;BOUTEIL;4 900 Ar;04/10/2023
00100014902;ACIDEL BOTA;CARTON;58 000 Ar;04/10/2023
00100093901;AEROSOL JUMBO XT FL 300ML;PIECE;17 000 Ar;14/05/2025
00100093801;AEROSOL JUMBO XT FL 680ML;PIECE;24 000 Ar;25/06/2025
01800162901;AFRICA CHEF CHICKEN CUBE 108G;PCS;1 800 Ar;20/09/2025
00100197201;AGHARBATTI SEVEN WONDER FLOWES;BOITE;24 000 Ar;24/07/2026
00100197202;AGHARBATTI SEVEN WONDER FLOWES;PAQUET;2 000 Ar;24/07/2026
00100197301;AGHARBATTI SEVEN WONDER FRUITS;BOITE;24 000 Ar;24/07/2026
00100197302;AGHARBATTI SEVEN WONDER FRUITS;PAQUET;2 000 Ar;24/07/2026
00100083601;ALKALINE R6;BOITE;13 000 Ar;09/01/2025
00100196101;ALLUMETTE ITALIA;BTE;800 Ar;23/07/2026
00100196102;ALLUMETTE ITALIA;CARTOUCHE;8 000 Ar;23/07/2026
00100196103;ALLUMETTE ITALIA;CARTON;80 000 Ar;23/07/2026
00100008601;ALLUMETTE YES SAFETY;BOITE;800 Ar;08/06/2022
00100008602;ALLUMETTE YES SAFETY;CARTOUCHE;8 000 Ar;08/06/2022
00100008603;ALLUMETTE YES SAFETY;CARTON;80 000 Ar;25/06/2025
00100113801;AMPOULE RANO 9W;PIECE;5 000 Ar;01/07/2024
00100074101;ANGOLA BLEU GM ;PAQUET;10 500 Ar;09/12/2022
00100074201;ANGOLA BLEU PM ;PAQUET;10 500 Ar;09/12/2022
02900185201;ANGOLA EN PCS;PIECE;1 800 Ar;05/05/2026
00100074301;ANGOLA ROUGE GM ;PAQUET;10 500 Ar;09/12/2022
00100074401;ANGOLA VERT GM ;PAQUET;10 500 Ar;09/12/2022
00100193301;ANGOLA VERT PM;PAQUET;10 500 Ar;25/06/2026
00500097301;Apollo en pcs;PIECE;800 Ar;27/06/2024
02700198601;ARROW MOSQUITO COILS VET BAMBOO;PIECE;1 800 Ar;27/07/2026
02700198602;ARROW MOSQUITO COILS VET BAMBOO;CARTON;108 000 Ar;27/07/2026
00100141601;ASSIETE A JETTER RAHA;PCS;400 Ar;23/05/2025
00100141602;ASSIETE A JETTER RAHA;PAQUET;9 000 Ar;11/01/2025
00100141603;ASSIETE A JETTER RAHA;CARTON;180 000 Ar;11/01/2025
01800157801;ASSORTED LOLLIPOP ROYALE ;SACHET;3 900 Ar;22/07/2025
01800170901;B.KAMCO LEIBNIZ;BOITE;5 000 Ar;22/12/2025
00100061701;BABY SEA CONFORT 5X32 N °4;PAQUET;24 000 Ar;19/12/2023
00100061702;BABY SEA CONFORT 5X32 N °4; BALLE;120 000 Ar;19/12/2023
00100061801;BABY SEA CONFORT 5X36 N °3;PAQUET;24 000 Ar;19/12/2023
00100061802;BABY SEA CONFORT 5X36 N °3;BALLE ;120 000 Ar;19/12/2023
00300065401;BALAIRA VARY;SAC;30 000 Ar;27/07/2022
00100012901;BALANCE CHINE FORCE 100KG;PIECE;390 000 Ar;09/06/2022
00100056801;BALANCE DEBAKA 20KG;PIECE;89 000 Ar;24/07/2023
00100073401;BAOBA CITRON  50CL;BOUTEILLE ;6 500 Ar;28/02/2023
00100073501;BAOBA MENTHE 50CL;BOUTEILLE ;6 500 Ar;28/02/2023
00100073201;BAOBA ORANGE MANDARINE 50CL;BOUTEILLE ;6 500 Ar;28/02/2023
00100079401;BAREA;SAC;113 000 Ar;09/05/2023
00100030501;BARRE CORRY GM ;BARRE;4 000 Ar;26/11/2020
00100030502;BARRE CORRY GM ;CARTON;33 000 Ar;26/11/2020
00100073901;BAUME KATRAFAY;PAQUET;7 000 Ar;09/12/2022
00100123401;Baume Ravintsara;PIECE;300 Ar;12/08/2025
00100123402;Baume Ravintsara;PAQUET;13 000 Ar;12/08/2025
00100123403;Baume Ravintsara;BALE;130 000 Ar;12/08/2025
00100060101;BBA ;PIECE ;5 000 Ar;26/03/2022
00100060102;BBA ;PAQUET;30 500 Ar;15/09/2023
01700132501;Bebem pants culottes maxi 4x32 n°4;PAQUET;22 000 Ar;27/11/2024
01700132502;Bebem pants culottes maxi 4x32 n°4;BALLE;88 000 Ar;27/11/2024
00100044101;bebem twin junior  4X28 n°5 ;PAQUET;19 500 Ar;29/11/2021
00100044102;bebem twin junior  4X28 n°5 ;BALLE ;78 000 Ar;29/11/2021
00100009803;BENNY;PIECE;350 Ar;04/11/2024
00100009801;BENNY;BOITE;13 500 Ar;04/08/2026
00100009802;BENNY;CARTON;105 000 Ar;04/08/2026
00100051801;BEURRE EVET;PIECE;2 800 Ar;20/11/2021
00100051101;BEURRE EVET;PIECE;2 800 Ar;11/11/2021
00100051001;BEURRE TEREMA 200G;PCE;2 800 Ar;11/11/2021
00500166801;BHOOT UNKLE;SACHET;12 000 Ar;07/11/2025
00100089801;BICUIT CHOCOLATE EN PIECE ;PIECE;600 Ar;23/06/2023
00100089802;BICUIT CHOCOLATE EN PIECE ; PAQUET;14 800 Ar;17/06/2023
00600138001;BIG BOY WAFER BISCUIT 40PCS;PIECES;500 Ar;03/07/2026
00600138002;BIG BOY WAFER BISCUIT 40PCS;BOCAL;15 000 Ar;03/01/2025
01800159501;BIG TOFFE HAPPY BIRTHBLASH;BOCAL;13 500 Ar;11/08/2025
00600166601;BIG TOFFEE BIRTHDAY TIME;BOCAL;13 500 Ar;07/11/2025
01800185401;BIG TOFFEE KEMLO MILK 200P*8BTE;BOCAL;14 000 Ar;05/05/2026
03000186201;BIGG POP GUM CARRE EN BOCAL*100PCS;BOCAL;12 000 Ar;11/05/2026
03000186202;BIGG POP GUM CARRE EN BOCAL*100PCS;CARTON;180 000 Ar;11/05/2026
00600101801;Bis marie;SACHET;2 300 Ar;08/10/2024
00600101802;Bis marie;CARTON;41 000 Ar;15/11/2023
00600166901;BIS'NICE 2 BISCUITS;SACHET;2 000 Ar;07/11/2025
00600166902;BIS'NICE 2 BISCUITS;CARTON;55 000 Ar;07/11/2025
00600167001;BIS'NICE 9 BISCUITS;SACHET;5 400 Ar;07/11/2025
00600167002;BIS'NICE 9 BISCUITS;CARTON;75 000 Ar;07/11/2025
00100071201;Biscuit  6 delice;SACHET;4 000 Ar;28/10/2023
00100071202;Biscuit  6 delice;CARTON;64 000 Ar;28/10/2023
00600154501;BISCUIT  CHOCO BICO 65G;PIECES;1 400 Ar;30/06/2025
00600154502;BISCUIT  CHOCO BICO 65G;PACQUET ;14 000 Ar;30/06/2025
00600127901;Biscuit 10 delice*12x8;SACHET;5 000 Ar;07/11/2024
00600127902;Biscuit 10 delice*12x8;CARTON;60 000 Ar;07/11/2024
00600161501;BISCUIT 18 DELICE;PQT;9 600 Ar;03/10/2025
00600161502;BISCUIT 18 DELICE;CARTON;48 000 Ar;08/09/2025
00600185601;BISCUIT 18 PETIT BEURRE ;SACHET;16 500 Ar;07/05/2026
00600185602;BISCUIT 18 PETIT BEURRE ;CARTON;65 500 Ar;07/05/2026
00600100801;Biscuit 18 petit lait ;SACHET;16 500 Ar;16/03/2026
00600100802;Biscuit 18 petit lait ;CARTON;65 500 Ar;16/03/2026
00100011601;BISCUIT 4X4 BE;PIECE;1 400 Ar;06/04/2023
00100011602;BISCUIT 4X4 BE;CARTON;27 000 Ar;09/10/2024
00100050901;BISCUIT 4X4 CHOCO BE;PAQUET ;3 000 Ar;02/12/2022
00100050902;BISCUIT 4X4 CHOCO BE;CARTON;78 000 Ar;02/12/2022
00600165601;BISCUIT 4X4 CHOCO MIAM;SACHET;1 900 Ar;05/11/2025
00600165602;BISCUIT 4X4 CHOCO MIAM;CARTON;45 000 Ar;05/11/2025
00100048101;BISCUIT 4X4 GO;SACHET ;2 000 Ar;11/04/2022
00100048102;BISCUIT 4X4 GO;CARTON;36 000 Ar;11/04/2022
00600165701;BISCUIT 4X4 KREM BANANA;SACHET;1 900 Ar;05/11/2025
00600165702;BISCUIT 4X4 KREM BANANA;CARTON;45 000 Ar;05/11/2025
00600167801;BISCUIT 4X4 KREM CITRON;SAHET;1 900 Ar;17/11/2025
00600167802;BISCUIT 4X4 KREM CITRON;CARTON;45 000 Ar;28/05/2026
00100054001;BISCUIT 6 PETIT BEURRE LAIT;SACHET;4 500 Ar;25/11/2023
00100054002;BISCUIT 6 PETIT BEURRE LAIT;CARTON;54 000 Ar;25/11/2023
00600152701;BISCUIT 77 CREAM CHOCO;PCS;1 300 Ar;05/05/2025
00600152702;BISCUIT 77 CREAM CHOCO;BTE;30 000 Ar;05/05/2025
00600152703;BISCUIT 77 CREAM CHOCO;CARTON;180 000 Ar;05/05/2025
00100137301;Biscuit bledor club  cremica;PIECES;500 Ar;04/01/2025
00100137302;Biscuit bledor club  cremica;PAQUET;3 500 Ar;04/01/2025
00100137303;Biscuit bledor club  cremica;CARTON;84 000 Ar;04/01/2025
00600176101;BISCUIT CHOCO CHAMP;BOITE;6 800 Ar;04/03/2026
00600176102;BISCUIT CHOCO CHAMP;PIECE;-;13/03/2026
00600160701;BISCUIT CHOCO GOF 12PCS*20;PQT;3 400 Ar;29/08/2025
00600160702;BISCUIT CHOCO GOF 12PCS*20;CARTON;68 000 Ar;29/08/2025
00600176201;BISCUIT CHOCO LOVE;BOITE;6 800 Ar;04/03/2026
00600176202;BISCUIT CHOCO LOVE;PIECE;-;13/03/2026
00100089701;BISCUIT COCONUT PM ;SACHET;2 800 Ar;10/09/2025
00100089702;BISCUIT COCONUT PM ;CARTON;28 000 Ar;10/09/2025
00600151201;BISCUIT CREAM CHEERS;SACHET;3 600 Ar;06/08/2026
00600151202;BISCUIT CREAM CHEERS;CARTON;36 000 Ar;06/08/2026
00100087501;BISCUIT CREAM DUEX ;SACHET ;1 900 Ar;16/06/2023
00100087502;BISCUIT CREAM DUEX ;CARTON;28 500 Ar;16/06/2023
00600148701;BISCUIT CREAM FRESH JAI KADA;SACHET;4 900 Ar;30/06/2025
00600148702;BISCUIT CREAM FRESH JAI KADA;CARTON;49 000 Ar;30/06/2025
00600148601;BISCUIT CREAM LATA;SACHET ;6 700 Ar;03/04/2025
00600148602;BISCUIT CREAM LATA;CARTON;33 500 Ar;03/04/2025
01800134301;Biscuit creamy voila ;PIECE;1 500 Ar;05/12/2024
01800134302;Biscuit creamy voila ;CARTON;-;
00600144701;Biscuit creme veto  82g;PCS;950 Ar;01/03/2025
00600144702;Biscuit creme veto  82g;CARTON;22 800 Ar;01/03/2025
00600170601;BISCUIT CREMELOCREMICA ASS 70G;SACHET;9 000 Ar;16/12/2025
00600170602;BISCUIT CREMELOCREMICA ASS 70G;CARTON;108 000 Ar;16/12/2025
00600160901;BISCUIT CREMO MIX 48PCS;PCS;1 800 Ar;16/12/2025
00600160902;BISCUIT CREMO MIX 48PCS;CARTON;86 400 Ar;16/12/2025
00600154001;BISCUIT CRUNCH COATED WAFER;BOITE;8 800 Ar;09/06/2025
00600124701;Biscuit Crunchy Wafer 75gx24;PIECES;3 000 Ar;26/10/2024
00600124702;Biscuit Crunchy Wafer 75gx24;CARTON;72 000 Ar;26/10/2024
00100072201;BISCUIT EN PIECE ;PIECE;500 Ar;16/11/2022
00100078301;BISCUIT FAMILY VANILLE ;SACHET ;3 000 Ar;12/01/2023
00100078302;BISCUIT FAMILY VANILLE ;CARTON;53 000 Ar;12/01/2023
00100074901;BISCUIT FARILAC;PAQUET ;7 900 Ar;12/12/2022
00100074902;BISCUIT FARILAC;CARTON;47 000 Ar;12/12/2022
00100010901;BISCUIT FREGO POCKET ASS (PM);SACHET;2 800 Ar;27/01/2023
00100010902;BISCUIT FREGO POCKET ASS (PM);CARTON;64 000 Ar;27/01/2023
00100069201;BISCUIT GALETI CTN ;SACHET;2 100 Ar;19/10/2022
00100069202;BISCUIT GALETI CTN ;CARTON ;37 000 Ar;19/10/2022
00600156301;BISCUIT GINGER;SACHET;2 200 Ar;19/07/2025
00600156302;BISCUIT GINGER;CARTON;33 000 Ar;21/07/2025
00100078401;BISCUIT GLUCOSE BE ;SACHET;2 000 Ar;26/05/2023
00100078402;BISCUIT GLUCOSE BE ;CARTON;47 000 Ar;26/05/2023
00100051301;BISCUIT GLUCOSE MILK FRESH ;PAQUET;2 500 Ar;21/02/2022
00100051302;BISCUIT GLUCOSE MILK FRESH ;CARTON;25 000 Ar;04/03/2022
00600137501;Biscuit glucose pm Anita (Ass);SACHET;1 900 Ar;03/01/2025
00600137502;Biscuit glucose pm Anita (Ass);CARTON;19 000 Ar;03/01/2025
00100087401;Biscuit glucose zaza botra;SACHET ;2 800 Ar;28/10/2023
00100087402;Biscuit glucose zaza botra;CARTON;28 000 Ar;28/10/2023
00600191801;BISCUIT GLUCOSE ZAZA BOTRA EN PCS;PCS;300 Ar;28/05/2026
00100012001;BISCUIT HAPPY;SACHET;3 000 Ar;11/01/2023
00100012002;BISCUIT HAPPY;CARTON;45 000 Ar;11/01/2023
00600160801;BISCUIT HERO;PQT;1 000 Ar;29/08/2025
00600160802;BISCUIT HERO;CARTON;24 000 Ar;29/08/2025
00600182101;BISCUIT ITALIANO 77*P/24X6;PIECE;1 400 Ar;17/04/2026
00600182102;BISCUIT ITALIANO 77*P/24X6;PAQUET;27 700 Ar;20/04/2026
00600182103;BISCUIT ITALIANO 77*P/24X6;CARTON;190 000 Ar;20/04/2026
00600108501;Biscuit kit choco pm; SACHET;2 000 Ar;10/02/2024
00600108601;Biscuit kit choco pm;CARTON;30 000 Ar;10/02/2024
00100088101;BISCUIT KIT COCO CHOCO PM;SACHET;2 000 Ar;11/05/2023
00100088102;BISCUIT KIT COCO CHOCO PM;CARTON;30 000 Ar;11/05/2023
00600135201;BISCUIT KIT COCO GM;SACHET;2 000 Ar;07/12/2024
00600135202;BISCUIT KIT COCO GM;CARTON;30 000 Ar;07/12/2024
00600125301;Biscuit lexus crackers;BOITE ;9 000 Ar;28/10/2024
00100087301;BISCUIT MAHABIBO;SACHET ;2 100 Ar;09/05/2023
00100087302;BISCUIT MAHABIBO;CARTON;29 000 Ar;09/05/2023
00100081701;BISCUIT MAJOR ;PIECE;3 400 Ar;17/03/2025
00100081702;BISCUIT MAJOR ;CARTON;58 000 Ar;19/12/2023
00600140201;Biscuit malt'n milt energy;SACHET;2 400 Ar;06/01/2025
00600140202;Biscuit malt'n milt energy;CARTON;24 000 Ar;06/01/2025
;BISCUIT MARIA MAMMA MIA;-;-;
00600151601;BISCUIT MARIA MAMMA MIA;SACHET ;4 200 Ar;18/06/2026
00600151602;BISCUIT MARIA MAMMA MIA;CARTON;50 000 Ar;18/06/2026
00100006601;BISCUIT MARIE;SACHET;4 900 Ar;18/10/2021
00100006602;BISCUIT MARIE;CARTON;48 000 Ar;18/10/2021
00600154801;BISCUIT MARIE CLASSIC 9.5G;SACHET;6 000 Ar;30/06/2025
00600154802;BISCUIT MARIE CLASSIC 9.5G;CARTON;120 000 Ar;30/06/2025
00100069301;BISCUIT MARIE LONDON;PAQUET;8 000 Ar;19/10/2022
00100069302;BISCUIT MARIE LONDON;CARTON;32 000 Ar;19/10/2022
00100090801;Biscuit marie pm;SACHET;2 400 Ar;25/10/2023
00100090802;Biscuit marie pm;CARTON;24 000 Ar;25/10/2023
00100049901;BISCUIT MARIE SPECIAL;SACHET;4 000 Ar;21/02/2022
00100046401;BISCUIT MARIE SPECIAL OLD;SACHET;4 000 Ar;21/02/2022
00100046402;BISCUIT MARIE SPECIAL OLD;CARTON;40 000 Ar;21/02/2022
00100011701;BISCUIT MIAM PM;SACHET;2 800 Ar;06/11/2023
00100011702;BISCUIT MIAM PM;CARTON;42 000 Ar;06/11/2023
00100198101;BISCUIT MILAY BE CHOCO-FROMAGE 45PCS;SACHET;8 500 Ar;27/07/2026
00600139201;BISCUIT MINI CREAM COOCKIES;SACHET;4 000 Ar;23/01/2025
00600139202;BISCUIT MINI CREAM COOCKIES;CARTON;40 000 Ar;23/01/2025
00100087901;BISCUIT NICE BLEU GM ;SACHET;2 800 Ar;15/05/2023
00100087902;BISCUIT NICE BLEU GM ;CARTON;28 000 Ar;15/05/2023
00100088001;BISCUIT NICE BLEU PM;SACHET;2 400 Ar;26/10/2023
00100088002;BISCUIT NICE BLEU PM;CARTON;24 000 Ar;26/10/2023
00600199401;BISCUIT NOOR'S WAFER ASS 7G;BOITE;9 500 Ar;05/08/2026
00600199801;BISCUIT NOOR'S WAFER ASS EN PCS;PIECE;200 Ar;05/08/2026
00600193701;BISCUIT RAMA CREAMZ MIX 48PCS;PIECE;1 900 Ar;29/06/2026
00600193702;BISCUIT RAMA CREAMZ MIX 48PCS;CARTON;88 000 Ar;29/06/2026
00600158601;BISCUIT ROCKERS SPARK HITRICK;BOCAL;16 000 Ar;09/08/2025
00600158602;BISCUIT ROCKERS SPARK HITRICK;CARTON;256 000 Ar;09/08/2025
00600128901;Biscuit Ronaldo;PIECE;1 400 Ar;08/11/2024
00600128902;Biscuit Ronaldo;CARTON;33 600 Ar;07/11/2024
00100057401;BISCUIT SAÏDA WAFER;PIECE;1 600 Ar;20/05/2022
00100006701;BISCUIT SAIDA WAFERZ;CARTON;44 000 Ar;20/05/2022
00100057901;BISCUIT SALTO 15 GM ;SACHET ;7 500 Ar;27/06/2025
00100057902;BISCUIT SALTO 15 GM ;CARTON ;52 000 Ar;27/06/2025
00100075401;BISCUIT SALTO 6  PM ;PAQUET;3 700 Ar;18/03/2025
00100075402;BISCUIT SALTO 6  PM ;CARTON;66 000 Ar;18/03/2025
00600141301;Biscuit smily creamz;SACHET;4 500 Ar;09/01/2025
00600141302;Biscuit smily creamz;CARTON;45 000 Ar;09/01/2025
00100076301;BISCUIT SUPER CHOCO;SACHET;-;
00100059701;BISCUIT SUPER COCO ;SACHET ;850 Ar;06/11/2023
00100059702;BISCUIT SUPER COCO ;CARTON;36 000 Ar;06/11/2023
00600181301;BISCUIT SUPER KREAMO MIX 48PCS;PIECE;2 200 Ar;03/04/2026
00600181302;BISCUIT SUPER KREAMO MIX 48PCS;CARTON;105 600 Ar;03/04/2026
00100046301;BISCUIT SUPER MARIE BE;SACHET;7 000 Ar;18/12/2023
00100046302;BISCUIT SUPER MARIE BE;CARTON;70 000 Ar;18/12/2023
00100050001;BISCUIT SUPER MARIE NEW;SACHET ;6 500 Ar;06/06/2022
00600194201;BISCUIT WAFER KISSKAT 14G;BOITE;13 500 Ar;29/06/2026
00600151501;BISCUIT XL 77;PCS;1 300 Ar;02/05/2025
00600151502;BISCUIT XL 77;BOITE;30 000 Ar;02/05/2025
00600151503;BISCUIT XL 77;CARTON ;180 000 Ar;02/05/2025
00100006901;BISCUIT YUM YUM;PIECE;2 000 Ar;12/07/2021
00100006902;BISCUIT YUM YUM;CARTON;48 000 Ar;12/07/2021
00600124001;BiscuitCrunchyWafer 75g;PIECE;3 000 Ar;25/10/2024
00600124002;BiscuitCrunchyWafer 75g;CARTON;72 000 Ar;25/10/2024
00100058001;BISCUITS BOLO KIDS ;SACHET ;3 900 Ar;25/01/2024
00100058002;BISCUITS BOLO KIDS ;CARTON;93 600 Ar;25/01/2024
00100053101;BISKY UP ;SACHET         ;1 900 Ar;07/03/2022
00100053102;BISKY UP ;CARTON;29 000 Ar;21/02/2022
00100132001;Black hair;PIECE;500 Ar;25/08/2025
00100132002;Black hair;BOITE;5 000 Ar;25/08/2025
00100132003;Black hair;CARTON;420 000 Ar;25/08/2025
00100126601;Black rose;PAQUET;3 900 Ar;02/11/2024
00100126602;Black rose;BOITE;30 000 Ar;11/02/2025
00100127301;Bledilait croissance n°3 900g;BOITE;59 000 Ar;06/11/2024
00100127201;Bledilait junior 800g;BOITE;49 500 Ar;06/11/2024
00100008201;BLEU D'AZUR (boite);BOITE;2 800 Ar;05/12/2024
00100008202;BLEU D'AZUR (boite);CARTON;67 000 Ar;05/12/2024
00100068001;BLEU D'AZUR EN SACHET ;SACHET ;1 500 Ar;19/09/2022
00100081001;BOISSON ;PIECE;2 000 Ar;23/02/2023
00100081002;BOISSON ;PAQUET;-;
00100058801;BOISSON BIG ANANAS GM ;PIECE ;5 500 Ar;07/03/2022
00100058802;BOISSON BIG ANANAS GM ;PAQUET;29 000 Ar;13/02/2026
00100056501;BOISSON BIG COLA 2L ;PIECE ;5 000 Ar;04/01/2022
00100056502;BOISSON BIG COLA 2L ;PAQUET;30 000 Ar;04/01/2022
00100055501;BOISSON BIG ORANGE GM ;PIECE ;5 000 Ar;17/01/2022
00100055502;BOISSON BIG ORANGE GM ;PAQUET;29 000 Ar;17/01/2022
00100055601;BOISSON BIG PM ANANAS;PIECE ;2 000 Ar;20/12/2021
00100055602;BOISSON BIG PM ANANAS;PAQUET;17 000 Ar;20/04/2022
00100064701;BOISSON BIG PM ORANGE ;PAQUET;20 000 Ar;08/04/2023
00100056401;BOISSON DJINO COLA  125cl;PIECE;4 500 Ar;06/03/2023
00100056402;BOISSON DJINO COLA  125cl;PAQUET;25 000 Ar;25/10/2023
00100064401;BOISSON DJINO COLA 35CL ;PAQUET ;20 000 Ar;25/10/2023
00100052901;BOISSON DJINO limonade 35cl;PAQUET;20 000 Ar;25/10/2023
00100050301;BOISSON DJINO ORANGE 35 CL PM;PAQUET;20 000 Ar;25/10/2023
00100057301;BOISSON DJINO TROPICAL 125cl;PIECE ;4 500 Ar;08/03/2023
00100057302;BOISSON DJINO TROPICAL 125cl;PAQUET;26 000 Ar;28/10/2024
00100003201;boisson gm 1.5 l ;PIECE;5 000 Ar;24/08/2024
00100003202;boisson gm 1.5 l ;PAQUET;28 000 Ar;19/02/2025
01900105801;Boisson gm en pieces;PIECE;5 000 Ar;25/11/2025
01900103801;Boisson mifangaro 1.5L;PACQUET;32 000 Ar;04/12/2023
00100080901;BOISSON moyenne 0.50 L ;PIECE;2 000 Ar;13/11/2025
00100080902;BOISSON moyenne 0.50 L ;PAQUET;23 000 Ar;05/12/2023
00100003301;BOISSON PM;PIECE;2 800 Ar;02/09/2020
00100003302;BOISSON PM;PAQUET;22 000 Ar;12/04/2022
00100084901;BOISSON PM 35 CL;PIECE;2 000 Ar;28/07/2023
00100084902;BOISSON PM 35 CL;PAQUET;19 500 Ar;07/04/2023
00100081101;BOISSON XXL 35 CL EN PIECE;PIECE;3 000 Ar;23/02/2023
00600137001;Bolo coeur;SACHET;1 200 Ar;17/02/2026
00600137002;Bolo coeur;CARTON;43 200 Ar;17/02/2026
00600130701;BOLO DONUT;SACHET;2 100 Ar;19/11/2024
00600130702;BOLO DONUT;CARTON ;33 000 Ar;19/11/2024
00100011901;BOLO DUO;SACHET;2 800 Ar;15/02/2022
00100011902;BOLO DUO;CARTON;67 000 Ar;18/03/2022
00100054201;BOLO EN PIECE ;PIECE;300 Ar;03/12/2021
00100067801;BOLO ZOOM;PAQUET;3 700 Ar;29/01/2025
00100067802;BOLO ZOOM;CARTON;88 000 Ar;29/01/2025
01800110801;BOMBON HOPPIN;BOCAL;17 000 Ar;05/08/2024
01800198401;BONBON AMBIC JAMMY FRUIT 100PCS;BOCAL;15 000 Ar;27/07/2026
01800198301;BONBON AMBIC KOFFITO  BOCAL 205PCS;BOCAL;13 000 Ar;27/07/2026
01800198501;BONBON AMBIC KOFFITO EN SHT 100PCS;SACHET;5 500 Ar;27/07/2026
00500036501;BONBON ANGLAIS;PIECE;5 000 Ar;26/05/2021
00500036502;BONBON ANGLAIS;PAQUET;27 000 Ar;23/06/2021
01800168401;BONBON ASSORTED CARAMEL EN SACHET;SACHET;4 600 Ar;24/11/2025
01800104001;Bonbon assorted en sachet;SACHET;3 000 Ar;08/12/2023
01800104002;Bonbon assorted en sachet;CARTON;60 000 Ar;08/12/2023
00100131401;Bonbon assorted ju-c ;BOCAL;12 000 Ar;22/11/2024
01800138101;BONBON BIG TIME RICH;PIECES;450 Ar;23/05/2025
01800138102;BONBON BIG TIME RICH;BOITE';15 000 Ar;03/01/2025
00100017001;BONBON BIZOU COEUR TONGUE;SACHET;3 500 Ar;02/09/2020
00100017002;BONBON BIZOU COEUR TONGUE;CARTON;-;
01800171901;BONBON BUBLE GUM PHASTILLIA;SACHET;3 800 Ar;07/01/2026
01800105001;Bonbon caffee;SACHET;3 800 Ar;09/12/2023
01800177001;BONBON CAR POP TONGUE PAINTER 5G;SACHET;3 500 Ar;09/03/2026
01800140001;Bonbon choco gold coin;BOCAL;12 000 Ar;04/01/2025
01800169001;BONBON CHOCO MINT 2.0;SACHET;2 200 Ar;01/12/2025
00600138301;BONBON CHOCO MOBILE BOCAL;PIESE;200 Ar;23/05/2025
00600138302;BONBON CHOCO MOBILE BOCAL;BOCAL;25 000 Ar;03/01/2025
00100017201;BONBON COEUR KIDY ;SACHET;5 900 Ar;21/10/2021
00100017202;BONBON COEUR KIDY ;CARTON;-;21/10/2021
01800156501;BONBON COLA COLA LOLLIPOP;SACHET;2 500 Ar;19/07/2025
00100069401;BONBON COOKIES BE ;SACHET ;15 500 Ar;24/10/2022
01800181501;BONBON CRAYON BIG TOFFINGER FRUITLAND EN BOCAL;BOCAL;13 500 Ar;03/04/2026
01800172601;BONBON DOLLY LOLLY CHOCO ;SACHET;3 900 Ar;12/01/2026
00100085301;BONBON ECLAIRE POP;SACHET ;8 500 Ar;10/09/2025
00100062701;BONBON EN PIECE;PIECE;100 Ar;06/11/2023
00100047201;BONBON ERLAN;SACHET;-;
00100100401;Bonbon Erlan;SACHET;6 500 Ar;08/05/2026
00100100402;Bonbon Erlan;CARTON;140 000 Ar;28/10/2024
00100069101;BONBON FLAMINGO ;SACHET;15 500 Ar;19/10/2022
01800125001;Bonbon freshynes;SACHET;3 200 Ar;28/10/2024
01800144201;Bonbon fruit chew toffee bocal;PCS;200 Ar;17/02/2025
01800144202;Bonbon fruit chew toffee bocal;BOCAL;17 000 Ar;17/02/2025
01800125801;Bonbon fruit chewy 600g;SACHET;11 500 Ar;01/11/2024
01800165501;BONBON FRUIT CRUSH VETO ASS 2.65G;BOCAL;13 000 Ar;30/10/2025
01800144101;Bonbon fruit flash toffee bocal;PCS;200 Ar;17/02/2025
01800144102;Bonbon fruit flash toffee bocal;BOCAL;17 000 Ar;17/02/2025
01800143501;Bonbon fruit slice orange;PCS;-;
01800143502;Bonbon fruit slice orange;SACHET;12 000 Ar;30/01/2025
01800143503;Bonbon fruit slice orange;CARTON;140 000 Ar;30/01/2025
01800141901;BONBON FRUTO FILS;PCS;50 Ar;11/01/2025
01800141902;BONBON FRUTO FILS;SACHET;5 000 Ar;11/01/2025
01800141903;BONBON FRUTO FILS;CARTON;15 000 Ar;11/01/2025
01800167401;BONBON FRUTTA POP LOLLIPOP VETO;SACHET;4 900 Ar;08/11/2025
00100017301;BONBON GLASS;SACHET;5 000 Ar;27/05/2021
00100017302;BONBON GLASS;CARTON;100 000 Ar;27/05/2021
01800144301;Bonbon gold 555 toffee bocal;PCS;200 Ar;17/02/2025
01800144302;Bonbon gold 555 toffee bocal;BOCAL;17 000 Ar;17/02/2025
00100087601;BONBON GOLDEN COIN CAR EN PIECE ;PIECE;200 Ar;11/05/2023
01800120501;bonbon huili toy candy;BOITE;14 000 Ar;14/09/2024
00100151301;BONBON HUILI TOY CANDY EN PCS;PCS;500 Ar;29/04/2025
01800177801;BONBON JOK BE+5;SACHET;4 900 Ar;09/03/2026
00100015401;bonbon Jok soda cola ;SACHET;2 500 Ar;18/07/2025
00100015402;bonbon Jok soda cola ;SAC;200 000 Ar;17/07/2025
01800159401;BONBON KAMCO ELENOR;BOITE ;7 000 Ar;20/05/2026
01800180701;BONBON KEMLO CARAMILK EN BOCAL BLANC;BOCAL;15 000 Ar;03/04/2026
01800180801;BONBON KEMLO FRUIT PUNCH EN BOCAL ;BOCAL;15 000 Ar;03/04/2026
01800180901;BONBON KEMLO MY BIRTHDAY EN BOCAL ;BOCAL;15 000 Ar;03/04/2026
01800181001;BONBON KIDS DOUBLE TRUFFLE ASS EN BOCAL*8PCS;BOCAL;15 000 Ar;29/07/2026
01800181002;BONBON KIDS DOUBLE TRUFFLE ASS EN BOCAL*8PCS;CARTON;128 000 Ar;29/07/2026
01800137901;BONBON KIDS JOY 65PCS;PIECES;400 Ar;23/05/2025
01800137902;BONBON KIDS JOY 65PCS;BOCAL;25 000 Ar;03/01/2025
01800157901;BONBON KOFFICO;BCL;12 000 Ar;22/07/2025
00100199101;BONBON LOVE CHOCO BOCAL 100PCS;BOCAL;14 500 Ar;27/07/2026
01800167301;BONBON MILK DOUBLE DECKER KOFFRE;SACHET;4 000 Ar;08/11/2025
00500166301;BONBON MILK LOLLIPOP NECTAR PM;SACHET;2 700 Ar;07/11/2025
00500166302;BONBON MILK LOLLIPOP NECTAR PM;CARTON;54 000 Ar;07/11/2025
01800104501;Bonbon milkiz vaovao;SACHET;3 800 Ar;08/12/2023
01800104502;Bonbon milkiz vaovao;CARTON;76 000 Ar;25/10/2024
00100135401;Bonbon milky cow veto;SACHET;9 500 Ar;06/01/2025
00100193601;BONBON MOM BIG POP 8G;BOCAL;12 400 Ar;29/06/2026
01800138201;BONBON MY DOLL RICH;PIECES;500 Ar;06/08/2026
01800138202;BONBON MY DOLL RICH;BOITE;15 000 Ar;03/01/2025
01800162001;BONBON NYRA MY MILK MITHAI;BOITE;8 500 Ar;10/09/2025
00500166401;BONBON NYRA MY MILK RABRI;BOCAL;9 000 Ar;07/11/2025
01800159301;BONBON NYRA TWINS;BOCAL;15 000 Ar;11/08/2025
00100088801;BONBON OPERA ; SACHET ;4 500 Ar;18/12/2023
01800144401;Bonbon party bomb toffee bocal;PCS;200 Ar;17/02/2025
01800144402;Bonbon party bomb toffee bocal;BOCAL;17 000 Ar;17/02/2025
01800156601;BONBON PM EN PCS ;PCS;100 Ar;21/07/2025
01800116001;Bonbon premium candy;BOITE;28 000 Ar;12/12/2024
01800116002;Bonbon premium candy;CARTON;168 000 Ar;12/12/2024
01800125201;Bonbon Premium candy @ sachet ;SACHET;3 400 Ar;28/10/2024
01800119201;BONBON PREMIUM CANDY EN PCS;PIECES;100 Ar;28/08/2024
01800123801;Bonbon Premium tamarino;SACHET;3 900 Ar;25/10/2024
01800123802;Bonbon Premium tamarino;CARTON;78 000 Ar;25/10/2024
00100190501;BONBON RACING CAR;PIECE;200 Ar;14/05/2026
00100098601;Bonbon Racing car;SACHET;9 000 Ar;24/10/2023
01800104801;Bonbon racing car bocal;BOCAL;15 000 Ar;08/12/2023
01800170701;BONBON RAINBOW DRY FIGS;SACHET;12 000 Ar;16/12/2025
00100100101;Bonbon ring lollipop;PIECE;300 Ar;06/11/2023
00100100102;Bonbon ring lollipop;BOCAL;25 700 Ar;06/11/2023
00100043601;BONBON SIFFLET CHUPITO 50*20;SACHET ;3 500 Ar;11/08/2025
00100043602;BONBON SIFFLET CHUPITO 50*20;CARTON;70 000 Ar;30/04/2026
00100075101;BONBON SIMON CANDY GIG FRUIT;SACHET ;9 000 Ar;12/12/2022
00100075001;BONBON SIMON DUE;SACHET;9 000 Ar;12/12/2022
01800120401;Bonbon speed racing;BOITE;13 000 Ar;14/09/2024
00100062201;BONBON SPRING FINGER;SACHET;9 500 Ar;08/08/2022
01800156401;BONBON SPRINT LOLLIPOP ;SACHET ;2 500 Ar;19/07/2025
01800105501;Bonbon star fan (helice);PIECE;400 Ar;18/12/2023
01800105502;Bonbon star fan (helice);SACHET;17 000 Ar;18/12/2023
00100086701;BONBON SUCETTE  FRUIT LOLLIPOP;SACHET;3 000 Ar;02/05/2023
00100086702;BONBON SUCETTE  FRUIT LOLLIPOP;SAC;50 000 Ar;24/08/2024
00100017101;BONBON SUCETTE COLOMBINA PM;SACHET;16 000 Ar;02/07/2024
00100017102;BONBON SUCETTE COLOMBINA PM;CARTON;184 000 Ar;07/03/2022
00500097701;Bonbon Sucette kely milk lollipop;SACHET;2 500 Ar;26/08/2024
00100097702;Bonbon Sucette kely milk lollipop;CARTON;50 000 Ar;26/08/2024
00100086801;BONBON SUCETTE MILK LOLIPOP;SACHET ;3 000 Ar;02/05/2023
00100080001;BONBON SUCETTE PM;SACHET;1 600 Ar;09/02/2023
01800131601;Bonbon sucette pm choco caramel;SACHET;2 500 Ar;22/11/2024
01800131701;Bonbon sucette pm choco vanilla ;SACHET;2 500 Ar;22/11/2024
01800131801;Bonbon sucette pm cola;SACHET;2 500 Ar;22/11/2024
01800138901;BONBON SUCETTE ROZE POP;SACHET;9 000 Ar;03/01/2025
01800123701;Bonbon supa filled;SACHET;4 000 Ar;25/10/2024
01800123702;Bonbon supa filled;CARTON;80 000 Ar;25/10/2024
01800142101;BONBON SUPER MILK CANDY;SACHET;2 900 Ar;11/01/2025
01800142102;BONBON SUPER MILK CANDY;CARTON;58 000 Ar;11/01/2025
00600140601;Bonbon sweet cup choco bocal;PCS;150 Ar;23/05/2025
00600140602;Bonbon sweet cup choco bocal;BOCAL;13 000 Ar;06/01/2025
01800149201;BONBON SWITCH POP;SACHET;3 400 Ar;03/04/2025
00100016701;BONBON TAMARIN PM;SHT;2 500 Ar;02/09/2020
00100016702;BONBON TAMARIN PM;CRT;-;
01800183201;BONBON TAMARIND CONE POP;SACHET;7 000 Ar;28/04/2026
01800124101;Bonbon tennis bubble gum bocal;BOCAL;12 000 Ar;25/10/2024
01800124102;Bonbon tennis bubble gum bocal;CARTON;144 000 Ar;25/10/2024
01800186601;BONBON TENNIS GUM JOLLY BOY BOCAL*115PCS;BOCAL;12 000 Ar;11/05/2026
01800140701;Bonbon Tik tok gun vito;SACHET;9 900 Ar;06/01/2025
00100016801;BONBON TONGUE LOLLIPOP;SACHET;3 000 Ar;03/11/2020
00100016802;BONBON TONGUE LOLLIPOP;CARTON;-;
00100043701;bonbon tongue mix fruit ;SACHET;4 000 Ar;06/06/2025
00100043702;bonbon tongue mix fruit ;CARTON;99 000 Ar;07/03/2022
01800125101;Bonbon top mint candy;SACHET ;5 100 Ar;28/10/2024
01800105401;Bonbon toy candy (basy);PIECE;500 Ar;18/12/2023
01800105402;Bonbon toy candy (basy);BOITE;12 000 Ar;18/12/2023
01800183301;BONBON TUTI SUCETTE;SACHET;4 500 Ar;28/04/2026
01800198201;BONBON VINTAGE TRUFF CHOCO 1KG;SACHET;14 000 Ar;27/07/2026
00100078901;BONBON YOLO POP ;SACHET;9 500 Ar;30/01/2023
00100051501;BONITA ;  BOITE ;-;
00100025101;BONITA /CIKIDAY / BONITA COCO ;PAQUET;500 Ar;24/11/2021
00100025103;BONITA /CIKIDAY / BONITA COCO ;PAQUET;12 000 Ar;29/01/2022
00100025102;BONITA /CIKIDAY / BONITA COCO ;PAQUET;-;19/10/2021
00100051401;BONITA CHOCOLATE;BOITE ;12 000 Ar;19/11/2021
00900035201;BOUGIE 3 ETOILE;PAQUET;3 900 Ar;02/12/2022
00900035202;BOUGIE 3 ETOILE;CARTON;195 000 Ar;02/12/2022
00100062001;BOUGIE ANITA ;PAQUET;3 300 Ar;18/05/2022
00100062002;BOUGIE ANITA ;CARTON;165 000 Ar;18/05/2022
00100033801;BOUGIE BALIAKA ;PAQUET ;3 200 Ar;10/08/2021
00100033802;BOUGIE BALIAKA ;CARTON;120 000 Ar;25/02/2021
00100039101;BOUGIE CLASSIC GM;PAQUET;3 500 Ar;07/02/2022
00100039102;BOUGIE CLASSIC GM;CARTON;139 000 Ar;25/10/2022
00100028801;BOUGIE GOLDEN GM;PAQUET;3 900 Ar;20/11/2024
00100028802;BOUGIE GOLDEN GM;CARTON;156 000 Ar;20/11/2024
00900042701;BOUGIE LENA GM ;PAQUET ;3 700 Ar;27/11/2023
00900042702;BOUGIE LENA GM ;CARTON;185 000 Ar;27/11/2023
00100094101;BOUGIE MATEZA ;PAQUET;3 500 Ar;13/11/2023
00100094102;BOUGIE MATEZA ;CARTON;105 000 Ar;16/11/2023
00100004301;BOUGIE MOYEN;PIECE;-;
00100004302;BOUGIE MOYEN;PACQUET;2 400 Ar;02/09/2020
00100004303;BOUGIE MOYEN;CARTON;119 000 Ar;02/09/2020
00100039301;BOUGIE MOYENNE GEFCO;PAQUET;2 600 Ar;09/08/2021
00900143801;Bougie nitro gm;PAQUET;3 500 Ar;18/04/2025
00900143802;Bougie nitro gm;CARTON ;175 000 Ar;31/01/2025
00100138801;BOUGIE NITRO PM;PAQUET;2 400 Ar;29/08/2025
00100138802;BOUGIE NITRO PM;CARTON;120 000 Ar;29/08/2025
00100004401;BOUGIE PM;PACQUET;1 000 Ar;02/09/2020
00100004402;BOUGIE PM;CARTON;80 000 Ar;01/02/2021
00100128301;Bracelet jump candy 9g;BOITE;12 500 Ar;07/11/2024
00100008101;BRICQUET YES;PIECE;600 Ar;15/08/2024
00100008102;BRICQUET YES;BOITE;26 000 Ar;20/07/2026
00100008103;BRICQUET YES;CARTON;510 000 Ar;10/04/2024
00100133801;Brillant ring candy;PAQUET;11 000 Ar;05/12/2024
00100034101;BRIQUET ;BOITE;-;22/03/2023
00100034102;BRIQUET ;CARTON;-;22/03/2023
00100043401;BRIQUET BAREA ;BOITE ;17 000 Ar;29/10/2021
00100137601;BRIQUET BIG STAR;PIECES;-;
00100137602;BRIQUET BIG STAR;PAQUET;1 800 Ar;03/01/2025
00100137603;BRIQUET BIG STAR;CARTON;360 000 Ar;03/01/2025
00100147701;BRIQUET GALAXY ;PCS;6 000 Ar;27/03/2025
00100147702;BRIQUET GALAXY ;BOITE;72 000 Ar;27/03/2025
00100194501;BRIQUET NITRO LED*50;BOITE;32 000 Ar;14/07/2026
00100199301;BRIQUET NITRO LED*50 EN PCS;PIECE;700 Ar;05/08/2026
00100030901;BRIQUET OUI;BOITE ;19 000 Ar;09/01/2025
00100030902;BRIQUET OUI;CARTON ;380 000 Ar;09/01/2025
00100057601;BRIQUET OUI EN PIECE ;PIECE ;500 Ar;26/09/2022
00100074501;BRIQUET STAR ;BOITE ;19 000 Ar;13/12/2022
00100104101;Briquet voila;BOITE;18 000 Ar;19/04/2025
00100104102;Briquet voila;CARTON;360 000 Ar;19/04/2025
00100106301;BROSSE A DENT CARONA;PAQUET;5 900 Ar;06/01/2024
00100091601;Brosse a dent ciptadent ;PIECE;2 200 Ar;02/06/2025
00100091602;Brosse a dent ciptadent ;BOITE;25 000 Ar;02/06/2025
00100091603;Brosse a dent ciptadent ;CARTON;150 000 Ar;02/06/2025
00100013201;BROSSE A DENT COLGATE;PIECE;1 300 Ar;07/03/2023
00100013202;BROSSE A DENT COLGATE;PACQUET;15 000 Ar;07/03/2023
00100013301;BROSSE A DENT CYPTADENT;PIECE;1 900 Ar;26/11/2022
00100013302;BROSSE A DENT CYPTADENT;BOITE;22 000 Ar;09/11/2022
00100013303;BROSSE A DENT CYPTADENT;CARTON;132 000 Ar;09/11/2022
00100115201;BROSSE A DENT DR FUNGOS;PAQUET;5 500 Ar;25/07/2024
00100193801;BROSSE A DENT DR JOY FINNEST;PAQUET;4 500 Ar;29/06/2026
00100159101;BROSSE A DENT WHITE DOCTOR;PQT;5 000 Ar;11/08/2025
00100157701;BROSSE DENT ANITA;PQT;5 500 Ar;22/07/2025
00100031901;BROSSE DENT CIPTADENT;BOITE;23 000 Ar;09/12/2023
00100031902;BROSSE DENT CIPTADENT;CARTON;138 000 Ar;09/12/2023
01900153701;BROX COLA CANETTE 250L;PIECES;2 000 Ar;02/06/2025
01900153702;BROX COLA CANETTE 250L;PAQUET;48 000 Ar;18/04/2026
01900153801;BROX ENERGY CANETTE 250L;PIECES;2 000 Ar;05/08/2026
01900153802;BROX ENERGY CANETTE 250L;PAQUET;48 000 Ar;05/08/2026
01900171401;BROX ORANGE CANETTE 250ML;PIECE;2 000 Ar;05/08/2026
01900171402;BROX ORANGE CANETTE 250ML;PAQUET;48 000 Ar;05/08/2026
00100135001;Bubble sourd animal en pcs;PIECES;1 500 Ar;06/12/2024
00100135002;Bubble sourd animal en pcs;BOITE;36 000 Ar;06/12/2024
00100133501;Bubble stick ;PIECES;-;
00100133502;Bubble stick ;BOITE;7 000 Ar;05/12/2024
01800134401;BUBBLE SWORD (ANIMAL);BOITE ;36 000 Ar;05/12/2024
00100100301;Buble circle;PIECE;200 Ar;06/11/2023
00100100302;Buble circle;BOITE;11 000 Ar;06/11/2023
01800108701;BUBLE CIRCLE EN PIECE;PIECE;200 Ar;21/02/2024
00100012601;BUTERFULY BONBON  PAPILLON ;SACHET;5 800 Ar;02/09/2020
00100153201;Cafe capuccino Lemser;PCS;600 Ar;20/05/2025
00100153202;Cafe capuccino Lemser;SACHET;11 000 Ar;20/05/2025
00100142501;Cafe Tsy lefy 20g;PCS;600 Ar;24/01/2025
00100142502;Cafe Tsy lefy 20g;SACHET;15 000 Ar;24/01/2025
00100142503;Cafe Tsy lefy 20g;CARTON;450 000 Ar;24/01/2025
00100142401;Cafe Tsy lefy 30g;PCS;800 Ar;24/01/2025
00100107601;CAFE TSY LEFY 30G;SACHET;14 500 Ar;29/01/2024
00100142402;Cafe Tsy lefy 30g;SACHET;14 500 Ar;24/01/2025
00100142403;Cafe Tsy lefy 30g;CARTON;435 000 Ar;24/01/2025
00100107501;CAFE TSY LEFY20G;SACHET;15 000 Ar;29/01/2024
00100042401;CAHIER  CALIGRAPHE 100p ;PAQUET;15 000 Ar;19/07/2022
00100114301;CAHIER  TRIUMPH TSOTRA  100P GF;PAQUET;17 000 Ar;26/07/2025
00100114302;CAHIER  TRIUMPH TSOTRA  100P GF;CARTON;272 000 Ar;26/07/2025
00100027701;CAHIER  TRIUMPH TSOTRA  200P GF;PACK;27 000 Ar;26/07/2025
00100027702;CAHIER  TRIUMPH TSOTRA  200P GF;CARTON;324 000 Ar;26/07/2025
00100040401;CAHIER  TRIUMPH TSOTRA 100P PF;PAQUET;15 000 Ar;26/07/2025
00100040402;CAHIER  TRIUMPH TSOTRA 100P PF;CARTON;300 000 Ar;26/07/2025
00100027201;Cahier 100p super ;PACK;11 000 Ar;30/01/2024
00100027202;Cahier 100p super ;CARTON;259 000 Ar;19/07/2022
00100093201;CAHIER 100PAGES PF EN PIECE;PIECE;1 500 Ar;11/08/2025
00100093202;CAHIER 100PAGES PF EN PIECE;PAQUET;15 000 Ar;11/08/2025
00100067901;CAHIER 200P SUPER  TOPS ;PAQUET ;7 000 Ar;16/09/2022
00100093401;CAHIER 200PAGES EN PIECE;PIECE;3 000 Ar;16/01/2026
00100093402;CAHIER 200PAGES EN PIECE;PAQUET;12 500 Ar;18/09/2023
02200161401;CAHIER 200PAGES PF EN PIECE;PCS;-;16/01/2026
00100093301;CAHIER 50PAGES PF EN PIECE;PIECE;1 000 Ar;28/08/2023
00100093302;CAHIER 50PAGES PF EN PIECE;PAQUET;13 000 Ar;22/08/2023
00100045001;CAHIER CHAMPION 100P;PAQUET ;14 000 Ar;21/07/2022
00100059301;CAHIER CHAMPION 200P;PAQUET;14 000 Ar;21/07/2022
00100059302;CAHIER CHAMPION 200P;CARTON;279 000 Ar;16/08/2022
00100016003;CAHIER CLASSINI;PIECE;1 300 Ar;02/09/2020
00100016001;CAHIER CLASSINI;PACQUET;11 000 Ar;02/09/2020
00100016002;CAHIER CLASSINI;CARTON;220 000 Ar;02/09/2020
00100067001;CAHIER DESSIN LAUREAT REF 100;PAQUET ;17 000 Ar;11/07/2024
02200120301;Cahier dessin premier plus;PIÈCES;-;
02200120302;Cahier dessin premier plus;PAQUET;-;
00100042301;CAHIER DIGITAL 200P ;PAQUET ;10 000 Ar;19/07/2022
02200120001;Cahier digital 50P*16;PAQUET;15 000 Ar;06/09/2024
02200120002;Cahier digital 50P*16;CARTON;240 000 Ar;06/09/2024
02200158801;CAHIER ECOLAIRE 48P;PQT;14 000 Ar;09/08/2025
00100065001;CAHIER ECRITURE LAUREAT;PAQUET ;17 000 Ar;24/08/2023
02200195701;CAHIER ECRITURE SUPER LOURD'S;PAQUET;13 000 Ar;06/08/2026
00100115601;CAHIER ECRITURE SUPER LOURD'S ;PAQUET;13 000 Ar;27/07/2024
00100026901;CAHIER ELITE 100P;PAQUET;9 000 Ar;30/08/2022
00100027001;CAHIER ELITE 50 PGS;PACK;8 500 Ar;30/09/2020
00100093601;CAHIER FRANCE 100p;PAQUET;9 500 Ar;24/08/2023
00100027601;CAHIER HERCUL 50 PG;PACK;12 000 Ar;30/09/2020
00100066201;CAHIER LE BOSSEUR 100P;PAQUET;12 000 Ar;19/07/2025
00100066202;CAHIER LE BOSSEUR 100P;CARTON ;240 000 Ar;19/07/2025
00100065701;CAHIER LE BOSSEUR 200P;PAQUET;12 000 Ar;19/07/2025
00100065702;CAHIER LE BOSSEUR 200P;CARTON;240 000 Ar;19/07/2025
00100081601;CAHIER NITRO 100P;PAQUET;11 500 Ar;25/02/2023
00100085501;CAHIER NITROLINE 100P PF;PAQUET;12 000 Ar;19/04/2023
00100085601;CAHIER NITROLINE 200p PF;PAQUET;12 000 Ar;19/04/2023
00100085602;CAHIER NITROLINE 200p PF;CARTON;240 000 Ar;07/08/2023
00100085701;CAHIER NITROLINE 50P PF;PAQUET;13 000 Ar;19/04/2023
00100065801;CAHIER SCOLAIRE 100p (MIKOLO MASO);PAQUET;14 000 Ar;15/08/2022
00100027301;CAHIER SUPER 200P;PACK;13 000 Ar;19/07/2022
00100041301;CAHIER SUPER LORD 50GS EN PIECE;PIECE;800 Ar;15/09/2021
00100141501;CAHIER SUPER LORD'S 100 PAGE;PCS;1 300 Ar;11/01/2025
00100141502;CAHIER SUPER LORD'S 100 PAGE;PAQUET;13 000 Ar;11/01/2025
00100141503;CAHIER SUPER LORD'S 100 PAGE;CARTON;259 000 Ar;11/01/2025
02200157001;CAHIER SUPER LORD'S 200 PAGE;PCS;2 600 Ar;22/07/2025
02200157002;CAHIER SUPER LORD'S 200 PAGE;PAQUET;13 000 Ar;22/07/2025
02200157003;CAHIER SUPER LORD'S 200 PAGE;CARTON;259 000 Ar;22/07/2025
02200144001;Cahier Super lord's 50 page;PAQUET;14 000 Ar;17/02/2025
00100041101;Cahier super tops 50p pf;PAQUET;13 000 Ar;30/01/2024
00100047701;CAHIER TRIUMPH 100P GRAND FORMAT EN PIECES;PIECE ;3 000 Ar;17/09/2025
00100092901;CAHIER TRIUMPH 200P GRAND FORMAT EN PIECES;PÎECE;6 000 Ar;30/07/2025
00100092902;CAHIER TRIUMPH 200P GRAND FORMAT EN PIECES;PAQUET;30 000 Ar;30/07/2025
02200119701;CAHIER TRIUMPH DESIGN 100P PF;PAQUET;17 000 Ar;01/10/2024
02200119702;CAHIER TRIUMPH DESIGN 100P PF;CARTON;340 000 Ar;01/10/2024
02200119801;CAHIER TRIUMPH DESIGN 200P PF;PAQUET;17 000 Ar;01/10/2024
02200119802;CAHIER TRIUMPH DESIGN 200P PF;CARTON;340 000 Ar;01/10/2024
02200162201;CAHIER TRIUMPH MOZAÏC 100P GF;PCS;3 000 Ar;11/09/2025
02200162202;CAHIER TRIUMPH MOZAÏC 100P GF;PQT;17 000 Ar;11/09/2025
00100040901;CAHIER TRIUMPH PLASTIC  200pPF;PAQUET;17 000 Ar;03/08/2022
00100041001;CAHIER TRIUMPH PLASTIC 100pGF;PAQUET;19 000 Ar;31/08/2021
00100041401;CAHIER TRIUMPH PLASTIC 200p EN PIECE;PIECE;3 000 Ar;31/08/2021
00100027801;CAHIER TRIUMPH PLASTIQUE 100P GF;PACK;23 000 Ar;25/08/2023
00100027802;CAHIER TRIUMPH PLASTIQUE 100P GF;CARTON;368 000 Ar;26/07/2025
00100027401;CAHIER TRIUMPH PLASTIQUE 100P PF;PACK;18 000 Ar;22/07/2026
00100027402;CAHIER TRIUMPH PLASTIQUE 100P PF;CARTON;360 000 Ar;22/07/2026
00100040801;CAHIER TRIUMPH PLASTIQUE 200P GF;PAQUET;30 000 Ar;26/07/2025
00100040802;CAHIER TRIUMPH PLASTIQUE 200P GF;CARTON;360 000 Ar;26/07/2025
00100027501;CAHIER TRIUMPH PLASTIQUE 200P PF;PACK;18 000 Ar;22/07/2026
00100027502;CAHIER TRIUMPH PLASTIQUE 200P PF;CARTON;360 000 Ar;22/07/2026
00100092601;CAHIER TRIUMPH SCOLAIRE 100P ;PAQUET;15 000 Ar;01/09/2025
00100092602;CAHIER TRIUMPH SCOLAIRE 100P ;CARTON;300 000 Ar;01/09/2025
02200167501;CAHIER TRIUMPH SCOLAIRE 200P ;PAQUET;15 000 Ar;03/12/2025
02200167502;CAHIER TRIUMPH SCOLAIRE 200P ;CARTON;-;
00100040201;CAHIER TRIUMPH TSOTRA 200P PF;PAQUET;15 000 Ar;26/07/2025
00100040202;CAHIER TRIUMPH TSOTRA 200P PF;CARTON;300 000 Ar;26/07/2025
00100027101;CAHIER TRIUMPH TSOTRA 50P PF;PACK;19 500 Ar;22/07/2026
00100027102;CAHIER TRIUMPH TSOTRA 50P PF;CARTON;316 000 Ar;26/07/2025
00100028901;CAHIER TRIUMPH100p;PAQUET;12 000 Ar;26/10/2020
00100098201;Cahier triumph200pPF;PAQUET;17 000 Ar;20/10/2023
00100041201;CAHIERTRIUMPHPLASTIQUE100PGSEN PIECE;PIECE;1 500 Ar;31/08/2021
00100145601;Candia le fromage 36*8;BOITE;4 900 Ar;20/03/2025
00100145602;Candia le fromage 36*8;CARTON;176 400 Ar;19/09/2025
01800165201;CANDY BONBON BONJOURNE COLA BOCAL;BOCAL;12 000 Ar;29/10/2025
01800165301;CANDY BONBON BONJOURNE FANTA BOCAL;BOCAL;12 000 Ar;29/10/2025
01800165401;CANDY BONBON BONJOURNE SPRINT BOCAL;BOCAL;12 000 Ar;29/10/2025
00100128401;Candy gloss 7g;BOITE;12 000 Ar;07/11/2024
01800135801;Candy king fanta orange;SACHET;2 500 Ar;16/12/2024
01800135802;Candy king fanta orange;CARTON;50 000 Ar;16/12/2024
00500168001;CANDY UP 150 ML*30;PIECES;1 600 Ar;03/12/2025
00100049001;CAPRICE BBA 1.5l;PIECE;5 000 Ar;11/12/2025
00100049002;CAPRICE BBA 1.5l;PAQUET;28 000 Ar;23/06/2026
00100077401;CAPRICE BBA 50CL;PAQUET;24 000 Ar;13/02/2026
00100056101;CAPRICE FANTAS ANANAS 1.5l;PIECE;5 000 Ar;02/10/2024
00100056102;CAPRICE FANTAS ANANAS 1.5l; PAQUET;28 000 Ar;23/06/2026
00100077101;CAPRICE FANTAS ANANAS PM 50CL;PAQUET;19 500 Ar;03/12/2024
00100071101;CAPRICE GRENADINE 1.5L;PAQUET;28 000 Ar;23/06/2026
01900175201;CAPRICE GRENADINE 1.5L;PIECE;5 000 Ar;30/01/2026
00100077201;CAPRICE GRENADINE 50CL PM;PAQUET;20 000 Ar;17/08/2024
00100068801;CAPRICE POMME 1.5 L ;PAQUET;32 000 Ar;25/10/2023
00100076901;CAPRICE POMME PM 50CL;PAQUET;23 000 Ar;25/10/2023
00100076801;CAPRICE SODA ORANGE  50CL;PAQUET;24 000 Ar;13/02/2026
01900170401;CAPRICE SODA ORANGE 1.5L;PIECS;5 000 Ar;15/12/2025
01900170402;CAPRICE SODA ORANGE 1.5L;PAQUET;28 000 Ar;23/06/2026
00100015901;CARAMEL;SACHET;3 500 Ar;19/12/2023
00100015902;CARAMEL;CARTON;126 000 Ar;05/11/2024
01800107901;CARAMEL EN PIECE; PIECE;100 Ar;02/02/2024
00100114801;CARBONATE;KG;5 000 Ar;20/07/2024
00100127501;Carnet polo pqt de 15;PAQUET;4 900 Ar;06/11/2024
02200158901;CARNET RAINBOW PQT DE 15;PQT;3 300 Ar;11/08/2025
00100030301;CARNET SUPER PQT DE 15 ;PAQUET;4 900 Ar;21/03/2024
00100009303;CARRY ;PIECE;900 Ar;27/03/2026
00100009301;CARRY ;PACQUET;17 000 Ar;05/04/2022
00100009302;CARRY ;BALLE;169 000 Ar;05/04/2022
00100179001;CARRY DOYPACK EN SACHET;PIECE;900 Ar;27/03/2026
00100179002;CARRY DOYPACK EN SACHET;SACHET;17 000 Ar;27/03/2026
00500162401;CARRY MOULU DOYPACK;SACHET;-;28/03/2026
00100095001;CARS POP;SACHET;4 000 Ar;18/10/2023
02200199501;CARTABLE ENFANT LISSE;PIECE;10 000 Ar;05/08/2026
02200199601;CARTABLE ENFANT LUX;PIECE;17 000 Ar;05/08/2026
00100197601;CEBON BOUILLON DE BOEUF CUBES;PIECE;1 800 Ar;27/07/2026
00100197602;CEBON BOUILLON DE BOEUF CUBES;BOITE;72 000 Ar;27/07/2026
00100197603;CEBON BOUILLON DE BOEUF CUBES;CARTON;144 000 Ar;27/07/2026
00100033501;CEMENT LUCKY;SAC ;32 000 Ar;31/10/2023
00100185101;CHAMPIGNON EUROPA 400G;BOITE;4 000 Ar;04/05/2026
00100065301;CHEESE BALLS;SACHET ;37 000 Ar;18/07/2022
00100090701;CHEESSE RINGS ;SACHET ;15 400 Ar;30/06/2023
01800182501;CHEWING BIG BUBBLE GUM TATOO3G;BOCAL;9 000 Ar;18/04/2026
01800182502;CHEWING BIG BUBBLE GUM TATOO3G;CARTON;108 000 Ar;22/04/2026
00100098301;Chikito choco caramel;SACHET;2 900 Ar;23/10/2023
00100098302;Chikito choco caramel;CARTON;69 000 Ar;21/10/2023
00100098401;Chikito choco coco;SACHET;2 900 Ar;23/10/2023
00100098402;Chikito choco coco;CARTON;69 000 Ar;21/10/2023
01800131501;Chilli pop;SACHET;12 500 Ar;22/11/2024
01800143701;CHOCO BALLS FOOTBALL VETO;PCS;100 Ar;23/05/2025
01800143702;CHOCO BALLS FOOTBALL VETO;BOCAL;9 000 Ar;30/01/2025
01800143703;CHOCO BALLS FOOTBALL VETO;CARTON;432 000 Ar;30/01/2025
00100079701;CHOCO EN PIECE ;PIECE;200 Ar;03/02/2023
00100100001;Choco mini balls;PIECE;100 Ar;12/03/2025
00100100002;Choco mini balls;BOCAL;15 000 Ar;06/11/2023
00100147201;CHOCO MINITELLA BOCAL;PCS;100 Ar;26/03/2025
00100147202;CHOCO MINITELLA BOCAL;BOCAL;15 000 Ar;26/03/2025
01800155301;CHOCODAY MINIS EN BOITE ;BOITE;8 500 Ar;01/07/2025
00100088501;CHOCOLAT BISCUIT ;BOITE ;14 800 Ar;23/05/2023
00100049701;CHOCOLAT DUCREM;BOITE;14 000 Ar;01/07/2025
00100013701;CHOCOLAT EMERALDE;BOITE;17 000 Ar;03/09/2020
00100199001;CHOCOLAT EURO GOLD BOCAL 125PCS;BOCAL;17 500 Ar;27/07/2026
01800177601;CHOCOLAT GOLDEN HEART;BOCAL;11 000 Ar;09/03/2026
00100081501;CHOCOLAT MONTRE ;SACHET;15 000 Ar;24/02/2023
00100128801;Chocolate pen 10g;BOITE;11 300 Ar;09/08/2025
00100128802;Chocolate pen 10g;CARTON;270 000 Ar;09/08/2025
00100025701;CITRON BARRE NATIONAL 800G;BARRE;10 500 Ar;02/09/2022
00100025702;CITRON BARRE NATIONAL 800G;CARTON;168 000 Ar;02/09/2022
00100061401;CITRON FRAIS BARRE 750G;BARRE;9 800 Ar;27/06/2022
00100061402;CITRON FRAIS BARRE 750G;CARTON;114 000 Ar;27/06/2022
01100176001;CITRON FRAIS BARRE 800G;BARRE;11 800 Ar;03/03/2026
01100176002;CITRON FRAIS BARRE 800G;CARTON;188 000 Ar;03/03/2026
00800035601;Citron frais barre 900 gr;BARRE;12 000 Ar;15/02/2023
00800035602;Citron frais barre 900 gr;CARTON;192 000 Ar;15/02/2023
00100096201;Coca cola canette 300ml;PIECE;2 500 Ar;29/04/2026
00100096202;Coca cola canette 300ml;PAQUET;60 000 Ar;29/04/2026
01900113601;COCA COLA PET 1.5L*6;PAQUET;-;05/03/2026
01900170801;COCA COLA PET 1.5L*6 VAO;PIECES;5 000 Ar;19/12/2025
01900170802;COCA COLA PET 1.5L*6 VAO;PAQUET;30 000 Ar;05/03/2026
01900113701;COCA COLA PET 350ML*12;PAQUET;19 000 Ar;17/04/2026
01900159901;COCA COLA PET 50CL*12;PCS;2 000 Ar;22/08/2025
01900159902;COCA COLA PET 50CL*12;PACQUET ;25 000 Ar;06/03/2026
00100040101;COLGATE 50ML 6*12;PIECE;3 500 Ar;04/03/2025
00100040102;COLGATE 50ML 6*12;PAQUET;42 000 Ar;17/07/2026
00100040103;COLGATE 50ML 6*12;CARTON;252 000 Ar;04/03/2025
00100007701;COLGATE GM        [ 100ml ~ 154 g ];PIECE;5 500 Ar;04/03/2025
00100007702;COLGATE GM        [ 100ml ~ 154 g ];PACQUET;66 000 Ar;04/03/2025
00100007703;COLGATE GM        [ 100ml ~ 154 g ];CARTON;262 000 Ar;04/03/2025
02900161101;COLGATE MAXIMUM CAVITY 100ML*72;PCS;2 000 Ar;03/08/2026
02900161102;COLGATE MAXIMUM CAVITY 100ML*72;PQT;58 000 Ar;29/08/2025
02900161201;COLGATE MAXIMUM CAVITY 25ML*144;PCS;2 000 Ar;03/08/2026
02900161202;COLGATE MAXIMUM CAVITY 25ML*144;PQT;23 500 Ar;29/08/2025
00100063301;COLGATE PM 50ML(77G);PAQUET;38 000 Ar;27/12/2024
00100083701;COLGATE TOTAL PRO 75ml EN PIECE;PIECE;9 500 Ar;29/03/2023
00100063201;COLGATE TOTAL PRO 75ml(100G);PAQUET ;114 000 Ar;15/08/2022
00100182701;COLLE SUPER GLUE 3G;PAQUET;3 000 Ar;27/04/2026
00100052701;Colombina jumbo sucette 1250g;SACHET;24 000 Ar;28/11/2024
00100052702;Colombina jumbo sucette 1250g;CARTON;294 000 Ar;27/11/2024
00100065901;COLOMBINA SUCETTE 816G;SACHET ;16 000 Ar;27/04/2024
00100065902;COLOMBINA SUCETTE 816G;CARTON;256 000 Ar;02/11/2024
00100010001;COLORANT;PIECE;2 000 Ar;02/09/2020
00100010002;COLORANT;PACQUET;20 000 Ar;07/12/2023
00100179801;COLORANT PARFUM NANDI'S CHOCOLATE;PECE;2 800 Ar;02/04/2026
00100179802;COLORANT PARFUM NANDI'S CHOCOLATE;PAQUET;33 600 Ar;02/04/2026
00100179901;COLORANT PARFUM NANDI'S ORANGE;PECE;2 800 Ar;02/04/2026
00100179902;COLORANT PARFUM NANDI'S ORANGE;PAQUET;33 600 Ar;02/04/2026
00100180001;COLORANT PARFUM NANDI'S STRAWBERRY;PECE;2 800 Ar;02/04/2026
00100180002;COLORANT PARFUM NANDI'S STRAWBERRY;PAQUET;33 600 Ar;02/04/2026
01800155101;COLORFUL JELLY CANDY;BOCAL;12 000 Ar;01/07/2025
00100068401;CONSIGNATION ;PIECE;-;
00100015701;CONTRE TOUT;SACHET;4 900 Ar;19/12/2022
00100015702;CONTRE TOUT;SAC;196 000 Ar;19/12/2022
00100140901;CORDE  N°10;ROULEAU;60 000 Ar;09/01/2025
00100141101;CORDE N°12;ROULEAU;64 000 Ar;09/01/2025
00100070401;CORDE N°2;ROULEAU ;3 500 Ar;09/01/2025
00100070402;CORDE N°2;BALLES;-;
00100070501;CORDE N°3;ROULEAU ;8 500 Ar;09/11/2022
00100070601;CORDE N°4;ROULEAU ;9 500 Ar;09/01/2025
00100070602;CORDE N°4;BALLES;-;
00100070701;CORDE N°6;ROULEAU ;22 000 Ar;09/01/2025
00100141001;CORDE N°8;ROULEAU;39 500 Ar;09/01/2025
00100018501;CORRY PM ;CARTON;25 000 Ar;24/11/2020
01700119601;Couche bebeo culotte junior 5x28 n°5;PAQUET;25 400 Ar;04/09/2024
01700119602;Couche bebeo culotte junior 5x28 n°5;BALLE;127 000 Ar;04/09/2024
01700119501;Couche bebeo culotte maxi 5x32 n°4;PAQUET;25 400 Ar;04/09/2024
01700119502;Couche bebeo culotte maxi 5x32 n°4;BALLE;127 000 Ar;04/09/2024
01700119401;Couche bebeo culotte midi 5x36 n°3;PAQUET;25 400 Ar;04/09/2024
01700119402;Couche bebeo culotte midi 5x36 n°3;BALLE;127 000 Ar;04/09/2024
01700169901;COUCHE BEBEO CULOTTE PANTS MAXI 4X32 N°4;PAQUET;25 400 Ar;10/12/2025
01700169902;COUCHE BEBEO CULOTTE PANTS MAXI 4X32 N°4;BALLE;101 600 Ar;10/12/2025
01700122701;Couche bebeo maxi 4X32 n°4;PAQUET;19 000 Ar;10/10/2024
01700122702;Couche bebeo maxi 4X32 n°4;BALE;76 000 Ar;10/10/2024
01700122801;Couche bebeo midi 4X36 n°3;PAQUET;19 000 Ar;10/10/2024
01700122802;Couche bebeo midi 4X36 n°3;BALE;76 000 Ar;10/10/2024
01700160401;Couche calinou maxi 4*32 n°4;PAQUET;17 500 Ar;25/08/2025
01700160402;Couche calinou maxi 4*32 n°4;BALLE;70 000 Ar;25/08/2025
01700160501;Couche calinou midi 4*36 n°3;PAQUET ;17 500 Ar;25/08/2025
01700160502;Couche calinou midi 4*36 n°3;BALLE;70 000 Ar;25/08/2025
01700160601;COUCHE CALINOU MINI 4*40 N°2;PAQUET;17 500 Ar;25/08/2025
01700160602;COUCHE CALINOU MINI 4*40 N°2;BALLE;70 000 Ar;25/08/2025
00100061601;COUCHE CULOTTE SWEETY FIT PANTZ I8 MAXI;PAQUET ;8 000 Ar;12/05/2022
00100061602;COUCHE CULOTTE SWEETY FIT PANTZ I8 MAXI;CARTON;128 000 Ar;13/09/2022
00100063601;COUCHE CULOTTE SWEETY FIT PANTZ L1 MAXI;PIECE ;1 000 Ar;13/06/2022
00100063602;COUCHE CULOTTE SWEETY FIT PANTZ L1 MAXI;PAQUET;6 000 Ar;13/06/2022
00100067701;COUCHE CULOTTE SWEETY FIT PANTZ M9 MIDI ;PAQUET;8 000 Ar;13/09/2022
00100067702;COUCHE CULOTTE SWEETY FIT PANTZ M9 MIDI ;CARTON;128 000 Ar;13/09/2022
01700147601;COUCHE MAVIS MAXI 10 ;PAQUET;6 500 Ar;29/04/2025
01700147602;COUCHE MAVIS MAXI 10 ;BAL;65 000 Ar;29/04/2025
00100125601;Couche molly maxi 4x32 n°4;PAQUET;25 000 Ar;31/10/2024
00100125602;Couche molly maxi 4x32 n°4;BALLE;100 000 Ar;02/04/2026
00100125501;Couche molly midi 4x36 n°3;PAQUET;25 000 Ar;31/10/2024
00100125502;Couche molly midi 4x36 n°3;BALLE;100 000 Ar;31/10/2024
00100015301;COUVERTURE VANILLE;PIECE;25 000 Ar;19/07/2025
00100015302;COUVERTURE VANILLE;BALLE;1 250 000 Ar;19/07/2025
00100137801;CRAIE BLANCHE TRI ONE;BOITE;2 900 Ar;03/01/2025
00100137802;CRAIE BLANCHE TRI ONE;CARTON;-;
00100043801;CRAIE BLANCHE XIA;BOITE;2 400 Ar;27/09/2021
00100043802;CRAIE BLANCHE XIA;CARTON;115 200 Ar;29/09/2021
00100137701;CRAIE COULEUR TRIO ONE;BOITE;3 500 Ar;03/01/2025
00100137702;CRAIE COULEUR TRIO ONE;CARTON ;-;
00100043901;CRAIE COULEUR XIA ;BOITE;3 000 Ar;27/09/2021
00100196201;CRAIE HI BLANCHE 100PCS;BOITE;3 000 Ar;23/07/2026
00100196301;CRAIE HI COULEUR 100PCS;BOITE;3 200 Ar;23/07/2026
00100154401;CRAIE REFLEX BLANCHE;BOITE;3 000 Ar;30/06/2025
00100155001;CRAIE REFLEX COULEUR ;BOITE;3 300 Ar;01/07/2025
00600192001;CREAM BISCUIT TIK TOK 50G*10*10;SACHET;5 700 Ar;02/06/2026
00600192002;CREAM BISCUIT TIK TOK 50G*10*10;CARTON;57 000 Ar;02/06/2026
00600172401;CREAM BISCUIT TIK TOK 70G;SACHET;7 000 Ar;07/01/2026
00600172402;CREAM BISCUIT TIK TOK 70G;CARTON;21 000 Ar;07/01/2026
00600138401;CREAM WAFER OYE BISCUITS;PIECES;200 Ar;23/05/2025
00600138402;CREAM WAFER OYE BISCUITS;BOITE;18 000 Ar;03/01/2025
02400144801;CREME MOUSQUITO DUDU 70G;PCS;2 200 Ar;01/03/2025
02400144802;CREME MOUSQUITO DUDU 70G;PAQUET;24 100 Ar;28/02/2025
00100152801;CREME MOUSQUITO FAMILY CARE;PQT;24 100 Ar;06/05/2025
02400144901;CREME MOUSQUITO FAMILY CARE 70G;PCS;2 200 Ar;01/03/2025
02400144902;CREME MOUSQUITO FAMILY CARE 70G;PAQUET;24 100 Ar;28/02/2025
00100095301;CRISPY CONE ;BOCALE;20 000 Ar;21/10/2024
00100095302;CRISPY CONE ;CARTON;180 000 Ar;21/10/2024
00600142001;CRISPY CONE DY CONEO;PCS;400 Ar;11/01/2025
00600142002;CRISPY CONE DY CONEO;BOCAL;20 000 Ar;11/01/2025
00600142003;CRISPY CONE DY CONEO;CARTON;180 000 Ar;11/01/2025
00100081201;CRISTALINE 100CL;PAQUET;19 000 Ar;04/12/2024
01900106901;CRISTALINE 1L ;PIECE;2 500 Ar;24/01/2024
01900106902;CRISTALINE 1L ;PAQUET;19 000 Ar;04/02/2025
00100127601;Cristaline 200cl;PAQUET;25 000 Ar;04/12/2024
01900137101;Cristaline 2L;BOUTEIL;4 500 Ar;01/03/2025
01900137102;Cristaline 2L;PAQUET;25 000 Ar;04/02/2025
00600131301;Cristo;SACHET;5 500 Ar;22/11/2024
00100020201;Croquette au fromage luxe  pm;PIECE;400 Ar;13/05/2026
00100108401;Croquette au fromage luxe gm;PIECE;800 Ar;13/05/2026
01800134601;CROWN LIGHT LOLLIPOP;BOITE ;11 000 Ar;05/12/2024
00100095401;CROWN ROSE 25G ;PAQUET;10 700 Ar;09/10/2023
01800181201;CUBE CANDY WATER BOTTLE EN BOCAL*275PCS;BOCAL;20 000 Ar;03/04/2026
01800181202;CUBE CANDY WATER BOTTLE EN BOCAL*275PCS;CARTON;240 000 Ar;03/04/2026
00100067501;CUVETTE KEPOLY GM ;PIECE ;-;
00100089601;DANICA SWEEETWHIP;PIECE;19 000 Ar;15/06/2023
00100072701;DARBEL CITRON 100 CL;BOUTEILLE ;9 500 Ar;27/02/2023
00100075901;DARBEL FRAISE 100CL;PIECE;9 500 Ar;30/01/2023
00100072601;DARBEL GRENADINE 100CL;BOUTEILLE ;9 500 Ar;27/02/2023
00100072901;DARBEL MENTHE 100CL;BOUTEILLE ;9 500 Ar;30/01/2023
00100073101;DARBEL MENTHE 50CL;BOUTEILLE ;6 500 Ar;12/10/2023
00100073001;DARBEL ORANGE 100CL;BOUTEILLE ;9 500 Ar;30/01/2023
01800162601;DAY & NIGHT BALLS KIDDIES 420G;BOCAL;17 500 Ar;19/09/2025
00100069701;Delice 28% lait entier 1kg;SACHET ;41 000 Ar;01/11/2024
00100069702;Delice 28% lait entier 1kg;CARTON;328 000 Ar;01/11/2024
00100080301;Delice 28% lait entier 20g;PIECE;950 Ar;02/06/2025
00100080302;Delice 28% lait entier 20g;CARTON;226 800 Ar;01/11/2024
00100069801;Delice 28% lait entier 250g;SACHET ;12 000 Ar;27/02/2025
00100069802;Delice 28% lait entier 250g;CARTON;336 000 Ar;27/02/2025
00100080401;Delice 28% lait entier 500g;SACHET;21 000 Ar;01/11/2024
00100080402;Delice 28% lait entier 500g;CARTON;336 000 Ar;01/11/2024
00100098501;Delice choco poudre 20g;PIECE;500 Ar;21/10/2023
00100125901;Delice chocolat  poudre 400g;BOITE;15 000 Ar;10/11/2025
00100086201;Delice chocolat poudre 200g*45;SACHET ;5 000 Ar;01/11/2024
02900164301;DENTIFRICE BOSIVO CHARCOAL 100ML;PCS;4 200 Ar;25/07/2026
02900164302;DENTIFRICE BOSIVO CHARCOAL 100ML;PQT;25 000 Ar;09/10/2025
00100124301;Dentifrice ciptadent 30g;PAQUET;17 000 Ar;25/10/2024
00100124302;Dentifrice ciptadent 30g;CARTON;204 000 Ar;25/10/2024
00100124201;Dentifrice ciptadent 75G;PAQUET;34 000 Ar;25/10/2024
02900198701;DENTIFRICE DABUR HERB'L CHARCOAL 140G;PIECE;9 000 Ar;27/07/2026
02900198702;DENTIFRICE DABUR HERB'L CHARCOAL 140G;PAQUET;108 000 Ar;27/07/2026
02900198801;DENTIFRICE DABUR HERB'L TOOTHPAST 140G MINT;PIECE;8 000 Ar;27/07/2026
02900198802;DENTIFRICE DABUR HERB'L TOOTHPAST 140G MINT;PAQUET;48 000 Ar;27/07/2026
02900192901;DENTIFRICE DABUR HERBIL CLOVE 156G*8X6;PIECE;7 000 Ar;25/06/2026
02900192902;DENTIFRICE DABUR HERBIL CLOVE 156G*8X6;PAQUET;42 000 Ar;25/06/2026
02900192903;DENTIFRICE DABUR HERBIL CLOVE 156G*8X6;CARTON;336 000 Ar;25/06/2026
02900157201;DENTIFRICE MERIELCE 150G;PCS;1 800 Ar;22/07/2025
02900157202;DENTIFRICE MERIELCE 150G;PQT;10 500 Ar;22/07/2025
02900157203;DENTIFRICE MERIELCE 150G;CARTON;126 000 Ar;22/07/2025
00100024801;DENTIFRICE SIGNAL;PIECE;3 000 Ar;18/01/2022
00100024802;DENTIFRICE SIGNAL;PACQUET;36 000 Ar;18/01/2022
00100024803;DENTIFRICE SIGNAL;CARTON ;144 000 Ar;18/01/2022
00100187801;DEO EMOTION LOVE;PIECE;7 000 Ar;12/05/2026
00100187701;DEO EMOTION OCEAN FRESH;PIECE;7 000 Ar;12/05/2026
00100187601;DEO EMOTION ROMANCE;PIECE;7 000 Ar;12/05/2026
00100187501;DEO EMOTION VIOLET KISS;PIECE;7 000 Ar;12/05/2026
00100187201;DEO MY EGO APOLLO 200ML;PIECE;7 000 Ar;12/05/2026
00100187301;DEO MY EGO RACE 200ML;PIECE;7 000 Ar;12/05/2026
00100187401;DEO MY EGO WAVE 200ML;PIECE;7 000 Ar;12/05/2026
01800134101;DINOSAUR BUBLE GUM ;BOCAL;17 000 Ar;05/12/2024
00100193001;DOLPHIN CULOTTE JUNIOR 5X24 N°5;PAQUET;24 800 Ar;25/06/2026
00100193002;DOLPHIN CULOTTE JUNIOR 5X24 N°5;BALL;124 000 Ar;25/06/2026
00100193101;DOLPHIN CULOTTE MIDI 5X34 N°3;PAQUET;24 800 Ar;25/06/2026
00100193102;DOLPHIN CULOTTE MIDI 5X34 N°3;BALL;124 000 Ar;25/06/2026
00100193201;DOLPHIN CULOTTE TWIN MAXI 5X32 N°4;PAQUET;24 800 Ar;25/06/2026
00100193202;DOLPHIN CULOTTE TWIN MAXI 5X32 N°4;BALL;124 000 Ar;25/06/2026
00100098001;Double 7 seven 250ml;PIECE;2 500 Ar;18/10/2023
00100098002;Double 7 seven 250ml;PAQUET;60 000 Ar;01/11/2023
01800161601;DOUBLE KOFFE BOCAL 240PCS;BOCAL;15 000 Ar;10/09/2025
01800161602;DOUBLE KOFFE BOCAL 240PCS;CARTON;180 000 Ar;25/06/2026
01800162301;DOUBLE KOFFE EN SACHET;SACHET ;4 000 Ar;11/09/2025
01800167601;DOUBLE KOFFRE VETO(ORIZON CAFE)EN SACHET;SACHET;4 000 Ar;13/11/2025
01800167602;DOUBLE KOFFRE VETO(ORIZON CAFE)EN SACHET;CARTON;64 000 Ar;13/11/2025
00100061301;DR CONFORT COUCHE ADULTE 6 X L10;PIECE ;4 000 Ar;03/05/2022
00100061302;DR CONFORT COUCHE ADULTE 6 X L10;PAQUET ;39 000 Ar;03/05/2022
01800104601;Drink bottle candy;PIECE;500 Ar;08/12/2023
01800104602;Drink bottle candy;PAQUET;15 000 Ar;08/12/2023
01800135701;Dum dun gun 16*48;SACHET ;9 000 Ar;16/12/2024
01800135702;Dum dun gun 16*48;CARTON;144 000 Ar;16/12/2024
00400022001;DURATA r20 (gm);BOITE;15 500 Ar;21/02/2025
00400022002;DURATA r20 (gm);CARTON;372 000 Ar;21/02/2025
00400022101;Durata r6 (pm);BOITE;8 500 Ar;07/03/2022
00400022102;Durata r6 (pm);CARTON;425 000 Ar;07/03/2022
00100024301;DYNAMIC;PIECE;3 500 Ar;29/07/2023
00100024302;DYNAMIC;CARTON;105 000 Ar;29/07/2023
00100003601;EAU VIVE 1.5l;PIECE;3 500 Ar;05/12/2024
00100003602;EAU VIVE 1.5l;PACK;21 000 Ar;04/12/2024
00100003701;EAU VIVE 50CL;PIECE;1 800 Ar;20/03/2023
00100003702;EAU VIVE 50CL;PACK;19 000 Ar;19/03/2025
00100080801;EAU VIVE GM EN PIECE ;PIECE;3 000 Ar;23/02/2023
00100080701;EAU VIVE PM EN PIECE ;PIECE;1 800 Ar;23/02/2023
00100095501;ELASTIQUE FLECHE;SACHET;5 500 Ar;09/08/2025
00100011401;Elastique volo ;SACHET;5 800 Ar;25/03/2025
00100015201;EMBALLAGE VANILLE;PIECE;2 500 Ar;24/08/2021
02300117201;Encaustique tselatra acajou;PIECE;3 800 Ar;09/08/2024
02300117202;Encaustique tselatra acajou;CARTON;136 800 Ar;09/08/2024
02300117301;Encaustique tselatra jaune;PIECE;3 800 Ar;09/08/2024
02300117302;Encaustique tselatra jaune;CARTON;136 800 Ar;09/08/2024
02300117401;Encaustique tselatra neutre;PIECE;3 800 Ar;09/08/2024
02300117402;Encaustique tselatra neutre;CARTON;136 800 Ar;09/08/2024
02300117501;Encaustique tselatra spacial;PIECE;3 800 Ar;09/08/2024
02300117502;Encaustique tselatra spacial;CARTON;136 800 Ar;09/08/2024
00100014701;ENCOSTIQUE JEWEL;PIECE;7 000 Ar;22/11/2023
00100014702;ENCOSTIQUE JEWEL;CARTON;168 000 Ar;22/11/2023
00100032001;ENCOSTIQUE TSOTRA BOIS;PIECE;4 800 Ar;13/12/2024
00100057801;ENCOSTIQUE TSOTRA CIMENT ;PIECE ;4 800 Ar;13/12/2024
00100066901;ENVELOPPE OFFICE 11X16;PAQUET;5 000 Ar;29/08/2022
00100066902;ENVELOPPE OFFICE 11X16;BOITE ;50 000 Ar;29/08/2022
00100146301;ENVELOPPES NITRO C6;PCS;100 Ar;23/05/2025
00100146302;ENVELOPPES NITRO C6;PQT;8 000 Ar;26/03/2025
00100151001;ENVELOPPES NITRO GM FORMAT C4;PCS;500 Ar;18/04/2025
00100151002;ENVELOPPES NITRO GM FORMAT C4;PACQUET;24 000 Ar;18/04/2025
00100151101;ENVELOPPES NITRO MOYENNE  FORMAT A5;PCS;200 Ar;18/04/2025
00100151102;ENVELOPPES NITRO MOYENNE  FORMAT A5;PACQUET;9 500 Ar;18/04/2025
00100145201;Enveloppes voila c6;PAQUET;7 000 Ar;11/03/2025
00100020501;ESSENCE;LITRE;6 000 Ar;13/03/2026
00100020502;ESSENCE;JERICAN;118 000 Ar;17/03/2026
00100020503;ESSENCE;TONNELET ;1 450 000 Ar;18/05/2026
00400022401;EVERLASTE GM;BOITE;7 700 Ar;02/09/2020
00400022402;EVERLASTE GM;CARTON;184 000 Ar;02/09/2020
00400022501;EVERLASTE PM;BOITE;5 600 Ar;02/09/2020
00400022502;EVERLASTE PM;CARTON;278 000 Ar;02/09/2020
01100108001;EX-40(EXTRA PROPRE BLANC 36PCS);CARTON;33 000 Ar;05/01/2026
01100108101;EX-45(EXTRA PROPRE MARON 24 MX);CARTON;28 000 Ar;06/02/2024
00100086601;EXPERT PROP'OR LIQUIDE VAISSELLE 1L CITRON; PIECE ;3 400 Ar;02/05/2023
00100086602;EXPERT PROP'OR LIQUIDE VAISSELLE 1L CITRON;CARTON;27 200 Ar;02/05/2023
00100005601;EXTRA ;PIECE;-;01/02/2023
00100005602;EXTRA ;CARTON;-;01/02/2023
01100136401;Extra propre barre citron 800g;PIECES;7 500 Ar;19/12/2024
01100136402;Extra propre barre citron 800g;CARTON;90 000 Ar;19/12/2024
01100129301;Extra propre blanc 24pcs;CARTON;33 000 Ar;07/11/2024
00100035701;EXTRA PROPRE BLEU [CITRON];CARTON;45 000 Ar;11/12/2023
01200102101;Extra propre floral;CARTON;45 000 Ar;30/10/2024
00100143001;Extra propre liquide vaisselle 1l;PCS;3 500 Ar;29/01/2025
00100143002;Extra propre liquide vaisselle 1l;PAQUET;35 000 Ar;29/01/2025
00100076101;FAMAFA;PIECE;6 000 Ar;21/12/2022
00100032301;FAMAFA  VAO;PIECE;6 000 Ar;08/01/2021
01000097001;Famafa 907 manche blanc;PIECE;7 000 Ar;13/10/2023
00100095901;FAMAFA ASIE ;PIECE;15 000 Ar;01/02/2024
00100061501;FAMAFA B11;PIECE;8 000 Ar;11/05/2022
01000145301;Famafa brosse Ib;PCS;8 000 Ar;19/03/2025
00100003801;FAMAFA LUX;PIECE;8 000 Ar;02/09/2020
00100057001;FAMAFA LUX 308 ;PIECE;9 000 Ar;19/01/2022
00100096001;FAMAFA LUX 812;PIECE;12 000 Ar;13/10/2023
00100033001;FAMAFA LUX VAO;PIECE;-;
00100033002;FAMAFA LUX VAO;PIECE;6 000 Ar;30/01/2021
01000035401;FAMAFA LUX VTP MM;PIECE;8 000 Ar;29/03/2021
00100025301;FAMAFA TSOTRA;PIECE;5 000 Ar;04/09/2020
00100008901;FANA TOMATE BOITE ;BOITE;1 050 Ar;04/08/2026
00100008902;FANA TOMATE BOITE ;CARTON;105 000 Ar;04/08/2026
01900191501;FANTA ANANAS PET 1.5L*6;PIECE;5 000 Ar;27/05/2026
01900191502;FANTA ANANAS PET 1.5L*6;PAQUET;30 000 Ar;27/05/2026
01900191601;FANTA ANANAS PET 350ML;PAQUET;19 000 Ar;27/05/2026
01900144601;Fanta orange canette 300ml*24;PCS;2 000 Ar;05/08/2026
01900144602;Fanta orange canette 300ml*24;CARTON;48 000 Ar;05/08/2026
00100055701;Fanta Orange pet 1,5 l*6;PIECE;5 000 Ar;15/07/2025
00100055702;Fanta Orange pet 1,5 l*6;PAQUET;30 000 Ar;05/03/2026
00100113101;Fanta Orange pet 350ML*12;PAQUET;19 000 Ar;08/01/2026
01900160101;FANTA PASSION PET 1.5ML*6;PCS;5 000 Ar;25/08/2025
01900160102;FANTA PASSION PET 1.5ML*6;PQT;29 000 Ar;13/02/2026
01900160001;FANTA PASSION PET 350ML*12;PCS;1 500 Ar;25/08/2025
01900160002;FANTA PASSION PET 350ML*12;PQT;19 000 Ar;14/01/2026
00100126901;Fantastic spray  candy;PAQUET ;10 000 Ar;16/12/2025
00100078601;FARILAC 400GR;BOITE;18 000 Ar;24/02/2025
00500155701;FARILAC VANILLE 200G;PCS;7 500 Ar;16/07/2025
00500155801;FARILAC VANILLE 25G*100;PCS;1 300 Ar;16/07/2025
00500155901;FARILAC VANILLE 50G*120;PCS;2 000 Ar;16/07/2025
00100044901;FARINE BAREA;SAC;190 000 Ar;18/11/2025
00100048701;FARINE BAREA EN KG;KG;4 500 Ar;19/09/2024
00100001101;FARINE EGYPTE;KG;2 500 Ar;19/08/2021
00100001102;FARINE EGYPTE;SAC;123 000 Ar;21/06/2021
00100001001;FARINE ERIS;KG;2 500 Ar;14/09/2021
00100001002;FARINE ERIS;SAC;124 000 Ar;21/06/2021
01300120601;Farine lafarina 25KG;SAC;115 000 Ar;18/07/2025
00100001201;FARINE LAFARINA 50 KG;KG;-;04/11/2025
00100001202;FARINE LAFARINA 50 KG;SAC;159 000 Ar;31/07/2026
00100082301;Farine _lafarina en kilos;KILO;3 200 Ar;31/07/2026
00100082302;Farine _lafarina en kilos;SAC;-;06/11/2025
00100004501;FECULE 500G;SACHET;5 900 Ar;09/05/2022
00100004502;FECULE 500G;CARTON;177 000 Ar;19/08/2022
00100133001;Fengchipa Opaobang*20x30;PIECE;500 Ar;13/12/2024
00100133002;Fengchipa Opaobang*20x30;BOITE;7 000 Ar;13/12/2024
00100133003;Fengchipa Opaobang*20x30;CARTON;140 000 Ar;13/12/2024
00100071301;FER 8;BARRE;24 000 Ar;10/11/2022
00100128201;Finger pacifier 5g;PAQUET;12 500 Ar;07/11/2024
01100180401;FLOOR CLEANER KLIN SOL EN BTL ROSE 450ML;PIECE;5 200 Ar;03/04/2026
01100180501;FLOOR CLEANER KLIN SOL EN BTL VERT 450ML;PIECE;5 200 Ar;03/04/2026
01100180601;FLOOR CLEANER KLIN SOL EN BTL VIOLET 450ML;PIECE;5 200 Ar;03/04/2026
00100012801;FONTERA BLEU;SAC;700 000 Ar;14/10/2023
01800134201;FOOTBALL CANDY ;PAQUET;11 000 Ar;05/12/2024
02700186701;FRANCE COILS BLEU CAMPHRE;BOITE;2 000 Ar;11/05/2026
02700186702;FRANCE COILS BLEU CAMPHRE;CARTON;120 000 Ar;11/05/2026
00100012301;France coils jaune citron ;BOITE;2 000 Ar;29/01/2025
00100012302;France coils jaune citron ;CARTON;120 000 Ar;29/01/2025
00100148001;FRANCE COILS ROSE JASMIN;BOITE;2 000 Ar;28/03/2025
00100148002;FRANCE COILS ROSE JASMIN;CARTON;120 000 Ar;28/03/2025
02700181701;FRANCE COILS ROUGE BOIS DE SANTAL;BOITE;2 000 Ar;08/04/2026
02700181702;FRANCE COILS ROUGE BOIS DE SANTAL;CARTON;120 000 Ar;08/04/2026
00100148101;FRANCE COILS VERT MENTHE;BOITE;2 000 Ar;28/03/2025
00100148102;FRANCE COILS VERT MENTHE;CARTON;120 000 Ar;28/03/2025
00100148201;FRANCE COILS VIOLET LAVENDE;BOITE;2 000 Ar;28/03/2025
00100148202;FRANCE COILS VIOLET LAVENDE;CARTON;120 000 Ar;28/03/2025
00100011001;FREGO ASS (GM);SACHET;11 000 Ar;04/10/2024
00100011002;FREGO ASS (GM);CARTON;77 000 Ar;04/10/2024
01800163701;FROOTOLA CHOCLAND;BTE;8 000 Ar;07/10/2025
01800163501;FROTOLA PHONE 4U;BTE;7 000 Ar;07/10/2025
01800179401;FRU CHEW TOFFEE COCONUT EN BOCAL BLEU;BOCAL;17 000 Ar;02/04/2026
01800179501;FRU CHEW TOFFEE MILK EN BOCAL BLANC;BOCAL;17 000 Ar;02/04/2026
01800179601;FRU CHEW TOFFEE STRAWBERRY EN BOCAL ROSE;BOCAL;17 000 Ar;02/04/2026
01800199701;FRUIT FILLED CENTER CANDY *12;BOCAL;14 500 Ar;05/08/2026
00100064501;FRUTAS ACIDULADAS ;BOITE ;18 800 Ar;13/04/2023
00100048001;FUNNY BIRDS;BOITE ;19 000 Ar;03/11/2021
00100096501;Gaine 12cm/100gramme;PIECE;3 000 Ar;11/10/2023
00100096601;Gaine 14cm/100gramme;PIECE;3 000 Ar;11/10/2023
00100135101;GAINE 15CM/100GRAMME;PIECES;3 000 Ar;07/12/2024
00100122601;Gaine 6cm/100gramme;PIECES;3 000 Ar;10/10/2024
00100096701;Gaine 8cm/100gramme;PIECE;3 000 Ar;11/10/2023
00600109401;Galeti local;SACHET;1 200 Ar;16/03/2024
00100190001;GAS'CARE GEL DOUCHE COCO MIEL 300ML;PIECE;4 700 Ar;13/05/2026
00100034201;GAZ OIL;SACHET;825 000 Ar;12/05/2021
01800134001;GIRA LENGUA CANDY ;PAQUET;10 000 Ar;05/12/2024
00100121401;Global cracker tub ranch 227g;BOITE;6 000 Ar;07/10/2024
00600175301;GLUCOSE COCONUT PM 30PCS*8;SACHET;2 800 Ar;18/06/2026
00600175302;GLUCOSE COCONUT PM 30PCS*8;CARTON;22 000 Ar;18/06/2026
00100012101;GLUCOSE GALAXY;SACHET;2 200 Ar;27/01/2022
00100012102;GLUCOSE GALAXY;CARTON;22 000 Ar;27/01/2022
00600120201;Glucose pm [angry bird] ;SACHET;2 200 Ar;06/10/2025
00600120202;Glucose pm [angry bird] ;CARTON;22 000 Ar;06/10/2025
00600132201;Glucose pm [assorted];SACHET;2 200 Ar;22/11/2024
00600132202;Glucose pm [assorted];CARTON;22 000 Ar;22/11/2024
00100053301;GLUCOSE PM [malt' n' milk ];  PAQUET ;2 000 Ar;26/08/2024
00100053302;GLUCOSE PM [malt' n' milk ];CARTON;20 000 Ar;26/08/2024
00600121801;Glucose pm [Superman];SACHET;2 200 Ar;06/10/2025
00600121802;Glucose pm [Superman];CARTON;22 000 Ar;06/10/2025
00600145001;Gofrette swiss wafer;PCS;1 900 Ar;03/03/2025
00600145002;Gofrette swiss wafer;CARTON;68 400 Ar;03/03/2025
00600101901;Gofrety 8;SACHET;4 000 Ar;09/01/2024
00600101902;Gofrety 8;CARTON;48 000 Ar;15/11/2023
00600103501;Gofrety ass pm;SACHET;2 300 Ar;08/02/2024
00600103502;Gofrety ass pm;CARTON;38 400 Ar;29/11/2023
02400147901;GOLD CURLY BOUCLES PARFAITES ;PCS;250 Ar;23/05/2025
02400147902;GOLD CURLY BOUCLES PARFAITES ;PQT;5 000 Ar;26/03/2025
02400147903;GOLD CURLY BOUCLES PARFAITES ;CARTON;50 000 Ar;26/03/2025
00100070102;GOLDEN COIN CHOCOLAT CAR ;PIECE;-;
00100070101;GOLDEN COIN CHOCOLAT CAR ;BOITE;24 000 Ar;05/11/2022
00100146401;GOLDY PLAQUAGE VOLO ;PCS;250 Ar;26/03/2025
00100146402;GOLDY PLAQUAGE VOLO ;PQT;5 000 Ar;26/03/2025
00100146601;GOLDY SERUM VOLO GINSENG;PCS;250 Ar;26/03/2025
00100146602;GOLDY SERUM VOLO GINSENG;PQT;5 000 Ar;26/03/2025
00100146501;GOLDY SHAMPOOING ANTI-PELLICULAIRE ;PCS;200 Ar;26/03/2025
00100146502;GOLDY SHAMPOOING ANTI-PELLICULAIRE ;PQT;4 000 Ar;26/03/2025
01800104701;Gomas mascar;PIECE;500 Ar;08/12/2023
01800104702;Gomas mascar;PAQUET;15 000 Ar;08/12/2023
00100062601;GONY VIDE ATAO CONSIGNATION ;PIECE ;2 000 Ar;31/10/2022
00100079801;GOUTY 6 LAIT BEURRE ;SACHET;5 000 Ar;18/06/2026
00100079802;GOUTY 6 LAIT BEURRE ;CARTON;60 000 Ar;18/06/2026
00100112601;GOUTY BEURRE GM;SACHET;9 800 Ar;29/04/2024
00100112602;GOUTY BEURRE GM;CARTON;68 000 Ar;29/04/2024
00100082701;GOUTY BISCUIT COMPLET ;SACHET;8 000 Ar;07/03/2023
00600156101;GOUTY CHO'COCO;SACHET;10 500 Ar;21/07/2025
00600156102;GOUTY CHO'COCO;CARTON;63 000 Ar;18/07/2025
00100059401;GOUTY COOKIES ;SACHET;7 000 Ar;18/12/2023
00100059402;GOUTY COOKIES ;CARTON;42 000 Ar;18/12/2023
00100010701;GOUTY D'OR GM;SACHET;5 500 Ar;07/01/2021
00100010702;GOUTY D'OR GM;CARTON;38 000 Ar;07/01/2021
00100053901;GOUTY DOR 6 PM ;PAQUET ;4 500 Ar;30/01/2025
00100053902;GOUTY DOR 6 PM ;CARTON;81 000 Ar;30/01/2025
00600191701;GOUTY DOR 6 PM  EN PCS;PCS;500 Ar;28/05/2026
00100059601;GOUTY DOR12 GM ;SACHET ;10 300 Ar;27/06/2025
00100059602;GOUTY DOR12 GM ;CARTON;72 000 Ar;27/06/2025
00100044701;GOUTY GM EN PIECE ;PIECE;1 400 Ar;22/08/2022
00500031101;GOUTY GRANDI + 6;PAQUET;-;31/01/2023
00500031102;GOUTY GRANDI + 6;CARTON ;-;31/01/2023
00100046101;GOUTY GRANDI +6 LAIT;PAQUET ;2 800 Ar;12/10/2021
00100046102;GOUTY GRANDI +6 LAIT;CARTON;47 600 Ar;11/10/2021
00600153601;GOUTY LA GALETTE ;SACHET;1 800 Ar;07/02/2026
00600153602;GOUTY LA GALETTE ;CARTON;34 500 Ar;07/02/2026
00100011101;GOUTY lait  GM;SACHET;9 800 Ar;19/03/2025
00100011102;GOUTY lait  GM;CARTON;68 000 Ar;19/03/2025
00500043101;GOUTY LAIT GM ;PIECE;1 000 Ar;21/09/2021
00500028501;GOUTY MINI MADELEINE;PIECE;1 900 Ar;15/12/2022
00500028502;GOUTY MINI MADELEINE;SACHET;19 000 Ar;15/12/2022
00500028503;GOUTY MINI MADELEINE;CARTON;57 000 Ar;15/12/2022
00500032201;GOUTY SABLE;SACHET;9 800 Ar;16/07/2025
00500032202;GOUTY SABLE;CARTON;78 000 Ar;16/07/2025
00600182401;GOUTY SABLEE COCO 4;SACHET;3 750 Ar;18/04/2026
00600182402;GOUTY SABLEE COCO 4;CARTON;30 000 Ar;18/04/2026
00500033301;GROS POIDS;SAC ;259 000 Ar;11/08/2025
00100091001;GROS POIDS  @ KAPOAKA;KAPOAKA;1 000 Ar;20/07/2026
00500102301;Gros poids 50kg vao;SAC;190 000 Ar;20/07/2026
00100128501;Gun candy 3.5g;PAQUET;12 000 Ar;07/11/2024
00100191001;HADAY SIGNATURE OYSTER SAUCE 550G;PIECE;17 500 Ar;18/05/2026
00100191002;HADAY SIGNATURE OYSTER SAUCE 550G;CARTON;210 000 Ar;18/05/2026
00300099501;Haraka vert 50kg;SAC;144 000 Ar;22/11/2023
00100121701;Hoho big sticks;BOCAL;5 000 Ar;06/08/2026
01800183401;HOPPIN PE ICE CREAM STRAWBERRY 50P*12BAG;SACHET;6 500 Ar;28/04/2026
00100003001;HUILE ;LITRE;7 000 Ar;02/12/2022
00100003002;HUILE ;JERYCAN;129 000 Ar;04/04/2023
00100066801;HUILE  CASTE SUNNY;PIECE ;14 000 Ar;26/08/2025
00100066802;HUILE  CASTE SUNNY;CARTON;168 000 Ar;26/08/2025
00100089501;HUILE  TOURNESOL COEUR D'OR 1L;PIECE;12 500 Ar;16/06/2023
00100089502;HUILE  TOURNESOL COEUR D'OR 1L;CARTON;149 000 Ar;15/06/2023
00500102801;Huile alimentaire en litre;LITRE;8 000 Ar;02/08/2024
00500145701;Huile caste evita 2l;PCS;18 500 Ar;25/03/2025
00500145702;Huile caste evita 2l;CARTON;111 000 Ar;25/03/2025
00500036301;HUILE CASTE HUILOR;PIECE;7 000 Ar;04/05/2021
00500036302;HUILE CASTE HUILOR;CARTON;105 000 Ar;04/05/2021
00100004101;HUILE CASTE ZAIN;PIECE;6 500 Ar;11/01/2021
00100004102;HUILE CASTE ZAIN;CARTON;78 000 Ar;11/01/2021
00100021001;HUILE COCO  5L;JERYCAN;65 000 Ar;27/12/2022
00100021002;HUILE COCO  5L;CARTON;168 000 Ar;22/09/2020
00100006001;HUILE COCO 20L;LITRE;-;
00100006002;HUILE COCO 20L;JERYCAN;-;
00500184301;HUILE D'OLIVE ORKIDE 1L;BOUTEIL;47 000 Ar;30/04/2026
00500184401;HUILE D'OLIVE ORKIDE 500ML;BOUTEIL;25 000 Ar;30/04/2026
00100112901;HUILE DE SOJA ELVIA 1L;PIECE;8 900 Ar;15/11/2024
00100112902;HUILE DE SOJA ELVIA 1L;CARTON;106 800 Ar;15/11/2024
00100088401;HUILE DE SOJA HINA 0.5L;PIECE;5 500 Ar;30/12/2024
00100088402;HUILE DE SOJA HINA 0.5L;CARTON;66 000 Ar;30/12/2024
00100004001;Huile de soja hina 1l;BOUTEILLE;9 500 Ar;30/12/2024
00100004002;Huile de soja hina 1l;CARTON;114 000 Ar;30/12/2024
00500168501;HUILE DE TOURNESOL LAFATRA 1L;PIECS;10 500 Ar;28/11/2025
00500168502;HUILE DE TOURNESOL LAFATRA 1L;CARTON;126 000 Ar;28/11/2025
00500123001;Huile elvia 10l;LITRES;7 700 Ar;23/10/2024
00500123002;Huile elvia 10l;JRC;77 000 Ar;23/10/2024
00100095801;HUILE EVITA 250CL;PIECE;2 600 Ar;10/10/2023
00100095802;HUILE EVITA 250CL;CARTON;124 800 Ar;10/10/2023
00100071001;HUILE IMPORTER 20L ;JERCANE ;129 000 Ar;18/10/2023
00100003101;Huile rajah en jerycan 20l;LITRE;8 000 Ar;16/03/2026
00100003102;Huile rajah en jerycan 20l;JERYCAN;157 500 Ar;31/07/2026
00500145801;HUILE TOURNESOL LUSSO 1L;PCS;12 000 Ar;25/03/2025
00500145802;HUILE TOURNESOL LUSSO 1L;CARTON;144 000 Ar;25/03/2025
00100112801;HUILE TOURNESOL SUNLIFE 1L;PIECE;10 000 Ar;10/05/2024
00100112802;HUILE TOURNESOL SUNLIFE 1L;CARTON;120 000 Ar;10/05/2024
00500157501;HUILE TOURNESSOL OSCAR 1L*12;PCS;12 000 Ar;22/07/2025
00500157502;HUILE TOURNESSOL OSCAR 1L*12;CARTON;144 000 Ar;22/07/2025
01800163601;ICE CREAM LOLLIPOP COLOFUL 8G;BTE;13 000 Ar;07/10/2025
00100127101;Ice pop drinks [Jus bocal];BOCAL;10 000 Ar;02/11/2024
00100127102;Ice pop drinks [Jus bocal];CARTON;120 000 Ar;05/11/2024
00100193401;IMPEC  VAISSELLE  ASSORTI 50CLX12;PIECE;2 200 Ar;29/06/2026
00100193402;IMPEC  VAISSELLE  ASSORTI 50CLX12;CARTON;26 000 Ar;29/06/2026
00100169301;IMPEC GEL WC FLORAL 500ML;PIECE;5 900 Ar;01/12/2025
00100169201;IMPEC GEL WC PIN VERT 500ML;PIECE;5 900 Ar;01/12/2025
01100173301;IMPEC VAISSELLE FLEUR DE CERISIER MAXI 1LX12;PIECE;3 200 Ar;12/01/2026
01100173302;IMPEC VAISSELLE FLEUR DE CERISIER MAXI 1LX12;CARTON;38 000 Ar;12/01/2026
01100190201;IMPEC VAISSELLE MENTHE CITRON MAXI 1LX12;PIECE;3 200 Ar;13/05/2026
01100190202;IMPEC VAISSELLE MENTHE CITRON MAXI 1LX12;CARTON;38 000 Ar;13/05/2026
01100190101;IMPEC VAISSELLE POMME RAISIN MAXI 1LX12;PIECE;3 200 Ar;13/05/2026
01100190102;IMPEC VAISSELLE POMME RAISIN MAXI 1LX12;CARTON;38 000 Ar;13/05/2026
00100157601;INSECTICIDE ATTACK MULTI PROPOSE;PCS;8 500 Ar;22/07/2025
02700190301;INSECTICIDE PROCHITOX 300ML;PIECE;13 400 Ar;13/05/2026
02700190401;INSECTICIDE PROCHITOX 600ML;PIECE;18 400 Ar;13/05/2026
00600182601;ITALIANO 77;CARTON;-;
00100009701;JABA;BOITE;16 000 Ar;01/05/2024
00100009702;JABA;CARTON;128 000 Ar;01/05/2024
00500028401;JADIDA 250g;PIECE;5 000 Ar;30/10/2024
00500028402;JADIDA 250g;CARTON;80 000 Ar;30/10/2024
00100195201;JADIDA 450G;PIECE;10 000 Ar;20/07/2026
01800134701;JELLY BEAN ;BOITE ;12 000 Ar;10/01/2025
01800134702;JELLY BEAN ;CARTON;144 000 Ar;10/01/2025
01800157401;JELLY DOUBLE EYE 3D;BCL;22 000 Ar;23/07/2025
01800157402;JELLY DOUBLE EYE 3D;CARTON;264 000 Ar;23/07/2025
01800169601;JELLY DOUBLE EYE 3D en pcs;PCS;500 Ar;03/12/2025
00100127001;Jelly fruit en bocal 3*30pcs;BOITE;13 000 Ar;02/11/2024
00100127002;Jelly fruit en bocal 3*30pcs;CARTON;78 000 Ar;05/11/2024
00100063801;JELLY FRUIT EN BOCAL 30G*30PCS;BOITE ;12 000 Ar;15/06/2022
00100063802;JELLY FRUIT EN BOCAL 30G*30PCS;CARTON;72 000 Ar;30/01/2023
00100055301;JELLY STICK ;SACHET;18 000 Ar;21/10/2022
00100099801;Jelly_cup;PIECE;-;
00100099802;Jelly_cup;SACHET;9 500 Ar;06/11/2023
00100159701;JERYCAN  VIDE 20L;PCS;2 000 Ar;20/08/2025
02400128601;Jojoba sara be ;PIECES;150 Ar;07/11/2024
02400128602;Jojoba sara be ;PAQUET;8 500 Ar;07/11/2024
02400128603;Jojoba sara be ;BAL;85 000 Ar;07/11/2024
00500046901;JOLLY JUS;BOITE;20 000 Ar;19/11/2024
00500046902;JOLLY JUS;CARTON;121 000 Ar;26/12/2023
00100009901;JUMBO POULET;PIECE;300 Ar;02/02/2022
00100009902;JUMBO POULET;BOITE;13 500 Ar;22/11/2023
00100009903;JUMBO POULET;CARTON;315 000 Ar;30/05/2023
00500030601;JUMBO VIANDE ;BOITE;13 000 Ar;09/07/2025
00500030602;JUMBO VIANDE ;CARTON;312 000 Ar;09/07/2025
00100178801;JUMBO VOVONY POULET EN SHT*8G;PIECE;250 Ar;27/03/2026
00100012701;JUMP GM;SACHET;11 700 Ar;02/04/2025
00100012702;JUMP GM;BALLE;35 000 Ar;02/04/2025
00100074001;JUS ;BTE;8 800 Ar;09/12/2022
00100074002;JUS ;CARTON ;105 000 Ar;09/12/2022
00100074003;JUS ;BALLE ;210 000 Ar;09/12/2022
00100008801;JUS BOCAL;BOCAL;10 000 Ar;23/04/2022
00100008802;JUS BOCAL;CARTON;120 000 Ar;13/06/2022
01800164401;JUS BRIQUET LIGHTER SPRAY  CANDY;BTE;11 000 Ar;09/10/2025
00100181901;JUS CANETTE CAPRICE  BBA 33CL;PIECE;2 000 Ar;05/08/2026
00100181902;JUS CANETTE CAPRICE  BBA 33CL;PAQUET;48 000 Ar;05/08/2026
00100181801;JUS CANETTE CAPRICE  ORANGE 33CL;PIECE;2 000 Ar;05/08/2026
00100181802;JUS CANETTE CAPRICE  ORANGE 33CL;PAQUET;48 000 Ar;05/08/2026
00100055101;JUS EN BOUTEILLE ;PIECE ;1 200 Ar;21/10/2022
00100055102;JUS EN BOUTEILLE ;CARTON ;36 000 Ar;21/10/2022
00100055001;JUS EN CLARINETTE;PIECE ;600 Ar;21/10/2022
00100054901;JUS EN POT;PIECE;600 Ar;18/07/2022
00100055201;JUS EN SACHET;PIECE;1 000 Ar;20/12/2021
02200160201;JUS FARAGELLO 200ML;PCS;1 500 Ar;27/08/2025
00100103201;Jus Golden;BOITE;9 000 Ar;08/12/2023
00100100901;Jus Golden cocktail;BOITE;9 000 Ar;09/11/2023
00100101001;Jus Golden coconut;BOITE;9 000 Ar;09/11/2023
00100101101;Jus Golden fraise;BOITE;9 000 Ar;09/11/2023
00100101201;Jus Golden lemon;BOITE;9 000 Ar;09/11/2023
00100186801;JUS MINA  BANANA;BOITE;8 900 Ar;12/05/2026
00100186802;JUS MINA  BANANA;CARTON;213 000 Ar;12/05/2026
00100074601;Jus mina  cocktail;BOITE;8 900 Ar;22/11/2023
00100074602;Jus mina  cocktail;CARTON;213 000 Ar;22/11/2023
00100186901;JUS MINA  COLA;BOITE;8 900 Ar;12/05/2026
00100186902;JUS MINA  COLA;CARTON;213 000 Ar;12/05/2026
00100187101;JUS MINA COCONUT;BOITE;8 900 Ar;12/05/2026
00100187102;JUS MINA COCONUT;CARTON;213 000 Ar;12/05/2026
00100187001;JUS MINA ORANGE;BOITE;8 900 Ar;12/05/2026
00100187002;JUS MINA ORANGE;CARTON;213 000 Ar;12/05/2026
00100008701;JUS PUPETTE;PIECE;1 000 Ar;08/06/2022
00100008702;JUS PUPETTE;PACQUET;5 500 Ar;23/05/2022
00100008703;JUS PUPETTE;CARTON;57 500 Ar;17/05/2021
01900139601;Jus samia cola;BOITE;8 000 Ar;04/01/2025
00100138501;Jus samia fraise ;BOITE;8 000 Ar;03/01/2025
00100139701;Jus samia lemon;BOITE;8 000 Ar;04/01/2025
00100139801;Jus samia mandarine;BOITE;8 000 Ar;04/01/2025
00100139901;Jus samia orange;BOITE;8 000 Ar;04/01/2025
00100049301;JUS SHAMPART;BOITE;8 800 Ar;13/11/2021
00100033101;JUS ST W;BOITE;8 800 Ar;23/12/2021
00100013601;JUS TAMA;BOITE;8 500 Ar;13/11/2021
00500169101;JUS VALORE ORANGE;BOITE;8 000 Ar;01/12/2025
00100001901;KAFE;KAPOAKA;4 000 Ar;01/08/2026
00100001902;KAFE;KG;22 000 Ar;28/04/2026
00100001903;KAFE;SAC;1 000 000 Ar;05/09/2025
00100142701;KAFE 50KG;SAC;800 000 Ar;03/08/2026
00100032601;KAFEZA @ SACHET;SACHET;4 900 Ar;11/01/2021
00100019201;KALINA GM;BARRE;3 800 Ar;02/09/2020
00100019202;KALINA GM;CARTON;30 000 Ar;08/06/2021
00100019301;KALINA PM;BARRE;2 600 Ar;02/09/2020
00100019302;KALINA PM;CARTON;24 000 Ar;09/06/2021
00100017701;KANTO K12;CARTON;19 900 Ar;16/02/2021
00100017901;KANTO K5;PIECE;500 Ar;24/08/2021
00100017902;KANTO K5;CARTON;17 000 Ar;02/09/2020
00100017801;KANTO K6;CARTON;15 000 Ar;02/09/2020
00500037101;KATSAKA VAINGANY 50kg;SAC;99 000 Ar;06/08/2026
00100002601;KATSAKA VAINGANY EN KAPOAKA;KAPOAKA;550 Ar;06/08/2026
00100002602;KATSAKA VAINGANY EN KAPOAKA;SAC;109 000 Ar;26/09/2025
00500103901;Katsaka Voatoto vaovao 50kg;SAC;149 000 Ar;03/08/2026
00500036201;KATSAKA VOATOTO VAOVAO EN KAPOAKA;KAPOAKA;900 Ar;03/08/2026
00500036202;KATSAKA VOATOTO VAOVAO EN KAPOAKA;SAC;145 000 Ar;13/05/2025
00100005401;KEON;PIECE;2 800 Ar;06/03/2024
00100005402;KEON;SAC;56 000 Ar;24/02/2024
00100113401;KETCHUP EUROPA 340G;PIECES;5 000 Ar;05/06/2024
00500145901;Ketchup milana squeezy 340g;PCS;4 500 Ar;25/03/2025
00500145902;Ketchup milana squeezy 340g;CARTON;108 000 Ar;25/03/2025
01800181401;KFP BIG TOFFEE CHOCO 200P*12BOITE;BOCAL;14 000 Ar;03/04/2026
01800181402;KFP BIG TOFFEE CHOCO 200P*12BOITE;CARTON;168 000 Ar;03/04/2026
01800178701;KFP BIG TOFFEE COCONUT 200P;BOCAL;13 500 Ar;26/03/2026
01800178702;KFP BIG TOFFEE COCONUT 200P;CARTON;162 000 Ar;26/03/2026
01800172801;KFP BIG TOFFEE COCONUT 200P*12BOITE;BOCAL;13 500 Ar;12/01/2026
01800178601;KFP BIG TOFFEE STRAWBERRY 200P;BOCAL;13 500 Ar;26/03/2026
01800178602;KFP BIG TOFFEE STRAWBERRY 200P;CARTON;162 000 Ar;26/03/2026
01800180301;KFP FRUIT  ROLL TOFFEE 200PCS;BOCAL;14 000 Ar;03/04/2026
01800168101;KFP TOFFEE GOLD 888 ;BOCAL;15 000 Ar;24/11/2025
00500167201;KFP TOFFEE WORLD FLAVOURED;BOCAL;13 500 Ar;08/11/2025
01800158101;KIDS JOY EN BOITE 12*33PCS;PCS;500 Ar;25/07/2025
01800158102;KIDS JOY EN BOITE 12*33PCS;BOITE;16 000 Ar;25/07/2025
00100190901;KIONG DARK SOY SAUCE 625ML;PIECE;11 500 Ar;18/05/2026
00100190902;KIONG DARK SOY SAUCE 625ML;CARTON;138 000 Ar;18/05/2026
00100191101;KIONG SAUCE HUITRES OYSTERS 700ML;PIECE;15 000 Ar;18/05/2026
00100191102;KIONG SAUCE HUITRES OYSTERS 700ML;CARTON;180 000 Ar;18/05/2026
00100070001;KIP COCO ;PAQUET;7 000 Ar;18/12/2023
00100070002;KIP COCO ;CARTON ;56 000 Ar;18/12/2023
00100073801;KISO FOHY CROCODILE ;PIECE;6 000 Ar;07/12/2022
00100073802;KISO FOHY CROCODILE ;CARTON;288 000 Ar;07/12/2022
00100024101;KISO FOHY_DIAMANT;PIECE;6 500 Ar;01/02/2022
00100024102;KISO FOHY_DIAMANT;CARTON;312 000 Ar;01/02/2022
00100024001;KISO LAVA  _DIAMANT ;PIECE;7 500 Ar;07/02/2022
00100024002;KISO LAVA  _DIAMANT ;CARTON;360 000 Ar;07/02/2022
00100103601;KISO LAVA CROCODILE;PIECE;7 000 Ar;01/11/2024
00100103602;KISO LAVA CROCODILE;CARTON;336 000 Ar;01/11/2024
00100006801;KLASS;PIECE;1 500 Ar;02/09/2020
00100005501;KLIN en carton;CARTON;57 000 Ar;08/04/2023
01200171201;KLIN SMART BLEU 30ML;PIECE;400 Ar;22/12/2025
01200171101;KLIN SMART ROSE 30ML;PIECE;400 Ar;22/12/2025
00500143201;Koba aina banana 35g;PIECES;700 Ar;29/01/2025
00500143202;Koba aina banana 35g;CARTON;28 000 Ar;29/01/2025
00500143301;Koba aina fraise 35g;PIECES;700 Ar;29/01/2025
00500143302;Koba aina fraise 35g;CARTON;28 000 Ar;29/01/2025
00500143101;Koba aina moosli 25g;PIECE;800 Ar;29/01/2025
00500143102;Koba aina moosli 25g;CARTON ;24 000 Ar;29/01/2025
00500143401;Koba aina nature 35g;PIECE;700 Ar;29/01/2025
00500143402;Koba aina nature 35g;CARTON;28 000 Ar;29/01/2025
00100082601;KOBAM-BARY 50KG;SAC;129 000 Ar;04/08/2026
00100002801;Kobam-bary en kilos;KG;2 600 Ar;07/04/2026
00100002802;Kobam-bary en kilos;SAC;134 000 Ar;13/08/2025
00100016401;KOPIKO;SACHET;5 500 Ar;18/05/2026
00100016402;KOPIKO;CARTON;150 000 Ar;04/06/2024
00100192301;KOPIKO CAFE BLACK 3 IN 1;PIECE;1 200 Ar;16/06/2026
00100192401;KOPIKO CAFE BROWN 3 IN 1;PIECE;1 200 Ar;16/06/2026
00100074701;KRAZY KREAMZ ;PIECE;2 000 Ar;09/12/2022
00100074702;KRAZY KREAMZ ;CARTON;96 000 Ar;09/12/2022
00600099601;Kreamy ;PIECE;500 Ar;02/11/2023
00100075701;KREAMY KRUNCH;BOITE;16 000 Ar;11/12/2023
00100069001;KREAMY MIX ;BOITE ;16 000 Ar;13/06/2024
00100069002;KREAMY MIX ;CARTON;120 000 Ar;23/11/2022
00100091501;KREAMY MIX EN PCE;PIECE;500 Ar;16/08/2023
00100091502;KREAMY MIX EN PCE;PAQUET;19 000 Ar;21/07/2023
00600099101;Kreamy wafer biscuit;BOITE;16 000 Ar;30/10/2023
00100193501;KREAMY WAFER BISCUITS;BOITE;16 000 Ar;29/06/2026
00600099201;Kreamy wafer en paquet;PAQUET;4 000 Ar;30/10/2023
00600099301;Kreamy wafer en piece;PIECE;500 Ar;30/10/2023
00600110902;KREAMY'N;CARTON;45 000 Ar;22/04/2024
00600111101;KREAMY'N;SACHET;7 500 Ar;17/04/2024
00100112501;KREAMY'N;CARTON;-;
00600110901;KREAMY'N;SACHET ;7 500 Ar;22/04/2024
00100112701;KREAMY'N KRUNCH ;SACHET;7 500 Ar;01/05/2024
00100112702;KREAMY'N KRUNCH ;CARTON;45 000 Ar;01/05/2024
00600111001;KREAMY'N KRUNCH EN PIECES;PIECES;500 Ar;17/04/2024
00100082801;KRIK KRAK ;SACHET ;5 000 Ar;10/03/2023
01800161701;KWT DOUBLE DECKER;BOCAL;15 000 Ar;29/07/2026
01800161702;KWT DOUBLE DECKER;CARTON;-;
01800178401;KWT DOUBLE TROUFFLE COCONUT ;BOCAL;15 000 Ar;29/07/2026
01800178402;KWT DOUBLE TROUFFLE COCONUT ;CARTON;128 000 Ar;26/03/2026
01800191301;KWT DOUBLE TROUFFLE HAZELNUT EN BOCAL ORANGE;BOCAL;15 000 Ar;29/07/2026
01800191302;KWT DOUBLE TROUFFLE HAZELNUT EN BOCAL ORANGE;CARTON;128 000 Ar;26/05/2026
01800178501;KWT DOUBLE TROUFFLE MILK JAUNE;BOCAL ;15 000 Ar;29/07/2026
01800178502;KWT DOUBLE TROUFFLE MILK JAUNE;CARTON;128 000 Ar;26/03/2026
00500166701;KWT TOFFE TRUFFLES 100 PCS;BOCAL;15 000 Ar;29/07/2026
01800184101;KWT TOFFEE FRUIT JAM DECKER 100PCS;BOCAL;15 000 Ar;29/07/2026
00100082501;LA VACHE QUI RIT 112G;BOITE;5 300 Ar;02/06/2025
00100082502;LA VACHE QUI RIT 112G;CARTON;190 000 Ar;02/06/2025
00100044601;LAME BIC ;PIECE;2 000 Ar;30/09/2021
00100044602;LAME BIC ;BOITE;39 000 Ar;03/07/2026
00100154901;LAME DORCO  TITAN SLT300;PCS;1 000 Ar;01/07/2025
00100154902;LAME DORCO  TITAN SLT300;PQT;15 000 Ar;07/07/2025
00100070801;LAME DORCO NEW PLATINUM ST300;PAQUET;17 000 Ar;05/11/2022
00100091401;LAME DORCO PLATINIUM EN PCE ;PIECE;900 Ar;20/07/2023
00100091402;LAME DORCO PLATINIUM EN PCE ;PAQUET;17 000 Ar;20/07/2023
00100114101;LAME DORCO SUPER SHARP;PAQUET;12 000 Ar;08/07/2024
00100006301;LAVE MAIN MIRA ;PIECE;3 000 Ar;02/09/2020
00100024701;LAY SUPER MOUSTIQUAIRE ;PIECE;4 900 Ar;16/04/2024
00100110001;Le fruit jus 150ml*30;PIECE;1 000 Ar;25/03/2024
00100068601;LE FRUIT JUS 1L;PIECES;5 500 Ar;24/06/2025
00100068602;LE FRUIT JUS 1L;CARTON;70 800 Ar;13/08/2024
03000186501;LEMON BUBBLE GUM EN BOCAL*115PCS;BOCAL;12 000 Ar;11/05/2026
00500028301;LEVURE CHIMIQUE JAUNE;PIECE;150 Ar;06/01/2021
00500028302;LEVURE CHIMIQUE JAUNE;PAQUET;3 000 Ar;06/01/2021
00500028303;LEVURE CHIMIQUE JAUNE;CARTON;-;
00100009201;LEVURE CHIMIQUE MENA;PIECE;350 Ar;06/02/2026
00100009202;LEVURE CHIMIQUE MENA;SACHET;6 400 Ar;17/07/2026
00100009203;LEVURE CHIMIQUE MENA;CARTON;102 400 Ar;27/05/2026
00100066001;LEVURE HASMAYA 500g;PIECE;13 000 Ar;07/08/2025
00100066002;LEVURE HASMAYA 500g;CARTON;260 000 Ar;07/08/2025
00100175401;LEVURE HASMAYA PM 125G*12BTE*3;PIECE;3 900 Ar;02/02/2026
00100175402;LEVURE HASMAYA PM 125G*12BTE*3;BOITE;46 800 Ar;02/02/2026
00100175403;LEVURE HASMAYA PM 125G*12BTE*3;CARTON;140 000 Ar;02/02/2026
00100170001;LEVURE IDEAL 125G;PIECE;3 900 Ar;10/12/2025
00100170002;LEVURE IDEAL 125G;BOITE;46 800 Ar;10/12/2025
00100170003;LEVURE IDEAL 125G;CARTON;140 400 Ar;10/12/2025
00100061101;LEVURE IDEAL GM 500g;PIECE;12 900 Ar;08/10/2022
00100061102;LEVURE IDEAL GM 500g;CARTON;258 000 Ar;16/11/2023
00100066101;LEVURE IDEAL PAIN 125G*12*2;PIECE;3 900 Ar;16/08/2022
00100066102;LEVURE IDEAL PAIN 125G*12*2;BOITE;46 800 Ar;16/08/2022
00100066103;LEVURE IDEAL PAIN 125G*12*2;CARTON;93 600 Ar;10/12/2025
00500166201;LIPSTICK CHOCO FLAVOR;BOITE;11 000 Ar;08/11/2025
01800124501;Lollipop bonjour chocolate;SACHET;8 500 Ar;26/10/2024
01800124502;Lollipop bonjour chocolate;CARTON;136 000 Ar;26/10/2024
01800123901;Lollipop bonjour milk;SACHET;8 500 Ar;25/10/2024
01800123902;Lollipop bonjour milk;CARTON;136 000 Ar;25/10/2024
01800123501;Lollipop cefa big bonbon;SACHET;8 500 Ar;25/10/2024
01800123502;Lollipop cefa big bonbon;CARTON;136 000 Ar;26/10/2024
01800147801;LOLLIPOP FROSTY BOCAL ;PCS;300 Ar;23/05/2025
01800147802;LOLLIPOP FROSTY BOCAL ;BOCAL;18 000 Ar;08/04/2025
01800147803;LOLLIPOP FROSTY BOCAL ;CARTON;108 000 Ar;08/04/2025
01800176901;LOLLIPOP TIK TOK GUM STRAWBERRY 12G;SACHET;6 500 Ar;09/03/2026
00500097601;lollipops hard candies fruit ;BOCAL;17 000 Ar;28/09/2024
00100016901;LOVE DROPS;SACHET;8 000 Ar;02/09/2020
00100016902;LOVE DROPS;CARTON;96 000 Ar;02/09/2020
00100122101;Love heart pop;SACHET;3 500 Ar;08/10/2024
00500032401;LOVE POP SUCETTE;SACHET;2 900 Ar;14/10/2025
00500032402;LOVE POP SUCETTE;CARTON ;119 000 Ar;01/05/2024
00100018701;MABEL;PACQUET;4 500 Ar;10/05/2021
00100018702;MABEL;CARTON;54 000 Ar;10/05/2021
00100126301;Macaraonie francia spirale;SACHET;3 500 Ar;01/11/2024
02800194901;MACARONI ROSSINI FUSILLI 5KG;SAC;27 000 Ar;24/07/2026
02800195001;MACARONI ROSSINI SPIRAL 5KG;SAC;27 000 Ar;21/07/2026
00100013001;MACARONIE BAREA;SACHET;2 500 Ar;02/09/2020
00100084601;MACARONIE BELLA VITA FUSILI;SAC;27 000 Ar;08/07/2024
00100005201;MACARONIE BELLA VITA SPIRALE;SAC;27 000 Ar;23/07/2025
00500158401;Macaronie bella vita spirales 4kg;SAC;24 000 Ar;30/07/2025
00500141801;MACARONIE BON PASTA  ELBOW;SAC;25 000 Ar;11/01/2025
00500141701;MACARONIE BON PASTA  FUSILLI;SAC;25 000 Ar;11/01/2025
02800156201;MACARONIE CHAMPION FUSILI 5KG;SAC;27 000 Ar;23/07/2025
00100058701;MACARONIE CHAMPION SPIRALE 5KG;SAC;27 000 Ar;06/11/2024
00100013401;MACARONIE FRANCIA;SACHET;3 500 Ar;16/02/2023
00100013402;MACARONIE FRANCIA;CARTON;69 000 Ar;30/01/2023
00100160301;MACARONIE FRANCIA COQUILLETTES 500G*20;SACHET;3 500 Ar;25/08/2025
00100126101;Macaronie francia tortie 500g;SACHET;3 500 Ar;01/11/2024
00100126201;Macaronie francia vermicelle 500g;SACHET;3 500 Ar;01/11/2024
02800173701;MACARONIE FUSILI @KAPOAKA ;KAPOAKA;700 Ar;16/01/2026
00100126001;Macaronie panzani fusilli 500g;SACHET ;3 500 Ar;01/11/2024
02800184701;MACARONIE PANZANI SPIRAL 500G;SACHET;3 500 Ar;04/05/2026
02800196401;MACARONIE PASTALINO 5K DOUBLE TWISTE;SAC ;27 000 Ar;24/07/2026
02800196501;MACARONIE PASTALINO 5K FUSILLI;SAC;27 000 Ar;24/07/2026
00100037001;MACARONIE ROSSINI;SACHET;2 700 Ar;16/05/2022
00100145401;MACARONIE ROSSINI FUSIL 500G;SACHET;3 200 Ar;20/03/2025
00100145501;MACARONIE ROSSINI SPIRAL 500G;SACHET;3 200 Ar;20/03/2025
00100082901;MACARONIE SPIRALE @KAPOAKA ;KAPOAKA ;700 Ar;07/08/2025
00100029101;MAEVA E20;PIECE;800 Ar;07/02/2022
00100029102;MAEVA E20;CARTON;20 000 Ar;18/12/2023
02000111601;MAEVA E20 PCS;PIECES;700 Ar;19/04/2024
00100029301;MAEVA M20;CARTON;24 000 Ar;25/11/2023
00100017501;MAEVA M27;CARTON;26 500 Ar;31/07/2026
00100013801;MAIS DOUX;BOITE;5 000 Ar;09/03/2026
00500136101;Mamangout cube boeuf;PAQUET;1 800 Ar;16/12/2024
00500136102;Mamangout cube boeuf;BOITE;72 000 Ar;25/06/2025
00500136103;Mamangout cube boeuf;CARTON;144 000 Ar;25/06/2025
00100178001;MAMANGOUT CUBE POULET;SACHET;1 700 Ar;09/07/2026
00100178002;MAMANGOUT CUBE POULET;BOITE;68 000 Ar;09/07/2026
00100178003;MAMANGOUT CUBE POULET;CARTON;136 000 Ar;09/07/2026
00500158501;MARGARINE JAD'OR 250G;PCS;4 200 Ar;09/10/2025
00500158502;MARGARINE JAD'OR 250G;CARTON;108 000 Ar;30/07/2025
00100194701;MARKER DOLLAR NOIR;PIECE;2 000 Ar;14/07/2026
00100194702;MARKER DOLLAR NOIR;BOITE;24 000 Ar;14/07/2026
00100183501;MARKER DOLLAR ROUGE;PIECE;2 000 Ar;28/04/2026
00100183502;MARKER DOLLAR ROUGE;BOITE;24 000 Ar;28/04/2026
00100197401;MARSHMALLOWS CHOCO SANDWICH 13G;PIECE;500 Ar;25/07/2026
00100197101;MARSHMALLOWS CHOCO SANDWICH 13G;SACHET;12 500 Ar;25/07/2026
00100197501;MARSHMALLOWS COLORED SANDWICH 13G;PIECE;500 Ar;25/07/2026
00100197001;MARSHMALLOWS COLORED SANDWICH 13G;SACHET;12 500 Ar;25/07/2026
00100034301;MATEZA ;PIECE;-;01/02/2023
00100034302;MATEZA ;CARTON ;-;01/02/2023
01100038001;MATEZA  M30 JAUNE;CARTON;42 000 Ar;19/12/2023
00100037601;MAXAM ALOE VERA 50G;PIECE;1 500 Ar;04/11/2023
00100037602;MAXAM ALOE VERA 50G;PAQUET;15 500 Ar;28/05/2025
00100037603;MAXAM ALOE VERA 50G;CARTON;372 000 Ar;16/05/2026
00100052401;MAXAM BLANCHEUR ;PIECE ;1 000 Ar;20/11/2021
00100052402;MAXAM BLANCHEUR ; PAQUET;11 500 Ar;20/11/2021
00100037701;MAXAM CHARBON;PIECE;1 500 Ar;16/11/2021
00100037702;MAXAM CHARBON;PAQUET;15 500 Ar;28/05/2025
00100037703;MAXAM CHARBON;CARTON;372 000 Ar;27/06/2026
00100085401;MAXAM FLUOR 500G;PAQUET;13 900 Ar;18/04/2023
00100007601;MAXAM HERBAL;PIECE;1 600 Ar;14/01/2026
00100007602;MAXAM HERBAL;PACQUET;19 000 Ar;25/11/2024
00100026301;MAXAM KELY;PIECE;1 000 Ar;23/09/2020
00100026302;MAXAM KELY;PAQUET;-;
00100052601;MAXAM MENTHE;PIECE;1 000 Ar;20/11/2021
00100052602;MAXAM MENTHE;PAQUET;11 500 Ar;20/11/2021
00100146201;MAXAM MOUTHWASH 100G;PCS;2 500 Ar;26/03/2025
00100146202;MAXAM MOUTHWASH 100G;PQT;15 000 Ar;26/03/2025
00100052501;MAXAM SOURIRE ;PIECE;1 000 Ar;20/11/2021
00100052502;MAXAM SOURIRE ;PAQUET;11 500 Ar;20/11/2021
00100007501;MAXAM TRIPLE ACTION;PIECE;1 500 Ar;16/11/2021
00100007502;MAXAM TRIPLE ACTION;PACQUET;19 500 Ar;26/03/2025
00100007503;MAXAM TRIPLE ACTION;CARTON;468 000 Ar;25/03/2025
00100035901;MAXAM VITAMIN;PIECE ;1 000 Ar;23/04/2021
00100035902;MAXAM VITAMIN;PAQUET ;11 000 Ar;06/11/2021
00100035301;MAXAM VITAMINE;PIECE;1 000 Ar;29/03/2021
00100035302;MAXAM VITAMINE;PAQUET;11 000 Ar;06/11/2021
00100092001;MAYONNAISE LESIEUR 235G;PIECE;7 000 Ar;16/11/2024
00100092002;MAYONNAISE LESIEUR 235G;CARTON;85 000 Ar;16/11/2024
00500098901;Mayonnaise lesieur 475g;PIECE;12 500 Ar;16/11/2024
00500098902;Mayonnaise lesieur 475g;CARTON;150 000 Ar;16/11/2024
00500099001;Mayonnaise lesieur 710g;PIECE;18 000 Ar;16/11/2024
00500099002;Mayonnaise lesieur 710g;CARTON;216 000 Ar;16/11/2024
02000112001;MEAVA M27 EN PCS;PIECES;800 Ar;19/04/2024
00100087001;MENA;PIECE;-;
00100087002;MENA;PAQUET;-;
00100058301;MENA BOLO GOLDY PM ;PAQUET;14 500 Ar;21/02/2022
00100006101;MENA-BOLO GM;PIECE;5 500 Ar;27/03/2023
00100006102;MENA-BOLO GM;PACQUET;33 000 Ar;13/11/2023
00100006103;MENA-BOLO GM;CARTON;250 000 Ar;21/03/2022
00100084301;Menabolo aloe vera family care 200g;PIECE;5 500 Ar;30/03/2023
00100084302;Menabolo aloe vera family care 200g;PAQUET;32 500 Ar;06/08/2026
00100084303;Menabolo aloe vera family care 200g;CARTON;260 000 Ar;06/08/2026
00100106101;Menabolo aloe vera family care 25g;PAQUET;14 000 Ar;06/08/2026
02400106102;Menabolo aloe vera family care 25g;CARTON;140 000 Ar;06/08/2026
00100079001;Menabolo aloe vera family care 50g;PAQUET;17 000 Ar;06/08/2026
00100079002;Menabolo aloe vera family care 50g;CARTON;170 000 Ar;06/08/2026
02400177401;MENABOLO AVOCAT ALOE VERA 200G;PIECE;5 500 Ar;09/03/2026
02400177402;MENABOLO AVOCAT ALOE VERA 200G;PACQUET;32 500 Ar;06/08/2026
02400155601;MENABOLO AVOCAT GM;PCS;5 500 Ar;14/07/2025
02400155602;MENABOLO AVOCAT GM;PACQUET;32 500 Ar;06/08/2026
02400155603;MENABOLO AVOCAT GM;CARTON;260 000 Ar;06/08/2026
02400129901;Menabolo baby care formula 55g;PAQUET;17 000 Ar;06/08/2026
00100083801;MENABOLO BABY CARE GMMM;PIECE;5 500 Ar;30/03/2023
00100083802;MENABOLO BABY CARE GMMM;PAQUET;32 500 Ar;06/08/2026
02400152901;MENABOLO BANANE 200G;PCS;5 500 Ar;12/05/2025
02400152902;MENABOLO BANANE 200G;PAQUET ;32 500 Ar;06/08/2026
00100116101;Menabolo banane 50g;PAQUET;17 000 Ar;06/08/2026
00100116102;Menabolo banane 50g;CARTON;170 000 Ar;06/08/2026
02400129601;Menabolo baobab 50g;PAQUET;18 000 Ar;13/11/2024
02400153001;MENABOLO BEAUTY CARE ALOE VERA 200G;PCS;5 500 Ar;12/05/2025
02400153002;MENABOLO BEAUTY CARE ALOE VERA 200G;PAQUET ;32 500 Ar;06/08/2026
02400176601;MENABOLO BEAUTY CARE ALOE VERA 50G;PAQUET;17 000 Ar;06/08/2026
02400130001;Menabolo beauty care avocat 50g;PAQUET ;17 000 Ar;06/08/2026
02400155501;MENABOLO BEAUTY CARE CAROTTE 200G;PCS;5 500 Ar;14/07/2025
02400155502;MENABOLO BEAUTY CARE CAROTTE 200G;PACQUET;32 500 Ar;06/08/2026
02400155503;MENABOLO BEAUTY CARE CAROTTE 200G;CARTON;260 000 Ar;06/08/2026
00100101601;Menabolo beauty care carotte 50g;PIECE;1 600 Ar;13/11/2023
00100101602;Menabolo beauty care carotte 50g;PAQUET;17 000 Ar;06/08/2026
00100101603;Menabolo beauty care carotte 50g;CARTON;170 000 Ar;06/08/2026
02400129801;Menabolo beauty care jojoba 50g;PAQUET;17 000 Ar;06/08/2026
02400174001;MENABOLO BODY LUX 25G_;PACQUET;14 000 Ar;06/08/2026
02400174002;MENABOLO BODY LUX 25G_;CARTON;140 000 Ar;06/08/2026
02400183001;MENABOLO BODY LUX CHARMING 50G;PAQUET;17 000 Ar;06/08/2026
02400183002;MENABOLO BODY LUX CHARMING 50G;CARTON;140 000 Ar;06/08/2026
02400177501;MENABOLO BODY LUX DESIRE 50G;PACQUET;17 000 Ar;06/08/2026
02400183101;MENABOLO BODY LUX SWAHIBA 50G;PAQUET;17 000 Ar;06/08/2026
02400183102;MENABOLO BODY LUX SWAHIBA 50G;CARTON;170 000 Ar;06/08/2026
00100083901;Menabolo body lux_gm;PIECE;5 500 Ar;30/03/2023
00100083902;Menabolo body lux_gm;PAQUET;32 500 Ar;06/08/2026
00100079301;Menabolo body lux_pm;PAQUET;17 000 Ar;06/08/2026
00100079302;Menabolo body lux_pm;CARTON;170 000 Ar;06/08/2026
02400135301;MENABOLO BOSS 200G ;PIECES;5 500 Ar;10/12/2024
02400135302;MENABOLO BOSS 200G ;PAQUET;32 500 Ar;06/08/2026
02400129701;Menabolo boss 50g;PAQUET;17 000 Ar;06/08/2026
00100103301;Menabolo Boss gm;PAQUET;33 000 Ar;07/12/2023
02400118701;MENABOLO CAROTTE 200G;PIECES;5 500 Ar;26/08/2024
02400118702;MENABOLO CAROTTE 200G;PAQUET;32 500 Ar;06/08/2026
02400118703;MENABOLO CAROTTE 200G;CARTON;260 000 Ar;06/08/2026
02400118801;MENABOLO COCOA BUTTER 50G;PAQUET;17 000 Ar;06/08/2026
02400118802;MENABOLO COCOA BUTTER 50G;CARTON;170 000 Ar;06/08/2026
00100084001;MENABOLO COCOA BUTTER GM ;PIECE;5 500 Ar;30/03/2023
00100084002;MENABOLO COCOA BUTTER GM ;PAQUET;32 500 Ar;06/08/2026
00100087701;MENABOLO COCONUT  GM;PIECE;5 500 Ar;11/05/2023
00100087702;MENABOLO COCONUT  GM;PAQUET;32 500 Ar;06/08/2026
00100087801;MENABOLO COCONUT PM;PAQUET;17 000 Ar;06/08/2026
02400177101;MENABOLO DAY TODAY CAROTTE 50G;PACQUET;17 000 Ar;06/08/2026
02400177102;MENABOLO DAY TODAY CAROTTE 50G;CARTON;170 000 Ar;06/08/2026
02400186101;MENABOLO ELLA ALOEVERA 55G;PAQUET;17 000 Ar;06/08/2026
02400186102;MENABOLO ELLA ALOEVERA 55G;CARTON;170 000 Ar;06/08/2026
02400118901;MENABOLO ELLA PM 55G;PAQUET;17 000 Ar;06/08/2026
02400118902;MENABOLO ELLA PM 55G;CARTON;170 000 Ar;06/08/2026
00100094301;MENABOLO GM ;PIECE;5 500 Ar;23/09/2023
00100094302;MENABOLO GM ;PAQUET;33 000 Ar;13/11/2023
02400146701;MENABOLO GOLDY KINANA FAREHITRA ;PCS;250 Ar;26/03/2025
02400146702;MENABOLO GOLDY KINANA FAREHITRA ;PQT;5 000 Ar;26/03/2025
02400146901;MENABOLO GOLDY ORANGE AMANDES ;PCS;250 Ar;26/03/2025
02400146902;MENABOLO GOLDY ORANGE AMANDES ;PQT ;5 000 Ar;26/03/2025
02400146801;MENABOLO GOLDY VERT JOJOBA ;PCS;250 Ar;26/03/2025
02400146802;MENABOLO GOLDY VERT JOJOBA ;PQT;5 000 Ar;26/03/2025
02400147001;MENABOLO GOLDY VERT KARITE ;PCS;250 Ar;26/03/2025
02400147002;MENABOLO GOLDY VERT KARITE ;PQT;5 000 Ar;26/03/2025
00100106001;Menabolo madame 25g;PAQUET;14 000 Ar;06/08/2026
02400106002;Menabolo madame 25g;CARTON;140 000 Ar;06/08/2026
02400129501;Menabolo madame desire 50g;PAQUET;17 000 Ar;06/08/2026
02400129502;Menabolo madame desire 50g;CARTON;170 000 Ar;06/08/2026
00100084101;MENABOLO MADAME GM;PIECE;5 500 Ar;30/03/2023
00100084102;MENABOLO MADAME GM;PAQUET;32 500 Ar;06/08/2026
00100084103;MENABOLO MADAME GM;CARTON;-;
02400173901;MENABOLO MADAME GOLD 25G;PACQUET;14 000 Ar;06/08/2026
02400173902;MENABOLO MADAME GOLD 25G;CARTON;140 000 Ar;06/08/2026
00100088201;MENABOLO MADAME PM;PIECE;1 500 Ar;11/05/2023
00100088202;MENABOLO MADAME PM;PAQUET;17 000 Ar;06/08/2026
00100088203;MENABOLO MADAME PM;CARTON;170 000 Ar;06/08/2026
00100079201;MENABOLO MALIKLA  PM ;PAQUET;18 000 Ar;20/12/2023
00100079202;MENABOLO MALIKLA  PM ;CARTON;180 000 Ar;02/03/2023
00100085201;Menabolo moringa young gm;PIECE;5 500 Ar;11/04/2023
00100085202;Menabolo moringa young gm;PAQUET;32 500 Ar;06/08/2026
00100098101;MENABOLO PM ;PIECE;1 500 Ar;18/10/2023
00100098102;MENABOLO PM ;PAQUET;18 000 Ar;20/12/2023
00100087101;MENABOLO PODOA GM ;PIECE;5 500 Ar;03/05/2023
00100087102;MENABOLO PODOA GM ;PAQUET;33 000 Ar;13/11/2023
00100058201;MENABOLO PODOA PM ;PAQUET;18 000 Ar;20/12/2023
00100058202;MENABOLO PODOA PM ;CARTON;190 000 Ar;13/11/2023
00100107701;MENABOLO SHEA BUTTER EN PIECE; PIECE;5 500 Ar;31/01/2024
00100103401;Menabolo shea butter gm;PAQUET;32 500 Ar;06/08/2026
00100118001;MENABOLO SHEA BUTTER PM 50G*12;PAQUET;17 000 Ar;06/08/2026
00100118002;MENABOLO SHEA BUTTER PM 50G*12;CARTON;170 000 Ar;06/08/2026
00100083401;MENABOLO SHEA COCOA GM ;PIECE;5 500 Ar;27/03/2023
00100083402;MENABOLO SHEA COCOA GM ;PAQUET;32 500 Ar;06/08/2026
02400083403;MENABOLO SHEA COCOA GM ;CARTON;260 000 Ar;06/08/2026
02400118601;MENABOLO SKALA GM 200G;PIECES;5 500 Ar;26/08/2024
02400118602;MENABOLO SKALA GM 200G;PAQUET;32 500 Ar;06/08/2026
02400118603;MENABOLO SKALA GM 200G;CARTON;-;
02400191401;MENABOLO SKALA HERBAL 60ML;PAQUET;17 000 Ar;06/08/2026
02400191402;MENABOLO SKALA HERBAL 60ML;CARTON;170 000 Ar;06/08/2026
00100104901;Menabolo skala pm;PAQUET;17 000 Ar;06/08/2026
02400174201;MENABOLO STELLA 25G;PACQUET;14 000 Ar;06/08/2026
02400174202;MENABOLO STELLA 25G;CARTON;140 000 Ar;06/08/2026
02400118301;Menabolo stella gm;PIECES;5 500 Ar;26/08/2024
02400118302;Menabolo stella gm;PAQUET;33 000 Ar;26/08/2024
02400118303;Menabolo stella gm;CARTON;-;
00100101701;Menabolo stella pm;PIECE;1 600 Ar;13/11/2023
00100101702;Menabolo stella pm;PAQUET;18 000 Ar;20/12/2023
00100101703;Menabolo stella pm;CARTON;180 000 Ar;05/08/2024
00100123601;Menabolo vao coco;SACHET ;3 500 Ar;25/10/2024
00100123602;Menabolo vao coco;CARTON;42 000 Ar;25/10/2024
00100079501;MENABOLO VESTLIN PM   ;PAQUET;17 000 Ar;06/08/2026
02400173801;MENABOLO VESTLIN POMMADE 25G ;PACQUET;14 000 Ar;06/08/2026
02400173802;MENABOLO VESTLIN POMMADE 25G ;CARTON;140 000 Ar;06/08/2026
02400118501;MENABOLO VESTLINE GARLIC GM 200G;PIECS;5 500 Ar;26/08/2024
02400118502;MENABOLO VESTLINE GARLIC GM 200G;PAQUET;32 500 Ar;06/08/2026
02400118503;MENABOLO VESTLINE GARLIC GM 200G;CARTONT;-;
00100084201;MENABOLO VESTLINE GM ;PIECE;5 500 Ar;30/03/2023
00100084202;MENABOLO VESTLINE GM ;PAQUET;32 500 Ar;06/08/2026
02400177301;MENABOLO VESTLINE HAIR FOOD AVOCADO 240ML;PIECE;5 500 Ar;09/03/2026
02400177302;MENABOLO VESTLINE HAIR FOOD AVOCADO 240ML;PACQUET;32 500 Ar;06/08/2026
02400174101;MENABOLO VESTLINE HAIRE POMMADE 60ML;PACQUET;19 000 Ar;16/01/2026
02400174102;MENABOLO VESTLINE HAIRE POMMADE 60ML;CARTON;190 000 Ar;16/01/2026
02400130101;Menabolo vestline pommade gm;PIECES;5 500 Ar;13/11/2024
02400130102;Menabolo vestline pommade gm;PAQUET;32 500 Ar;06/08/2026
02400118401;MENABOLO VIOCARE GM 200G;PIECES;5 500 Ar;26/08/2024
02400118402;MENABOLO VIOCARE GM 200G;PAQUET;32 500 Ar;06/08/2026
02400118403;MENABOLO VIOCARE GM 200G;CARTON;-;
02400142801;Menaka kinana papaye sara be ;PCS;220 Ar;29/01/2025
02400142802;Menaka kinana papaye sara be ;PACQUET;4 400 Ar;29/01/2025
02400142803;Menaka kinana papaye sara be ;BALLE;44 000 Ar;29/01/2025
02400142901;Menaka kinana sara be ;PCS;150 Ar;29/01/2025
02400142902;Menaka kinana sara be ;PACQUET;8 500 Ar;29/01/2025
02400142903;Menaka kinana sara be ;BALLE;85 000 Ar;29/01/2025
00100147401;MIKI BALLS KIDDIES BOCAL ;BOCAL;8 700 Ar;26/03/2025
00100051701;MILANA POULET ;BOITE;9 000 Ar;20/11/2021
00100198001;MILAY BE MINI BAR A FROMAGES 24PCS*10;SACHET;9 000 Ar;27/07/2026
00100197901;MILAY BE ROULEAU DE COQUILLAGE 24PCS*20;SACHET;9 000 Ar;27/07/2026
01800145101;Milk Choco cube bocal;PCS;100 Ar;03/03/2025
01800145102;Milk Choco cube bocal;BOCAL;13 000 Ar;27/07/2026
01800145103;Milk Choco cube bocal;CARTON;180 000 Ar;03/03/2025
01800149001;MILK PASTE LIKME-LIKME;SACHET;4 500 Ar;03/04/2025
00100070201;MILK _ STICK ;BOCAL ;8 500 Ar;13/02/2023
01800162501;MILKI BALLS KIDDIES 420G;BOCAL;17 500 Ar;19/09/2025
00500139401;Milky creamer monde 15g;PIECES;600 Ar;04/01/2025
00100092501;MIMI SNACKS ;SACHET ;5 500 Ar;14/02/2024
00100011801;MINI CHOCO  ;SACHET;3 500 Ar;03/07/2026
00100011802;MINI CHOCO  ;CARTON;126 000 Ar;31/05/2025
00600130801;MINI CHOCO 16 CARE;SACHET;8 000 Ar;19/11/2024
00600130802;MINI CHOCO 16 CARE;CARTON;96 000 Ar;19/11/2024
00600140501;Mini cracker cheese flavoured 227g;BOCAL;4 500 Ar;06/01/2025
00600185301;MINI CRACKER CHEESSE FLAVOURED TUB 227G;BOCAL;4 500 Ar;05/05/2026
00100096301;Mini jelly stick;BOITE;18 500 Ar;11/10/2023
01800171701;MINIONS JELLY SMALLONS FRUIT;SACHET;6 400 Ar;07/01/2026
00100031001;MIRA  VAISSELLE 500 ML PM;BOUTEILLE ;2 200 Ar;23/11/2022
00100031002;MIRA  VAISSELLE 500 ML PM;CARTON ;33 000 Ar;23/11/2022
00100036101;MIRA LIQUIDE VAISSELLE 750ML ;PIECE;3 200 Ar;16/01/2023
00100036102;MIRA LIQUIDE VAISSELLE 750ML ;CARTON;25 500 Ar;16/01/2023
01100142201;Mira maika assorti 1/4l;PCS;1 100 Ar;17/01/2025
01100142202;Mira maika assorti 1/4l;PAQUET;16 500 Ar;17/01/2025
00100006401;MIRA MAX ULTRA DEGRAISSANT 1 L ;PIECE;3 500 Ar;06/12/2022
00100006402;MIRA MAX ULTRA DEGRAISSANT 1 L ;CARTON;28 000 Ar;06/12/2022
00100092701;MIRA NETTOYANT WC 750ML;PIECE;7 500 Ar;17/08/2023
00100063001;MIRA VAISSELLE MAIKA 0.25cl;PIECE ;1 100 Ar;07/06/2022
00100063002;MIRA VAISSELLE MAIKA 0.25cl;CARTON ;33 000 Ar;07/06/2022
00100016301;MISTER BOOM;SACHET;4 200 Ar;11/06/2024
00100016302;MISTER BOOM;CARTON;67 200 Ar;24/12/2024
03000164201;MISTER BOOM ELASTICO;SHT;4 400 Ar;07/02/2026
03000164202;MISTER BOOM ELASTICO;CARTON;68 800 Ar;09/10/2025
01800133301;Mix fruit kiddo;SACHET;2 500 Ar;11/12/2024
01800133302;Mix fruit kiddo;CARTON;50 000 Ar;17/04/2025
01800156901;MIX FRUIT POP ROYALE;SACHET;2 500 Ar;22/07/2025
01800156902;MIX FRUIT POP ROYALE;CARTON;50 000 Ar;22/07/2025
00100107001;MOLFIX 10X7 N°5;PAQUET;7 000 Ar;27/01/2024
00100044201;MOLFIX CULOTTE MIDI 4 X31 PCES;PAQUET ;25 000 Ar;27/09/2021
00100044202;MOLFIX CULOTTE MIDI 4 X31 PCES;BALLE ;-;
00100044301;MOLFIX CULOTTES TWIN MAXI 4x32 n°4;PAQUET;30 000 Ar;06/11/2024
00100044302;MOLFIX CULOTTES TWIN MAXI 4x32 n°4;BALLE;120 000 Ar;06/11/2024
00100107201;MOLFIX JUNIOR 10X17 N°5 B;PIECE;1 000 Ar;27/01/2024
00100107202;MOLFIX JUNIOR 10X17 N°5 B;PAQUET;7 000 Ar;27/01/2024
00100091801;MOLFIX JUNIOR 4X30 N°5;PIECE;29 800 Ar;31/07/2023
00100091802;MOLFIX JUNIOR 4X30 N°5;BALLE ;119 000 Ar;31/07/2023
00100088701;MOLFIX MIDI 10X9 N°3;PAQUET;7 200 Ar;05/06/2023
00100088702;MOLFIX MIDI 10X9 N°3;BALLE;72 000 Ar;05/06/2023
00100059101;MOLFIX PANTS CULOTTES MIDI 4X36 n°3;PAQUET;30 000 Ar;02/11/2024
00100059102;MOLFIX PANTS CULOTTES MIDI 4X36 n°3;BALLE ;120 000 Ar;02/11/2024
00100053701;MOLFIX SMALL PANTS MAXI 8 X8 PCES ;PAQUET ;6 500 Ar;29/11/2021
00100053702;MOLFIX SMALL PANTS MAXI 8 X8 PCES ;BALLE ;52 000 Ar;29/11/2021
00100007401;MOLPED;PACQUET;2 500 Ar;02/09/2020
02700153301;Mosquito anita citronel;PAQUET;1 900 Ar;20/05/2025
02700153302;Mosquito anita citronel;BOITE;22 000 Ar;20/05/2025
02700153303;Mosquito anita citronel;CARTON;264 000 Ar;20/05/2025
00100012201;MOSQUITO ATTACK;BOITE;1 800 Ar;29/04/2024
00100012202;MOSQUITO ATTACK;CARTON;108 000 Ar;29/04/2024
00100012401;MOSQUITO BIG TOX;BOITE;900 Ar;02/09/2020
00100012402;MOSQUITO BIG TOX;CARTON;50 000 Ar;02/09/2020
02700154101;MOSQUITO FRANCE STICK;PACQUET;2 700 Ar;09/06/2025
00100012501;MOSQUITO FUMAKILA;BOITE;1 200 Ar;29/01/2024
00100012502;MOSQUITO FUMAKILA;CARTON;72 000 Ar;12/02/2024
00100064801;MOUCHOIR A JETER BLANC;PAQUET;3 200 Ar;03/12/2025
00100032101;MOUCHOIR A JETER FAMILIA ;PAQUET;2 500 Ar;28/12/2020
00100109201;MOUCHOIR TOP;PAQUET;3 500 Ar;04/03/2024
01800172201;NECT CHOCO CARAMEL POP EN SHT;SACHET;5 000 Ar;07/01/2026
01800136001;Nect Yum yum orange 20*50pces;SACHET;2 500 Ar;16/12/2024
01800136002;Nect Yum yum orange 20*50pces;CARTON;50 000 Ar;16/12/2024
00100183601;NESCAFE CLASSIC EN BOCAL 50G ;BOCAL;17 000 Ar;28/04/2026
00100183602;NESCAFE CLASSIC EN BOCAL 50G ;CARTON;408 000 Ar;28/04/2026
00100182301;NESCAFE CLASSIC EN SACHET 1.5G;PIECE;300 Ar;18/04/2026
00100182302;NESCAFE CLASSIC EN SACHET 1.5G;PLAQUET;22 500 Ar;18/04/2026
00500162101;NESQUICK 420G;BOITE;25 000 Ar;10/09/2025
00100182201;NESQUIK 200G;PIECE;14 000 Ar;18/04/2026
00100121601;Nesquik 500g;BOCAL;22 000 Ar;08/10/2024
00100006501;NET'OI;PIECE;2 500 Ar;02/09/2020
00100006502;NET'OI;PACQUET;25 000 Ar;02/09/2020
00100120901;Nickel gel WC 500ml;PIECES;7 000 Ar;26/09/2024
00100120902;Nickel gel WC 500ml;PAQUET ;105 000 Ar;26/09/2024
00100120801;Nickel lave sol 1l;PIECES;5 000 Ar;27/12/2024
00100120802;Nickel lave sol 1l;PAQUET;72 000 Ar;26/09/2024
00100148501;NICKEL LAVE VITRES 750ML;PCS;4 800 Ar;03/04/2025
00100148502;NICKEL LAVE VITRES 750ML;CARTON;72 000 Ar;03/04/2025
00100057701;NICKEL VAISSELLE 1l EN PIECE ;PIECE ;3 600 Ar;25/04/2024
00100101401;Nickel Vaisselle 1L verte;PIECE;3 800 Ar;10/03/2026
00100101402;Nickel Vaisselle 1L verte;PAQUET;45 600 Ar;10/03/2026
01100177901;NICKEL VAISSELLE 1L*12 JAUNE CITRON;PIECE;3 800 Ar;11/03/2026
01100177902;NICKEL VAISSELLE 1L*12 JAUNE CITRON;PACQUET;45 600 Ar;11/03/2026
00100060001;NICKEL VAISSELLE 500ML;PIECE ;2 500 Ar;16/01/2023
00100060002;NICKEL VAISSELLE 500ML;PAQUET;30 000 Ar;16/07/2026
00100018801;Nosy b;PIECE;3 800 Ar;11/11/2023
00100018802;Nosy b;CARTON;102 000 Ar;06/11/2023
00100019401;NOSY B52 EN BARRE;BARRE;12 000 Ar;18/12/2023
00100019402;NOSY B52 EN BARRE;CARTON;144 000 Ar;18/12/2023
00100028101;NOSY CARRE;PIECE;2 500 Ar;15/10/2020
00100028102;NOSY CARRE;CARTON;59 000 Ar;15/10/2020
00100018201;NOSY CARRE P8P;PIECE;4 900 Ar;04/11/2024
00100018202;NOSY CARRE P8P;CARTON;117 000 Ar;23/09/2022
00100025501;NOSY KELLY;PIECE;1 600 Ar;11/07/2022
00100025502;NOSY KELLY;CARTON;115 200 Ar;19/02/2026
00100025601;NOSY MORCEAUX P3 18mx;PIECE;2 200 Ar;11/07/2022
00100025602;NOSY MORCEAUX P3 18mx;CARTON;39 600 Ar;19/02/2026
00100044801;NOUILLE 1 ER CHOIX;PIECE ;4 500 Ar;05/10/2021
00100004801;Nouille presto 60pcs;CARTON;56 500 Ar;06/08/2026
00100195401;NOUILLE WANA 80G;PIECE;900 Ar;22/07/2026
00100127701;Nouille wana 80g;CARTON;48 000 Ar;18/06/2026
00100084401;NOUILLES   SEDAAP SUPREME EN PIECE ;PIECE;1 700 Ar;20/03/2025
00100084402;NOUILLES   SEDAAP SUPREME EN PIECE ;CARTON;68 000 Ar;14/04/2025
00100039401;NOUILLES  138;PIECE ;4 900 Ar;04/03/2025
00100039402;NOUILLES  138;CARTON;117 600 Ar;04/03/2025
00100004701;NOUILLES  SALONE MATSIRO 40pcs;PIECE;1 200 Ar;18/03/2022
00100004702;NOUILLES  SALONE MATSIRO 40pcs;CARTON;39 000 Ar;27/06/2022
00100038501;NOUILLES  SALONE NAKA;PIECE ;-;27/11/2025
00100038502;NOUILLES  SALONE NAKA;CARTON;36 000 Ar;17/06/2022
00100004601;NOUILLES  SEDAAP SUPREME;PIECE;1 800 Ar;19/12/2025
00100004602;NOUILLES  SEDAAP SUPREME;CARTON;70 000 Ar;20/02/2026
00100122301;Nouilles 2x sukse's 115g en pcs;PIECES;2 000 Ar;22/07/2026
00100122302;Nouilles 2x sukse's 115g en pcs;CARTON;47 000 Ar;25/03/2026
00100094901;NOUILLES 2X SUKSES'S 115G ;CARTON;46 000 Ar;17/12/2025
00100005101;NOUILLES HAKA;CARTON;35 000 Ar;25/10/2021
00100038701;NOUILLES ILLICO 60pcs;PIECE;-;12/11/2025
00100038702;NOUILLES ILLICO 60pcs;CARTON;51 500 Ar;06/08/2026
00100195501;NOUILLES PREMIER MILAY;PIECE;800 Ar;22/07/2026
00100070901;NOUILLES PREMIER MILAY ;CARTON;30 000 Ar;18/06/2026
00100195601;NOUILLES PREMIER PRIX;PIECE;900 Ar;22/07/2026
00100005001;NOUILLES PREMIER PRIX;CARTON;35 000 Ar;18/06/2026
00100088601;NOUILLES PRESTO EN PIECE ;PIECE;1 000 Ar;01/06/2023
00100088602;NOUILLES PRESTO EN PIECE ;CARTON;59 000 Ar;08/05/2024
00100178201;NOUILLES SEDAAP KOREAN CHICKEN;PIECE;11 000 Ar;26/03/2026
00100178202;NOUILLES SEDAAP KOREAN CHICKEN;CARTON;87 000 Ar;26/03/2026
00100080101;NURSE 1-400G;BOITE;28 000 Ar;05/09/2024
00100080102;NURSE 1-400G;CARTON;-;
00500096901;Nurse 2 - 400g;BOITE;28 000 Ar;05/09/2024
00500096902;Nurse 2 - 400g;CARTON;-;
01800184201;NYRA  SWISSLAND 125PCS;BOCAL;17 000 Ar;30/04/2026
01800161801;NYRA BUTTER MAX CANDY ;BOCAL;15 000 Ar;10/09/2025
01800186401;NYRA CHOCO CUBE;BOCAL;15 000 Ar;11/05/2026
00100198901;NYRA CHOCOLLAT VELVET TRUFFLES;BOITE;16 000 Ar;27/07/2026
01800163401;NYRA COCONUT CUBE;BCL;17 000 Ar;04/10/2025
00100191201;NYRA ELRO CHOCO 12BTE FISAKA;BOITE;14 000 Ar;18/05/2026
01800172301;NYRA ELRO MILK 24BOCAL MITSANGANA;BOCAL;11 000 Ar;07/01/2026
00100194801;NYRA ELRO PM CHOCO 24BOCAL MITSANGANA;BOCAL;11 000 Ar;14/07/2026
01800161901;NYRA F BON FROOTY ;BOITE;13 000 Ar;10/09/2025
00100197801;NYRA FRUIT BURST ASS 12*200PCS;BOCAL;13 500 Ar;27/07/2026
01800164001;NYRA ROYALE CREME CANDY 12 JAR;BCL;15 000 Ar;07/10/2025
01800172001;NYRA TOFFILO 100P*20;SACHET;3 500 Ar;07/01/2026
01800183801;NYRA VALENTINE 150PCS;BOCAL;22 000 Ar;30/04/2026
01800177201;NYRA YOGI YOGI 50P;SACHET;2 800 Ar;09/03/2026
00500166501;OK FOOTBALL CHOCOLATE*100 PCS;BOCAL;9 000 Ar;07/11/2025
00500032501;OK ICE SWEET 30PQT;SACHET;4 900 Ar;11/01/2021
00100083301;OXYDE DE FER;KG;2 000 Ar;27/03/2023
01800134501;PAIL CANDY ;PAQUET;10 000 Ar;05/12/2024
00100026201;PAILLE DE FER;PIECE;300 Ar;22/09/2020
00100026202;PAILLE DE FER;PACQUET;1 700 Ar;05/08/2026
00100089001;PAMPERS N°3 CULOTTE MIDI ;PAQUET;37 000 Ar;05/06/2023
00100088901;PAMPERS N°4 (4X32);PAQUET;37 000 Ar;05/06/2023
00100108201;PAPIER DOLPHIN A4;PAQUET;22 000 Ar;06/02/2024
00100108301;PAPIER DOLPHIN A4;CARTON;110 000 Ar;06/02/2024
00100115101;PAPIER IK COPY A4;RAM;23 000 Ar;24/07/2024
00100115102;PAPIER IK COPY A4;CARTON;115 000 Ar;25/10/2024
00100067401;PAPIER VELIN ; PAQUET ;23 000 Ar;06/02/2024
00100067402;PAPIER VELIN ;CARTON ;110 000 Ar;12/10/2023
00100013901;PARFUM;PIECE;2 000 Ar;17/12/2021
00100013902;PARFUM;PACQUET;24 000 Ar;17/12/2021
00100100601;Parfum Vanille;PIECE;2 000 Ar;08/11/2023
00100100602;Parfum Vanille;PAQUET;24 000 Ar;08/11/2023
00500152601;PARFUNE COCONUT FORTUNE 28ML;PCS;2 000 Ar;05/05/2025
00500152602;PARFUNE COCONUT FORTUNE 28ML;PQT;24 000 Ar;05/05/2025
01700149101;PATAPON BLEU COUCHE I9 (9-18KG);PQT;5 800 Ar;03/04/2025
01700149102;PATAPON BLEU COUCHE I9 (9-18KG);BAL;139 200 Ar;03/04/2025
00100007101;PATAPON GM;PACQUET;21 000 Ar;17/08/2022
00100007102;PATAPON GM;BALLE ;168 000 Ar;17/08/2022
01700165101;PATAPON MAXI  L28 9-18KG;PAQUET;18 000 Ar;23/10/2025
01700165102;PATAPON MAXI  L28 9-18KG;BALLE;144 000 Ar;23/10/2025
01700165001;PATAPON MIDI M30 1-11KG;PAQUET;18 000 Ar;23/10/2025
01700165002;PATAPON MIDI M30 1-11KG;BALLE;144 000 Ar;23/10/2025
01700193901;PATAPON NEW BORN*22 (2-5KG);PAQUET;11 500 Ar;29/06/2026
01700193902;PATAPON NEW BORN*22 (2-5KG);BALL;92 000 Ar;29/06/2026
00100007201;PATAPON PM;PACQUET;5 000 Ar;01/08/2022
00100004901;pate APOLLO;CARTON;32 000 Ar;27/06/2024
00500105601;Pate egg noodle 400g red river;PIECE;6 500 Ar;05/04/2025
00500105701;Pate nouille aux oeufs 250g 1ere choix;PIECE;4 000 Ar;20/12/2023
00100153901;PDR JUS POP DRINK FRAISE ORANGE VIMTO;PACQUET;25 000 Ar;09/06/2025
01800179301;PE ICE CREAM MAMA TIK TOK POP 100P *12AG;BOCAL;12 000 Ar;02/04/2026
00100015601;PECTO BE ;SACHET;4 500 Ar;04/04/2022
00100015602;PECTO BE ;CARTON;72 000 Ar;04/04/2022
00100015501;PECTO PM;PIECE;100 Ar;11/04/2022
00100015502;PECTO PM;SACHET;2 600 Ar;23/05/2025
00100015503;PECTO PM;SAC;208 000 Ar;23/05/2025
01800163901;PEN FINGER  HARD CANDY 3G;PQT;12 000 Ar;07/10/2025
00100091701;PERFIT;PIECE;3 900 Ar;31/07/2023
00100091702;PERFIT;CARTON;140 000 Ar;12/12/2023
00100062301;PETROL 240 L;LITRE;3 000 Ar;15/06/2022
00100062302;PETROL 240 L;TONNEL;720 000 Ar;07/09/2022
00100024501;PETROLE 250l;LITRE;4 200 Ar;03/08/2026
00100024502;PETROLE 250l;TONNELET;1 050 000 Ar;20/06/2026
00100114001;Pile champion r6*25;BOITE;6 000 Ar;08/07/2024
00100114002;Pile champion r6*25;CARTON;140 000 Ar;03/10/2024
00400164501;PILE DURATEC R20;BTE;15 900 Ar;10/10/2025
00400164101;PILE DURATEC R6;BTE;8 000 Ar;09/10/2025
00400022601;PILE ENERGY GM;BOITE;13 000 Ar;27/06/2022
00400022602;PILE ENERGY GM;CARTON;312 000 Ar;27/06/2022
00400022701;Pile energy pm ;BOITE;9 900 Ar;22/05/2024
00400022702;Pile energy pm ;CARTON;237 000 Ar;27/04/2022
00100002201;PISTASY;KAPOAKA;-;06/11/2025
00100002202;PISTASY;SAC;-;06/11/2025
00500114901;PISTASY AVARATRA 200 KAPOAKA ;KAPOAKA;1 000 Ar;06/11/2025
00500114902;PISTASY AVARATRA 200 KAPOAKA ;SAC;219 000 Ar;13/03/2025
00100071601;PISTASY EN KAPOAKA ;KAPOAKA ;1 000 Ar;17/12/2025
00100093101;PISTASY MENA 25KG;SAC;109 000 Ar;30/04/2024
00100071501;PISTASY MENA KELY 50KG;SAC;195 000 Ar;18/02/2026
00100071901;PISTASY VAOVAO ;SAC;-;
00100196901;PIZZA JELLY STRAWBERRY;PIECE;500 Ar;24/07/2026
00100196902;PIZZA JELLY STRAWBERRY;BOITE;15 000 Ar;24/07/2026
00100036001;POINTE ;KG;8 000 Ar;11/08/2021
00100036002;POINTE ;BOITE;37 000 Ar;29/12/2021
00100036003;POINTE ;CARTON ;148 000 Ar;29/12/2021
00100022901;POINTE 100X20 en kg;KG;8 000 Ar;11/08/2021
00100022902;POINTE 100X20 en kg;BOITE;37 000 Ar;28/01/2022
00100022903;POINTE 100X20 en kg;CARTON;148 000 Ar;28/01/2022
00100023001;POINTE 100X21 en kg;KG;8 000 Ar;11/08/2021
00100023002;POINTE 100X21 en kg;BOITE;37 000 Ar;29/12/2021
00100023003;POINTE 100X21 en kg;CARTON;148 000 Ar;26/11/2024
00100026801;POINTE 120X21 EN KG;KG;8 000 Ar;11/08/2021
00100026802;POINTE 120X21 EN KG;BOITE;37 000 Ar;29/12/2021
00100026803;POINTE 120X21 EN KG;CARTON;148 000 Ar;26/11/2024
00100023301;POINTE 30X13 de 20kg;KG;8 000 Ar;11/08/2021
00100023302;POINTE 30X13 de 20kg;BOITE;37 000 Ar;29/12/2021
00100023303;POINTE 30X13 de 20kg;CARTON;148 000 Ar;26/11/2024
00100023601;POINTE 40X14 EN KG;KG;8 000 Ar;11/08/2021
00100023602;POINTE 40X14 EN KG;BOITE;37 000 Ar;29/12/2021
00100023603;POINTE 40X14 EN KG;CARTON;148 000 Ar;29/12/2021
00100023101;POINTE 50X16 EN KG;KG;8 000 Ar;11/08/2021
00100023102;POINTE 50X16 EN KG;BOITE;37 000 Ar;29/12/2021
00100023103;POINTE 50X16 EN KG;CARTON;148 000 Ar;29/12/2021
00100023201;POINTE 50X18 EN KG;KG;8 000 Ar;11/08/2021
00100023202;POINTE 50X18 EN KG;BOITE;37 000 Ar;29/12/2021
00100023203;POINTE 50X18 EN KG;CARTON;148 000 Ar;29/12/2021
00100023901;POINTE 60X17 EN KG;KG;8 000 Ar;11/08/2021
00100023902;POINTE 60X17 EN KG;BOITE;37 000 Ar;29/12/2021
00100023903;POINTE 60X17 EN KG;CARTON;148 000 Ar;29/12/2021
00100023801;POINTE 60X20 EN KG;KG;8 000 Ar;11/08/2021
00100023802;POINTE 60X20 EN KG;BOITE;37 000 Ar;29/12/2021
00100023803;POINTE 60X20 EN KG;CARTON;148 000 Ar;29/12/2021
00100023501;POINTE 70X18 EN KG;KG;8 000 Ar;11/08/2021
00100023502;POINTE 70X18 EN KG;BOITE;37 000 Ar;29/12/2021
00100023503;POINTE 70X18 EN KG;CARTON;148 000 Ar;29/12/2021
00100078701;POINTE 80X19 EN KG;KG;8 000 Ar;09/02/2023
00100078702;POINTE 80X19 EN KG;BOITE;37 000 Ar;27/01/2023
00100078703;POINTE 80X19 EN KG;CARTON;148 000 Ar;27/01/2023
00100026501;Pointe 90x20 en kg;KG;8 000 Ar;11/08/2021
00100026502;Pointe 90x20 en kg;BOITE;37 000 Ar;29/12/2021
00100026503;Pointe 90x20 en kg;CARTON;148 000 Ar;29/12/2021
00100023401;POINTE A TOLE;KG;10 000 Ar;21/03/2022
00100023402;POINTE A TOLE;CARTON;200 000 Ar;21/03/2022
00100178901;POIVRE DOYPACK EN SACHET 30G;PIECE;1 400 Ar;27/03/2026
00100178902;POIVRE DOYPACK EN SACHET 30G;SACHET;27 000 Ar;27/03/2026
00100009401;POIVRE ETUI 30G;PIECE;1 000 Ar;23/11/2021
00100009402;POIVRE ETUI 30G;PACQUET;27 000 Ar;01/10/2025
00100009403;POIVRE ETUI 30G;BALLE;220 000 Ar;02/05/2025
00100065101;Poivre moulu doypack sachet 30g;SACHET;-;28/03/2026
00100033201;POT YAOURT ;PAQUET;10 000 Ar;13/12/2021
00100054601;POT YAOURT H (couleur);PAQUET;12 000 Ar;02/11/2023
00100070301;POT YAOURT MADA ;PAQUET ;9 000 Ar;01/12/2025
00100090601;Potata 15g;PIECE;600 Ar;31/10/2024
00100090602;Potata 15g;PAQUET;6 000 Ar;31/10/2024
00100090603;Potata 15g;BOITE;30 000 Ar;31/10/2024
00100090001;POTATA 15GG;PAQUET;7 200 Ar;19/06/2023
00100090002;POTATA 15GG;BOITE;36 000 Ar;19/06/2023
00100085801;POTATA 80g;SACHET;2 500 Ar;21/04/2023
00100123301;Potata 80g*48;PIECE;2 500 Ar;25/10/2024
00100123302;Potata 80g*48;CARTON;120 000 Ar;25/10/2024
00600184801;POTATA BAR-B-QUE 75G;PIECE;3 000 Ar;04/05/2026
00600184802;POTATA BAR-B-QUE 75G;CARTON;140 000 Ar;04/05/2026
00600107301;Potata onion 75G;PIECE;3 000 Ar;29/01/2024
00600107302;Potata onion 75G;CARTON;140 000 Ar;25/10/2024
00100085901;Potata spicy 100g*48 ;PIECE;3 000 Ar;21/04/2023
00100085902;Potata spicy 100g*48 ;CARTON;140 000 Ar;25/10/2024
00600171301;POTATO CHIPZ PIZZA ADORO 75G;PIECE;1 800 Ar;22/12/2025
00600171302;POTATO CHIPZ PIZZA ADORO 75G;CARTON;43 200 Ar;22/12/2025
00500028601;poudre ronono 1/2 KG EN SACHET [lactimilk];SACHET;14 000 Ar;14/05/2022
01200188501;POUDRE SAVON ARIEL FLORAL 500G;PIECE;8 300 Ar;12/05/2026
01200188401;POUDRE SAVON ARIEL LAVENDER 500G;PIECE;8 300 Ar;12/05/2026
01200150901;POUDRE SAVON ARIEL SPRING 500G;PCS;8 300 Ar;18/04/2025
01200041701;poudre savon B29  30gr;SAC;37 000 Ar;21/01/2026
00100005301;POUDRE SAVON BERYL ;PIECE;250 Ar;02/09/2020
00100005302;POUDRE SAVON BERYL ;CARTON;29 000 Ar;02/09/2020
01200169401;POUDRE SAVON SPECIAL BLEU;SAC;37 000 Ar;01/12/2025
01200188601;POUDRE VAO LEMON VERT 30G;CARTON ;40 000 Ar;13/05/2026
00100005801;Poudre Vao line BLEU ORIGINAL 30g;CARTON;40 000 Ar;01/10/2024
01200168701;POUDRE VAO LINE ORANGE EXOTIQUE 30G;CARTON;40 000 Ar;29/11/2025
01200168601;POUDRE VAO LINE ROSE FLORAL 30G;CARTON;40 000 Ar;29/11/2025
01200168801;POUDRE VAO LINE VIOLET LAVANDE 30G;CARTON;40 000 Ar;29/11/2025
00100063701;PRINCE  POCHON 60G*35;PIECE;1 200 Ar;15/06/2022
00100063702;PRINCE  POCHON 60G*35;CARTON;42 000 Ar;19/12/2022
00100063901;PRINCE FOURRE 130G*20;PIECE;2 500 Ar;19/12/2022
00100063902;PRINCE FOURRE 130G*20;CARTON;49 000 Ar;19/12/2022
00100064001;PRINCE FOURRE VANILLE 130G*20;PIECE;2 500 Ar;19/12/2022
00100064002;PRINCE FOURRE VANILLE 130G*20;CARTON;49 000 Ar;19/12/2022
01800156701;PRINCESS *18X30;PCS;500 Ar;25/07/2025
01800156702;PRINCESS *18X30;SACHET;12 000 Ar;22/07/2025
01800156703;PRINCESS *18X30;CARTON;216 000 Ar;22/07/2025
00500114401;PROBO(KATSAKA NOTOTONA);PIÈCES;5 000 Ar;12/07/2024
02500130201;Provende chaire demarrage ld en kg;KG;4 000 Ar;14/11/2024
02500130202;Provende chaire demarrage ld en kg;SAC;199 000 Ar;23/05/2025
02500130301;Provende chaire finition ld en kg;KG;3 800 Ar;04/11/2025
02500130302;Provende chaire finition ld en kg;SAC;188 000 Ar;18/03/2026
02500194301;PROVENDE CROISSANCE POISSON INTENSIF ;KILOS;6 000 Ar;29/06/2026
02500184601;PROVENDE CROISSANCE POISSON INTENSIF 25KG;EN KG;6 000 Ar;02/05/2026
02500184602;PROVENDE CROISSANCE POISSON INTENSIF 25KG;SAC;150 000 Ar;02/05/2026
02500130501;Provende fermier demarrage;KG;3 700 Ar;14/11/2024
02500130502;Provende fermier demarrage;SAC;184 000 Ar;23/05/2025
02500130401;Provende fermier finition;KG;3 500 Ar;18/02/2025
02500130402;Provende fermier finition;SAC;161 000 Ar;23/05/2025
02500194001;PROVENDE POISSON DEMARRAGE INTENSIF;KG;6 000 Ar;29/06/2026
02500194002;PROVENDE POISSON DEMARRAGE INTENSIF;SAC;149 000 Ar;29/06/2026
00100147301;PUB G GUN BOCAL ;PCS;400 Ar;23/05/2025
00100147302;PUB G GUN BOCAL ;BOCAL;23 000 Ar;26/03/2025
01100176501;PUR'O IMPEC 150ML;PIECE;1 000 Ar;06/03/2026
01800156801;PURE GOLD KHAZANA;PCS;500 Ar;22/07/2025
01800156802;PURE GOLD KHAZANA;SACHET;14 500 Ar;22/07/2025
01800156803;PURE GOLD KHAZANA;CARTON;261 000 Ar;22/07/2025
01800174901;RAJSI FRUBON ROLL EN BOCAL 200PCS;BOCAL;15 000 Ar;21/01/2026
01800174401;RAJSI KULFI MILK 200PCS;BOCAL;15 000 Ar;21/01/2026
01800174501;RAJSI STRAWBERRY ROLL 200PCS;BOCAL;15 000 Ar;21/01/2026
01800174601;RAJSI SUPER STAR CARAMEL 200PCS;BOCAL;15 000 Ar;21/01/2026
01800174701;RAJSI TRUFFLES COCO 100PCS;BOCAL;18 000 Ar;06/03/2026
01800174801;RAJSI TRUFFLES MILK 100PCS;BOCAL;18 000 Ar;06/03/2026
00100064601;RAMBO CHOCOLATE 5G;PAQUET ;17 000 Ar;27/06/2022
00500047901;RANO VISY ;PIECE;4 000 Ar;07/03/2022
00500047902;RANO VISY ;PAQUET;29 000 Ar;07/03/2022
00100054301;RANO VISY |; PIECE;4 000 Ar;07/03/2022
00100054302;RANO VISY |;PAQUET;29 000 Ar;07/03/2022
00100007901;RASOIR BIC;PIECE;950 Ar;04/08/2026
00100007902;RASOIR BIC;CARTON;95 000 Ar;04/08/2026
00100117001;Rasoir dorco double;PIECES;500 Ar;08/08/2024
00100117002;Rasoir dorco double;PAQUET;-;13/11/2025
00100117003;Rasoir dorco double;BOITE;40 000 Ar;10/01/2025
00100117004;Rasoir dorco double;CARTON;480 000 Ar;10/01/2025
00100050801;RASOIR DORCO EN PQT;PAQUET;6 000 Ar;19/01/2022
00100114201;RASOIR DORCO SIMPLE ;BOITE;27 500 Ar;08/08/2024
00100114202;RASOIR DORCO SIMPLE ;CARTON;497 000 Ar;08/08/2024
00100116901;RASOIR DORCO SIMPLE  EN PCS;PIECES;580 Ar;08/08/2024
00100078801;RASOIR SUPER MAX;PIECE;700 Ar;27/01/2023
00100078802;RASOIR SUPER MAX;CARTON;84 000 Ar;30/01/2023
00100049801;RASOIRDORCODOUBLE;BOITE;40 000 Ar;08/08/2024
00100049802;RASOIRDORCODOUBLE;CARTON;480 000 Ar;08/08/2024
00600167101;REAL CREAM BISCUITS MERCI;PIECES;800 Ar;07/11/2025
00600167102;REAL CREAM BISCUITS MERCI;CARTON;19 000 Ar;07/11/2025
00100147101;RICH BITE PREMIUM BOCALE;PCS;200 Ar;23/05/2025
00100147102;RICH BITE PREMIUM BOCALE;BOCAL;9 500 Ar;26/03/2025
00100128001;Ringos;SACHET;5 500 Ar;07/11/2024
00100016101;ROBIN;SACHET;9 900 Ar;24/02/2024
00100016102;ROBIN;CARTON ;198 000 Ar;07/08/2024
00100085001;RONONO  MAMA GM ;PIECE ;10 000 Ar;07/04/2025
00100085002;RONONO  MAMA GM ;CARTON;240 000 Ar;07/04/2025
01400130901;Ronono barea gm;BOITE;12 000 Ar;19/06/2026
01400130902;Ronono barea gm;CARTON;288 000 Ar;19/06/2026
01400176301;RONONO BAREA PM;BOITE;5 000 Ar;31/07/2026
01400176302;RONONO BAREA PM;CARTON;240 000 Ar;31/07/2026
00100065501;RONONO CAPITAL  GM;PIECE;9 400 Ar;28/07/2022
00100065502;RONONO CAPITAL  GM;CARTON ;225 000 Ar;28/07/2022
00100010101;RONONO CEBON GM;BOITE;11 900 Ar;31/07/2026
00100010102;RONONO CEBON GM;CARTON;285 600 Ar;31/07/2026
00100010201;ronono cebon pm ;BOITE;6 000 Ar;21/10/2025
00100010202;ronono cebon pm ;CARTON;388 000 Ar;21/10/2025
00100049501;RONONO CHAMPION PM ;PIECE ;5 500 Ar;01/12/2025
00100049502;RONONO CHAMPION PM ;CARTON;264 000 Ar;01/12/2025
00100010301;RONONO DYANAS PM;BOITE;2 700 Ar;02/09/2020
00100010302;RONONO DYANAS PM;CARTON;129 000 Ar;02/09/2020
00100040001;RONONO ELVIA GM;PIECE ;10 900 Ar;30/10/2024
00100040002;RONONO ELVIA GM;CARTON;261 000 Ar;30/10/2024
00100010401;RONONO ELVIA PM;BOITE;4 700 Ar;29/11/2024
00100010402;RONONO ELVIA PM;CARTON;225 000 Ar;29/11/2024
01400179701;RONONO EVITA EN BOITE PM ;PIECE;5 600 Ar;02/04/2026
01400179702;RONONO EVITA EN BOITE PM ;CARTON;134 400 Ar;02/04/2026
00100068901;RONONO GENIE GM ;PIECE ;9 900 Ar;19/10/2022
00100068902;RONONO GENIE GM ;CARTON ;237 000 Ar;19/10/2022
01400156001;RONONO LUCKY COW PM;PCS;5 000 Ar;16/07/2025
01400156002;RONONO LUCKY COW PM;CARTON;240 000 Ar;16/07/2025
00100085101;RONONO MAMA PM;PIECE;4 500 Ar;29/01/2025
00100085102;RONONO MAMA PM;CARTON;216 000 Ar;30/01/2025
00100068501;RONONO POUDRE FONTERA 1/2KG;SACHET;17 000 Ar;07/07/2025
00100034001;RONONO PPM;BOITE ;3 200 Ar;28/07/2021
00100034002;RONONO PPM;CARTON;153 000 Ar;28/07/2021
01400142301;Ronono shasa gm;BTE;11 000 Ar;17/01/2025
01400142302;Ronono shasa gm;CARTON;264 000 Ar;17/01/2025
00500103701;Ronono Socolait pm;PIECE;6 000 Ar;02/06/2026
00500103702;Ronono Socolait pm;CARTON;288 000 Ar;02/06/2026
01400175501;RONONO TOPLE PM;PIECE;6 000 Ar;06/02/2026
01400175502;RONONO TOPLE PM;CARTON;288 000 Ar;06/02/2026
01400121901;Ronono white gold pm;BOITE ;4 900 Ar;08/10/2024
01400121902;Ronono white gold pm;CARTON;235 200 Ar;08/10/2024
01400186301;RONONO YAMA GM 1KG*24;PIECE;12 500 Ar;11/05/2026
01400186302;RONONO YAMA GM 1KG*24;CARTON;300 000 Ar;11/05/2026
01400168901;RONONO YAMA PM 390G;BOITE;5 500 Ar;01/12/2025
01400168902;RONONO YAMA PM 390G;CARTON;264 000 Ar;01/12/2025
00500032801;RONONOELVIA ;BOITE;2 900 Ar;25/02/2021
00500032802;RONONOELVIA ;CARTON;139 000 Ar;25/02/2021
00500028201;RONONOELVIAPM ;BOITE;-;31/01/2023
00500028202;RONONOELVIAPM ;CARTON;-;31/01/2023
01200131001;Saba bleu 25g;SAC;36 000 Ar;20/11/2024
01200146001;SABA CITRON 25G;SAC;36 000 Ar;26/03/2025
01200113001;SABA FLORAL 25G;SAC;36 000 Ar;20/05/2024
00100097801;Sac vide 1,20m;PIECE;2 800 Ar;24/10/2023
00100097901;Sac vide 1,40m;PIECE;2 800 Ar;18/10/2023
00100024601;SAC VIDE GM  250 kg ;PIECE;2 900 Ar;17/02/2022
00100099701;Sac vide gm Matoa 250kg;PIECE;3 000 Ar;03/11/2023
00100068101;SAC VIDE PM 60 KG;PIECE ;1 800 Ar;19/09/2022
00100094601;SACHET BEST PRICE;PIECE;450 Ar;29/11/2024
00100094602;SACHET BEST PRICE;PAQUET;22 500 Ar;29/11/2024
00100094603;SACHET BEST PRICE;BALLE;230 000 Ar;31/10/2023
00100159801;SACHET BEST PRICE GM 80CM*500;PCS;1 000 Ar;20/08/2025
00100159802;SACHET BEST PRICE GM 80CM*500;PQT;50 000 Ar;20/08/2025
00100031701;SACHET HIPPER LE MAGINFIQUE ;PIECE;500 Ar;22/02/2021
00100031702;SACHET HIPPER LE MAGINFIQUE ;PAQUET;16 000 Ar;11/03/2022
00100058101;Sachet moyenne;PIECE;300 Ar;21/02/2022
00100058102;Sachet moyenne;PAQUET;12 500 Ar;21/02/2022
00100030801;SACHET OISEAU;PIECE;16 000 Ar;11/03/2022
00100038201;SACHET PM ;PAQUET;3 500 Ar;12/07/2021
00100132801;Sachet pm couleur;PAQUET;3 400 Ar;29/11/2024
00100126701;Sachet pm f49;PAQUET;5 500 Ar;02/11/2024
00100181601;SACHET PM H20;PAQUET;3 400 Ar;04/04/2026
00100086001;Sachet pm noire hd20;PAQUET;3 500 Ar;19/04/2023
00100121301;Sachet pm trasparent hd15;PAQUET;2 500 Ar;07/10/2024
00100132701;Sachet rose mm;PIECES;400 Ar;29/11/2024
00100132702;Sachet rose mm;PAQUET;12 000 Ar;29/11/2024
00100015101;SACHET SOUS VIDE;PIECE;1 700 Ar;04/08/2026
00100015102;SACHET SOUS VIDE;PACQUET;850 000 Ar;04/08/2026
00100024901;SACHET TAVARATRA;PIECE;500 Ar;02/09/2020
00100024902;SACHET TAVARATRA;PAQUET;17 000 Ar;12/11/2020
00100132601;Sachet vorombola gm;PIECES;500 Ar;29/11/2024
00100132602;Sachet vorombola gm;PAQUET;12 500 Ar;29/11/2024
00100192101;SAF INSTANT 500G;BOITE;16 500 Ar;02/06/2026
00100122001;Saf instant rouge 11g;PIECE;900 Ar;08/10/2024
00100122002;Saf instant rouge 11g;PAQUET;-;
00100122003;Saf instant rouge 11g;CARTON;-;
00100180201;SALONE CAFE 20G*30PCS;PIECE;900 Ar;02/04/2026
00100180202;SALONE CAFE 20G*30PCS;PAQUET;25 500 Ar;02/04/2026
00100180203;SALONE CAFE 20G*30PCS;SAC;510 000 Ar;13/05/2026
00100180101;SALONE CAFE 30G*20PCS;PIECE;1 300 Ar;02/04/2026
00100180102;SALONE CAFE 30G*20PCS;PAQUET;26 000 Ar;02/04/2026
00100180103;SALONE CAFE 30G*20PCS;SAC;520 000 Ar;13/05/2026
00100075501;SALTO CHIPS 3D;SACHET;12 000 Ar;18/12/2023
00100090301;SALTO CHIPS 3D EN PIECE ;PIECE;1 500 Ar;22/06/2023
00100020401;SALTO CHIPS CHILI;PIECE;800 Ar;19/09/2025
00100020402;SALTO CHIPS CHILI;SACHET;8 500 Ar;19/09/2025
00100011203;SALTO GM;PIECE;500 Ar;02/09/2020
00100011201;SALTO GM;SACHET;3 500 Ar;02/09/2020
00100011202;SALTO GM;CARTON;33 500 Ar;02/09/2020
01100102601;Samba barre 12mx 500g en pcs;PIECE;4 300 Ar;21/11/2023
01100103101;Samba barre 9mx 800g en pcs;PIECE;6 500 Ar;19/12/2023
00100106401;SAMBA DETERGEANT EN POUDRE;CARTON;37 000 Ar;09/01/2024
01200170101;SAMBA DETERGEANT EN POUDRE EN (PCS);PCS;350 Ar;15/12/2025
00100185001;SAMPOING MARIA ASS;SACHET;2 400 Ar;04/05/2026
00100072101;SARDINE ANNY ;PIECE;4 400 Ar;15/02/2023
00100072102;SARDINE ANNY ;CARTON ;219 000 Ar;15/02/2023
00500148301;SARDINE BON APPETIT 125G;PCS;3 200 Ar;02/04/2025
00500148302;SARDINE BON APPETIT 125G;CARTON;160 000 Ar;02/04/2025
00100127801;Sardine cebon 125gx50;PIECES;3 400 Ar;07/11/2024
00100127802;Sardine cebon 125gx50;CARTON;170 000 Ar;07/11/2024
00100039701;SARDINE CHAMPION;PIECE ;3 300 Ar;07/10/2022
00100039702;SARDINE CHAMPION;CARTON ;165 000 Ar;07/10/2022
00500035101;SARDINE DELMONACO;PIECE;2 800 Ar;04/06/2021
00500035102;SARDINE DELMONACO;CARTON;140 000 Ar;10/05/2021
00100179201;SARDINE ISHA;PIECE;3 400 Ar;28/03/2026
00100179202;SARDINE ISHA;CARTON;170 000 Ar;28/03/2026
00100008501;SARDINE MONICA;PIECE;2 800 Ar;03/03/2021
00100008502;SARDINE MONICA;CARTON;139 000 Ar;22/02/2021
00100120101;Sardine vivo 125gx25;BOITE;3 000 Ar;23/10/2024
00100120102;Sardine vivo 125gx25;CARTON;75 000 Ar;23/10/2024
00100148401;SAUCE CHILLI BON APPETIT 280G;PCS;6 500 Ar;02/04/2025
00100040301;SAUCE DARK 150 ML;PIECE;5 000 Ar;21/05/2022
00100040302;SAUCE DARK 150 ML;  CARTON;120 000 Ar;16/06/2023
00100014501;SAUCE DARK 625 ML;PIECE;10 500 Ar;22/11/2023
00100014502;SAUCE DARK 625 ML;CARTON;126 000 Ar;22/11/2023
00500140301;Sauce dark superieure pet 400ml;BOUTEILLE;8 000 Ar;06/01/2025
00100151901;SAUCE HUITRE 160G 1ER CHOIX;PCS;7 700 Ar;05/05/2025
00100056701;SAUCE HUITRE 500g;BOUTEILLE ;11 500 Ar;10/01/2025
00100056702;SAUCE HUITRE 500g;CARTON;172 500 Ar;10/01/2025
00100014301;SAUCE HUITRE 710g GM;BOUTEILLE ;13 000 Ar;10/10/2024
00100014302;SAUCE HUITRE 710g GM;CARTON ;156 000 Ar;10/10/2024
00100014201;SAUCE HUITRE PM 280G;PIECE;7 900 Ar;01/02/2025
00100014202;SAUCE HUITRE PM 280G;CARTON;189 600 Ar;24/04/2023
00100014601;SAUCE JERICANE;PIECE;13 000 Ar;14/03/2022
00500097501;Sauce jerycan dark pm;JERYCAN;30 000 Ar;17/10/2023
00500097401;Sauce jerycan light pm;JERYCAN;27 000 Ar;17/10/2023
00100014001;SAUCE LIGHT 150ml PM;PIECE;4 700 Ar;12/11/2022
00100014002;SAUCE LIGHT 150ml PM;CARTON;112 000 Ar;12/11/2022
00100014101;SAUCE LIGHT GM 625 ML ;PIECE;9 500 Ar;16/03/2026
00100014102;SAUCE LIGHT GM 625 ML ;CARTON;114 000 Ar;22/11/2023
00100014401;SAUCE PLASTIQUE;PIECE;4 000 Ar;02/09/2020
00500136301;Sauce soja 0.25 l;BOUTEIL;1 500 Ar;17/12/2024
00500136302;Sauce soja 0.25 l;PAQUET;15 000 Ar;30/04/2026
00500132901;Sauce soja 1L;BOUTEIL;3 000 Ar;10/04/2025
00500132902;Sauce soja 1L;CARTON;30 000 Ar;10/04/2025
00100147501;SAVEN GARBATHI AG MIRACLE;PAQUET;2 100 Ar;15/04/2025
00100147502;SAVEN GARBATHI AG MIRACLE;BOITE;25 000 Ar;15/04/2025
00100147503;SAVEN GARBATHI AG MIRACLE;CARTON;500 000 Ar;15/04/2025
00100083501;SAVOKA TARATRA;BOITE;7 000 Ar;27/03/2023
00300112301;SAVON  SEIM S27 BLANC EN PCS;PIENCES;950 Ar;19/04/2024
00100080201;SAVON B29 MULTI USAGE 96X150G;PIECE;2 500 Ar;09/06/2025
00100080202;SAVON B29 MULTI USAGE 96X150G;CARTON;240 000 Ar;09/06/2025
01100116801;Savon barre parfume citron*9;BARRE;6 000 Ar;08/08/2024
01100116802;Savon barre parfume citron*9;CARTON;54 000 Ar;08/08/2024
00100052201;SAVON BARRE PRIMO ;BARRE;7 500 Ar;20/11/2021
00100052202;SAVON BARRE PRIMO ;CARTON ;119 000 Ar;20/11/2021
00100062901;SAVON BARRE RUBIS  CITRON 800G;BARRE;9 500 Ar;07/06/2022
00100062902;SAVON BARRE RUBIS  CITRON 800G;CARTON ;152 000 Ar;07/06/2022
01100196601;SAVON BARRE VAO LEMON 800G;PIECE;9 800 Ar;24/07/2026
01100196602;SAVON BARRE VAO LEMON 800G;CARTON;56 000 Ar;24/07/2026
01100113201;SAVON CHARBON ANTISEPTIC 90G*72;PIECES;1 900 Ar;24/05/2024
01100113202;SAVON CHARBON ANTISEPTIC 90G*72;CARTONT;136 800 Ar;24/05/2024
01100037201;SAVON CITRON FRAIS  200GR ;PIECE;3 000 Ar;27/06/2022
01100037202;SAVON CITRON FRAIS  200GR ;CARTON;94 000 Ar;22/05/2024
00800039001;SAVON CITRON MULTI SUPER NATIONNAL ;BARRE ;5 900 Ar;24/09/2021
00800039002;SAVON CITRON MULTI SUPER NATIONNAL ;CARTON ;94 000 Ar;24/09/2021
01100124601;Savon citron plus king;PIECE;8 700 Ar;03/03/2026
01100124602;Savon citron plus king;CARTON;104 000 Ar;03/03/2026
01100188001;SAVON CROWN BLANC MILK;PAQUET;10 700 Ar;12/05/2026
01100188101;SAVON CROWN CITRON VERT PASTEL;PAQUET;10 700 Ar;12/05/2026
00100107801;SAVON CROWN ROUGE (RED);PAQUET;10 700 Ar;01/02/2024
00100068201;SAVON DURU ;PIECE ;3 000 Ar;19/12/2022
00100068202;SAVON DURU ;CARTON;90 000 Ar;19/12/2022
01100192501;SAVON DURU ALOE VERA 150G*30;PIECE;-;
01100192502;SAVON DURU ALOE VERA 150G*30;CARTON;99 000 Ar;16/06/2026
00100076001;SAVON DURU GLYCERINE ;PIECE;3 300 Ar;13/11/2023
00100076002;SAVON DURU GLYCERINE ;CARTON;99 000 Ar;13/11/2023
01100192601;SAVON DURU ROSE OIL 150G*30;PIECE;-;
01100192602;SAVON DURU ROSE OIL 150G*30;CARTON;99 000 Ar;16/06/2026
01100137201;Savon Ekono multi purpose soap;PIECES;3 000 Ar;03/01/2025
01100137202;Savon Ekono multi purpose soap;CARTON;72 000 Ar;03/01/2025
01100170501;SAVON EN PCS GM;PIECES;1 000 Ar;16/12/2025
02000149701;SAVON EN PCS PM;PCS;500 Ar;08/04/2025
00100072001;SAVON EXTRA MARRON 65G;CARTON;23 000 Ar;15/11/2022
00100053601;SAVON FLOR BARRE 900g;BARRE ;8 500 Ar;01/11/2024
00100053602;SAVON FLOR BARRE 900g;CARTON;85 000 Ar;01/11/2024
01100125701;Savon flor barre 900g en Pieces;PIECE;1 700 Ar;01/11/2024
00100018601;Savon flor*100;PIECE;1 000 Ar;26/09/2023
00100018602;Savon flor*100;CARTON;100 000 Ar;26/09/2023
00100094401;SAVON FRESH 75G ;PAQUET;9 500 Ar;29/09/2023
01100182901;SAVON HOTEL DEJOI 15G*500PCS;PIECE;400 Ar;27/04/2026
01100182902;SAVON HOTEL DEJOI 15G*500PCS;CARTON;200 000 Ar;27/04/2026
01100146101;SAVON HOTEL14G VERT;PCS;500 Ar;26/03/2025
01100146102;SAVON HOTEL14G VERT;SACHET ;12 500 Ar;26/03/2025
01100117701;SAVON IRIKO ANDRAMENA XG  24MX;CARTON;26 000 Ar;15/08/2024
01100117801;SAVON IRIKO FOTSY MM  24MX;CARTON;28 000 Ar;16/08/2024
01100117601;SAVON IRIKO MENAKELY XG  24MX;CARTON;27 000 Ar;15/08/2024
00100119001;SAVON IRIKO MM TANTELY;CARTON;25 000 Ar;26/08/2024
00100119101;SAVON IRIKO TANTELY XG;CARTON;30 000 Ar;26/08/2024
01100040601;SAVON KANTO K12 VAOVAO;CARTON;19 900 Ar;06/09/2021
00100019501;SAVON KIMSA;BARRE;4 500 Ar;15/10/2021
00100019502;SAVON KIMSA;CARTON;80 000 Ar;04/11/2021
02000111201;SAVON MAEVA 3 BLANC EN PCS;PIECES;500 Ar;19/04/2024
00100062801;SAVON MAEVA MAXI BARRE 9;BARRE ;5 200 Ar;18/12/2023
00100062802;SAVON MAEVA MAXI BARRE 9;CARTON;46 800 Ar;18/12/2023
00100094801;SAVON MAEVA P10 BLANC ;CARTON;19 500 Ar;09/10/2023
02000111701;SAVON MAEVA P10 BLANC EN PCS;PIECES;600 Ar;19/04/2024
01100116701;SAVON MAEVA P10 MARRON*36;CARTON;13 500 Ar;30/07/2026
00100094701;SAVON MAEVA P20 BLANC;CARTON;36 000 Ar;26/10/2023
02000111301;SAVON MAEVA P20 BLANCS EN PCS;PIECES;1 000 Ar;19/04/2024
00100092801;Savon maeva p20 marron;CARTON;26 500 Ar;30/07/2026
01100179101;SAVON MAEVA R50;CARTON;45 000 Ar;28/03/2026
02000112201;SAVON MATEZA M30 JAUNE EN PCS ;PIECES;1 100 Ar;19/04/2024
00100034401;SAVON MATEZA M30 MARRON ;PIECE;1 300 Ar;29/03/2023
00100034402;SAVON MATEZA M30 MARRON ;CARTON;37 000 Ar;29/01/2024
01100038101;SAVON MATEZA M30+ BLANC ;CARTON;50 000 Ar;19/12/2023
02000112101;SAVON MATEZA M30+ BLANC EN PCS ;PIECES;1 400 Ar;19/04/2024
01100116201;Savon Meva 100 soa 24mx;CARTON;22 000 Ar;06/08/2024
01100116301;Savon Meva 200 soa 36mx;CARTON;35 000 Ar;06/08/2024
01100116401;Savon Meva 300 soa 36mx;CARTON;40 000 Ar;06/08/2024
01100116501;Savon Meva 400 soa 36mx;CARTON;45 000 Ar;06/08/2024
01100116601;Savon Meva 500 soa 36mx;CARTON;52 000 Ar;06/08/2024
01100129101;Savon meva mmV75 tsara;CARTON;25 000 Ar;07/11/2024
01100129001;Savon meva mv40 soa;CARTON;15 000 Ar;07/11/2024
01100129201;Savon meva mv70 soa;CARTON;24 000 Ar;07/11/2024
01100172901;SAVON MOREVA BLANC 4*100G;PACQUET;6 500 Ar;12/01/2026
01100173001;SAVON MOREVA ROSE 4*100G;PACQUET;6 500 Ar;12/01/2026
01100173401;SAVON MOREVA VERT 4*100G;PACQUET;6 500 Ar;12/01/2026
00100065201;SAVON NOSY P1 80gr 36mx;PIECE;1 400 Ar;13/07/2022
00100065202;SAVON NOSY P1 80gr 36mx;CARTON ;50 400 Ar;19/02/2026
01100137401;Savon olive classic touch 70G;PIECES;1 500 Ar;04/01/2025
01100137402;Savon olive classic touch 70G;PAQUET;9 000 Ar;04/04/2025
01100137403;Savon olive classic touch 70G;CARTON;108 000 Ar;04/01/2025
00100149301;Savon olive lime fresh 125g;PCS;3 000 Ar;04/04/2025
00100149302;Savon olive lime fresh 125g;PAQUET;13 000 Ar;03/04/2025
00100149303;Savon olive lime fresh 125g;CARTON;156 000 Ar;03/04/2025
01100139301;Savon olive milk delight 70G;PIECES;1 500 Ar;04/01/2025
01100139302;Savon olive milk delight 70G;PAQUET;9 000 Ar;04/04/2025
01100139303;Savon olive milk delight 70G;CARTON;108 000 Ar;04/04/2025
00100030001;SAVON RIM 27 ;CARTON;19 500 Ar;24/11/2020
00100030101;SAVON RIM 29 ;CARTON ;19 500 Ar;24/11/2020
01100041801;SAVON RIM M3;CARTON;23 000 Ar;02/06/2023
00100059801;SAVON RIM M5;CARTON ;45 000 Ar;18/03/2022
01100122501;Savon ruhi 60g*72pcs;PIECES;1 300 Ar;09/10/2024
01100122502;Savon ruhi 60g*72pcs;CARTON;93 600 Ar;09/10/2024
00100090901;SAVON SAMBA 12MX 500G;CARTON;46 000 Ar;21/11/2023
01100060401;SAVON SAMBA 18 MX_120G;CARTON ;21 000 Ar;03/09/2025
01100060501;SAVON SAMBA 20MX_85G;CARTON;15 500 Ar;26/10/2023
00100060601;SAVON SAMBA 30MX_100G;CARTON;25 000 Ar;30/01/2025
00100077501;SAVON SAMBA 32MX _100G;CARTON;30 000 Ar;03/09/2025
01100060701;SAVON SAMBA 36MX 70G;CARTON;22 500 Ar;26/10/2023
01100060801;SAVON SAMBA 36MX_130G PM ;CARTON;39 000 Ar;26/10/2023
00100063101;SAVON SAMBA 9 BARRE 800 G ;BARRE;6 500 Ar;06/09/2024
00100063102;SAVON SAMBA 9 BARRE 800 G ;CARTON;58 500 Ar;19/12/2023
01100060301;SAVON SAMBA PALMINDUS 36mx 150g;CARTON;40 000 Ar;07/08/2026
01100109601;SAVON SAMBA S21 24MX;CARTON;11 000 Ar;22/03/2024
01100109701;SAVON SAMBA S22  24MX;CARTON;12 000 Ar;22/03/2024
01100109801;SAVON SAMBA S23 36MX;CARTON;32 000 Ar;22/03/2024
00100020001;SAVON SANTEX;PACQUET;11 000 Ar;07/02/2023
00100020002;SAVON SANTEX;CARTON;132 000 Ar;07/02/2023
01100189901;SAVON SB27 MARRON 36MX;CARTON;30 000 Ar;13/05/2026
00100092401;SAVON SEIM BARRE BLANC;BARRE;9 000 Ar;06/12/2023
00100092402;SAVON SEIM BARRE BLANC;CARTON;59 000 Ar;10/08/2023
00100052301;SAVON SEIM S20 BLANC NORD ;PIECE ;1 000 Ar;16/11/2022
00100052302;SAVON SEIM S20 BLANC NORD ;CARTON;32 000 Ar;02/06/2023
00100076701;SAVON SEIM S24 MENA;PAQUET;17 500 Ar;29/12/2022
00100052801;SAVON SEIM S27  MARRON;PIECE;800 Ar;16/11/2022
00100052802;SAVON SEIM S27  MARRON;CARTON;28 000 Ar;28/09/2023
00100052001;SAVON SEIM S27 BLANC ;PIECE;1 100 Ar;17/02/2023
00100052002;SAVON SEIM S27 BLANC ;CARTON;34 000 Ar;29/01/2024
02000111801;SAVON SEIM S27 MARRON EN PCS;PIECES;800 Ar;19/04/2024
00100052101;SAVON SEIM S3;PIECE ;600 Ar;07/12/2021
00100052102;SAVON SEIM S3;CARTON ;17 000 Ar;14/11/2022
00100059901;SAVON SEIM s30 MENA;PIECE;1 200 Ar;02/06/2023
00100059902;SAVON SEIM s30 MENA;CARTON;40 000 Ar;25/11/2023
01100106201;Savon seim sbp 36mx;CARTON;32 000 Ar;10/01/2024
01100036701;SAVON SEIM SC1 FOTSY;PAQUET;18 000 Ar;05/03/2026
00100079601;SAVON SEIM SC3 90G;CARTON;26 000 Ar;02/06/2023
00100076601;SAVON SEIM SC30 160G;CARTON;34 000 Ar;02/06/2023
01100036801;SAVON SEIM SR1 ROSE;PAQUET;20 000 Ar;03/08/2026
00100094501;SAVON SK1 EN PCE;PIECE;400 Ar;26/02/2024
02000111501;SAVON SOBA M20 MARON EN PCS;PIECES;700 Ar;19/04/2024
00100034601;SAVON SOBA m20 MARRON;PIECE ;700 Ar;02/06/2023
00100034602;SAVON SOBA m20 MARRON;CARTON;24 000 Ar;02/06/2023
00100034701;SAVON SOBA M20+ BLANC;PIECE;900 Ar;17/04/2023
00100034702;SAVON SOBA M20+ BLANC;CARTON;28 000 Ar;02/06/2023
02000111401;SAVON SOBA M20+ EN PCS;PIECES;800 Ar;19/04/2024
00100034501;SAVON SOBA SB 3+ ;PIECE;400 Ar;17/09/2021
00100034502;SAVON SOBA SB 3+ ;CARTON ;10 500 Ar;15/03/2021
01100187901;SAVON SOBA SB3+BLANC*30MX;CARTON;15 000 Ar;12/05/2026
00100033701;SAVON SOBA TSARA BARRE 1kg;BARRE;5 300 Ar;02/06/2023
00100033702;SAVON SOBA TSARA BARRE 1kg;CARTON ;47 700 Ar;02/06/2023
01100120701;Savon solar 250Gx48;PIÈCES;2 900 Ar;25/03/2025
01100120702;Savon solar 250Gx48;CARTON;139 200 Ar;25/03/2025
01100171601;SAVON SOLAR CITRON 200G*3*18;PAQUET;7 800 Ar;12/01/2026
01100171602;SAVON SOLAR CITRON 200G*3*18;CARTON;139 000 Ar;07/01/2026
01100171501;SAVON SOLAR GRAPE MULTI USAGE150G*48;PIECE;2 100 Ar;07/01/2026
01100171502;SAVON SOLAR GRAPE MULTI USAGE150G*48;CARTON;100 000 Ar;07/01/2026
00100059201;SAVON VAO CITRON ;BARRE ;11 000 Ar;21/12/2023
00100059202;SAVON VAO CITRON ;PAQUET;99 000 Ar;21/12/2023
01100185801;SAVON VAO LUX BLANC;PIECE;1 000 Ar;07/05/2026
01100185802;SAVON VAO LUX BLANC;CARTON;24 000 Ar;07/05/2026
01100152501;SAVON VAO LUX CITRON VERT;PCS;1 000 Ar;05/05/2025
01100152502;SAVON VAO LUX CITRON VERT;CARTON ;24 000 Ar;05/05/2025
01100185701;SAVON VAO LUX ROSE;PIECE;1 000 Ar;07/05/2026
01100185702;SAVON VAO LUX ROSE;CARTON;24 000 Ar;07/05/2026
01100124901;Savon vao up20+ 80g;CARTON;35 000 Ar;28/10/2024
01100124801;Savon vao v27 175g;CARTON;47 000 Ar;04/07/2025
01100173201;SAVON VAO V30*24MX*140G;CARTON;26 000 Ar;12/01/2026
00100164701;SAVON VAOLINE BARRE 500G*8;BARRE;5 500 Ar;21/10/2025
00100164702;SAVON VAOLINE BARRE 500G*8;CARTON;44 000 Ar;21/10/2025
00100164801;SAVON VAOLINE BARRE 800G*6;BARRE;8 500 Ar;21/10/2025
00100164802;SAVON VAOLINE BARRE 800G*6;CARTON;51 000 Ar;21/10/2025
01100176401;SAVON VAOLINE MULTI-USAGE 125GX16;PIECE;1 500 Ar;06/03/2026
01100176402;SAVON VAOLINE MULTI-USAGE 125GX16;CARTON;24 000 Ar;06/03/2026
01100128701;Savon white  wash nature 90g;PIECE;800 Ar;07/11/2024
01100128702;Savon white  wash nature 90g;CARTON;28 800 Ar;07/11/2024
00100086301;Savon za koa dr24; CARTON;14 000 Ar;12/02/2024
02000111901;SAVON ZA KOA DR24 EN PCS;PIECES;600 Ar;19/04/2024
00100086401;SAVON ZA KOA TV24;CARTON;24 000 Ar;29/01/2024
00100063501;SAVONETTE DIVA - 125G;CARTON;96 000 Ar;11/06/2022
00100054401;SAVONFLOR ;CARTON ;90 000 Ar;19/03/2022
00100040501;SAVONFLORVAOVAOROSE;PIECE;900 Ar;13/12/2021
00100040502;SAVONFLORVAOVAOROSE;CARTON;45 000 Ar;13/12/2021
00100020101;SAVONNETTE  CLASSIC WHITE;PIECE;2 100 Ar;17/12/2022
00100020102;SAVONNETTE  CLASSIC WHITE;PACQUET;25 000 Ar;17/11/2025
00100020103;SAVONNETTE  CLASSIC WHITE;CARTON;135 000 Ar;24/10/2024
00100019801;SAVONNETTE  GIV;PACQUET;9 900 Ar;16/01/2023
00100019802;SAVONNETTE  GIV;CARTON;118 000 Ar;16/01/2023
00100018901;SAVONNETTE CITRUS;PACQUET;10 500 Ar;30/11/2023
00100018902;SAVONNETTE CITRUS;CARTON;118 000 Ar;29/08/2022
00100064301;SAVONNETTE DIVA;PAQUET;8 000 Ar;25/06/2022
00100064302;SAVONNETTE DIVA;CARTON;96 000 Ar;25/06/2022
00100019901;SAVONNETTE KRIS;PACQUET;10 500 Ar;30/11/2023
00100019902;SAVONNETTE KRIS;CARTON;120 000 Ar;19/10/2022
00100077601;SAVONNETTE LARK;PIECE;3 000 Ar;04/01/2023
00100077602;SAVONNETTE LARK;CARTON;144 000 Ar;31/12/2022
00100019701;SAVONNETTE OLEDA;PACQUET;10 000 Ar;07/02/2023
00100019702;SAVONNETTE OLEDA;CARTON;120 000 Ar;07/02/2023
00100197701;SAYA FLAVOUR BEEF BOUILLON CUBE 4G *25;PIECE;1 800 Ar;27/07/2026
00100197702;SAYA FLAVOUR BEEF BOUILLON CUBE 4G *25;CARTON;144 000 Ar;27/07/2026
00100190801;SCOTCH TOLE;METRE;10 000 Ar;18/05/2026
00100190802;SCOTCH TOLE;ROULEAU;100 000 Ar;18/05/2026
00500140101;Sel fin en sachet  25 KG;SAC;23 500 Ar;31/07/2026
00100001701;SEL FIN EN SACHET  TALOHA ;PIECE;200 Ar;03/09/2020
00100001702;SEL FIN EN SACHET  TALOHA ;SAC;46 000 Ar;06/06/2022
00100071401;SEL FIN EN SACHET 50kg;SAC;46 000 Ar;12/07/2024
00100068701;SEL FIN EN SACHET EN PIECE ;PIECE;200 Ar;31/07/2026
00100068702;SEL FIN EN SACHET EN PIECE ;SAC ;-;
00100107101;SEL FIN EN VRAC 50KG;SAC;49 000 Ar;14/08/2024
00100102901;sel fin en vrac en kilos;KILO;1 000 Ar;24/11/2025
00100077301;SEL FIN VRAC 25 KG;SAC;25 000 Ar;21/11/2025
00100103001;SEL GROS   EN KILOS;KILO;700 Ar;30/07/2026
00100001601;SEL GROS 50kg;KG;-;19/05/2026
00100001602;SEL GROS 50kg;SAC;34 000 Ar;30/07/2026
00100188201;SERVIETTE DE TABLE PASTEL ;PAQUET;-;
00100007301;SERVIETTE DE TABLE PASTEL;PACQUET;3 800 Ar;11/05/2022
00100136901;Serviette de table top 60*60;PAQUET;1 200 Ar;24/12/2024
00100136801;Serviette de table top100*24;PAQUET;3 300 Ar;24/12/2024
00100059001;SERVIETTE MOLPED ;PAQUET;2 500 Ar;07/03/2022
01800132301;Shamalow twist;BOCAL;22 000 Ar;23/11/2024
00100126501;Shampoo emeron noir  7ml;SACHET;4 500 Ar;22/11/2024
00100126502;Shampoo emeron noir  7ml;CARTON;54 000 Ar;26/03/2025
01800155401;SHAPE CHOCOLATE BOCAL;BOCAL;10 000 Ar;01/07/2025
00100132101;Shine coffée;PIECES;250 Ar;23/12/2024
00100132102;Shine coffée;SACHET;6 000 Ar;22/11/2024
00100132103;Shine coffée;CARTON;48 000 Ar;22/11/2024
00100054801;SHT;BTE ;8 800 Ar;13/12/2021
00100016201;SILL GUM CHLOROPHILE;SACHET;4 200 Ar;18/12/2023
00100016202;SILL GUM CHLOROPHILE;CARTON;67 200 Ar;18/12/2023
00100056201;SILL GUM ZOOK (16); SACHET;4 000 Ar;08/10/2024
00100056202;SILL GUM ZOOK (16);CARTON;64 000 Ar;08/10/2024
00100016501;SILL-GUM FRAISH;SACHET;2 500 Ar;12/11/2020
00100018401;SK1;CARTON;11 000 Ar;31/07/2026
02000112401;Sk1 en Pièces;PIECES;400 Ar;19/04/2024
00100018301;SK20;CARTON;17 500 Ar;31/07/2026
00100019001;SKT BARRE;BARRE;1 500 Ar;10/05/2022
00100019002;SKT BARRE;CARTON;27 000 Ar;07/02/2022
00100037501;SLEEPY  MIDI;PAQUET;17 000 Ar;13/02/2023
00100040701;SLEEPY 4 -25  MAXI;PAQUET;17 000 Ar;13/02/2023
00100036901;SLEEPY CULOTTE;PAQUET;25 000 Ar;22/02/2022
00100036902;SLEEPY CULOTTE;BALLE ;124 000 Ar;22/02/2022
01700046001;SLEEPY JUNIOR 6X20 ;PAQUET;17 000 Ar;07/02/2023
01700046002;SLEEPY JUNIOR 6X20 ;BALLE ;102 000 Ar;07/02/2023
01700045901;SLEEPY KULOT JEANS JUNIOR 5X24 n°5;PAQUET;28 400 Ar;05/09/2024
01700045902;SLEEPY KULOT JEANS JUNIOR 5X24 n°5;BALLE ;142 000 Ar;05/09/2024
01700045801;SLEEPY KULOT JEANS MAXI 5X30 N°4;PAQUET;28 400 Ar;05/09/2024
01700045802;SLEEPY KULOT JEANS MAXI 5X30 N°4;BALLE;142 000 Ar;05/09/2024
01700045701;SLEEPY KULOT JEANS MIDI 5X34 N°3;PAQUET;28 400 Ar;05/09/2024
01700045702;SLEEPY KULOT JEANS MIDI 5X34 N°3;BALLE ;142 000 Ar;05/09/2024
01700045601;SLEEPY KULOT NATURAL MAXI 5X30 _ n ° 4 ;PAQUET;28 400 Ar;05/09/2024
01700045602;SLEEPY KULOT NATURAL MAXI 5X30 _ n ° 4 ;BALLE;142 000 Ar;05/09/2024
01700045501;SLEEPY KULOT NATURAL MIDI 5X34 N°3; PAQUET ;28 400 Ar;05/09/2024
01700045502;SLEEPY KULOT NATURAL MIDI 5X34 N°3;BALLE;142 000 Ar;05/09/2024
00100063401;SLEEPY LADY ;PIECE;1 800 Ar;11/06/2022
01700045401;SLEEPY MAXI 6X25_ n ° 4 ; PAQUET ;20 700 Ar;15/02/2023
01700045402;SLEEPY MAXI 6X25_ n ° 4 ;BALLE ;124 000 Ar;15/02/2023
00100045301;SLEEPY MIDI 6X30 n°3;PAQUET;20 700 Ar;13/03/2023
00100045302;SLEEPY MIDI 6X30 n°3; BALLE;124 000 Ar;03/04/2023
00100115001;SLEEPY MINI 6X35 N°2;PAQUET;21 000 Ar;23/07/2024
00100115002;SLEEPY MINI 6X35 N°2;BALE;126 000 Ar;23/07/2024
01700195801;SLEEPY NIGHT PANTS CULOTTE MAXI 5X30 N°4;PAQUET;28 400 Ar;23/07/2026
01700195802;SLEEPY NIGHT PANTS CULOTTE MAXI 5X30 N°4;BALLE;142 000 Ar;23/07/2026
01700196001;SLEEPY PRINCESSE CULOTTE MAXI 5X30 N°4;PAQUET;23 600 Ar;23/07/2026
01700196002;SLEEPY PRINCESSE CULOTTE MAXI 5X30 N°4;BALLE;118 000 Ar;23/07/2026
01700195901;SLEEPY PRINCESSE CULOTTE MIDI 5X34 N°3;PAQUET;23 600 Ar;23/07/2026
01700195902;SLEEPY PRINCESSE CULOTTE MIDI 5X34 N°3;BALLE;118 000 Ar;23/07/2026
00100093501;SLYLO EUROPA;PIECE;500 Ar;25/08/2023
00100093502;SLYLO EUROPA;BOITE;12 000 Ar;25/08/2023
00100133601;Small beach bubble water;PIECES;-;
00100133602;Small beach bubble water;BOITE;7 000 Ar;05/12/2024
00600175101;SN PIWI NEWS POULET;SACHET;3 900 Ar;24/01/2026
00100185501;SN SALTO CHIPS BLEU ;SACHET;8 500 Ar;06/05/2026
00600173101;SN SALTO KIDS RINGZ;SACHET;4 500 Ar;20/04/2026
00100194601;SN SALTO LOOP;SACHET;7 000 Ar;14/07/2026
01100037901;SOA PLUS EN BARRE;BARRE;3 500 Ar;06/07/2021
01100037902;SOA PLUS EN BARRE;CARTON;31 000 Ar;06/07/2021
00100019101;SOA PLUS EN CARTON;CARTON;31 000 Ar;02/09/2020
00800034801;SOBA BARRE BLANC;BARRE;9 300 Ar;02/06/2023
00800034802;SOBA BARRE BLANC;CARTON;111 600 Ar;02/06/2023
00100018001;SOBA GM  EN BARRE MAVO;BARRE;4 300 Ar;27/09/2021
00100018002;SOBA GM  EN BARRE MAVO;CARTON;55 000 Ar;02/09/2020
00100018101;SOBA PM EN BARRE;CARTON;20 000 Ar;02/09/2020
00100131201;Soda sugar boom  20*30 pces;BOITE;11 000 Ar;22/11/2024
00100131202;Soda sugar boom  20*30 pces;CARTON;-;
00100065601;Softex day long 29cm*8 [Violet/Bleu];PIECE;3 500 Ar;27/02/2026
00100065602;Softex day long 29cm*8 [Violet/Bleu];CARTON;198 000 Ar;09/08/2025
00100149401;SOFTEX MAXI FIT WINGS*8 ALVEOLE;PACQUET;3 100 Ar;03/04/2025
00100149402;SOFTEX MAXI FIT WINGS*8 ALVEOLE;CARTON;186 000 Ar;03/04/2025
00100159001;SOFTEX PROTEGE SLIPS ;PQT;6 000 Ar;11/08/2025
00700132401;Soude caustique perlee;KG;6 500 Ar;26/11/2024
00100099901;Sour powder candy;PIECE;100 Ar;06/11/2023
00100099902;Sour powder candy;SACHET;7 000 Ar;06/11/2023
00500140401;Soy sauce light prb 500ml;PCS;13 000 Ar;06/01/2025
01500175701;SPAGHETI BAREA ;PIECE;2 400 Ar;20/02/2026
01500175702;SPAGHETI BAREA ;CARTON;48 000 Ar;20/02/2026
00100090501;SPAGHETI ELVIA EN PIECE;PIECE;2 500 Ar;23/06/2023
00100090502;SPAGHETI ELVIA EN PIECE;CARTON;-;
01500110301;Spagheti felicia;CARTON;44 000 Ar;12/08/2024
00100115801;SPAGHETI FELICIA EN PCS;PIECES;2 300 Ar;01/11/2025
00100061901;SPAGHETI SANREMO;PIECE;2 600 Ar;15/06/2022
00100061902;SPAGHETI SANREMO;CARTON ;51 000 Ar;15/06/2022
00500038601;SPAGHETTI CHAMPION;PIECE;2 400 Ar;24/07/2025
00500038602;SPAGHETTI CHAMPION;CARTON;48 000 Ar;15/03/2025
01500039501;SPAGHETTI CHERIE;PIECE;2 600 Ar;16/08/2024
01500039502;SPAGHETTI CHERIE;CARTON;52 000 Ar;16/08/2024
00100081301;SPAGHETTI ELVIA ;CARTON ;49 000 Ar;24/02/2023
01500117901;Spaghetti Francia    en pièces;PIECES;-;31/01/2026
01500117902;Spaghetti Francia    en pièces;CRT;-;31/01/2026
00100008401;Spaghetti Francia  en  carton;PIECE;2 600 Ar;22/06/2026
00100008402;Spaghetti Francia  en  carton;CARTON;52 000 Ar;22/06/2026
00100066701;SPAGHETTI NOUR D'OR ;CARTON;44 000 Ar;06/04/2023
00100084701;SPAGHETTI RASMI 500G;CARTON;44 000 Ar;06/04/2023
01500115701;Spaghetti rossini 500*20;PIECES;2 600 Ar;15/03/2025
01500115702;Spaghetti rossini 500*20;CARTON;51 000 Ar;13/07/2026
00500035801;SPAGHETTI ROSSINI 500G*20;CARTON;-;05/11/2025
00100008301;SPAGUETI ;PIECE;-;31/01/2023
00100008302;SPAGUETI ;CARTON;-;31/01/2023
00100134901;Spider man  srap;PIECES;1 500 Ar;06/12/2024
00100134902;Spider man  srap;BOITE;36 000 Ar;06/12/2024
00100134903;Spider man  srap;CARTON;180 000 Ar;18/03/2025
01800134801;SPIDERMANSRAP ;BOITE ;36 000 Ar;05/12/2024
00100056601;Sprite Citron pet 1,5 l*6;PIECE;5 000 Ar;11/04/2022
00100056602;Sprite Citron pet 1,5 l*6;PAQUET;30 000 Ar;26/03/2026
00100107401;Stick fraise  [ Strawberry ] powder 2.8g;SACHET;2 900 Ar;19/06/2026
00100051601;Stick milk powder 2.8g;SACHET;3 500 Ar;12/12/2024
00300102401;Stock commander 50kg;SAC;147 000 Ar;16/01/2024
00300102501;Stock haraka transparent 50kg;SAC;145 000 Ar;22/11/2023
01800133201;Strawberry kiddo;SACHET;2 500 Ar;11/12/2024
01800133202;Strawberry kiddo;CARTON;50 000 Ar;17/04/2025
00100131901;strip jelly jelloo;BOITE;4 000 Ar;22/11/2024
00100123201;Stylo classinn  20x50;BOITE;9 500 Ar;25/10/2024
00100123202;Stylo classinn  20x50;CARTON;190 000 Ar;25/10/2024
00100043501;STYLO DIGNO ;PIECE;500 Ar;23/09/2021
00100043502;STYLO DIGNO ;BOITE;17 000 Ar;18/10/2021
00100067101;STYLO LAUREAT BLEU ;BOITE;20 000 Ar;29/08/2022
00100067201;STYLO LAUREAT ROUGE;BOITE ;20 000 Ar;29/08/2022
00100067301;STYLO LAUREAT VERT ;BOITE ;20 000 Ar;29/08/2022
02200175601;STYLO MARYA PLUS BLEU;BOITE;12 000 Ar;06/02/2026
02200182001;STYLO MARYA PLUS ROUGE;BOITE;12 000 Ar;17/04/2026
02200158301;STYLO NOVA 1MM;BOITE;9 000 Ar;28/07/2025
02200158302;STYLO NOVA 1MM;CARTON;180 000 Ar;28/07/2025
00100013101;STYLO SCHNEIDER BLEU;PIECE;800 Ar;29/03/2023
00100013102;STYLO SCHNEIDER BLEU;BOITE;35 000 Ar;29/01/2026
00100117101;STYLO SCHNEIDER EN PCS;PIECES;800 Ar;09/08/2024
02200184501;STYLO SCHNEIDER NOIR ;BOITE;35 000 Ar;01/05/2026
00100078501;STYLO SCHNEIDER ROUGE ;BOITE ;35 000 Ar;29/01/2026
00100078201;STYLO SCHNEIDER VERT;BOITE;35 000 Ar;29/01/2026
00100115501;STYLO SUPRA BLEU ;BOITE;11 000 Ar;05/09/2024
00100115502;STYLO SUPRA BLEU ;CARTON;220 000 Ar;05/09/2024
00100115401;STYLO SUPRA ROUGE;BOITE;11 000 Ar;05/09/2024
00100115402;STYLO SUPRA ROUGE;CARTON;220 000 Ar;05/09/2024
00100115301;STYLO SUPRA VERT ;BOITE ;11 000 Ar;05/09/2024
00100115302;STYLO SUPRA VERT ;CARTON;220 000 Ar;05/09/2024
01800175901;SUCETTE BIG POP GM XXL;BOCAL;22 000 Ar;03/03/2026
01800175902;SUCETTE BIG POP GM XXL;CARTON;132 000 Ar;03/03/2026
00100060901;SUCETTE BOCAL ROYAL;BOITE;12 000 Ar;07/04/2022
00100060902;SUCETTE BOCAL ROYAL;CRT;-;
00100047101;SUCETTE CHOCO VANILLA DOLLY DOLLY;SACHET;-;
00100021901;SUCETTE CHOCO VANILLA DOLLY DOLLY;SACHET;5 900 Ar;21/10/2021
00100021902;SUCETTE CHOCO VANILLA DOLLY DOLLY;NEANT;-;
01800104301;Sucette donut;SACHET;12 500 Ar;08/12/2023
01800181101;SUCETTE GM BIGG POPS EN SACHET;SACHET;12 000 Ar;03/04/2026
01800181102;SUCETTE GM BIGG POPS EN SACHET;CARTON;192 000 Ar;03/04/2026
01800104401;Sucette heart pop gm vaovao;SACHET;12 500 Ar;08/12/2023
00100075601;SUCETTE HEARTY POP;SACHET;3 500 Ar;17/12/2022
00100075602;SUCETTE HEARTY POP;CARTON;70 000 Ar;27/03/2023
00100126801;Sucette hearty pop bocal;BOCAL;12 000 Ar;02/11/2024
01800176801;SUCETTE LOVE POPS RAMA GM;SACHET;6 200 Ar;09/03/2026
01800157301;SUCETTE NEO POP XXL;SACHET;8 500 Ar;22/07/2025
01800157302;SUCETTE NEO POP XXL;CARTON;136 000 Ar;22/07/2025
01800172701;SUCETTE PAJ POP TONGUE PAINTER 5G;SACHET;3 500 Ar;12/01/2026
00100072401;Sucette pin pon mx;SACHET ;7 000 Ar;29/01/2024
01800183701;SUCETTE RAMA BIG BOMBOM XXXL;SACHET;12 000 Ar;28/04/2026
01800139101;SUCETTE SWEET ART BOCAL;BOCAL;16 000 Ar;03/01/2025
01800104201;Sucette trio pop;SACHET;12 500 Ar;08/12/2023
01800172101;SUCETTE ZIVA MIX FRUIT LOLLIPOP 25G ASS;SACHET;15 000 Ar;07/01/2026
00200029801;SUCRE  AMBILOBE 50kg;KG;-;01/11/2025
00200029802;SUCRE  AMBILOBE 50kg;SAC ;173 000 Ar;04/08/2026
00200031201;SUCRE 25kg;KG;-;10/11/2025
00200031202;SUCRE 25kg;SAC;87 000 Ar;31/07/2026
00200001301;SUCRE 50 KG IMPORT;KG;5 000 Ar;24/03/2023
00200001302;SUCRE 50 KG IMPORT;SAC;250 000 Ar;24/03/2023
00100059501;SUCRE @ SACHET  500 G  EN SACHET ;SACHET ;2 000 Ar;30/05/2022
00100058901;SUCRE @ SACHET 500 G EN SAC ;SAC;199 000 Ar;06/06/2022
00200126401;Sucre blanc en kg ;KG;4 600 Ar;15/10/2025
00100082201;sucre en kg ;KILO;3 500 Ar;31/07/2026
00100082202;sucre en kg ;SAC;185 000 Ar;10/10/2025
00200141401;SUCRE ROUGE SELATI 50 KG;SAC;212 000 Ar;25/06/2025
01800149501;SUICETTE ASSORTED POPS BOCAL;PCS;300 Ar;04/04/2025
01800149502;SUICETTE ASSORTED POPS BOCAL;BOCAL;29 000 Ar;04/04/2025
01800149503;SUICETTE ASSORTED POPS BOCAL;CARTON;-;
01800152001;SUICETTE BIG ASSORTED MIX EXCEL;SACHET ;17 000 Ar;05/05/2025
01800152301;SUICETTE BIG COLA EXCEL;SACHET;17 000 Ar;05/05/2025
01800164901;SUICETTE BIG MILK LOLLIPOP  EXCEL 25G;SACHET;17 000 Ar;23/10/2025
01800148801;SUICETTE ICY POPS BOCAL;PCS;200 Ar;03/04/2025
01800148802;SUICETTE ICY POPS BOCAL;BOCAL;15 000 Ar;03/04/2025
01800148803;SUICETTE ICY POPS BOCAL;CARTON;180 000 Ar;03/04/2025
01800152101;SUICETTE LOVE RING BAGUE ;SACHET ;8 500 Ar;05/05/2025
01800135901;Suicette mix fruit naturel;SACHET;2 500 Ar;16/12/2024
01800135902;Suicette mix fruit naturel;CARTON ;50 000 Ar;16/12/2024
01800148901;SUICETTE MIX YOGOFRU BOCAL;PCS;250 Ar;23/05/2025
01800148902;SUICETTE MIX YOGOFRU BOCAL;BOCAL;23 000 Ar;03/04/2025
01800151401;SUICETTE TIK TOK CHEW POP BOCAL;PCS;200 Ar;02/05/2025
01800151402;SUICETTE TIK TOK CHEW POP BOCAL;BOCAL;18 000 Ar;02/05/2025
01800151403;SUICETTE TIK TOK CHEW POP BOCAL;CARTON;216 000 Ar;02/05/2025
01800152201;SUICETTE TIK TOK EXCEL XXL;SACHET;17 500 Ar;05/05/2025
01800152401;SUICETTE TWIST POP EXCEL;SACHET;17 500 Ar;05/05/2025
01800133701;Sundea choco ice cream;PIECE;400 Ar;23/05/2025
01800133702;Sundea choco ice cream;BOITE;12 000 Ar;05/12/2024
01800133703;Sundea choco ice cream;CARTON;240 000 Ar;05/12/2024
00100136601;Sur eau oasis;PIECES;1 000 Ar;23/12/2024
00100136602;Sur eau oasis;CARTON;40 000 Ar;23/12/2024
00100191901;SURPRISE SNACK 20SHT*25PCS;SACHET;7 000 Ar;02/06/2026
00500140801;Sweet africa poulet en paquet;PIECES;300 Ar;23/05/2025
00500140802;Sweet africa poulet en paquet;PAQUET;12 500 Ar;06/01/2025
00500138701;SWEET AFRICAN CUBE;PQT;1 700 Ar;01/06/2026
00500138702;SWEET AFRICAN CUBE;BTE;69 700 Ar;01/06/2026
00500138703;SWEET AFRICAN CUBE;CARTON;139 400 Ar;01/06/2026
00500036401;SWEET BOY CHOCOLATE;BOITE;7 000 Ar;18/12/2023
00500166001;SWEET BOY COCONUT;BOITE;7 000 Ar;07/11/2025
00500166101;SWEET BOY PINEAPPLE;BOITE;7 000 Ar;07/11/2025
01800157101;SWEET DREAMS POP;BCL;12 000 Ar;22/07/2025
01800157102;SWEET DREAMS POP;CARTON;150 000 Ar;22/07/2025
00100094201;SWEETBOY @ PIECE;PIECE;200 Ar;09/09/2023
00100094202;SWEETBOY @ PIECE;BOITE;9 000 Ar;09/09/2023
01800139501;Swety cup choco candy;PCS;200 Ar;04/01/2025
01800139502;Swety cup choco candy;BOCAL;13 000 Ar;04/01/2025
01800139503;Swety cup choco candy;CARTON;156 000 Ar;04/01/2025
00100007001;Talia bleu Nuit*60;PACQUET;3 100 Ar;10/09/2025
00100007002;Talia bleu Nuit*60;CARTON;186 000 Ar;10/09/2025
00100122401;Talia violet Nuit coton*60;PAQUET;3 000 Ar;09/07/2025
00100122402;Talia violet Nuit coton*60;CARTON;180 000 Ar;09/07/2025
00100048401;TAMARIN PM ;SACHET ;2 500 Ar;29/10/2021
00100074801;Thermos 3l plastique;PIECE;39 000 Ar;12/12/2022
00100071801;THERMOS VISTA VVF-1120 2L;PIECE ;52 000 Ar;01/12/2022
00100071701;THERMOS VISTA VVF-1132H 3.2 L ;PIECE ;59 000 Ar;01/12/2022
00100110201;Thon en miettes 185g;PIECE;4 500 Ar;25/03/2024
00100013501;TIARA POUDRE;BOITE;10 000 Ar;16/11/2024
01800162801;TIK TOK VETO ASSORTED POPS EN SACHET;SACHET;14 500 Ar;26/09/2025
00100037401;TOLE 0.18 / 3M;FEUILLE;34 500 Ar;21/06/2021
00100033601;TOLE 0.18/2M ;FEUILLE ;18 000 Ar;22/02/2021
00100083101;TOLE 0.25/2M;FEUILLE ;33 000 Ar;24/03/2023
00100082401;TOLE 0.25/3M; FEUILLE ;49 000 Ar;28/02/2023
00500159201;TOMATE BOITE ALDA 70G;PCS;1 100 Ar;11/08/2025
00500159202;TOMATE BOITE ALDA 70G;CARTON;110 000 Ar;11/08/2025
00100064901;TOMATE BOITE HELLO FASTE ;PIECE ;750 Ar;22/03/2023
00100064902;TOMATE BOITE HELLO FASTE ;CARTON;75 000 Ar;22/03/2023
00100136701;Tomate boite mama;PIECES;900 Ar;23/12/2024
00100136702;Tomate boite mama;CARTON;90 000 Ar;23/12/2024
00500169801;TOMATE BONJOUR @ BTS 70G;BOITES;1 050 Ar;09/12/2025
00500169802;TOMATE BONJOUR @ BTS 70G;CARTON;52 500 Ar;09/12/2025
00500161001;TOMATE BONJOUR EN SACHET 50G;PCS;700 Ar;29/08/2025
00500161002;TOMATE BONJOUR EN SACHET 50G;CARTON;70 000 Ar;29/08/2025
00100009001;TOMATE BTE GEFCO;BOITE;650 Ar;02/09/2020
00100009002;TOMATE BTE GEFCO;CARTON;32 500 Ar;02/09/2020
00100054701;TOMATE BTE LUCIE ;PIECE ;1 050 Ar;31/07/2023
00100054702;TOMATE BTE LUCIE ; CARTON;105 000 Ar;31/07/2023
00100043301;TOMATE DELICIOUS 70GR;PIECE;650 Ar;24/09/2021
00100043302;TOMATE DELICIOUS 70GR;CARTON;32 500 Ar;22/09/2021
00100066601;TOMATE ELVIA EN SACHET ;PIECE;500 Ar;22/08/2022
00500143901;Tomate en sachet lucie;PCS;1 050 Ar;12/02/2025
00500143902;Tomate en sachet lucie;BOITE;26 300 Ar;12/02/2025
00500143903;Tomate en sachet lucie;CARTON;105 000 Ar;12/02/2025
00100113501;TOMATE EUROPA  @ SACHET 50G;PIECES;650 Ar;05/06/2024
00100113502;TOMATE EUROPA  @ SACHET 50G;CARTON;65 000 Ar;05/06/2024
00100124401;Tomate europa @ boite 70g;PIECE;950 Ar;25/10/2024
00100124402;Tomate europa @ boite 70g;CARTON;47 500 Ar;25/10/2024
00100110101;Tomate evita en sachet 50g;SACHET;800 Ar;13/05/2026
00100110102;Tomate evita en sachet 50g;CARTON;40 000 Ar;13/05/2026
00500110701;TOMATE EVITA ENSACHET 50G;CARTON;-;26/03/2026
00100009101;TOMATE FANA EN SACHET;SACHET;1 000 Ar;26/03/2026
00100009102;TOMATE FANA EN SACHET;BOITE;-;26/03/2026
00100009103;TOMATE FANA EN SACHET;CARTON;100 000 Ar;26/03/2026
00100178301;TOMATE FANA EN SACHET50G;PCS;1 000 Ar;26/03/2026
00100178302;TOMATE FANA EN SACHET50G;CARTON;100 000 Ar;26/03/2026
00500151801;TOMATE KENZY EN SACHET;BOITE;15 000 Ar;05/05/2025
00100151701;TOMATE KENZY EN SACHET 50G;PCS;600 Ar;05/05/2025
00100151702;TOMATE KENZY EN SACHET 50G;BOITE;15 000 Ar;05/05/2025
00100151703;TOMATE KENZY EN SACHET 50G;CRT;60 000 Ar;05/05/2025
00500158001;TONGOLO BE @ KILOS;KG;2 500 Ar;14/08/2025
01800098701;Tongue Painte Assorti 5g;SACHET;2 800 Ar;24/10/2023
01800098702;Tongue Painte Assorti 5g;CARTON;55 000 Ar;24/10/2023
01800133101;Tongue painter kiddo;SACHET;2 500 Ar;11/12/2024
01800133102;Tongue painter kiddo;CARTON;50 000 Ar;17/04/2025
01800162701;TONGUE PAINTER MONSTRE POP KIDDIES;SACHET;12 500 Ar;20/09/2025
00100100201;Tongue_dancer (100pcs);PIECE;200 Ar;18/12/2023
00100100202;Tongue_dancer (100pcs);BOCAL;16 000 Ar;19/03/2024
00100119901;Top cafe 22g*120 ;PIECE;600 Ar;04/02/2025
00100119902;Top cafe 22g*120 ;CARTON;72 000 Ar;04/02/2025
00100190601;TOP CAFE CAPPUCCINO 25G;PIECE;1 000 Ar;15/05/2026
00100190602;TOP CAFE CAPPUCCINO 25G;CARTON;120 000 Ar;15/05/2026
00100190701;TOP CAFE PALM SUGAR 25G;PIECE;1 000 Ar;15/05/2026
00100190702;TOP CAFE PALM SUGAR 25G;CARTON;120 000 Ar;15/05/2026
00100154701;TOP CAFFE AVOCADO 22G;PCS;900 Ar;30/06/2025
00100154702;TOP CAFFE AVOCADO 22G;CARTON;162 000 Ar;12/03/2026
00100154601;TOP CAFFE MAKACHINNO 22G;PCS;900 Ar;30/06/2025
00100154602;TOP CAFFE MAKACHINNO 22G;PACQUET;8 100 Ar;30/06/2025
00100194101;TOPHYTASTE BOEUF BOUILLON CUBES;PIECE;1 800 Ar;29/06/2026
00100194102;TOPHYTASTE BOEUF BOUILLON CUBES;BOITE;74 000 Ar;29/06/2026
00100194103;TOPHYTASTE BOEUF BOUILLON CUBES;CARTON;147 600 Ar;29/06/2026
00100075801;Triple action aloe vera 100ml;PCS;3 000 Ar;15/04/2025
00100075802;Triple action aloe vera 100ml;PAQUET;17 000 Ar;15/04/2025
00100075803;Triple action aloe vera 100ml;CARTON;204 000 Ar;15/04/2025
00100089901;TRIUMPHPLASTIQUE100PGSEN PIECE ;PIECE;3 500 Ar;19/06/2023
00100056301;TSARAHIRATRA SAUCE;BOUTEILLE;4 000 Ar;26/12/2023
00100056302;TSARAHIRATRA SAUCE;PAQUET;24 000 Ar;26/12/2023
00100002001;TSARAMASO  LAVA @ kapoaka;KAPOAKA;1 500 Ar;31/01/2026
00100002002;TSARAMASO  LAVA @ kapoaka;SAC;-;01/11/2022
00100002101;TSARAMASO BOTA;KAPOAKA;1 600 Ar;17/01/2025
00100002102;TSARAMASO BOTA;SAC;284 000 Ar;17/01/2025
02100113301;TSARAMASO BOTA EN KAPOAKA;KAPOAKA;1 400 Ar;30/05/2024
00100050401;TSARAMASO EN SAC  50KG;SAC;219 000 Ar;09/02/2024
00200083001;TSARAMASO LAVA 50KG;SAC;265 000 Ar;31/01/2026
00100076201;TSARAMASO MENA ;SAC;245 000 Ar;28/02/2023
00100076401;TSARAMASO MENA KAPOAKA ;KAPOAKA;1 400 Ar;28/12/2022
00500153101;TSARAMASO MIANDRIVAZO 25 KG;SAC;170 000 Ar;21/07/2025
00100093001;Tsaramaso miandrivazo 50kg;SAC;263 000 Ar;17/03/2026
00100047801;TSARAMASO MIANDRIVAZO EN KAPOAKA;KAPOAKA ;1 500 Ar;13/02/2026
00100045101;TSIASISA EN KAPOAKA ;KAPOAKA ;900 Ar;29/09/2023
00500029601;TSIASISA EN SAC ;KAPOAKA;900 Ar;20/02/2024
00500029602;TSIASISA EN SAC ;SAC;175 000 Ar;10/01/2025
00100095701;TSIASISA VAO 50KG;SAC;229 000 Ar;07/02/2026
00100096101;TSIASISA VAO2 EN KAPOAKA;KAPOAKA ;1 400 Ar;17/12/2025
00100020301;TSIKY NAKS;PIECE;500 Ar;02/09/2020
00100020302;TSIKY NAKS;SACHET;9 000 Ar;02/09/2020
00100064101;TUC CLASSIC 65*24;PIECE;1 500 Ar;15/06/2022
00100064102;TUC CLASSIC 65*24;CARTON;36 000 Ar;19/12/2022
00100081901;TUC MINI 30G*30;PIECE ;800 Ar;18/12/2023
00100081902;TUC MINI 30G*30;CARTON;36 000 Ar;27/02/2023
00100064201;TUC POCKET 32G;BOITE;19 500 Ar;22/03/2023
00100064202;TUC POCKET 32G;CARTON;115 000 Ar;22/03/2023
00100010601;Turbo choco gm ;SACHET;5 500 Ar;04/10/2024
00100010602;Turbo choco gm ;CARTON;66 000 Ar;04/10/2024
00600168301;TURBO CHOCO PM ;SACHET;2 000 Ar;24/11/2025
00600168302;TURBO CHOCO PM ;CARTON;40 000 Ar;24/11/2025
00600186001;TURBO FRAISE GM ;SACHET;5 500 Ar;07/05/2026
00600186002;TURBO FRAISE GM ;CARTON;66 000 Ar;07/05/2026
00600185901;TURBO FRAISE PM ;SACHET;2 000 Ar;07/05/2026
00600185902;TURBO FRAISE PM ;CARTON;40 000 Ar;07/05/2026
01800155201;U&mé MINIS EN BOITE;BOITE;8 500 Ar;01/07/2025
01100196801;VAO SAVON ANTISEPTIQUE AU CHARBON ;PIECE;1 700 Ar;24/07/2026
01100196802;VAO SAVON ANTISEPTIQUE AU CHARBON ;CARTON;40 000 Ar;24/07/2026
00100184901;VAO SHAMPOOING PAPAYE SACHET;SACHET;2 500 Ar;04/05/2026
01100196701;VAO TRANSLUCIDE SDOI U1*36MX*80G;PIECE;1 200 Ar;24/07/2026
01100196702;VAO TRANSLUCIDE SDOI U1*36MX*80G;CARTON;42 000 Ar;24/07/2026
01200121001;Vaoline 30g*108;CARTON;21 600 Ar;11/02/2025
00100048601;VARY  GASY ANDAPA @ kapoaka ;KAPOAKA;950 Ar;22/10/2025
00300029901;VARY  STOCK MARIO ;SAC ;87 000 Ar;18/01/2021
00300027901;VARY DISTE vao ;SAC;124 000 Ar;24/07/2026
00300021401;VARY FELIZ FAMILIA 25 KG;SAC;53 000 Ar;10/03/2021
00300021301;VARY FELIZ FAMILIA 50KG;SAC;90 000 Ar;19/03/2021
00100058401;VARY FOTSY ;KAPOAKA;-;
00100080601;VARY GASY 25KG;SAC;82 000 Ar;30/01/2024
00100092101;VARY GASY ambato @ KAPOAKA ;KAPOAKA ;900 Ar;09/05/2025
00300092201;VARY GASY ANDAPA 25KG;SAC;79 000 Ar;23/01/2024
00300092301;VARY GASY ANDAPA 50KG;SAC;147 000 Ar;25/07/2025
00100090401;VARY GASY ANDAPA 60KG;SAC;197 000 Ar;18/11/2024
01600161301;VARY GASY ANDAPA VAO 50 KG;SAC;155 000 Ar;03/10/2025
00300175801;VARY GASY BOTA ;KAPOAKA;800 Ar;21/07/2026
00300109001;VARY GASY BOTA 25KG;SAC;60 000 Ar;06/08/2026
00300029401;VARY GASY BOTA 50kg;SAC;119 000 Ar;21/07/2026
00300195301;VARY GASY BOTA VAO 60KG;SAC;142 000 Ar;21/07/2026
00300099401;Vary gasy botamenamena 50kg;SAC;144 000 Ar;06/08/2024
00300041901;VARY GASY EN KAPOAKA ;KAPOAKA ;650 Ar;17/09/2021
00300042001;VARY GASY EN KAPOAKA FOTSY ;KAPOAKA ;650 Ar;16/09/2021
01600039901;VARY GASY EN KPK;KAPOAKA;650 Ar;16/08/2021
01600131101;Vary gasy fotsy 2eme choix 50kg;SAC;157 000 Ar;22/11/2024
00300038901;VARY GASY fotsy 60kg;SAC;182 000 Ar;29/08/2024
00300042101;VARY GASY MENA  EN KAPOAKA ;KAPOAKA;700 Ar;16/09/2021
00100069501;VARY GASY RIO 50kg;SAC;153 000 Ar;09/06/2025
00300069601;VARY GASY RIO EN KAPOAKA ;KAPOAKA ;-;
00300021201;VARY HAPPY FAMILY 25KG;SAC;49 000 Ar;18/11/2020
00300021101;VARY HAPPY FAMILY 50KG;SAC;92 000 Ar;26/10/2020
00300113901;VARY HARAKA JAUNE 50 KG;SAC;95 000 Ar;04/04/2026
00500026101;VARY LA FAMILLE INDE;KAPOAKA;550 Ar;18/09/2020
00500026102;VARY LA FAMILLE INDE;SAC;93 000 Ar;07/11/2020
00300037801;VARY LUX LAXMI;SAC;104 000 Ar;12/07/2021
00300175001;VARY MAHAVOKY LUX 50KG;SAC;125 000 Ar;04/08/2026
00300000901;VARY MAKALIOKA  VAOVAO 50KG;KAPOAKA;950 Ar;09/05/2025
00300000902;VARY MAKALIOKA  VAOVAO 50KG;KG;3 900 Ar;28/03/2023
00300000903;VARY MAKALIOKA  VAOVAO 50KG;SAC;105 000 Ar;25/06/2026
;VARY MAKALIOKA  VAOVAO 60KG;-;-;
01600163101;VARY MAKALIOKA 50KG;SAC;121 000 Ar;21/07/2026
00300127401;Vary makalioka 60kg;SAC;145 000 Ar;21/07/2026
00100062101;VARY MAKALIOKA KAPOAKA  ;KAPOAKA;900 Ar;05/06/2023
00300119301;Vary makalioka vao 25Kg;SAC;61 000 Ar;06/08/2026
00300136201;Vary makalioka vao en kapoaka ;KAPOAKA ;950 Ar;09/05/2025
00300109501;VARY MANJARIKA 50KG;SAC;147 000 Ar;19/03/2024
01600042501;VARY MENA DISTE EN KAPOAKA ;KAPOAKA ;750 Ar;15/05/2026
00100079901;VARY MME ROSE ;KAPOAKA ;1 500 Ar;02/11/2024
00300048801;VARY ROYAL SALAMI 25KG;SAC;59 000 Ar;05/02/2022
00300029701;VARY STOCK  STAR;SAC;95 000 Ar;18/11/2020
00300038301;VARY STOCK 25 KG;SAC ;53 000 Ar;19/07/2021
00100091901;VARY STOCK 50kg;SAC;144 000 Ar;18/10/2023
00300177701;VARY STOCK ACE RICE  50KG;SAC;105 000 Ar;17/07/2026
00300192201;VARY STOCK ADELCO 25KG;SAC;45 000 Ar;18/06/2026
00300192801;VARY STOCK AFRICAN GOLD 50KG;SAC;105 000 Ar;17/07/2026
00300057101;VARY STOCK AONE 50KG;SAC;105 000 Ar;29/01/2022
00300021701;VARY STOCK ASIAN 5%;SAC;91 000 Ar;02/09/2020
00300032901;Vary stock barea 50KG;SAC;108 000 Ar;30/12/2025
00300115901;Vary stock bon 50kg;SAC;145 000 Ar;14/08/2024
00300169501;VARY STOCK BOULE PETANQUE 50KG;SAC;108 000 Ar;30/12/2025
00300125401;Vary stock bulmex 25kg;SAC;47 000 Ar;04/05/2026
00300000301;VARY STOCK CAPITAL 50KG;KAPOAKA;550 Ar;09/09/2020
00300000302;VARY STOCK CAPITAL 50KG;KG;-;
00300000303;VARY STOCK CAPITAL 50KG;SAC;87 000 Ar;18/01/2021
00100025801;VARY STOCK CAPITALE;KAPOAKA;-;
00100025802;VARY STOCK CAPITALE;SAC;-;
00100061001;VARY STOCK CHAMPION 50 KG ;SAC;118 000 Ar;05/08/2026
00300105201;Vary stock eagle 50kg;SAC;152 000 Ar;24/10/2024
00300163301;VARY STOCK EHOALA 50 KG;SAC;108 000 Ar;30/09/2025
00300170201;VARY STOCK FALCON 25KG;SAC;46 000 Ar;16/05/2026
00100095601;VARY STOCK FANEVA ;SAC;145 000 Ar;22/11/2023
00300123101;Vary stock foot ball 50kg;SAC;136 000 Ar;23/01/2025
00300122901;Vary stock global 50kg;SAC;136 000 Ar;23/01/2025
00300167901;VARY STOCK GOLD COIN 50KG;SAC;105 000 Ar;20/11/2025
00300199201;VARY STOCK GOLD SAC 50KG;SAC;117 000 Ar;03/08/2026
00300163201;VARY STOCK HARY FITIA 50KG;SAC;106 000 Ar;09/10/2025
00300041601;VARY STOCK INDUS 50 KG;SAC;100 000 Ar;07/09/2021
00300110501;VARY STOCK KING AFRICA 50KG;SAC;146 000 Ar;30/07/2024
00100097201;VARY STOCK KINTANA 25KG;SAC;76 000 Ar;16/01/2024
00300097101;Vary Stock Kintana 50kg;SAC;116 000 Ar;04/08/2026
00300192701;VARY STOCK LA CASCADE 50KG;SAC;104 000 Ar;07/07/2026
00300118101;VARY STOCK LA FAMILLE INDE 50KG;SAC;145 000 Ar;20/08/2024
00300021601;VARY STOCK LALA;KAPOAKA;-;25/03/2021
00300021602;VARY STOCK LALA;KG;-;
00300021603;VARY STOCK LALA;SAC;101 000 Ar;16/08/2021
00500098801;Vary Stock Lemur 50kg;SAC;145 000 Ar;05/12/2023
00300167701;VARY STOCK MAHAVOKY 50KG;SAC;117 000 Ar;30/07/2026
00300130601;Vary stock mara 50kg;SAC;136 000 Ar;23/01/2025
00500114701;VARY STOCK MOL RIZ 50KG;SAC;145 000 Ar;14/08/2024
00100091301;VARY STOCK NAMANA;SAC;135 000 Ar;02/08/2023
00300109301;Vary stock nitra 50kg;SAC;92 000 Ar;16/05/2026
00100106801;VARY STOCK PACK RHINO 25KG;SAC;47 000 Ar;04/05/2026
00300031501;VARY STOCK PAPA;SAC;87 000 Ar;18/01/2021
00300136501;Vary stock pogo 50 kg;SAC;105 000 Ar;18/10/2025
00100077801;VARY STOCK R R  PREMIUM 50KG;SAC;132 000 Ar;19/02/2025
00300173601;VARY STOCK ROMAZAVA 50KG;SAC;117 000 Ar;23/01/2026
00500114601;VARY STOCK SAKSHI SILVER 50KG;SAC;145 000 Ar;14/08/2024
00300089201;VARY STOCK SHAVA 50KG;SAC;113 000 Ar;13/06/2023
00300038801;VARY STOCK STAR 25 KG;SAC;54 000 Ar;26/07/2021
00300031801;VARY STOCK SUN FLOWER;SAC;87 000 Ar;18/01/2021
00300031301;VARY STOCK TANISHK;SAC;145 000 Ar;14/08/2024
00300106601;VARY STOCK TIGRE PAKISTAN 50KG;SAC;147 000 Ar;16/01/2024
00300061201;VARY STOCK TSINJO 25KG ;SAC;45 000 Ar;18/06/2026
00300105301;Vary stock tuctuc 50kg;SAC;147 000 Ar;16/01/2024
00300173501;VARY STOCK TULIP 50KG;SAC;118 000 Ar;29/07/2026
00300060201;Vary stock voky tsara 50KG;SAC;105 000 Ar;16/10/2025
00300153401;VARY STOCK VOKY TSARA LUXE 5% SAC 50 KG;SAC ;129 000 Ar;08/01/2026
00100106701;VARY STOCK VOLAMENA 50KG;SAC;152 000 Ar;10/09/2024
00300169701;VARY STOCK VOLGA 50KG;SAC;108 000 Ar;30/12/2025
00300031601;VARY TASTE LIFE 25KG;SAC;51 000 Ar;29/03/2021
00100077701;VARY TSINJO 50KG FOTSY ;SAC;113 000 Ar;16/01/2023
00300048901;VARY TSINJO 50KG VAOVAO;SAC;134 000 Ar;01/08/2023
00300153501;VARY VOKY TSARA LUXE EN KAPOAKA;KAPOAKA;750 Ar;04/08/2026
00300164601;VARYSTOCK CE BON SAC 50KG;SAC;106 000 Ar;17/10/2025
00100128101;Vehicule lollipop 15g;BOCAL;11 500 Ar;07/11/2024
00100044001;VERRE A JETER;PAQUET;4 000 Ar;27/11/2021
00100075201;VERRE A JETER TRANQUIL TRANSPARENT;PAQUET;3 200 Ar;27/03/2026
00100075301;VERRE A JETER TRANQUIL WHITE;PAQUET;3 200 Ar;27/03/2026
00100129401;Verre à jeter voila *20x50;PAQUET;2 900 Ar;08/11/2024
00100129402;Verre à jeter voila *20x50;CARTON;58 000 Ar;08/11/2024
00100114501;VERRE A JETTER CHAMPION ;PAQUET;2 900 Ar;06/09/2025
00100139001;VERRE DECORRTED GLRSS;PAQUET;8 000 Ar;03/01/2025
00100139002;VERRE DECORRTED GLRSS;CARTON;-;
00100009501;VETSIN 250G;PIECE;2 100 Ar;19/10/2022
00100009502;VETSIN 250G;CARTON;100 000 Ar;19/10/2022
00500138601;VETSIN 50G;PIECES;600 Ar;03/01/2025
00500138602;VETSIN 50G;CARTON;60 000 Ar;03/01/2025
00500158701;VETSIN SASA MOTO 3G*160*25;PAQUET ;13 000 Ar;09/08/2025
00500158702;VETSIN SASA MOTO 3G*160*25;CARTON;325 000 Ar;09/08/2025
00100009601;VETSIN VITA 3G;PACQUET;1 900 Ar;26/09/2022
00100009602;VETSIN VITA 3G;CARTON;95 000 Ar;26/09/2022
00500041501;VINAIGRE FOTSY 1 L ;PIECE ;1 500 Ar;07/09/2021
00500041502;VINAIGRE FOTSY 1 L ;PAQUET;9 000 Ar;12/10/2021
00100072301;VINAIGRE FOTSY TAF [1L] GM ;PAQUET;13 000 Ar;30/08/2023
00100024201;VINAIGRE SACHET SAVOUR;SACHET;4 700 Ar;22/12/2022
00100024202;VINAIGRE SACHET SAVOUR;BALLE;23 500 Ar;22/09/2022
00100076501;Vinaigre sachet taf blanc 5cl*40;SACHET;5 300 Ar;08/03/2023
00100076502;Vinaigre sachet taf blanc 5cl*40;CARTON;26 500 Ar;08/03/2023
00100142601;Vinaigre sachet taf rouge;SACHET;5 300 Ar;28/01/2025
00100142602;Vinaigre sachet taf rouge;CARTON;26 500 Ar;28/01/2025
00100066401;VINAIGRE SAVOUR  [1L ] GM ;PAQUET;11 000 Ar;26/10/2022
00100066301;VINAIGRE SAVOUR [0.25L ]  PM;PAQUET;7 000 Ar;17/08/2022
00100093701;VINAIGRE TAF FOTSY 0.25L;BOUTEIL;1 200 Ar;27/10/2025
00100093702;VINAIGRE TAF FOTSY 0.25L;PACK;10 000 Ar;27/10/2025
00100084501;VINAIGRE TAF FOTSY 1L;PIECE;2 500 Ar;31/03/2023
00100084502;VINAIGRE TAF FOTSY 1L;PAQUET;13 000 Ar;30/08/2023
00100003501;VINAIGRE TAF mena (0.25l);BOUTEILLE;1 200 Ar;13/03/2023
00100003502;VINAIGRE TAF mena (0.25l);PACK;10 000 Ar;01/05/2024
00100003401;VINAIGRE TAF MENA 1l;BOUTEILLE;2 500 Ar;13/03/2023
00100003402;VINAIGRE TAF MENA 1l;PACK;13 000 Ar;30/08/2023
00100026001;VINAIGRE TSOTRA GM;PIECE;1 500 Ar;18/09/2020
00100026002;VINAIGRE TSOTRA GM;PACQUET;7 000 Ar;09/10/2020
00100189301;VINUT COCKTAIL MIXED FRUIT JUICE 330ML;PIECE;3 900 Ar;12/05/2026
00100189401;VINUT COCONUT WATER JUICE 330ML;PIECE;3 900 Ar;12/05/2026
00100189501;VINUT ORANGE JUICE 330ML;PIECE;3 900 Ar;12/05/2026
00100189601;VINUT PASSION FRUIT JUICE 330ML;PIECE;3 900 Ar;12/05/2026
00100189701;VINUT STRAWBERRY JUICE 330ML;PIECE;3 900 Ar;12/05/2026
00100189801;VINUT VOLTRIC 220 ENERGY JUICE 330ML;PIECE;3 900 Ar;12/05/2026
00100135501;Vitalait 1kg;SACHET;36 000 Ar;14/12/2024
00100135502;Vitalait 1kg;CARTON;288 000 Ar;14/12/2024
00100135601;Vitalait 500g;SACHET;18 500 Ar;14/12/2024
00100135602;Vitalait 500g;CARTON;296 000 Ar;14/12/2024
01800171801;VNL DELUXE TOFFEES100PCS*20BAG;SACHET;2 700 Ar;07/01/2026
01800176701;VNL FROYO PRETO BLACK TO RED 24PCS*16;SACHET;3 500 Ar;09/03/2026
01800184001;VNL MILK LOLLIPOP BOCAL;BOCAL;7 500 Ar;30/04/2026
01800163801;VNL STABERRY, M, MF  LOLLIPOP BOOM SPLASH;BOCAL;7 500 Ar;07/10/2025
01800183901;VNL STRAWBERRY LOLLIPOP BOOM SPLASH;BOCAL;7 500 Ar;30/04/2026
00100002501;VOANEMBA 50 kg ij;SAC;169 000 Ar;31/07/2026
00500042801;VOANEMBA FOTSY @ kapoaka ;KAPOAKA;1 000 Ar;31/07/2026
00500042802;VOANEMBA FOTSY @ kapoaka ;SAC;-;12/02/2026
00100058601;VOANJO BORY;KAPOAKA ;1 300 Ar;21/11/2022
00100090101;VOANJOBORY 25KG;SAC;129 500 Ar;27/06/2025
00100002903;VOANJOBORY 50KG;KAPOAKA;1 000 Ar;25/03/2024
00100002901;VOANJOBORY 50KG;KG;1 000 Ar;25/03/2024
00100002902;VOANJOBORY 50KG;SAC;249 000 Ar;31/07/2026
00100090201;VOANJOBORY @ KAPOAKA ;KAPOAKA ;1 500 Ar;31/07/2026
00100043201;VOANJOBORY EN KAPOAKA ;KAPOAKA;1 500 Ar;18/02/2025
00100083201;VOANTSIROKA MAVO;SAC;224 000 Ar;19/07/2025
00100044501;VOANTSIROKA MAVO @ kapoaka;KAPOAKA ;1 300 Ar;19/07/2025
01200143601;Vovo-tsavony so klin 1kg;PIECES;15 000 Ar;30/01/2025
01200143602;Vovo-tsavony so klin 1kg;CARTON;150 000 Ar;30/01/2025
01200150801;VOVON-TSAVONY B29 EN PIESES;PCS;250 Ar;12/08/2025
00100005701;VOVON-TSAVONY BOOM en carton;PIECE;400 Ar;08/06/2022
00100005702;VOVON-TSAVONY BOOM en carton;CARTON;47 000 Ar;11/05/2022
00100039201;VOVON-TSAVONY DENOR;SAC;29 000 Ar;30/08/2021
01200163001;VOVON-TSAVONY EXTRA EN PCS;PCS;300 Ar;22/09/2025
00100054501;VOVON-TSAVONY FLOR ;SAC;35 000 Ar;19/11/2024
00100005901;VOVON-TSAVONY FOM ;CARTON;37 000 Ar;10/03/2025
01200141201;Vovon-tsavony fom en pcs;PCS;250 Ar;13/08/2025
01200195101;VOVON-TSAVONY OXI BLEU BREEZE;CARTON;50 000 Ar;21/07/2026
01200121501;Vovon-tsavony Oxi en pcs;PIECES;350 Ar;08/10/2024
00100050701;VOVON-TSAVONY OXI VIOLET LAVANDE;CARTON;50 000 Ar;08/10/2024
01200154301;Vovon-tsavony saba 25g en pcs;PCS;250 Ar;18/11/2025
00100086101;VOVON-TSAVONY SAFIDY 30G ;CARTON;30 000 Ar;20/08/2024
01200118201;Vovon-tsavony safidy 30g en PCS;PIECES;200 Ar;20/08/2024
00100062501;VOVON-TSAVONY SEIM;SAC;30 000 Ar;20/06/2025
01200149601;Vovon-tsavony seim en pcs;PCS;200 Ar;20/06/2025
00100050101;VOVON-TSAVONY UNO 30G;SAC;42 000 Ar;30/10/2024
01200144501;Vovon-tsavony uno en pcs;PCS;300 Ar;24/02/2025
00100073601;VOVON-TSAVONY VAO LINE EN PCS;PIECE ;300 Ar;22/07/2025
01200121201;Vovontsavony iriko 25g en pcs;PIECES;250 Ar;02/10/2024
01200121101;Vovontsavony iriko 25g*150;SAC;35 000 Ar;02/10/2024
01100105101;Vovotsavony Extra Citrus;CARTON;45 000 Ar;30/10/2024
00100055801;WORLD COLA 1.5 l;PIECE;5 000 Ar;21/12/2021
00100055802;WORLD COLA 1.5 l;PAQUET;28 000 Ar;25/06/2026
00100077001;WORLD COLA 50cl;PAQUET;24 000 Ar;13/02/2026
00100024401;XXL 35CL ;PIECE;3 300 Ar;11/01/2025
00100024402;XXL 35CL ;PACQUET;37 000 Ar;13/02/2026
00400022201;YARICO GM;BOITE;5 500 Ar;02/09/2020
00400022202;YARICO GM;CARTON;132 000 Ar;02/09/2020
00400022301;YARICO PM;BOITE;4 200 Ar;02/09/2020
00400022302;YARICO PM;CARTON;210 000 Ar;02/09/2020
00100188801;YES JUICE APPLE 1L;PIECE;5 500 Ar;12/05/2026
00100188701;YES JUICE COCKTAIL 200ML;PIECE;1 200 Ar;12/05/2026
00100188901;YES JUICE GUAVA 1L;PIECE;5 500 Ar;12/05/2026
00100189001;YES JUICE ORANGE 200ML;PIECE;1 200 Ar;12/05/2026
00100189101;YES JUICE PINEAPPLE 1L;PIECE;5 500 Ar;12/05/2026
00100189201;YES JUICE RAISIN ROUGE 1L;PIECE;5 500 Ar;12/05/2026
01800133401;Yogurt pop kiddo;SACHET;2 500 Ar;11/12/2024
01800133402;Yogurt pop kiddo;CARTON;50 000 Ar;17/04/2025
00100032701;YOGURT SUCETTE;SACHET ;9 900 Ar;11/04/2022
00100032702;YOGURT SUCETTE;CARTON;158 000 Ar;11/04/2022
00100077901;YOUT LAIT EN POUDRE 1KG;SACHET;35 000 Ar;10/01/2023
00100078001;YOUT LAIT EN POUDRE 250G;SACHET ;8 800 Ar;10/01/2023
00100078101;YOUT LAIT EN POUDRE 500G;SACHET ;17 500 Ar;10/01/2023
00100067601;YOUZOU 1.5l;PAQUET ;29 000 Ar;04/12/2024
00100089301;YOUZOU 50 CL;PAQUET;19 500 Ar;03/12/2024
00100095101;Z bonbon fruit sachet;SACHET;3 700 Ar;09/10/2023
00100095102;Z bonbon fruit sachet;CARTON;88 800 Ar;22/11/2023
00100095201;Z BONBON FRUITY BOCAL ;BOCAL;14 900 Ar;22/11/2023
00100019601;ZAKURO ;PIECE;2 300 Ar;10/10/2024
00100019602;ZAKURO ;PACQUET;27 000 Ar;11/12/2023
00100019603;ZAKURO ;CARTON;162 000 Ar;11/12/2023
00100087201;[CRISPY CONE / ACIDULADAS ] EN PIECE ;PIECE;400 Ar;09/05/2023
