Code;Désignation;Unité;Prix;Depot Antanankoro;Depot Stock C;Magasin Mahambolona;Total
20002000;[CRISPY CONE / ACIDULADAS ] EN PIECE;PIECE;400;0;0;0;0
40000100;100X20;BOITE;37.000;0;0;6;6
40000101;100X20;CARTON;148.000;0;0;1,50;1,50
40000200;120X21;BOITE;37.000;0;0;2;2
40000201;120X21;CARTON;148.000;0;0;0,50;0,50
40000300;20X12;BOITE;0;0;0;0;0
40000301;20X12;CARTON;0;0;0;0;0
40000400;30X13;BOITE;37.000;0;0;2;2
40000401;30X13;CARTON;148.000;0;0;0,50;0,50
40000500;40X14;BOITE;37.000;0;0;4;4
40000501;40X14;CARTON;148.000;0;0;1;1
20000600;4X4;SACHET;6.000;0;0;0;0
20000700;4X4 50;SACHET;1.700;0;0;0;0
20000701;4X4 50;CARTON;34.000;0;0;0;0
20000800;4X4 BOKOTRA;SACHET;8.900;0;0;1;1
10000900;4X4 HAPPY CHOCO;SACHET;3.800;0;0;30;30
10000901;4X4 HAPPY CHOCO;CARTON;57.000;0;0;2;2
20001000;4X4 HAPPY TOP;SACHET;2.000;0;0;0;0
20001001;4X4 HAPPY TOP;CARTON;28.000;0;0;0;0
10001100;4X4 UP;SACHET;1.900;0;0;44;44
10001101;4X4 UP;CARTON;32.000;0;0;2,59;2,59
40001200;50X16;BOITE;37.000;0;0;4;4
40001201;50X16;CARTON;148.000;0;0;1;1
40001300;50X18;BOITE;37.000;0;0;6;6
40001301;50X18;CARTON;148.000;0;0;1,50;1,50
40001400;60X17;BOITE;37.000;0;0;6;6
40001401;60X17;CARTON;148.000;0;0;1,50;1,50
40001500;60X20;BOITE;37.000;0;0;4;4
40001501;60X20;CARTON;148.000;0;0;1;1
20001600;70/19;KG;8.000;0;0;0;0
20001601;70/19;CARTON;148.000;0;0;0;0
20001602;70/19;BOITE;0;0;0;0;0
40001700;70X18;BOITE;37.000;0;0;8;8
40001701;70X18;CARTON;148.000;0;0;2;2
40001800;80X19;BOITE;37.000;0;0;3;3
40001801;80X19;CARTON;148.000;0;0;0,75;0,75
40001900;90X20;BOITE;37.000;0;0;6;6
40001901;90X20;CARTON;148.000;0;0;1,50;1,50
20002100;ACIDE LAVA;BOUTEILLE;4.000;0;0;36;36
20002101;ACIDE LAVA;CARTON;24.000;0;0;6;6
20002200;ACIDEL BOTA;BOUTEIL;4.900;0;0;69;69
20002201;ACIDEL BOTA;CARTON;58.000;0;0;5,75;5,75
20002300;AEROSOL JUMBO XT FL 300ML;PIECE;17.000;0;0;19;19
20002400;AEROSOL JUMBO XT FL 680ML;PIECE;24.000;0;0;9;9
50002500;AFRICA CHEF CHICKEN CUBE 108G;PCS;1.800;0;0;0;0
20002600;AGHARBATTI SEVEN WONDER FLOWES;PAQUET;2.000;0;0;0;0
20002601;AGHARBATTI SEVEN WONDER FLOWES;BOITE;24.000;0;0;0;0
20002700;AGHARBATTI SEVEN WONDER FRUITS;PAQUET;2.000;0;0;0;0
20002701;AGHARBATTI SEVEN WONDER FRUITS;BOITE;24.000;0;0;0;0
20002800;ALKALINE R6;BOITE;13.000;0;0;0;0
20002900;ALLUMETTE ITALIA;BTE;800;0;0;92;92
20002901;ALLUMETTE ITALIA;CARTOUCHE;8.000;0;0;9,20;9,20
20002902;ALLUMETTE ITALIA;CARTON;80.000;0;0;0,92;0,92
20003000;ALLUMETTE YES SAFETY;BOITE;800;0;0;288;288
20003001;ALLUMETTE YES SAFETY;CARTOUCHE;8.000;0;0;28,80;28,80
20003002;ALLUMETTE YES SAFETY;CARTON;80.000;0;0;2,88;2,88
20003100;AMPOULE RANO 9W;PIECE;5.000;0;0;0;0
20003200;ANGOLA BLEU GM;PAQUET;10.500;0;0;0;0
20003300;ANGOLA BLEU PM;PAQUET;10.500;0;0;4;4
60003400;ANGOLA EN PCS;PIECE;1.800;0;0;1;1
20003500;ANGOLA ROUGE GM;PAQUET;10.500;0;0;0;0
20003600;ANGOLA VERT GM;PAQUET;10.500;0;0;0;0
20003700;ANGOLA VERT PM;PAQUET;10.500;0;0;5;5
50003800;Apollo en pcs;PIECE;800;0;0;0;0
70003900;ARROW MOSQUITO COILS VET BAMBOO;PIECE;1.800;0;0;50;50
70003901;ARROW MOSQUITO COILS VET BAMBOO;CARTON;108.000;0;0;0,83;0,83
20004000;ASSIETE A JETTER RAHA;PCS;400;0;0;50;50
20004001;ASSIETE A JETTER RAHA;CARTON;180.000;0;0;2,50;2,50
20004002;ASSIETE A JETTER RAHA;PAQUET;9.000;0;0;0,10;0,10
80004100;ASSORTED LOLLIPOP ROYALE;SACHET;3.900;0;0;0;0
80004200;B.KAMCO LEIBNIZ;BOITE;5.000;0;0;2;2
20004300;BABY SEA CONFORT 5X32 N °4;PAQUET;24.000;0;0;3;3
20004301;BABY SEA CONFORT 5X32 N °4;BALLE;120.000;0;0;0,60;0,60
20004400;BABY SEA CONFORT 5X36 N °3;PAQUET;24.000;0;0;0;0
20004401;BABY SEA CONFORT 5X36 N °3;BALLE;120.000;0;0;0;0
90004500;BALAIRA VARY;SAC;30.000;0;0;0;0
20004600;BALANCE CHINE FORCE 100KG;PIECE;390.000;0;0;0;0
20004700;BALANCE DEBAKA 20KG;PIECE;89.000;0;0;0;0
20004800;BAOBA CITRON 50CL;BOUTEILLE;6.500;0;0;0;0
20004900;BAOBA MENTHE 50CL;BOUTEILLE;6.500;0;0;0;0
20005000;BAOBA ORANGE MANDARINE 50CL;BOUTEILLE;6.500;0;0;0;0
20005100;BAREA;SAC;113.000;0;0;0;0
100005200;BARRE CORRY GM;BARRE;4.000;0;0;0;0
100005201;BARRE CORRY GM;CARTON;33.000;0;0;0;0
20005300;BAUME KATRAFAY;PAQUET;7.000;0;0;10;10
20005400;Baume Ravintsara;PIECE;300;0;0;0;0
20005401;Baume Ravintsara;BALE;130.000;0;0;0;0
20005402;Baume Ravintsara;PAQUET;13.000;0;0;0;0
110005500;BBA;PIECE;5.000;0;0;0;0
110005501;BBA;PAQUET;30.500;0;0;0;0
120005600;Bebem pants culottes maxi 4x32 n°4;PAQUET;22.000;0;0;4;4
120005601;Bebem pants culottes maxi 4x32 n°4;BALLE;88.000;0;0;1;1
20005700;bebem twin junior 4X28 n°5;PAQUET;19.500;0;0;0;0
20005701;bebem twin junior 4X28 n°5;BALLE;78.000;0;0;0;0
20005800;BENNY;PIECE;350;0;0;280;280
20005801;BENNY;CARTON;105.000;0;0;35;35
20005802;BENNY;BOITE;13.500;0;0;0,83;0,83
20005900;BEURRE EVET;PIECE;0;0;0;0;0
20005901;BEURRE EVET;PIECE;2.800;0;0;0;0
20006000;BEURRE TEREMA 200G;PCE;2.800;0;0;0;0
50006100;BHOOT UNKLE;SACHET;12.000;0;0;6;6
20006200;BICUIT CHOCOLATE EN PIECE;PIECE;600;0;0;0;0
20006201;BICUIT CHOCOLATE EN PIECE;PAQUET;14.800;0;0;0;0
10006300;BIG BOY WAFER BISCUIT 40PCS;PIECES;500;0;0;192;192
10006301;BIG BOY WAFER BISCUIT 40PCS;BOCAL;15.000;0;0;4,80;4,80
80006400;BIG TOFFE HAPPY BIRTHBLASH;BOCAL;13.500;0;0;0;0
10006500;BIG TOFFEE BIRTHDAY TIME;BOCAL;13.500;0;0;8;8
80006600;BIG TOFFEE KEMLO MILK 200P*8BTE;BOCAL;14.000;0;0;5;5
130006700;BIGG POP GUM CARRE EN BOCAL*100PCS;BOCAL;12.000;0;0;10;10
130006701;BIGG POP GUM CARRE EN BOCAL*100PCS;CARTON;180.000;0;0;0,83;0,83
10006900;BIS'NICE 2 BISCUITS;SACHET;2.000;0;0;1;1
10006901;BIS'NICE 2 BISCUITS;CARTON;55.000;0;0;0,04;0,04
10007000;BIS'NICE 9 BISCUITS;SACHET;5.400;0;0;9;9
10007001;BIS'NICE 9 BISCUITS;CARTON;75.000;0;0;0,64;0,64
10006800;Bis marie;SACHET;2.300;0;0;0;0
10006801;Bis marie;CARTON;41.000;0;0;0;0
10007100;Biscuit 10 delice*12x8;SACHET;5.000;0;0;0;0
10007101;Biscuit 10 delice*12x8;CARTON;60.000;0;0;0;0
10007200;BISCUIT 18 DELICE;PQT;9.600;0;0;0;0
10007201;BISCUIT 18 DELICE;CARTON;48.000;0;0;0;0
10007300;BISCUIT 18 PETIT BEURRE;SACHET;16.500;0;0;15;15
10007301;BISCUIT 18 PETIT BEURRE;CARTON;65.500;0;0;3,75;3,75
10007400;Biscuit 18 petit lait;SACHET;16.500;0;0;59;59
10007401;Biscuit 18 petit lait;CARTON;65.500;0;0;14,75;14,75
10007500;BISCUIT 4X4 BE;PIECE;1.400;0;0;16;16
10007501;BISCUIT 4X4 BE;CARTON;27.000;0;0;0,89;0,89
20007600;BISCUIT 4X4 CHOCO BE;PAQUET;3.000;0;0;16;16
20007601;BISCUIT 4X4 CHOCO BE;CARTON;78.000;0;0;0,59;0,59
10007700;BISCUIT 4X4 CHOCO MIAM;SACHET;1.900;0;0;95;95
10007701;BISCUIT 4X4 CHOCO MIAM;CARTON;45.000;0;0;3,96;3,96
20007800;BISCUIT 4X4 GO;SACHET;2.000;0;0;0;0
20007801;BISCUIT 4X4 GO;CARTON;36.000;0;0;0;0
10007900;BISCUIT 4X4 KREM BANANA;SACHET;1.900;0;0;86;86
10007901;BISCUIT 4X4 KREM BANANA;CARTON;45.000;0;0;3,58;3,58
10008000;BISCUIT 4X4 KREM CITRON;SAHET;1.900;0;0;97;97
10008001;BISCUIT 4X4 KREM CITRON;CARTON;45.000;0;0;4,04;4,04
10008100;Biscuit 6 delice;SACHET;4.000;0;0;227;227
10008101;Biscuit 6 delice;CARTON;64.000;0;0;14,19;14,19
20008200;BISCUIT 6 PETIT BEURRE LAIT;SACHET;4.500;0;0;0;0
20008201;BISCUIT 6 PETIT BEURRE LAIT;CARTON;54.000;0;0;0;0
10008300;BISCUIT 77 CREAM CHOCO;PCS;1.300;0;0;0;0
10008301;BISCUIT 77 CREAM CHOCO;CARTON;180.000;0;0;0;0
10008302;BISCUIT 77 CREAM CHOCO;BTE;30.000;0;0;0;0
20008400;Biscuit bledor club cremica;PIECES;500;0;0;536;536
20008401;Biscuit bledor club cremica;PAQUET;3.500;0;0;67;67
20008402;Biscuit bledor club cremica;CARTON;84.000;0;0;2,79;2,79
10008500;BISCUIT CHOCO BICO 65G;PIECES;1.400;0;0;0;0
10008501;BISCUIT CHOCO BICO 65G;PACQUET;14.000;0;0;0;0
10008600;BISCUIT CHOCO CHAMP;BOITE;6.800;0;0;5;5
10008601;BISCUIT CHOCO CHAMP;PIECE;0;0;0;5;5
10008700;BISCUIT CHOCO GOF 12PCS*20;PQT;3.400;0;0;0;0
10008701;BISCUIT CHOCO GOF 12PCS*20;CARTON;68.000;0;0;0;0
10008800;BISCUIT CHOCO LOVE;BOITE;6.800;0;0;2;2
10008801;BISCUIT CHOCO LOVE;PIECE;0;0;0;2;2
20008900;BISCUIT COCONUT PM;SACHET;2.800;0;0;0;0
20008901;BISCUIT COCONUT PM;CARTON;28.000;0;0;0;0
10009000;BISCUIT CREAM CHEERS;SACHET;3.600;0;0;10;10
10009001;BISCUIT CREAM CHEERS;CARTON;36.000;0;0;1;1
20009100;BISCUIT CREAM DUEX;SACHET;1.900;0;0;0;0
20009101;BISCUIT CREAM DUEX;CARTON;28.500;0;0;0;0
10009200;BISCUIT CREAM FRESH JAI KADA;SACHET;4.900;0;0;0;0
10009201;BISCUIT CREAM FRESH JAI KADA;CARTON;49.000;0;0;0;0
10009300;BISCUIT CREAM LATA;SACHET;6.700;0;0;10;10
10009301;BISCUIT CREAM LATA;CARTON;33.500;0;0;2;2
80009400;Biscuit creamy voila;PIECE;1.500;0;0;0;0
80009401;Biscuit creamy voila;CARTON;0;0;0;0;0
10009500;Biscuit creme veto 82g;PCS;950;0;0;3;3
10009501;Biscuit creme veto 82g;CARTON;22.800;0;0;0,12;0,12
10009600;BISCUIT CREMELOCREMICA ASS 70G;SACHET;9.000;0;0;18;18
10009601;BISCUIT CREMELOCREMICA ASS 70G;CARTON;108.000;0;0;1,50;1,50
10009700;BISCUIT CREMO MIX 48PCS;PCS;1.800;0;0;0;0
10009701;BISCUIT CREMO MIX 48PCS;CARTON;86.400;0;0;0;0
10009800;BISCUIT CRUNCH COATED WAFER;BOITE;8.800;0;0;0;0
10009900;Biscuit Crunchy Wafer 75gx24;PIECES;3.000;0;0;0;0
10009901;Biscuit Crunchy Wafer 75gx24;CARTON;72.000;0;0;0;0
20010000;BISCUIT EN PIECE;PIECE;500;0;0;0;0
20010100;BISCUIT FAMILY VANILLE;SACHET;3.000;0;0;0;0
20010101;BISCUIT FAMILY VANILLE;CARTON;53.000;0;0;0;0
20010200;BISCUIT FARILAC;PAQUET;7.900;0;0;0;0
20010201;BISCUIT FARILAC;CARTON;47.000;0;0;0;0
20010300;BISCUIT FREGO POCKET ASS (PM);SACHET;2.800;0;0;39;39
20010301;BISCUIT FREGO POCKET ASS (PM);CARTON;64.000;0;0;1,77;1,77
20010400;BISCUIT GALETI CTN;SACHET;2.100;0;0;1;1
20010401;BISCUIT GALETI CTN;CARTON;37.000;0;0;0,06;0,06
10010500;BISCUIT GINGER;SACHET;2.200;0;0;1;1
10010501;BISCUIT GINGER;CARTON;33.000;0;0;0,07;0,07
20010600;BISCUIT GLUCOSE BE;SACHET;2.000;0;0;0;0
20010601;BISCUIT GLUCOSE BE;CARTON;47.000;0;0;0;0
20010700;BISCUIT GLUCOSE MILK FRESH;PAQUET;2.500;0;0;0;0
20010701;BISCUIT GLUCOSE MILK FRESH;CARTON;25.000;0;0;0;0
10010800;Biscuit glucose pm Anita (Ass);SACHET;1.900;0;0;0;0
10010801;Biscuit glucose pm Anita (Ass);CARTON;19.000;0;0;0;0
20010900;Biscuit glucose zaza botra;SACHET;2.800;0;0;0;0
20010901;Biscuit glucose zaza botra;CARTON;28.000;0;0;0;0
10011000;BISCUIT GLUCOSE ZAZA BOTRA EN PCS;PCS;300;0;0;0;0
10011100;BISCUIT HAPPY;SACHET;3.000;0;0;0;0
10011101;BISCUIT HAPPY;CARTON;45.000;0;0;0;0
10011200;BISCUIT HERO;PQT;1.000;0;0;324;324
10011201;BISCUIT HERO;CARTON;24.000;0;0;12,96;12,96
10011300;BISCUIT ITALIANO 77*P/24X6;PIECE;1.400;0;0;130;130
10011301;BISCUIT ITALIANO 77*P/24X6;CARTON;190.000;0;0;21,67;21,67
10011302;BISCUIT ITALIANO 77*P/24X6;PAQUET;27.700;0;0;0,90;0,90
10011400;Biscuit kit choco pm;SACHET;2.000;0;0;0;0
10011401;Biscuit kit choco pm;CARTON;30.000;0;0;0;0
20011500;BISCUIT KIT COCO CHOCO PM;SACHET;2.000;0;0;24;24
20011501;BISCUIT KIT COCO CHOCO PM;CARTON;30.000;0;0;1,60;1,60
10011600;BISCUIT KIT COCO GM;SACHET;2.000;0;0;0;0
10011601;BISCUIT KIT COCO GM;CARTON;30.000;0;0;0;0
10011700;Biscuit lexus crackers;BOITE;9.000;0;0;0;0
20011800;BISCUIT MAHABIBO;SACHET;2.100;0;0;1;1
20011801;BISCUIT MAHABIBO;CARTON;29.000;0;0;0,07;0,07
20011900;BISCUIT MAJOR;PIECE;3.400;0;0;6;6
20011901;BISCUIT MAJOR;CARTON;58.000;0;0;0,30;0,30
10012000;Biscuit malt'n milt energy;SACHET;2.400;0;0;0;0
10012001;Biscuit malt'n milt energy;CARTON;24.000;0;0;0;0
10012100;BISCUIT MARIA MAMMA MIA;UNITE;0;0;0;0;0
10012101;BISCUIT MARIA MAMMA MIA;SACHET;4.200;0;0;0;0
10012102;BISCUIT MARIA MAMMA MIA;CARTON;50.000;0;0;0;0
10012200;BISCUIT MARIE;SACHET;4.900;0;0;0;0
10012201;BISCUIT MARIE;CARTON;48.000;0;0;0;0
10012300;BISCUIT MARIE CLASSIC 9.5G;SACHET;6.000;0;0;0;0
10012301;BISCUIT MARIE CLASSIC 9.5G;CARTON;120.000;0;0;0;0
20012400;BISCUIT MARIE LONDON;PAQUET;8.000;0;0;0;0
20012401;BISCUIT MARIE LONDON;CARTON;32.000;0;0;0;0
20012500;Biscuit marie pm;SACHET;2.400;0;0;0;0
20012501;Biscuit marie pm;CARTON;24.000;0;0;0;0
20012600;BISCUIT MARIE SPECIAL;SACHET;4.000;0;0;0;0
20012700;BISCUIT MARIE SPECIAL OLD;SACHET;4.000;0;0;0;0
20012701;BISCUIT MARIE SPECIAL OLD;CARTON;40.000;0;0;0;0
10012800;BISCUIT MIAM PM;SACHET;2.800;0;0;209;209
10012801;BISCUIT MIAM PM;CARTON;42.000;0;0;13,93;13,93
20012900;BISCUIT MILAY BE CHOCO-FROMAGE 45PCS;SACHET;8.500;0;0;4;4
10013000;BISCUIT MINI CREAM COOCKIES;SACHET;4.000;0;0;0;0
10013001;BISCUIT MINI CREAM COOCKIES;CARTON;40.000;0;0;0;0
20013100;BISCUIT NICE BLEU GM;SACHET;2.800;0;0;1;1
20013101;BISCUIT NICE BLEU GM;CARTON;28.000;0;0;0,10;0,10
20013200;BISCUIT NICE BLEU PM;SACHET;2.400;0;0;0;0
20013201;BISCUIT NICE BLEU PM;CARTON;24.000;0;0;0;0
10013300;BISCUIT NOOR'S WAFER ASS 7G;BOITE;9.500;0;0;4;4
10013400;BISCUIT NOOR'S WAFER ASS EN PCS;PIECE;200;0;0;58;58
10013500;BISCUIT RAMA CREAMZ MIX 48PCS;PIECE;1.900;0;0;26;26
10013501;BISCUIT RAMA CREAMZ MIX 48PCS;CARTON;88.000;0;0;0,54;0,54
10013600;BISCUIT ROCKERS SPARK HITRICK;BOCAL;16.000;0;0;0;0
10013601;BISCUIT ROCKERS SPARK HITRICK;CARTON;256.000;0;0;0;0
10013700;Biscuit Ronaldo;PIECE;1.400;0;0;0;0
10013701;Biscuit Ronaldo;CARTON;33.600;0;0;0;0
20013800;BISCUIT SAIDA WAFER;PIECE;1.600;0;0;0;0
20013900;BISCUIT SAIDA WAFERZ;CARTON;44.000;0;0;0;0
20014000;BISCUIT SALTO 15 GM;SACHET;7.500;0;0;16;16
20014001;BISCUIT SALTO 15 GM;CARTON;52.000;0;0;2,29;2,29
20014100;BISCUIT SALTO 6 PM;PAQUET;3.700;0;0;67;67
20014101;BISCUIT SALTO 6 PM;CARTON;66.000;0;0;3,72;3,72
10014200;Biscuit smily creamz;SACHET;4.500;0;0;0;0
10014201;Biscuit smily creamz;CARTON;45.000;0;0;0;0
20014300;BISCUIT SUPER CHOCO;SACHET;0;0;0;0;0
20014400;BISCUIT SUPER COCO;SACHET;850;0;0;4;4
20014401;BISCUIT SUPER COCO;CARTON;36.000;0;0;0,10;0,10
10014500;BISCUIT SUPER KREAMO MIX 48PCS;PIECE;2.200;0;0;20;20
10014501;BISCUIT SUPER KREAMO MIX 48PCS;CARTON;105.600;0;0;0,42;0,42
20014600;BISCUIT SUPER MARIE BE;SACHET;7.000;0;0;1;1
20014601;BISCUIT SUPER MARIE BE;CARTON;70.000;0;0;0,10;0,10
20014700;BISCUIT SUPER MARIE NEW;SACHET;6.500;0;0;0;0
10014800;BISCUIT WAFER KISSKAT 14G;BOITE;13.500;0;0;4;4
10014900;BISCUIT XL 77;PCS;1.300;0;0;0;0
10014901;BISCUIT XL 77;CARTON;180.000;0;0;0;0
10014902;BISCUIT XL 77;BOITE;30.000;0;0;0;0
20015000;BISCUIT YUM YUM;PIECE;2.000;0;0;0;0
20015001;BISCUIT YUM YUM;CARTON;48.000;0;0;0;0
10015100;BiscuitCrunchyWafer 75g;PIECE;3.000;0;0;0;0
10015101;BiscuitCrunchyWafer 75g;CARTON;72.000;0;0;0;0
20015200;BISCUITS BOLO KIDS;SACHET;3.900;0;0;18;18
20015201;BISCUITS BOLO KIDS;CARTON;93.600;0;0;0,75;0,75
20015300;BISKY UP;SACHET;1.900;0;0;0;0
20015301;BISKY UP;CARTON;29.000;0;0;0;0
20015400;Black hair;PIECE;500;0;0;1;1
20015401;Black hair;BOITE;5.000;0;0;0,10;0,10
20015402;Black hair;CARTON;420.000;0;0;0,00;0,00
20015500;Black rose;PAQUET;3.900;0;0;37;37
20015501;Black rose;BOITE;30.000;0;0;3,70;3,70
20015600;Bledilait croissance n°3 900g;BOITE;59.000;0;0;0;0
20015700;Bledilait junior 800g;BOITE;49.500;0;0;0;0
20015800;BLEU D'AZUR (boite);BOITE;2.800;0;0;55;55
20015801;BLEU D'AZUR (boite);CARTON;67.000;0;0;2,29;2,29
20015900;BLEU D'AZUR EN SACHET;SACHET;1.500;0;0;0;0
20016000;BOISSON;PIECE;2.000;0;0;0;0
20016001;BOISSON;PAQUET;0;0;0;0;0
20016100;BOISSON BIG ANANAS GM;PIECE;5.500;0;0;0;0
20016101;BOISSON BIG ANANAS GM;PAQUET;29.000;0;0;0;0
20016200;BOISSON BIG COLA 2L;PIECE;5.000;0;0;0;0
20016201;BOISSON BIG COLA 2L;PAQUET;30.000;0;0;0;0
20016300;BOISSON BIG ORANGE GM;PIECE;5.000;0;0;0;0
20016301;BOISSON BIG ORANGE GM;PAQUET;29.000;0;0;0;0
20016400;BOISSON BIG PM ANANAS;PIECE;2.000;0;0;0;0
20016401;BOISSON BIG PM ANANAS;PAQUET;17.000;0;0;0;0
20016500;BOISSON BIG PM ORANGE;PAQUET;20.000;0;0;0;0
20016600;BOISSON DJINO COLA 125cl;PIECE;4.500;0;0;0;0
20016601;BOISSON DJINO COLA 125cl;PAQUET;25.000;0;0;0;0
20016700;BOISSON DJINO COLA 35CL;PAQUET;20.000;0;0;0;0
20016800;BOISSON DJINO limonade 35cl;PAQUET;20.000;0;0;0;0
20016900;BOISSON DJINO ORANGE 35 CL PM;PAQUET;20.000;0;0;0;0
20017000;BOISSON DJINO TROPICAL 125cl;PIECE;4.500;0;0;0;0
20017001;BOISSON DJINO TROPICAL 125cl;PAQUET;26.000;0;0;0;0
20017100;boisson gm 1.5 l;PIECE;5.000;0;0;0;0
20017101;boisson gm 1.5 l;PAQUET;28.000;0;0;0;0
110017200;Boisson gm en pieces;PIECE;5.000;0;0;0;0
110017300;Boisson mifangaro 1.5L;PACQUET;32.000;0;0;0;0
20017400;BOISSON moyenne 0.50 L;PIECE;2.000;0;0;0;0
20017401;BOISSON moyenne 0.50 L;PAQUET;23.000;0;0;0;0
20017500;BOISSON PM;PIECE;2.800;0;0;1;1
20017501;BOISSON PM;PAQUET;22.000;0;0;0,08;0,08
20017600;BOISSON PM 35 CL;PIECE;2.000;0;0;1;1
20017601;BOISSON PM 35 CL;PAQUET;19.500;0;0;0,08;0,08
110017700;BOISSON XXL 35 CL EN PIECE;PIECE;3.000;0;0;0;0
10017800;Bolo coeur;SACHET;1.200;0;0;88;88
10017801;Bolo coeur;CARTON;43.200;0;0;2,44;2,44
10017900;BOLO DONUT;SACHET;2.100;0;0;23;23
10017901;BOLO DONUT;CARTON;33.000;0;0;1,44;1,44
10018000;BOLO DUO;SACHET;2.800;0;0;0;0
10018001;BOLO DUO;CARTON;67.000;0;0;0;0
20018100;BOLO EN PIECE;PIECE;300;0;0;0;0
20018200;BOLO ZOOM;PAQUET;3.700;0;0;137;137
20018201;BOLO ZOOM;CARTON;88.000;0;0;5,71;5,71
80018300;BOMBON HOPPIN;BOCAL;17.000;0;0;0;0
80018400;BONBON AMBIC JAMMY FRUIT 100PCS;BOCAL;15.000;0;0;5;5
80018500;BONBON AMBIC KOFFITO BOCAL 205PCS;BOCAL;13.000;0;0;5;5
80018600;BONBON AMBIC KOFFITO EN SHT 100PCS;SACHET;5.500;0;0;5;5
50018700;BONBON ANGLAIS;PIECE;5.000;0;0;0;0
50018701;BONBON ANGLAIS;PAQUET;27.000;0;0;0;0
80018800;BONBON ASSORTED CARAMEL EN SACHET;SACHET;4.600;0;0;1;1
80018900;Bonbon assorted en sachet;SACHET;3.000;0;0;0;0
80018901;Bonbon assorted en sachet;CARTON;60.000;0;0;0;0
20019000;Bonbon assorted ju-c;BOCAL;12.000;0;0;0;0
80019100;BONBON BIG TIME RICH;PIECES;450;0;0;36;36
80019101;BONBON BIG TIME RICH;BOITE';15.000;0;0;1;1
20019200;BONBON BIZOU COEUR TONGUE;SACHET;3.500;0;0;0;0
20019201;BONBON BIZOU COEUR TONGUE;CARTON;0;0;0;0;0
80019300;BONBON BUBLE GUM PHASTILLIA;SACHET;3.800;0;0;0;0
80019400;Bonbon caffee;SACHET;3.800;0;0;8;8
80019500;BONBON CAR POP TONGUE PAINTER 5G;SACHET;3.500;0;0;10;10
80019600;Bonbon choco gold coin;BOCAL;12.000;0;0;0;0
80019700;BONBON CHOCO MINT 2.0;SACHET;2.200;0;0;0;0
10019800;BONBON CHOCO MOBILE BOCAL;PIESE;200;0;0;0;0
10019801;BONBON CHOCO MOBILE BOCAL;BOCAL;25.000;0;0;0;0
20019900;BONBON COEUR KIDY;SACHET;5.900;0;0;0;0
20019901;BONBON COEUR KIDY;CARTON;0;0;0;0;0
80020000;BONBON COLA COLA LOLLIPOP;SACHET;2.500;0;0;0;0
20020100;BONBON COOKIES BE;SACHET;15.500;0;0;0;0
80020200;BONBON CRAYON BIG TOFFINGER FRUITLAND EN BOCAL;BOCAL;13.500;0;0;3;3
80020300;BONBON DOLLY LOLLY CHOCO;SACHET;3.900;0;0;0;0
20020400;BONBON ECLAIRE POP;SACHET;8.500;0;0;12;12
20020500;BONBON EN PIECE;PIECE;100;0;0;0;0
20020600;Bonbon Erlan;SACHET;0;0;0;0;0
20020601;Bonbon Erlan;SACHET;6.500;0;0;0;0
20020602;Bonbon Erlan;CARTON;140.000;0;0;0;0
20020700;BONBON FLAMINGO;SACHET;15.500;0;0;0;0
80020800;Bonbon freshynes;SACHET;3.200;0;0;6;6
80020900;Bonbon fruit chew toffee bocal;PCS;200;0;0;0;0
80020901;Bonbon fruit chew toffee bocal;BOCAL;17.000;0;0;0;0
80021000;Bonbon fruit chewy 600g;SACHET;11.500;0;0;0;0
80021100;BONBON FRUIT CRUSH VETO ASS 2.65G;BOCAL;13.000;0;0;2;2
80021200;Bonbon fruit flash toffee bocal;PCS;200;0;0;0;0
80021201;Bonbon fruit flash toffee bocal;BOCAL;17.000;0;0;0;0
80021300;Bonbon fruit slice orange;PCS;0;0;0;0;0
80021301;Bonbon fruit slice orange;CARTON;140.000;0;0;0;0
80021302;Bonbon fruit slice orange;SACHET;12.000;0;0;0;0
80021400;BONBON FRUTO FILS;PCS;50;0;0;0;0
80021401;BONBON FRUTO FILS;CARTON;15.000;0;0;0;0
80021402;BONBON FRUTO FILS;SACHET;5.000;0;0;0;0
80021500;BONBON FRUTTA POP LOLLIPOP VETO;SACHET;4.900;0;0;8;8
20021600;BONBON GLASS;SACHET;5.000;0;0;0;0
20021601;BONBON GLASS;CARTON;100.000;0;0;0;0
80021700;Bonbon gold 555 toffee bocal;PCS;200;0;0;0;0
80021701;Bonbon gold 555 toffee bocal;BOCAL;17.000;0;0;0;0
20021800;BONBON GOLDEN COIN CAR EN PIECE;PIECE;200;0;0;0;0
80021900;bonbon huili toy candy;BOITE;14.000;0;0;0;0
20022000;BONBON HUILI TOY CANDY EN PCS;PCS;500;0;0;0;0
80022100;BONBON JOK BE+5;SACHET;4.900;0;0;6;6
20022200;bonbon Jok soda cola;SACHET;2.500;0;0;160;160
20022201;bonbon Jok soda cola;SAC;200.000;0;0;2;2
80022300;BONBON KAMCO ELENOR;BOITE;7.000;0;0;0;0
80022400;BONBON KEMLO CARAMILK EN BOCAL BLANC;BOCAL;15.000;0;0;4;4
80022500;BONBON KEMLO FRUIT PUNCH EN BOCAL;BOCAL;15.000;0;0;0;0
80022600;BONBON KEMLO MY BIRTHDAY EN BOCAL;BOCAL;15.000;0;0;5;5
80022700;BONBON KIDS DOUBLE TRUFFLE ASS EN BOCAL*8PCS;BOCAL;15.000;0;0;12;12
80022701;BONBON KIDS DOUBLE TRUFFLE ASS EN BOCAL*8PCS;CARTON;128.000;0;0;1,50;1,50
80022800;BONBON KIDS JOY 65PCS;PIECES;400;0;0;0;0
80022801;BONBON KIDS JOY 65PCS;BOCAL;25.000;0;0;0;0
80022900;BONBON KOFFICO;BCL;12.000;0;0;0;0
20023000;BONBON LOVE CHOCO BOCAL 100PCS;BOCAL;14.500;0;0;0;0
80023100;BONBON MILK DOUBLE DECKER KOFFRE;SACHET;4.000;0;0;0;0
50023200;BONBON MILK LOLLIPOP NECTAR PM;SACHET;2.700;0;0;2;2
50023201;BONBON MILK LOLLIPOP NECTAR PM;CARTON;54.000;0;0;0,10;0,10
80023300;Bonbon milkiz vaovao;SACHET;3.800;0;0;1;1
80023301;Bonbon milkiz vaovao;CARTON;76.000;0;0;0,04;0,04
20023400;Bonbon milky cow veto;SACHET;9.500;0;0;0;0
20023500;BONBON MOM BIG POP 8G;BOCAL;12.400;0;0;3;3
80023600;BONBON MY DOLL RICH;PIECES;500;0;0;31;31
80023601;BONBON MY DOLL RICH;BOITE;15.000;0;0;0,86;0,86
80023700;BONBON NYRA MY MILK MITHAI;BOITE;8.500;0;0;4;4
50023800;BONBON NYRA MY MILK RABRI;BOCAL;9.000;0;0;3;3
80023900;BONBON NYRA TWINS;BOCAL;15.000;0;0;1;1
20024000;BONBON OPERA;SACHET;4.500;0;0;2;2
80024100;Bonbon party bomb toffee bocal;PCS;200;0;0;0;0
80024101;Bonbon party bomb toffee bocal;BOCAL;17.000;0;0;0;0
80024200;BONBON PM EN PCS;PCS;100;0;0;0;0
80024300;Bonbon premium candy;BOITE;28.000;0;0;0;0
80024301;Bonbon premium candy;CARTON;168.000;0;0;0;0
80024400;Bonbon Premium candy @ sachet;SACHET;3.400;0;0;0;0
80024500;BONBON PREMIUM CANDY EN PCS;PIECES;100;0;0;0;0
80024600;Bonbon Premium tamarino;SACHET;3.900;0;0;0;0
80024601;Bonbon Premium tamarino;CARTON;78.000;0;0;0;0
20024700;Bonbon Racing car;PIECE;200;0;0;0;0
20024701;Bonbon Racing car;SACHET;9.000;0;0;0;0
80024800;Bonbon racing car bocal;BOCAL;15.000;0;0;0;0
80024900;BONBON RAINBOW DRY FIGS;SACHET;12.000;0;0;0;0
20025000;Bonbon ring lollipop;PIECE;300;0;0;6;6
20025001;Bonbon ring lollipop;BOCAL;25.700;0;0;0,05;0,05
20025100;BONBON SIFFLET CHUPITO 50*20;SACHET;3.500;0;0;31;31
20025101;BONBON SIFFLET CHUPITO 50*20;CARTON;70.000;0;0;1,55;1,55
20025200;BONBON SIMON CANDY GIG FRUIT;SACHET;9.000;0;0;0;0
20025300;BONBON SIMON DUE;SACHET;9.000;0;0;0;0
80025400;Bonbon speed racing;BOITE;13.000;0;0;0;0
20025500;BONBON SPRING FINGER;SACHET;9.500;0;0;0;0
80025600;BONBON SPRINT LOLLIPOP;SACHET;2.500;0;0;0;0
80025700;Bonbon star fan (helice);PIECE;400;0;0;252;252
80025701;Bonbon star fan (helice);SACHET;17.000;0;0;5,04;5,04
20025800;BONBON SUCETTE COLOMBINA PM;SACHET;16.000;0;0;0;0
20025801;BONBON SUCETTE COLOMBINA PM;CARTON;184.000;0;0;0;0
20025900;BONBON SUCETTE FRUIT LOLLIPOP;SACHET;3.000;0;0;0;0
20025901;BONBON SUCETTE FRUIT LOLLIPOP;SAC;50.000;0;0;0;0
20026000;Bonbon Sucette kely milk lollipop;SACHET;2.500;0;0;0;0
20026001;Bonbon Sucette kely milk lollipop;CARTON;50.000;0;0;0;0
20026100;BONBON SUCETTE MILK LOLIPOP;SACHET;3.000;0;0;0;0
20026200;BONBON SUCETTE PM;SACHET;1.600;0;0;6;6
80026300;Bonbon sucette pm choco caramel;SACHET;2.500;0;0;0;0
80026400;Bonbon sucette pm choco vanilla;SACHET;2.500;0;0;0;0
80026500;Bonbon sucette pm cola;SACHET;2.500;0;0;0;0
80026600;BONBON SUCETTE ROZE POP;SACHET;9.000;0;0;2;2
20026700;BONBON SUCETTE YOGURT LOLLIPOP;SACHET;3.000;0;0;0;0
80026800;Bonbon supa filled;SACHET;4.000;0;0;0;0
80026801;Bonbon supa filled;CARTON;80.000;0;0;0;0
80026900;BONBON SUPER MILK CANDY;SACHET;2.900;0;0;0;0
80026901;BONBON SUPER MILK CANDY;CARTON;58.000;0;0;0;0
10027000;Bonbon sweet cup choco bocal;PCS;150;0;0;100;100
10027001;Bonbon sweet cup choco bocal;BOCAL;13.000;0;0;1;1
80027100;BONBON SWITCH POP;SACHET;3.400;0;0;0;0
20027200;BONBON TAMARIN PM;SHT;2.500;0;0;0;0
20027201;BONBON TAMARIN PM;CRT;0;0;0;0;0
80027300;BONBON TAMARIND CONE POP;SACHET;7.000;0;0;4;4
80027400;Bonbon tennis bubble gum bocal;BOCAL;12.000;0;0;0;0
80027401;Bonbon tennis bubble gum bocal;CARTON;144.000;0;0;0;0
80027500;BONBON TENNIS GUM JOLLY BOY BOCAL*115PCS;BOCAL;12.000;0;0;5;5
80027600;Bonbon Tik tok gun vito;SACHET;9.900;0;0;1;1
20027700;BONBON TONGUE LOLLIPOP;SACHET;3.000;0;0;0;0
20027701;BONBON TONGUE LOLLIPOP;CARTON;0;0;0;0;0
20027800;bonbon tongue mix fruit;SACHET;4.000;0;0;0;0
20027801;bonbon tongue mix fruit;CARTON;99.000;0;0;0;0
80027900;Bonbon top mint candy;SACHET;5.100;0;0;0;0
80028000;Bonbon toy candy (basy);PIECE;500;0;0;1;1
80028001;Bonbon toy candy (basy);BOITE;12.000;0;0;0,03;0,03
80028100;BONBON TUTI SUCETTE;SACHET;4.500;0;0;5;5
80028200;BONBON VINTAGE TRUFF CHOCO 1KG;SACHET;14.000;0;0;5;5
20028300;BONBON YOLO POP;SACHET;9.500;0;0;0;0
20028400;BONITA;BOITE;0;0;0;0;0
20028500;BONITA /CIKIDAY / BONITA COCO;PAQUET;0;0;0;0;0
20028501;BONITA /CIKIDAY / BONITA COCO;PAQUET;0;0;0;0;0
20028502;BONITA /CIKIDAY / BONITA COCO;PAQUET;12.000;0;0;0;0
20028600;BONITA CHOCOLATE;BOITE;12.000;0;0;0;0
140028700;BOUGIE 3 ETOILE;PAQUET;3.900;0;0;68;68
140028701;BOUGIE 3 ETOILE;CARTON;195.000;0;0;1,36;1,36
20028800;BOUGIE ANITA;PAQUET;3.300;0;0;6;6
20028801;BOUGIE ANITA;CARTON;165.000;0;0;0,12;0,12
20028900;BOUGIE BALIAKA;PAQUET;3.200;0;0;0;0
20028901;BOUGIE BALIAKA;CARTON;120.000;0;0;0;0
20029000;BOUGIE CLASSIC GM;PAQUET;3.500;0;0;0;0
20029001;BOUGIE CLASSIC GM;CARTON;139.000;0;0;0;0
20029100;BOUGIE GOLDEN GM;PAQUET;3.900;0;0;6;6
20029101;BOUGIE GOLDEN GM;CARTON;156.000;0;0;0,15;0,15
140029200;BOUGIE LENA GM;PAQUET;3.700;0;0;2;2
140029201;BOUGIE LENA GM;CARTON;185.000;0;0;0,04;0,04
20029300;BOUGIE MATEZA;PAQUET;3.500;0;0;2;2
20029301;BOUGIE MATEZA;CARTON;105.000;0;0;0,07;0,07
20029400;BOUGIE MOYEN;PIECE;0;0;0;0;0
20029401;BOUGIE MOYEN;PACQUET;2.400;0;0;0;0
20029402;BOUGIE MOYEN;CARTON;119.000;0;0;0;0
20029500;BOUGIE MOYENNE GEFCO;PAQUET;2.600;0;0;0;0
140029600;Bougie nitro gm;PAQUET;3.500;0;0;1;1
140029601;Bougie nitro gm;CARTON;175.000;0;0;0,02;0,02
20029700;BOUGIE NITRO PM;PAQUET;2.400;0;0;0;0
20029701;BOUGIE NITRO PM;CARTON;120.000;0;0;0;0
140029800;BOUGIE PM;PACQUET;1.000;0;0;0;0
140029801;BOUGIE PM;CARTON;80.000;0;0;0;0
20029900;Bracelet jump candy 9g;BOITE;12.500;0;0;0;0
20030000;BRICQUET YES;PIECE;600;0;0;2.509;2.509
20030001;BRICQUET YES;CARTON;510.000;0;0;125,45;125,45
20030002;BRICQUET YES;BOITE;26.000;0;0;2,51;2,51
20030100;Brillant ring candy;PAQUET;11.000;0;0;5;5
20030200;BRIQUET;BOITE;0;0;0;0;0
20030201;BRIQUET;CARTON;0;0;0;0;0
20030300;BRIQUET BAREA;BOITE;17.000;0;0;0;0
20030400;BRIQUET BIG STAR;PIECES;0;0;0;0;0
20030401;BRIQUET BIG STAR;PAQUET;1.800;0;0;0;0
20030402;BRIQUET BIG STAR;CARTON;360.000;0;0;0;0
20030500;BRIQUET GALAXY;PCS;6.000;0;0;16;16
20030501;BRIQUET GALAXY;BOITE;72.000;0;0;1,33;1,33
20030600;BRIQUET NITRO LED*50;BOITE;32.000;0;0;3;3
20030700;BRIQUET NITRO LED*50 EN PCS;PIECE;700;0;0;45;45
20030800;BRIQUET OUI;BOITE;19.000;0;0;11;11
20030801;BRIQUET OUI;CARTON;380.000;0;0;0,55;0,55
20030900;BRIQUET OUI EN PIECE;PIECE;500;0;0;0;0
20031000;BRIQUET STAR;BOITE;19.000;0;0;0;0
20031100;Briquet voila;BOITE;18.000;0;0;24;24
20031101;Briquet voila;CARTON;360.000;0;0;1,20;1,20
20031200;BROSSE A DENT CARONA;PAQUET;5.900;0;0;0;0
20031300;Brosse a dent ciptadent;PIECE;2.200;0;0;68;68
20031301;Brosse a dent ciptadent;CARTON;150.000;0;0;11,33;11,33
20031302;Brosse a dent ciptadent;BOITE;25.000;0;0;0,94;0,94
20031400;BROSSE A DENT COLGATE;PIECE;1.300;0;0;0;0
20031401;BROSSE A DENT COLGATE;PACQUET;15.000;0;0;0;0
20031500;BROSSE A DENT CYPTADENT;PIECE;1.900;0;0;0;0
20031501;BROSSE A DENT CYPTADENT;CARTON;132.000;0;0;0;0
20031502;BROSSE A DENT CYPTADENT;BOITE;22.000;0;0;0;0
20031600;BROSSE A DENT DR FUNGOS;PAQUET;5.500;0;0;0;0
20031700;BROSSE A DENT DR JOY FINNEST;PAQUET;4.500;0;0;8;8
20031800;BROSSE A DENT WHITE DOCTOR;PQT;5.000;0;0;0;0
20031900;BROSSE DENT ANITA;PQT;5.500;0;0;0;0
20032000;BROSSE DENT CIPTADENT;BOITE;23.000;0;0;0;0
20032001;BROSSE DENT CIPTADENT;CARTON;138.000;0;0;0;0
110032100;BROX COLA CANETTE 250L;PIECES;2.000;0;0;59;59
110032101;BROX COLA CANETTE 250L;PAQUET;48.000;0;0;2,46;2,46
110032200;BROX ENERGY CANETTE 250L;PIECES;2.000;0;0;11;11
110032201;BROX ENERGY CANETTE 250L;PAQUET;48.000;0;0;0,46;0,46
110032300;BROX ORANGE CANETTE 250ML;PIECE;2.000;0;0;0;0
110032301;BROX ORANGE CANETTE 250ML;PAQUET;48.000;0;0;0;0
20032400;Bubble sourd animal en pcs;PIECES;1.500;0;0;0;0
20032401;Bubble sourd animal en pcs;BOITE;36.000;0;0;0;0
20032500;Bubble stick;PIECES;0;0;0;0;0
20032501;Bubble stick;BOITE;7.000;0;0;0;0
80032600;BUBBLE SWORD (ANIMAL);BOITE;36.000;0;0;0;0
20032700;Buble circle;PIECE;200;0;0;0;0
20032701;Buble circle;BOITE;11.000;0;0;0;0
80032800;BUBLE CIRCLE EN PIECE;PIECE;200;0;0;0;0
20032900;BUTERFULY BONBON PAPILLON;SACHET;5.800;0;0;0;0
20033000;Cafe capuccino Lemser;PCS;600;0;0;0;0
20033001;Cafe capuccino Lemser;SACHET;11.000;0;0;0;0
20033100;Cafe Tsy lefy 20g;PCS;600;0;0;4;4
20033101;Cafe Tsy lefy 20g;SACHET;15.000;0;0;0,13;0,13
20033102;Cafe Tsy lefy 20g;CARTON;450.000;0;0;0,00;0,00
20033200;Cafe Tsy lefy 30g;PCS;800;0;0;0;0
20033201;Cafe Tsy lefy 30g;SACHET;0;0;0;0;0
20033202;Cafe Tsy lefy 30g;SACHET;14.500;0;0;0;0
20033203;Cafe Tsy lefy 30g;CARTON;435.000;0;0;0;0
20033300;CAFE TSY LEFY20G;SACHET;15.000;0;0;0;0
20033400;Cahier 100p super;PACK;11.000;0;0;0;0
20033401;Cahier 100p super;CARTON;259.000;0;0;0;0
20033500;CAHIER 100PAGES PF EN PIECE;PIECE;1.500;0;0;0;0
20033501;CAHIER 100PAGES PF EN PIECE;PAQUET;15.000;0;0;0;0
20033600;CAHIER 200P SUPER TOPS;PAQUET;7.000;0;0;0;0
20033700;CAHIER 200PAGES EN PIECE;PIECE;3.000;0;0;0;0
20033701;CAHIER 200PAGES EN PIECE;PAQUET;12.500;0;0;0;0
150033800;CAHIER 200PAGES PF EN PIECE;PCS;0;0;0;0;0
20033900;CAHIER 50PAGES PF EN PIECE;PIECE;1.000;0;0;0;0
20033901;CAHIER 50PAGES PF EN PIECE;PAQUET;13.000;0;0;0;0
20034000;CAHIER CALIGRAPHE 100p;PAQUET;15.000;0;0;0;0
20034100;CAHIER CHAMPION 100P;PAQUET;14.000;0;0;0;0
20034200;CAHIER CHAMPION 200P;PAQUET;14.000;0;0;0;0
20034201;CAHIER CHAMPION 200P;CARTON;279.000;0;0;0;0
20034300;CAHIER CLASSINI;PIECE;1.300;0;0;0;0
20034301;CAHIER CLASSINI;PACQUET;11.000;0;0;0;0
20034302;CAHIER CLASSINI;CARTON;220.000;0;0;0;0
20034400;CAHIER DESSIN LAUREAT REF 100;PAQUET;17.000;0;0;0;0
150034500;Cahier dessin premier plus;PIECES;0;0;0;0;0
150034501;Cahier dessin premier plus;PAQUET;0;0;0;0;0
20034600;CAHIER DIGITAL 200P;PAQUET;10.000;0;0;0;0
150034700;Cahier digital 50P*16;PAQUET;15.000;0;0;0;0
150034701;Cahier digital 50P*16;CARTON;240.000;0;0;0;0
150034800;CAHIER ECOLAIRE 48P;PQT;14.000;0;0;0;0
20034900;CAHIER ECRITURE LAUREAT;PAQUET;17.000;0;0;0;0
20035000;CAHIER ECRITURE SUPER LOURD'S;PAQUET;0;0;0;0;0
20035001;CAHIER ECRITURE SUPER LOURD'S;PAQUET;13.000;0;0;0;0
20035100;CAHIER ELITE 100P;PAQUET;9.000;0;0;0;0
20035200;CAHIER ELITE 50 PGS;PACK;8.500;0;0;0;0
20035300;CAHIER FRANCE 100p;PAQUET;9.500;0;0;0;0
20035400;CAHIER HERCUL 50 PG;PACK;12.000;0;0;0;0
20035500;CAHIER LE BOSSEUR 100P;PAQUET;12.000;0;0;8;8
20035501;CAHIER LE BOSSEUR 100P;CARTON;240.000;0;0;0,40;0,40
20035600;CAHIER LE BOSSEUR 200P;PAQUET;12.000;0;0;5;5
20035601;CAHIER LE BOSSEUR 200P;CARTON;240.000;0;0;0,25;0,25
20035700;CAHIER NITRO 100P;PAQUET;11.500;0;0;0;0
20035800;CAHIER NITROLINE 100P PF;PAQUET;12.000;0;0;0;0
20035900;CAHIER NITROLINE 200p PF;PAQUET;12.000;0;0;0;0
20035901;CAHIER NITROLINE 200p PF;CARTON;240.000;0;0;0;0
20036000;CAHIER NITROLINE 50P PF;PAQUET;13.000;0;0;0;0
20036100;CAHIER SCOLAIRE 100p (MIKOLO MASO);PAQUET;14.000;0;0;0;0
20036200;CAHIER SUPER 200P;PACK;13.000;0;0;0;0
150036400;CAHIER SUPER LORD'S 100 PAGE;PCS;1.300;0;0;70;70
150036401;CAHIER SUPER LORD'S 100 PAGE;PAQUET;13.000;0;0;7;7
150036402;CAHIER SUPER LORD'S 100 PAGE;CARTON;259.000;0;0;0,35;0,35
150036500;CAHIER SUPER LORD'S 200 PAGE;PCS;2.600;0;0;20;20
150036501;CAHIER SUPER LORD'S 200 PAGE;PAQUET;13.000;0;0;4;4
150036502;CAHIER SUPER LORD'S 200 PAGE;CARTON;259.000;0;0;0,20;0,20
150036600;Cahier Super lord's 50 page;PAQUET;14.000;0;0;4;4
20036300;CAHIER SUPER LORD 50GS EN PIECE;PIECE;800;0;0;0;0
20036700;Cahier super tops 50p pf;PAQUET;13.000;0;0;0;0
150036800;CAHIER TRIUMPH 100P GRAND FORMAT EN PIECES;PIECE;3.000;0;0;2;2
20036900;CAHIER TRIUMPH 200P GRAND FORMAT EN PIECES;PIECE;6.000;0;0;0;0
20036901;CAHIER TRIUMPH 200P GRAND FORMAT EN PIECES;PAQUET;30.000;0;0;0;0
150037000;CAHIER TRIUMPH DESIGN 100P PF;PAQUET;17.000;0;0;8;8
150037001;CAHIER TRIUMPH DESIGN 100P PF;CARTON;340.000;0;0;0,40;0,40
150037100;CAHIER TRIUMPH DESIGN 200P PF;PAQUET;17.000;0;0;4;4
150037101;CAHIER TRIUMPH DESIGN 200P PF;CARTON;340.000;0;0;0,20;0,20
150037200;CAHIER TRIUMPH MOZAIC 100P GF;PCS;3.000;0;0;18;18
150037201;CAHIER TRIUMPH MOZAIC 100P GF;PQT;17.000;0;0;3;3
20037300;CAHIER TRIUMPH PLASTIC 100pGF;PAQUET;19.000;0;0;0;0
20037400;CAHIER TRIUMPH PLASTIC 200p EN PIECE;PIECE;3.000;0;0;0;0
20037500;CAHIER TRIUMPH PLASTIC 200pPF;PAQUET;17.000;0;0;0;0
20037600;CAHIER TRIUMPH PLASTIQUE 100P GF;PACK;23.000;0;0;1;1
20037601;CAHIER TRIUMPH PLASTIQUE 100P GF;CARTON;368.000;0;0;0,06;0,06
20037700;CAHIER TRIUMPH PLASTIQUE 100P PF;PACK;18.000;0;0;5;5
20037701;CAHIER TRIUMPH PLASTIQUE 100P PF;CARTON;360.000;0;0;0,25;0,25
20037800;CAHIER TRIUMPH PLASTIQUE 200P GF;PAQUET;30.000;0;0;2;2
20037801;CAHIER TRIUMPH PLASTIQUE 200P GF;CARTON;360.000;0;0;0,17;0,17
20037900;CAHIER TRIUMPH PLASTIQUE 200P PF;PACK;18.000;0;0;10;10
20037901;CAHIER TRIUMPH PLASTIQUE 200P PF;CARTON;360.000;0;0;0,50;0,50
150038000;CAHIER TRIUMPH SCOLAIRE 100P;PAQUET;15.000;0;0;0;0
150038001;CAHIER TRIUMPH SCOLAIRE 100P;CARTON;300.000;0;0;0;0
150038100;CAHIER TRIUMPH SCOLAIRE 200P;PAQUET;15.000;0;0;0;0
150038101;CAHIER TRIUMPH SCOLAIRE 200P;CARTON;0;0;0;0;0
150038200;CAHIER TRIUMPH TSOTRA 100P GF;PAQUET;17.000;0;0;0;0
150038201;CAHIER TRIUMPH TSOTRA 100P GF;CARTON;272.000;0;0;0;0
150038300;CAHIER TRIUMPH TSOTRA 100P PF;PAQUET;15.000;0;0;8;8
150038301;CAHIER TRIUMPH TSOTRA 100P PF;CARTON;300.000;0;0;0,40;0,40
150038400;CAHIER TRIUMPH TSOTRA 200P GF;PACK;27.000;0;0;4;4
150038401;CAHIER TRIUMPH TSOTRA 200P GF;CARTON;324.000;0;0;0,33;0,33
150038500;CAHIER TRIUMPH TSOTRA 200P PF;PAQUET;15.000;0;0;3;3
150038501;CAHIER TRIUMPH TSOTRA 200P PF;CARTON;300.000;0;0;0,15;0,15
150038600;CAHIER TRIUMPH TSOTRA 50P PF;PACK;19.500;0;0;6;6
150038601;CAHIER TRIUMPH TSOTRA 50P PF;CARTON;316.000;0;0;0,38;0,38
20038700;CAHIER TRIUMPH100p;PAQUET;12.000;0;0;0;0
20038800;Cahier triumph200pPF;PAQUET;17.000;0;0;0;0
20038900;CAHIERTRIUMPHPLASTIQUE100PGSEN PIECE;PIECE;1.500;0;0;0;0
20039000;Candia le fromage 36*8;BOITE;4.900;0;0;20;20
20039001;Candia le fromage 36*8;CARTON;176.400;0;0;0,56;0,56
80039100;CANDY BONBON BONJOURNE COLA BOCAL;BOCAL;12.000;0;0;0;0
80039200;CANDY BONBON BONJOURNE FANTA BOCAL;BOCAL;12.000;0;0;0;0
80039300;CANDY BONBON BONJOURNE SPRINT BOCAL;BOCAL;12.000;0;0;1;1
20039400;Candy gloss 7g;BOITE;12.000;0;0;1;1
80039500;Candy king fanta orange;SACHET;2.500;0;0;0;0
80039501;Candy king fanta orange;CARTON;50.000;0;0;0;0
50039600;CANDY UP 150 ML*30;PIECES;1.600;0;0;0;0
110039700;CAPRICE BBA 1.5l;PIECE;5.000;0;0;58;58
110039701;CAPRICE BBA 1.5l;PAQUET;28.000;0;0;9,67;9,67
110039800;CAPRICE BBA 50CL;PAQUET;24.000;0;0;6;6
110039900;CAPRICE FANTAS ANANAS 1.5l;PIECE;5.000;0;0;0;0
110039901;CAPRICE FANTAS ANANAS 1.5l;PAQUET;28.000;0;0;0;0
110040000;CAPRICE FANTAS ANANAS PM 50CL;PAQUET;19.500;0;0;0;0
110040100;CAPRICE GRENADINE 1.5L;PAQUET;28.000;0;0;8;8
110040101;CAPRICE GRENADINE 1.5L;PIECE;5.000;0;0;8;8
110040200;CAPRICE GRENADINE 50CL PM;PAQUET;20.000;0;0;0;0
20040300;CAPRICE POMME 1.5 L;PAQUET;32.000;0;0;0;0
20040400;CAPRICE POMME PM 50CL;PAQUET;23.000;0;0;0;0
110040500;CAPRICE SODA ORANGE 1.5L;PIECS;5.000;0;0;28;28
110040501;CAPRICE SODA ORANGE 1.5L;PAQUET;28.000;0;0;4,67;4,67
20040600;CAPRICE SODA ORANGE 50CL;PAQUET;24.000;0;0;10;10
20040700;CARAMEL;SACHET;3.500;0;0;1;1
20040701;CARAMEL;CARTON;126.000;0;0;0,03;0,03
80040800;CARAMEL EN PIECE;PIECE;100;0;0;0;0
20040900;CARBONATE;KG;5.000;0;0;0;0
20041000;Carnet polo pqt de 15;PAQUET;4.900;0;0;1;1
150041100;CARNET RAINBOW PQT DE 15;PQT;3.300;0;0;15;15
20041200;CARNET SUPER PQT DE 15;PAQUET;4.900;0;0;0;0
20041300;CARRY;PIECE;900;0;0;33;33
20041301;CARRY;BALLE;169.000;0;0;3,30;3,30
20041302;CARRY;PACQUET;17.000;0;0;0,17;0,17
20041400;CARRY DOYPACK EN SACHET;PIECE;900;0;0;67;67
20041401;CARRY DOYPACK EN SACHET;SACHET;17.000;0;0;3,35;3,35
50041500;CARRY MOULU DOYPACK;SACHET;0;0;0;0;0
20041600;CARS POP;SACHET;4.000;0;0;0;0
150041700;CARTABLE ENFANT LISSE;PIECE;10.000;0;0;5;5
150041800;CARTABLE ENFANT LUX;PIECE;17.000;0;0;2;2
20041900;CEBON BOUILLON DE BOEUF CUBES;PIECE;1.800;0;0;110;110
20041901;CEBON BOUILLON DE BOEUF CUBES;CARTON;144.000;0;0;55;55
20041902;CEBON BOUILLON DE BOEUF CUBES;BOITE;72.000;0;0;1,38;1,38
160042000;CEMENT LUCKY;SAC;32.000;0;0;0;0
20042100;CHAMPIGNON EUROPA 400G;BOITE;4.000;0;0;5;5
20042200;CHEESE BALLS;SACHET;37.000;0;0;2;2
20042300;CHEESE BALLS EN PIECE;PIECE1;1.000;0;0;8;8
20042301;CHEESE BALLS EN PIECE;SACHET;37.000;0;0;0,27;0,27
20042400;CHEESSE RINGS;SACHET;15.400;0;0;1;1
80042500;CHEWING BIG BUBBLE GUM TATOO3G;BOCAL;9.000;0;0;0;0
80042501;CHEWING BIG BUBBLE GUM TATOO3G;CARTON;108.000;0;0;0;0
20042600;Chikito choco caramel;SACHET;2.900;0;0;0;0
20042601;Chikito choco caramel;CARTON;69.000;0;0;0;0
20042700;Chikito choco coco;SACHET;2.900;0;0;1;1
20042701;Chikito choco coco;CARTON;69.000;0;0;0,04;0,04
80042800;Chilli pop;SACHET;12.500;0;0;2;2
80042900;CHOCO BALLS FOOTBALL VETO;PCS;100;0;0;0;0
80042901;CHOCO BALLS FOOTBALL VETO;CARTON;432.000;0;0;0;0
80042902;CHOCO BALLS FOOTBALL VETO;BOCAL;9.000;0;0;0;0
20043000;CHOCO EN PIECE;PIECE;200;0;0;0;0
20043100;Choco mini balls;PIECE;100;0;0;20;20
20043101;Choco mini balls;BOCAL;15.000;0;0;0,13;0,13
20043200;CHOCO MINITELLA BOCAL;PCS;100;0;0;0;0
20043201;CHOCO MINITELLA BOCAL;BOCAL;15.000;0;0;0;0
80043300;CHOCODAY MINIS EN BOITE;BOITE;8.500;0;0;0;0
20043400;CHOCOLAT BISCUIT;BOITE;14.800;0;0;1;1
20043500;CHOCOLAT DUCREM;BOITE;14.000;0;0;2;2
20043600;CHOCOLAT EMERALDE;BOITE;17.000;0;0;0;0
20043700;CHOCOLAT EURO GOLD BOCAL 125PCS;BOCAL;17.500;0;0;5;5
80043800;CHOCOLAT GOLDEN HEART;BOCAL;11.000;0;0;0;0
20043900;CHOCOLAT MONTRE;SACHET;15.000;0;0;0;0
20044000;Chocolate pen 10g;BOITE;11.300;0;0;2;2
20044001;Chocolate pen 10g;CARTON;270.000;0;0;0,08;0,08
100044100;CITRON BARRE NATIONAL 800G;BARRE;10.500;0;0;0;0
100044101;CITRON BARRE NATIONAL 800G;CARTON;168.000;0;0;0;0
20044200;CITRON FRAIS BARRE 750G;BARRE;9.800;0;0;25;25
20044201;CITRON FRAIS BARRE 750G;CARTON;114.000;0;0;2,08;2,08
30044300;CITRON FRAIS BARRE 800G;BARRE;11.800;0;0;36;36
30044301;CITRON FRAIS BARRE 800G;CARTON;188.000;0;0;2,25;2,25
100044400;Citron frais barre 900 gr;BARRE;12.000;0;0;0;0
100044401;Citron frais barre 900 gr;CARTON;192.000;0;0;0;0
20044500;Coca cola canette 300ml;PIECE;2.500;0;0;19;19
20044501;Coca cola canette 300ml;PAQUET;60.000;0;0;0,79;0,79
110044600;COCA COLA PET 1.5L*6;PAQUET;0;0;0;0;0
110044700;COCA COLA PET 1.5L*6 VAO;PIECES;5.000;0;0;46;46
110044701;COCA COLA PET 1.5L*6 VAO;PAQUET;30.000;0;0;7,67;7,67
110044800;COCA COLA PET 350ML*12;PAQUET;19.000;0;0;1;1
110044900;COCA COLA PET 50CL*12;PCS;2.000;0;0;84;84
110044901;COCA COLA PET 50CL*12;PACQUET;25.000;0;0;7;7
20045000;COLGATE 50ML 6*12;PIECE;3.500;0;0;11;11
20045001;COLGATE 50ML 6*12;CARTON;252.000;0;0;1,83;1,83
20045002;COLGATE 50ML 6*12;PAQUET;42.000;0;0;0,15;0,15
20045100;COLGATE GM [ 100ml ~ 154 g ];PIECE;5.500;0;0;34;34
20045101;COLGATE GM [ 100ml ~ 154 g ];CARTON;262.000;0;0;8,50;8,50
20045102;COLGATE GM [ 100ml ~ 154 g ];PACQUET;66.000;0;0;0,71;0,71
60045200;COLGATE MAXIMUM CAVITY 100ML*72;PCS;2.000;0;0;0;0
60045201;COLGATE MAXIMUM CAVITY 100ML*72;PQT;58.000;0;0;0;0
60045300;COLGATE MAXIMUM CAVITY 25ML*144;PCS;2.000;0;0;59;59
60045301;COLGATE MAXIMUM CAVITY 25ML*144;PQT;23.500;0;0;4,92;4,92
20045400;COLGATE PM 50ML(77G);PAQUET;38.000;0;0;0;0
20045500;COLGATE TOTAL PRO 75ml EN PIECE;PIECE;9.500;0;0;0;0
20045600;COLGATE TOTAL PRO 75ml(100G);PAQUET;114.000;0;0;0;0
20045700;COLLE SUPER GLUE 3G;PAQUET;3.000;0;0;2;2
20045800;Colombina jumbo sucette 1250g;SACHET;24.000;0;0;0;0
20045801;Colombina jumbo sucette 1250g;CARTON;294.000;0;0;0;0
20045900;COLOMBINA SUCETTE 816G;SACHET;16.000;0;0;22;22
20045901;COLOMBINA SUCETTE 816G;CARTON;256.000;0;0;1,38;1,38
20046000;COLORANT;PIECE;2.000;0;0;0;0
20046001;COLORANT;PACQUET;20.000;0;0;0;0
20046100;COLORANT PARFUM NANDI'S CHOCOLATE;PECE;2.800;0;0;8;8
20046101;COLORANT PARFUM NANDI'S CHOCOLATE;PAQUET;33.600;0;0;0,67;0,67
20046200;COLORANT PARFUM NANDI'S ORANGE;PECE;2.800;0;0;18;18
20046201;COLORANT PARFUM NANDI'S ORANGE;PAQUET;33.600;0;0;1,50;1,50
20046300;COLORANT PARFUM NANDI'S STRAWBERRY;PECE;2.800;0;0;2;2
20046301;COLORANT PARFUM NANDI'S STRAWBERRY;PAQUET;33.600;0;0;0,17;0,17
80046400;COLORFUL JELLY CANDY;BOCAL;12.000;0;0;2;2
20046500;CONSIGNATION;PIECE;0;0;0;0;0
20046600;CONTRE TOUT;SACHET;4.900;0;0;35;35
20046601;CONTRE TOUT;SAC;196.000;0;0;0,88;0,88
20046700;CORDE N°10;ROULEAU;60.000;0;0;0;0
20046800;CORDE N°12;ROULEAU;64.000;0;0;0;0
20046900;CORDE N°2;ROULEAU;3.500;0;0;4;4
20046901;CORDE N°2;BALLES;0;0;0;0,05;0,05
20047000;CORDE N°3;ROULEAU;8.500;0;0;4;4
20047100;CORDE N°4;ROULEAU;9.500;0;0;5;5
20047101;CORDE N°4;BALLES;0;0;0;0,14;0,14
20047200;CORDE N°6;ROULEAU;22.000;0;0;5;5
20047300;CORDE N°8;ROULEAU;39.500;0;0;0;0
20047400;CORRY PM;CARTON;25.000;0;0;0;0
120047500;Couche bebeo culotte junior 5x28 n°5;PAQUET;25.400;0;0;0;0
120047501;Couche bebeo culotte junior 5x28 n°5;BALLE;127.000;0;0;0;0
120047600;Couche bebeo culotte maxi 5x32 n°4;PAQUET;25.400;0;0;0;0
120047601;Couche bebeo culotte maxi 5x32 n°4;BALLE;127.000;0;0;0;0
120047700;Couche bebeo culotte midi 5x36 n°3;PAQUET;25.400;0;0;0;0
120047701;Couche bebeo culotte midi 5x36 n°3;BALLE;127.000;0;0;0;0
120047800;COUCHE BEBEO CULOTTE PANTS MAXI 4X32 N°4;PAQUET;25.400;0;0;6;6
120047801;COUCHE BEBEO CULOTTE PANTS MAXI 4X32 N°4;BALLE;101.600;0;0;1,50;1,50
120047900;Couche bebeo maxi 4X32 n°4;PAQUET;19.000;0;0;0;0
120047901;Couche bebeo maxi 4X32 n°4;BALE;76.000;0;0;0;0
120048000;Couche bebeo midi 4X36 n°3;PAQUET;19.000;0;0;0;0
120048001;Couche bebeo midi 4X36 n°3;BALE;76.000;0;0;0;0
120048100;Couche calinou maxi 4*32 n°4;PAQUET;17.500;0;0;2;2
120048101;Couche calinou maxi 4*32 n°4;BALLE;70.000;0;0;0,50;0,50
120048200;Couche calinou midi 4*36 n°3;PAQUET;17.500;0;0;0;0
120048201;Couche calinou midi 4*36 n°3;BALLE;70.000;0;0;0;0
120048300;COUCHE CALINOU MINI 4*40 N°2;PAQUET;17.500;0;0;7;7
120048301;COUCHE CALINOU MINI 4*40 N°2;BALLE;70.000;0;0;1,75;1,75
20048400;COUCHE CULOTTE SWEETY FIT PANTZ I8 MAXI;PAQUET;8.000;0;0;0;0
20048401;COUCHE CULOTTE SWEETY FIT PANTZ I8 MAXI;CARTON;128.000;0;0;0;0
20048500;COUCHE CULOTTE SWEETY FIT PANTZ L1 MAXI;PIECE;1.000;0;0;0;0
20048501;COUCHE CULOTTE SWEETY FIT PANTZ L1 MAXI;PAQUET;6.000;0;0;0;0
20048600;COUCHE CULOTTE SWEETY FIT PANTZ M9 MIDI;PAQUET;8.000;0;0;0;0
20048601;COUCHE CULOTTE SWEETY FIT PANTZ M9 MIDI;CARTON;128.000;0;0;0;0
120048700;COUCHE MAVIS MAXI 10;PAQUET;6.500;0;0;6;6
120048701;COUCHE MAVIS MAXI 10;BAL;65.000;0;0;0,60;0,60
20048800;Couche molly maxi 4x32 n°4;PAQUET;25.000;0;0;1;1
20048801;Couche molly maxi 4x32 n°4;BALLE;100.000;0;0;0,25;0,25
20048900;Couche molly midi 4x36 n°3;PAQUET;25.000;0;0;5;5
20048901;Couche molly midi 4x36 n°3;BALLE;100.000;0;0;1,25;1,25
20049000;COUVERTURE VANILLE;PIECE;25.000;0;0;9;9
20049001;COUVERTURE VANILLE;BALLE;1.250.000;0;0;0,18;0,18
20049100;CRAIE BLANCHE TRI ONE;BOITE;2.900;0;0;0;0
20049101;CRAIE BLANCHE TRI ONE;CARTON;0;0;0;0;0
20049200;CRAIE BLANCHE XIA;BOITE;2.400;0;0;0;0
20049201;CRAIE BLANCHE XIA;CARTON;115.200;0;0;0;0
20049300;CRAIE COULEUR TRIO ONE;BOITE;3.500;0;0;0;0
20049301;CRAIE COULEUR TRIO ONE;CARTON;0;0;0;0;0
20049400;CRAIE COULEUR XIA;BOITE;3.000;0;0;0;0
20049500;CRAIE HI BLANCHE 100PCS;BOITE;3.000;0;0;10;10
20049600;CRAIE HI COULEUR 100PCS;BOITE;3.200;0;0;4;4
20049700;CRAIE REFLEX BLANCHE;BOITE;3.000;0;0;0;0
20049800;CRAIE REFLEX COULEUR;BOITE;3.300;0;0;1;1
10049900;CREAM BISCUIT TIK TOK 50G*10*10;SACHET;5.700;0;0;18;18
10049901;CREAM BISCUIT TIK TOK 50G*10*10;CARTON;57.000;0;0;1,80;1,80
10050000;CREAM BISCUIT TIK TOK 70G;SACHET;7.000;0;0;0;0
10050001;CREAM BISCUIT TIK TOK 70G;CARTON;21.000;0;0;0;0
10050100;CREAM WAFER OYE BISCUITS;PIECES;200;0;0;0;0
10050101;CREAM WAFER OYE BISCUITS;BOITE;18.000;0;0;0;0
70050200;CREME MOUSQUITO DUDU 70G;PCS;2.200;0;0;23;23
70050201;CREME MOUSQUITO DUDU 70G;PAQUET;24.100;0;0;1,92;1,92
20050300;CREME MOUSQUITO FAMILY CARE;PQT;24.100;0;0;2;2
70050400;CREME MOUSQUITO FAMILY CARE 70G;PCS;2.200;0;0;10;10
70050401;CREME MOUSQUITO FAMILY CARE 70G;PAQUET;24.100;0;0;0,83;0,83
20050500;CRISPY CONE;BOCALE;20.000;0;0;0;0
20050501;CRISPY CONE;CARTON;180.000;0;0;0;0
10050600;CRISPY CONE DY CONEO;PCS;400;0;0;1;1
10050601;CRISPY CONE DY CONEO;CARTON;180.000;0;0;0,11;0,11
10050602;CRISPY CONE DY CONEO;BOCAL;20.000;0;0;0,00;0,00
20050700;CRISTALINE 100CL;PAQUET;19.000;0;0;0;0
110050800;CRISTALINE 1L;PIECE;2.500;0;0;35;35
110050801;CRISTALINE 1L;PAQUET;19.000;0;0;4,38;4,38
20050900;Cristaline 200cl;PAQUET;25.000;0;0;0;0
110051000;Cristaline 2L;BOUTEIL;4.500;0;0;31;31
110051001;Cristaline 2L;PAQUET;25.000;0;0;5,17;5,17
10051100;Cristo;SACHET;5.500;0;0;0;0
20051200;Croquette au fromage luxe gm;PIECE;800;0;0;0;0
20051300;Croquette au fromage luxe pm;PIECE;400;0;0;0;0
80051400;CROWN LIGHT LOLLIPOP;BOITE;11.000;0;0;5;5
20051500;CROWN ROSE 25G;PAQUET;10.700;0;0;3;3
80051600;CUBE CANDY WATER BOTTLE EN BOCAL*275PCS;BOCAL;20.000;0;0;2;2
80051601;CUBE CANDY WATER BOTTLE EN BOCAL*275PCS;CARTON;240.000;0;0;0,17;0,17
20051700;CUVETTE KEPOLY GM;PIECE;0;0;0;0;0
20051800;DANICA SWEEETWHIP;PIECE;19.000;0;0;0;0
20051900;DARBEL CITRON 100 CL;BOUTEILLE;9.500;0;0;0;0
20052000;DARBEL FRAISE 100CL;PIECE;9.500;0;0;0;0
20052100;DARBEL GRENADINE 100CL;BOUTEILLE;9.500;0;0;0;0
20052200;DARBEL MENTHE 100CL;BOUTEILLE;9.500;0;0;0;0
20052300;DARBEL MENTHE 50CL;BOUTEILLE;6.500;0;0;0;0
20052400;DARBEL ORANGE 100CL;BOUTEILLE;9.500;0;0;0;0
80052500;DAY & NIGHT BALLS KIDDIES 420G;BOCAL;17.500;0;0;2;2
20052600;Delice 28% lait entier 1kg;SACHET;41.000;0;0;7;7
20052601;Delice 28% lait entier 1kg;CARTON;328.000;0;0;0,88;0,88
20052700;Delice 28% lait entier 20g;PIECE;950;0;0;1;1
20052701;Delice 28% lait entier 20g;CARTON;226.800;0;0;0,00;0,00
20052800;Delice 28% lait entier 250g;SACHET;12.000;0;0;34;34
20052801;Delice 28% lait entier 250g;CARTON;336.000;0;0;1,06;1,06
20052900;Delice 28% lait entier 500g;SACHET;21.000;0;0;16;16
20052901;Delice 28% lait entier 500g;CARTON;336.000;0;0;1;1
20053000;Delice choco poudre 20g;PIECE;500;0;0;0;0
20053100;Delice chocolat poudre 200g*45;SACHET;5.000;0;0;0;0
20053200;Delice chocolat poudre 400g;BOITE;15.000;0;0;1;1
60053300;DENTIFRICE BOSIVO CHARCOAL 100ML;PCS;4.200;0;0;15;15
60053301;DENTIFRICE BOSIVO CHARCOAL 100ML;PQT;25.000;0;0;2,50;2,50
20053400;Dentifrice ciptadent 30g;PAQUET;17.000;0;0;4;4
20053401;Dentifrice ciptadent 30g;CARTON;204.000;0;0;0,33;0,33
20053500;Dentifrice ciptadent 75G;PAQUET;34.000;0;0;3;3
60053600;DENTIFRICE DABUR HERB'L CHARCOAL 140G;PIECE;9.000;0;0;12;12
60053601;DENTIFRICE DABUR HERB'L CHARCOAL 140G;PAQUET;108.000;0;0;1;1
60053700;DENTIFRICE DABUR HERB'L TOOTHPAST 140G MINT;PIECE;8.000;0;0;12;12
60053701;DENTIFRICE DABUR HERB'L TOOTHPAST 140G MINT;PAQUET;48.000;0;0;2;2
60053800;DENTIFRICE DABUR HERBIL CLOVE 156G*8X6;PIECE;7.000;0;0;19;19
60053801;DENTIFRICE DABUR HERBIL CLOVE 156G*8X6;PAQUET;42.000;0;0;3,17;3,17
60053802;DENTIFRICE DABUR HERBIL CLOVE 156G*8X6;CARTON;336.000;0;0;0,40;0,40
60053900;DENTIFRICE MERIELCE 150G;PCS;1.800;0;0;228;228
60053901;DENTIFRICE MERIELCE 150G;PQT;10.500;0;0;38;38
60053902;DENTIFRICE MERIELCE 150G;CARTON;126.000;0;0;3,17;3,17
20054000;DENTIFRICE SIGNAL;PIECE;3.000;0;0;0;0
20054001;DENTIFRICE SIGNAL;CARTON;144.000;0;0;0;0
20054002;DENTIFRICE SIGNAL;PACQUET;36.000;0;0;0;0
20054100;DEO EMOTION LOVE;PIECE;7.000;0;0;4;4
20054200;DEO EMOTION OCEAN FRESH;PIECE;7.000;0;0;4;4
20054300;DEO EMOTION ROMANCE;PIECE;7.000;0;0;2;2
20054400;DEO EMOTION VIOLET KISS;PIECE;7.000;0;0;4;4
20054500;DEO MY EGO APOLLO 200ML;PIECE;7.000;0;0;5;5
20054600;DEO MY EGO RACE 200ML;PIECE;7.000;0;0;3;3
20054700;DEO MY EGO WAVE 200ML;PIECE;7.000;0;0;1;1
80054800;DINOSAUR BUBLE GUM;BOCAL;17.000;0;0;0;0
20054900;DOLPHIN CULOTTE JUNIOR 5X24 N°5;PAQUET;24.800;0;0;4;4
20054901;DOLPHIN CULOTTE JUNIOR 5X24 N°5;BALL;124.000;0;0;0,80;0,80
20055000;DOLPHIN CULOTTE MIDI 5X34 N°3;PAQUET;24.800;0;0;2;2
20055001;DOLPHIN CULOTTE MIDI 5X34 N°3;BALL;124.000;0;0;0,40;0,40
20055100;DOLPHIN CULOTTE TWIN MAXI 5X32 N°4;PAQUET;24.800;0;0;3;3
20055101;DOLPHIN CULOTTE TWIN MAXI 5X32 N°4;BALL;124.000;0;0;0,60;0,60
20055200;Double 7 seven 250ml;PIECE;2.500;0;0;0;0
20055201;Double 7 seven 250ml;PAQUET;60.000;0;0;0;0
80055300;DOUBLE KOFFE BOCAL 240PCS;BOCAL;15.000;0;0;4;4
80055301;DOUBLE KOFFE BOCAL 240PCS;CARTON;180.000;0;0;0,33;0,33
80055400;DOUBLE KOFFE EN SACHET;SACHET;4.000;0;0;0;0
80055500;DOUBLE KOFFRE VETO(ORIZON CAFE)EN SACHET;SACHET;4.000;0;0;3;3
80055501;DOUBLE KOFFRE VETO(ORIZON CAFE)EN SACHET;CARTON;64.000;0;0;0,19;0,19
20055600;DR CONFORT COUCHE ADULTE 6 X L10;PIECE;4.000;0;0;0;0
20055601;DR CONFORT COUCHE ADULTE 6 X L10;PAQUET;39.000;0;0;0;0
80055700;Drink bottle candy;PIECE;500;0;0;22;22
80055701;Drink bottle candy;PAQUET;15.000;0;0;0,73;0,73
80055800;Dum dun gun 16*48;SACHET;9.000;0;0;3;3
80055801;Dum dun gun 16*48;CARTON;144.000;0;0;0,19;0,19
170055900;DURATA r20 (gm);BOITE;15.500;0;0;45;45
170055901;DURATA r20 (gm);CARTON;372.000;0;0;1,88;1,88
170056000;Durata r6 (pm);BOITE;8.500;0;0;221;221
170056001;Durata r6 (pm);CARTON;425.000;0;0;4,42;4,42
20056100;DYNAMIC;PIECE;3.500;0;0;97;97
20056101;DYNAMIC;CARTON;105.000;0;0;3,23;3,23
20056200;EAU VIVE 1.5l;PIECE;3.500;0;0;49;49
20056201;EAU VIVE 1.5l;PACK;21.000;0;0;8,17;8,17
20056300;EAU VIVE 50CL;PIECE;1.800;0;0;160;160
20056301;EAU VIVE 50CL;PACK;19.000;0;0;13,33;13,33
20056400;EAU VIVE GM EN PIECE;PIECE;3.000;0;0;0;0
20056500;EAU VIVE PM EN PIECE;PIECE;1.800;0;0;0;0
20056600;ELASTIQUE FLECHE;SACHET;5.500;0;0;18;18
20056700;Elastique volo;SACHET;5.800;0;0;9;9
20056800;EMBALLAGE TSOTRA PM (56*76);PIECE;150;0;0;5;5
20056900;EMBALLAGE VANILLE;PIECE;2.500;0;0;8;8
180057000;Encaustique tselatra acajou;PIECE;3.800;0;0;66;66
180057001;Encaustique tselatra acajou;CARTON;136.800;0;0;1,83;1,83
180057100;Encaustique tselatra jaune;PIECE;3.800;0;0;15;15
180057101;Encaustique tselatra jaune;CARTON;136.800;0;0;0,42;0,42
180057200;Encaustique tselatra neutre;PIECE;3.800;0;0;5;5
180057201;Encaustique tselatra neutre;CARTON;136.800;0;0;0,14;0,14
180057300;Encaustique tselatra spacial;PIECE;3.800;0;0;12;12
180057301;Encaustique tselatra spacial;CARTON;136.800;0;0;0,33;0,33
20057400;ENCOSTIQUE JEWEL;PIECE;7.000;0;0;9;9
20057401;ENCOSTIQUE JEWEL;CARTON;168.000;0;0;0,38;0,38
20057500;ENCOSTIQUE TSOTRA BOIS;PIECE;4.800;0;0;0;0
20057600;ENCOSTIQUE TSOTRA CIMENT;PIECE;4.800;0;0;0;0
20057700;ENVELOPPE OFFICE 11X16;PAQUET;5.000;0;0;0;0
20057701;ENVELOPPE OFFICE 11X16;BOITE;50.000;0;0;0;0
20057800;ENVELOPPES NITRO C6;PCS;100;0;0;500;500
20057801;ENVELOPPES NITRO C6;PQT;8.000;0;0;5;5
20057900;ENVELOPPES NITRO GM FORMAT C4;PCS;500;0;0;150;150
20057901;ENVELOPPES NITRO GM FORMAT C4;PACQUET;24.000;0;0;3;3
20058000;ENVELOPPES NITRO MOYENNE FORMAT A5;PCS;200;0;0;100;100
20058001;ENVELOPPES NITRO MOYENNE FORMAT A5;PACQUET;9.500;0;0;2;2
20058100;Enveloppes voila c6;PAQUET;7.000;0;0;0;0
20058200;ESSENCE;LITRE;6.000;0;0;317,50;317,50
20058201;ESSENCE;TONNELET;1.450.000;0;0;25,40;25,40
20058202;ESSENCE;JERICAN;118.000;0;0;1,27;1,27
170058300;EVERLASTE GM;BOITE;7.700;0;0;0;0
170058301;EVERLASTE GM;CARTON;184.000;0;0;0;0
170058400;EVERLASTE PM;BOITE;5.600;0;0;0;0
170058401;EVERLASTE PM;CARTON;278.000;0;0;0;0
30058500;EX-40(EXTRA PROPRE BLANC 36PCS);CARTON;33.000;0;0;6;6
30058600;EX-45(EXTRA PROPRE MARON 24 MX);CARTON;28.000;0;0;0;0
20058700;EXPERT PROP'OR LIQUIDE VAISSELLE 1L CITRON;PIECE;3.400;0;0;24;24
20058701;EXPERT PROP'OR LIQUIDE VAISSELLE 1L CITRON;CARTON;27.200;0;0;3;3
20058800;EXTRA;PIECE;0;0;0;0;0
20058801;EXTRA;CARTON;0;0;0;0;0
30058900;Extra propre barre citron 800g;PIECES;7.500;0;0;28;28
30058901;Extra propre barre citron 800g;CARTON;90.000;0;0;2,33;2,33
30059000;Extra propre blanc 24pcs;CARTON;33.000;0;0;0;0
190059100;EXTRA PROPRE BLEU [CITRON];CARTON;45.000;0;0;17;17
190059200;Extra propre floral;CARTON;45.000;0;0;16;16
20059300;Extra propre liquide vaisselle 1l;PCS;3.500;0;0;36;36
20059301;Extra propre liquide vaisselle 1l;PAQUET;35.000;0;0;3,60;3,60
20059400;FAMAFA;PIECE;6.000;0;0;2;2
200059500;Famafa 907 manche blanc;PIECE;7.000;0;0;0;0
20059600;FAMAFA ASIE;PIECE;15.000;0;0;13;13
20059700;FAMAFA B11;PIECE;8.000;0;0;0;0
200059800;Famafa brosse Ib;PCS;8.000;0;0;8;8
20059900;FAMAFA LUX;PIECE;8.000;0;0;0;0
20060000;FAMAFA LUX 308;PIECE;9.000;0;0;0;0
20060100;FAMAFA LUX 812;PIECE;12.000;0;0;9;9
200060200;FAMAFA LUX VAO;PIECE;0;0;0;0;0
200060201;FAMAFA LUX VAO;PIECE;6.000;0;0;0;0
200060300;FAMAFA LUX VTP MM;PIECE;8.000;0;0;0;0
200060400;FAMAFA TSOTRA;PIECE;5.000;0;0;0;0
200060500;FAMAFA VAO;PIECE;6.000;0;0;0;0
20060600;FANA TOMATE BOITE;BOITE;1.050;0;0;358;358
20060601;FANA TOMATE BOITE;CARTON;105.000;0;0;3,58;3,58
110060700;FANTA ANANAS PET 1.5L*6;PIECE;5.000;0;0;27;27
110060701;FANTA ANANAS PET 1.5L*6;PAQUET;30.000;0;0;4,50;4,50
110060800;FANTA ANANAS PET 350ML;PAQUET;19.000;0;0;2;2
110060900;Fanta orange canette 300ml*24;PCS;2.000;0;0;13;13
110060901;Fanta orange canette 300ml*24;CARTON;48.000;0;0;0,54;0,54
110061000;Fanta Orange pet 1,5 l*6;PIECE;5.000;0;0;30;30
110061001;Fanta Orange pet 1,5 l*6;PAQUET;30.000;0;0;5;5
110061100;Fanta Orange pet 350ML*12;PAQUET;19.000;0;0;5;5
110061200;FANTA PASSION PET 1.5ML*6;PCS;5.000;0;0;0;0
110061201;FANTA PASSION PET 1.5ML*6;PQT;29.000;0;0;0;0
110061300;FANTA PASSION PET 350ML*12;PCS;1.500;0;0;36;36
110061301;FANTA PASSION PET 350ML*12;PQT;19.000;0;0;3;3
20061400;Fantastic spray candy;PAQUET;10.000;0;0;0;0
20061500;FARILAC 400GR;BOITE;18.000;0;0;5;5
50061600;FARILAC VANILLE 200G;PCS;7.500;0;0;15;15
50061700;FARILAC VANILLE 25G*100;PCS;1.300;0;0;9;9
50061800;FARILAC VANILLE 50G*120;PCS;2.000;0;0;17;17
20061900;Farine _lafarina en kilos;KILO;3.200;0;0;42,50;42,50
20061901;Farine _lafarina en kilos;SAC;0;0;0;0,85;0,85
20062000;FARINE BAREA;SAC;190.000;0;0;0;0
20062100;FARINE BAREA EN KG;KG;4.500;0;0;0;0
210062200;FARINE EGYPTE;KG;2.500;0;0;0;0
210062201;FARINE EGYPTE;SAC;123.000;0;0;0;0
210062300;FARINE ERIS;KG;2.500;0;0;0;0
210062301;FARINE ERIS;SAC;124.000;0;0;0;0
210062400;Farine lafarina 25KG;SAC;115.000;0;0;0;0
210062500;FARINE LAFARINA 50 KG;KG;0;0;0;467;467
210062501;FARINE LAFARINA 50 KG;SAC;159.000;0;0;9,34;9,34
20062600;FECULE 500G;SACHET;5.900;0;0;4;4
20062601;FECULE 500G;CARTON;177.000;0;0;0,13;0,13
20062700;Fengchipa Opaobang*20x30;PIECE;500;0;0;0;0
20062701;Fengchipa Opaobang*20x30;CARTON;140.000;0;0;0;0
20062702;Fengchipa Opaobang*20x30;BOITE;7.000;0;0;0;0
20062800;FER 8;BARRE;24.000;0;0;0;0
20062900;Finger pacifier 5g;PAQUET;12.500;0;0;4;4
30063000;FLOOR CLEANER KLIN SOL EN BTL ROSE 450ML;PIECE;5.200;0;0;8;8
30063100;FLOOR CLEANER KLIN SOL EN BTL VERT 450ML;PIECE;5.200;0;0;4;4
30063200;FLOOR CLEANER KLIN SOL EN BTL VIOLET 450ML;PIECE;5.200;0;0;3;3
20063300;FONTERA BLEU;SAC;700.000;0;0;0;0
80063400;FOOTBALL CANDY;PAQUET;11.000;0;0;5;5
70063500;FRANCE COILS BLEU CAMPHRE;BOITE;2.000;0;0;50;50
70063501;FRANCE COILS BLEU CAMPHRE;CARTON;120.000;0;0;0,83;0,83
70063600;France coils jaune citron;BOITE;2.000;0;0;157;157
70063601;France coils jaune citron;CARTON;120.000;0;0;2,62;2,62
70063700;FRANCE COILS ROSE JASMIN;BOITE;2.000;0;0;37;37
70063701;FRANCE COILS ROSE JASMIN;CARTON;120.000;0;0;0,62;0,62
70063800;FRANCE COILS ROUGE BOIS DE SANTAL;BOITE;2.000;0;0;25;25
70063801;FRANCE COILS ROUGE BOIS DE SANTAL;CARTON;120.000;0;0;0,42;0,42
70063900;FRANCE COILS VERT MENTHE;BOITE;2.000;0;0;53;53
70063901;FRANCE COILS VERT MENTHE;CARTON;120.000;0;0;0,88;0,88
70064000;FRANCE COILS VIOLET LAVENDE;BOITE;2.000;0;0;1;1
70064001;FRANCE COILS VIOLET LAVENDE;CARTON;120.000;0;0;0,02;0,02
10064100;FREGO ASS (GM);SACHET;11.000;0;0;19;19
10064101;FREGO ASS (GM);CARTON;77.000;0;0;2,71;2,71
80064200;FROOTOLA CHOCLAND;BTE;8.000;0;0;0;0
80064300;FROTOLA PHONE 4U;BTE;7.000;0;0;3;3
80064400;FRU CHEW TOFFEE COCONUT EN BOCAL BLEU;BOCAL;17.000;0;0;2;2
80064500;FRU CHEW TOFFEE MILK EN BOCAL BLANC;BOCAL;17.000;0;0;1;1
80064600;FRU CHEW TOFFEE STRAWBERRY EN BOCAL ROSE;BOCAL;17.000;0;0;0;0
80064700;FRUIT FILLED CENTER CANDY *12;BOCAL;14.500;0;0;5;5
20064800;FRUTAS ACIDULADAS;BOITE;18.800;0;0;0;0
20064900;FUNNY BIRDS;BOITE;19.000;0;0;0;0
20065000;Gaine 12cm/100gramme;PIECE;3.000;0;0;0;0
20065100;Gaine 14cm/100gramme;PIECE;3.000;0;0;0;0
20065200;GAINE 15CM/100GRAMME;PIECES;3.000;0;0;0;0
20065300;Gaine 6cm/100gramme;PIECES;3.000;0;0;0;0
20065400;Gaine 8cm/100gramme;PIECE;3.000;0;0;0;0
10065500;Galeti local;SACHET;1.200;0;0;0;0
20065600;GAS'CARE GEL DOUCHE COCO MIEL 300ML;PIECE;4.700;0;0;5;5
20065700;GAZ OIL;SACHET;825.000;0;0;0;0
80065800;GIRA LENGUA CANDY;PAQUET;10.000;0;0;4;4
20065900;Global cracker tub ranch 227g;BOITE;6.000;0;0;0;0
10066000;GLUCOSE COCONUT PM 30PCS*8;SACHET;2.800;0;0;49;49
10066001;GLUCOSE COCONUT PM 30PCS*8;CARTON;22.000;0;0;6,12;6,12
10066100;GLUCOSE GALAXY;SACHET;2.200;0;0;0;0
10066101;GLUCOSE GALAXY;CARTON;22.000;0;0;0;0
10066200;Glucose pm [angry bird];SACHET;2.200;0;0;0;0
10066201;Glucose pm [angry bird];CARTON;22.000;0;0;0;0
10066300;Glucose pm [assorted];SACHET;2.200;0;0;0;0
10066301;Glucose pm [assorted];CARTON;22.000;0;0;0;0
20066400;GLUCOSE PM [malt' n' milk ];PAQUET;2.000;0;0;0;0
20066401;GLUCOSE PM [malt' n' milk ];CARTON;20.000;0;0;0;0
10066500;Glucose pm [Superman];SACHET;2.200;0;0;176;176
10066501;Glucose pm [Superman];CARTON;22.000;0;0;17,60;17,60
10066600;Gofrette swiss wafer;PCS;1.900;0;0;1;1
10066601;Gofrette swiss wafer;CARTON;68.400;0;0;0,03;0,03
10066700;Gofrety 8;SACHET;4.000;0;0;1;1
10066701;Gofrety 8;CARTON;48.000;0;0;0,08;0,08
10066800;Gofrety ass pm;SACHET;2.300;0;0;9;9
10066801;Gofrety ass pm;CARTON;38.400;0;0;0,56;0,56
220066900;GOLD CURLY BOUCLES PARFAITES;PCS;250;0;0;100;100
220066901;GOLD CURLY BOUCLES PARFAITES;CARTON;50.000;0;0;10;10
220066902;GOLD CURLY BOUCLES PARFAITES;PQT;5.000;0;0;0,50;0,50
20067000;GOLDEN COIN CHOCOLAT CAR;PIECE;0;0;0;0;0
20067001;GOLDEN COIN CHOCOLAT CAR;BOITE;24.000;0;0;0;0
20067100;GOLDY PLAQUAGE VOLO;PCS;250;0;0;100;100
20067101;GOLDY PLAQUAGE VOLO;PQT;5.000;0;0;5;5
20067200;GOLDY SERUM VOLO GINSENG;PCS;250;0;0;120;120
20067201;GOLDY SERUM VOLO GINSENG;PQT;5.000;0;0;6;6
20067300;GOLDY SHAMPOOING ANTI-PELLICULAIRE;PCS;200;0;0;120;120
20067301;GOLDY SHAMPOOING ANTI-PELLICULAIRE;PQT;4.000;0;0;6;6
80067400;Gomas mascar;PIECE;500;0;0;85;85
80067401;Gomas mascar;PAQUET;15.000;0;0;2,83;2,83
20067500;GONY VIDE ATAO CONSIGNATION;PIECE;2.000;0;0;0;0
20067600;GOUTY 6 LAIT BEURRE;SACHET;5.000;0;0;14;14
20067601;GOUTY 6 LAIT BEURRE;CARTON;60.000;0;0;1,17;1,17
20067700;GOUTY BEURRE GM;SACHET;9.800;0;0;16;16
20067701;GOUTY BEURRE GM;CARTON;68.000;0;0;2,29;2,29
20067800;GOUTY BISCUIT COMPLET;SACHET;8.000;0;0;0;0
10067900;GOUTY CHO'COCO;SACHET;10.500;0;0;0;0
10067901;GOUTY CHO'COCO;CARTON;63.000;0;0;0;0
20068000;GOUTY COOKIES;SACHET;7.000;0;0;1;1
20068001;GOUTY COOKIES;CARTON;42.000;0;0;0,17;0,17
10068100;GOUTY D'OR GM;SACHET;5.500;0;0;0;0
10068101;GOUTY D'OR GM;CARTON;38.000;0;0;0;0
20068200;GOUTY DOR 6 PM;PAQUET;4.500;0;0;34;34
20068201;GOUTY DOR 6 PM;CARTON;81.000;0;0;1,89;1,89
10068300;GOUTY DOR 6 PM EN PCS;PCS;500;0;0;0;0
20068400;GOUTY DOR12 GM;SACHET;10.300;0;0;0;0
20068401;GOUTY DOR12 GM;CARTON;72.000;0;0;0;0
20068500;GOUTY GM EN PIECE;PIECE;1.400;0;0;0;0
10068600;GOUTY GRANDI + 6;PAQUET;0;0;0;0;0
10068601;GOUTY GRANDI + 6;CARTON;0;0;0;0;0
20068700;GOUTY GRANDI +6 LAIT;PAQUET;2.800;0;0;0;0
20068701;GOUTY GRANDI +6 LAIT;CARTON;47.600;0;0;0;0
10068800;GOUTY LA GALETTE;SACHET;1.800;0;0;41;41
10068801;GOUTY LA GALETTE;CARTON;34.500;0;0;2,05;2,05
10068900;GOUTY LAIT GM;SACHET;9.800;0;0;32;32
10068901;GOUTY LAIT GM;PIECE;1.000;0;0;32;32
10068902;GOUTY LAIT GM;CARTON;68.000;0;0;4,57;4,57
10069000;GOUTY MINI MADELEINE;PIECE;1.900;0;0;0;0
10069001;GOUTY MINI MADELEINE;CARTON;57.000;0;0;0;0
10069002;GOUTY MINI MADELEINE;SACHET;19.000;0;0;0;0
10069100;GOUTY SABLE;SACHET;9.800;0;0;22;22
10069101;GOUTY SABLE;CARTON;78.000;0;0;2,75;2,75
10069200;GOUTY SABLEE COCO 4;SACHET;3.750;0;0;42;42
10069201;GOUTY SABLEE COCO 4;CARTON;30.000;0;0;5,25;5,25
50069300;GROS POIDS;SAC;259.000;0;0;0;0
20069500;GROS POIDS @ KAPOAKA;KAPOAKA;1.000;0;0;180;180
50069400;Gros poids 50kg vao;SAC;190.000;0;0;1;1
20069600;Gun candy 3.5g;PAQUET;12.000;0;0;3;3
20069700;HADAY SIGNATURE OYSTER SAUCE 550G;PIECE;17.500;0;0;11;11
20069701;HADAY SIGNATURE OYSTER SAUCE 550G;CARTON;210.000;0;0;0,92;0,92
90069800;Haraka vert 50kg;SAC;144.000;0;0;0;0
20069900;Hoho big sticks;BOCAL;5.000;0;0;2;2
80070000;HOPPIN PE ICE CREAM STRAWBERRY 50P*12BAG;SACHET;6.500;0;0;5;5
20070100;HUILE;LITRE;7.000;0;0;0;0
20070101;HUILE;JERYCAN;129.000;0;0;0;0
50070200;Huile alimentaire en litre;LITRE;8.000;0;0;0;0
50070300;Huile caste evita 2l;PCS;18.500;0;0;0;0
50070301;Huile caste evita 2l;CARTON;111.000;0;0;0;0
50070400;HUILE CASTE HUILOR;PIECE;7.000;0;0;0;0
50070401;HUILE CASTE HUILOR;CARTON;105.000;0;0;0;0
20070500;HUILE CASTE SUNNY;PIECE;14.000;0;0;24;24
20070501;HUILE CASTE SUNNY;CARTON;168.000;0;0;2;2
20070600;HUILE CASTE ZAIN;PIECE;6.500;0;0;0;0
20070601;HUILE CASTE ZAIN;CARTON;78.000;0;0;0;0
20070700;HUILE COCO 20L;LITRE;0;0;0;0;0
20070701;HUILE COCO 20L;JERYCAN;0;0;0;0;0
20070800;HUILE COCO 5L;JERYCAN;65.000;0;0;0;0
20070801;HUILE COCO 5L;CARTON;168.000;0;0;0;0
50070900;HUILE D'OLIVE ORKIDE 1L;BOUTEIL;47.000;0;0;4;4
50071000;HUILE D'OLIVE ORKIDE 500ML;BOUTEIL;25.000;0;0;4;4
20071100;HUILE DE SOJA ELVIA 1L;PIECE;8.900;0;0;0;0
20071101;HUILE DE SOJA ELVIA 1L;CARTON;106.800;0;0;0;0
20071200;HUILE DE SOJA HINA 0.5L;PIECE;5.500;0;0;74;74
20071201;HUILE DE SOJA HINA 0.5L;CARTON;66.000;0;0;6,17;6,17
20071300;Huile de soja hina 1l;BOUTEILLE;9.500;0;0;81;81
20071301;Huile de soja hina 1l;CARTON;114.000;0;0;6,75;6,75
50071400;HUILE DE TOURNESOL LAFATRA 1L;PIECS;10.500;0;0;46;46
50071401;HUILE DE TOURNESOL LAFATRA 1L;CARTON;126.000;0;0;3,83;3,83
50071500;Huile elvia 10l;LITRES;7.700;0;0;0;0
50071501;Huile elvia 10l;JRC;77.000;0;0;0;0
20071600;HUILE EVITA 250CL;PIECE;2.600;0;0;0;0
20071601;HUILE EVITA 250CL;CARTON;124.800;0;0;0;0
20071700;HUILE IMPORTER 20L;JERCANE;129.000;0;0;0;0
20071800;Huile rajah en jerycan 20l;LITRE;8.000;0;0;417;417
20071801;Huile rajah en jerycan 20l;JERYCAN;157.500;0;0;20,85;20,85
20071900;HUILE TOURNESOL COEUR D'OR 1L;PIECE;12.500;0;0;0;0
20071901;HUILE TOURNESOL COEUR D'OR 1L;CARTON;149.000;0;0;0;0
50072000;HUILE TOURNESOL LUSSO 1L;PCS;12.000;0;0;0;0
50072001;HUILE TOURNESOL LUSSO 1L;CARTON;144.000;0;0;0;0
20072100;HUILE TOURNESOL SUNLIFE 1L;PIECE;10.000;0;0;0;0
20072101;HUILE TOURNESOL SUNLIFE 1L;CARTON;120.000;0;0;0;0
50072200;HUILE TOURNESSOL OSCAR 1L*12;PCS;12.000;0;0;0;0
50072201;HUILE TOURNESSOL OSCAR 1L*12;CARTON;144.000;0;0;0;0
80072300;ICE CREAM LOLLIPOP COLOFUL 8G;BTE;13.000;0;0;3;3
20072400;Ice pop drinks [Jus bocal];BOCAL;10.000;0;0;11;11
20072401;Ice pop drinks [Jus bocal];CARTON;120.000;0;0;0,92;0,92
20072500;IMPEC GEL WC FLORAL 500ML;PIECE;5.900;0;0;5;5
20072600;IMPEC GEL WC PIN VERT 500ML;PIECE;5.900;0;0;2;2
20072700;IMPEC VAISSELLE ASSORTI 50CLX12;PIECE;2.200;0;0;11;11
20072701;IMPEC VAISSELLE ASSORTI 50CLX12;CARTON;26.000;0;0;0,92;0,92
30072800;IMPEC VAISSELLE FLEUR DE CERISIER MAXI 1LX12;PIECE;3.200;0;0;9;9
30072801;IMPEC VAISSELLE FLEUR DE CERISIER MAXI 1LX12;CARTON;38.000;0;0;0,75;0,75
30072900;IMPEC VAISSELLE MENTHE CITRON MAXI 1LX12;PIECE;3.200;0;0;9;9
30072901;IMPEC VAISSELLE MENTHE CITRON MAXI 1LX12;CARTON;38.000;0;0;0,75;0,75
30073000;IMPEC VAISSELLE POMME RAISIN MAXI 1LX12;PIECE;3.200;0;0;6;6
30073001;IMPEC VAISSELLE POMME RAISIN MAXI 1LX12;CARTON;38.000;0;0;0,50;0,50
20073100;INSECTICIDE ATTACK MULTI PROPOSE;PCS;8.500;0;0;11;11
70073200;INSECTICIDE PROCHITOX 300ML;PIECE;13.400;0;0;5;5
70073300;INSECTICIDE PROCHITOX 600ML;PIECE;18.400;0;0;1;1
10073400;ITALIANO 77;CARTON;0;0;0;0;0
20073500;JABA;BOITE;16.000;0;0;21;21
20073501;JABA;CARTON;128.000;0;0;2,62;2,62
50073600;JADIDA 250g;PIECE;5.000;0;0;18;18
50073601;JADIDA 250g;CARTON;80.000;0;0;1,12;1,12
20073700;JADIDA 450G;PIECE;10.000;0;0;4;4
80073800;JELLY BEAN;BOITE;12.000;0;0;3;3
80073801;JELLY BEAN;CARTON;144.000;0;0;0,25;0,25
80073900;JELLY DOUBLE EYE 3D;BCL;22.000;0;0;0;0
80073901;JELLY DOUBLE EYE 3D;CARTON;264.000;0;0;0;0
80074000;JELLY DOUBLE EYE 3D en pcs;PCS;500;0;0;3;3
20074100;Jelly fruit en bocal 3*30pcs;BOITE;13.000;0;0;0;0
20074101;Jelly fruit en bocal 3*30pcs;CARTON;78.000;0;0;0;0
20074200;JELLY FRUIT EN BOCAL 30G*30PCS;BOITE;12.000;0;0;0;0
20074201;JELLY FRUIT EN BOCAL 30G*30PCS;CARTON;72.000;0;0;0;0
20074300;JELLY STICK;SACHET;18.000;0;0;0;0
20074400;Jelly_cup;PIECE;0;0;0;0;0
20074401;Jelly_cup;SACHET;9.500;0;0;0;0
20074500;JERYCAN VIDE 20L;PCS;2.000;0;0;0;0
220074600;Jojoba sara be;PIECES;150;0;0;4;4
220074601;Jojoba sara be;BAL;85.000;0;0;0,40;0,40
220074602;Jojoba sara be;PAQUET;8.500;0;0;0,01;0,01
50074700;JOLLY JUS;BOITE;20.000;0;0;0;0
50074701;JOLLY JUS;CARTON;121.000;0;0;0;0
20074800;JUMBO POULET;PIECE;300;0;0;0;0
20074801;JUMBO POULET;CARTON;315.000;0;0;0;0
20074802;JUMBO POULET;BOITE;13.500;0;0;0;0
50074900;JUMBO VIANDE;BOITE;13.000;0;0;6;6
50074901;JUMBO VIANDE;CARTON;312.000;0;0;0,25;0,25
20075000;JUMBO VOVONY POULET EN SHT*8G;PIECE;250;0;0;6;6
20075100;JUMP GM;SACHET;11.700;0;0;1;1
20075101;JUMP GM;BALLE;35.000;0;0;0,33;0,33
20075200;JUS;BTE;8.800;0;0;0;0
20075201;JUS;BALLE;210.000;0;0;0;0
20075202;JUS;CARTON;105.000;0;0;0;0
20075300;JUS BOCAL;BOCAL;10.000;0;0;0;0
20075301;JUS BOCAL;CARTON;120.000;0;0;0;0
80075400;JUS BRIQUET LIGHTER SPRAY CANDY;BTE;11.000;0;0;0;0
20075500;JUS CANETTE CAPRICE BBA 33CL;PIECE;2.000;0;0;16;16
20075501;JUS CANETTE CAPRICE BBA 33CL;PAQUET;48.000;0;0;0,67;0,67
20075600;JUS CANETTE CAPRICE ORANGE 33CL;PIECE;2.000;0;0;15;15
20075601;JUS CANETTE CAPRICE ORANGE 33CL;PAQUET;48.000;0;0;0,62;0,62
20075700;JUS EN BOUTEILLE;PIECE;1.200;0;0;0;0
20075701;JUS EN BOUTEILLE;CARTON;36.000;0;0;0;0
20075800;JUS EN CLARINETTE;PIECE;600;0;0;1;1
20075900;JUS EN POT;PIECE;600;0;0;1;1
20076000;JUS EN SACHET;PIECE;1.000;0;0;0;0
20076100;JUS FARAGELLO 200ML;PCS;1.500;0;0;2;2
20076200;Jus Golden;BOITE;9.000;0;0;0;0
20076300;Jus Golden cocktail;BOITE;9.000;0;0;0;0
20076400;Jus Golden coconut;BOITE;9.000;0;0;0;0
20076500;Jus Golden fraise;BOITE;9.000;0;0;0;0
20076600;Jus Golden lemon;BOITE;9.000;0;0;1;1
20076700;JUS MINA BANANA;BOITE;8.900;0;0;3;3
20076701;JUS MINA BANANA;CARTON;213.000;0;0;0,12;0,12
20076800;Jus mina cocktail;BOITE;8.900;0;0;3;3
20076801;Jus mina cocktail;CARTON;213.000;0;0;0,12;0,12
20076900;JUS MINA COCONUT;BOITE;8.900;0;0;10;10
20076901;JUS MINA COCONUT;CARTON;213.000;0;0;0,42;0,42
20077000;JUS MINA COLA;BOITE;8.900;0;0;2;2
20077001;JUS MINA COLA;CARTON;213.000;0;0;0,08;0,08
20077100;JUS MINA ORANGE;BOITE;8.900;0;0;3;3
20077101;JUS MINA ORANGE;CARTON;213.000;0;0;0,12;0,12
20077200;JUS PUPETTE;PIECE;1.000;0;0;0;0
20077201;JUS PUPETTE;PACQUET;5.500;0;0;0;0
20077202;JUS PUPETTE;CARTON;57.500;0;0;0;0
110077300;Jus samia cola;BOITE;8.000;0;0;0;0
20077400;Jus samia fraise;BOITE;8.000;0;0;0;0
20077500;Jus samia lemon;BOITE;8.000;0;0;0;0
20077600;Jus samia mandarine;BOITE;8.000;0;0;0;0
20077700;Jus samia orange;BOITE;8.000;0;0;0;0
20077800;JUS SHAMPART;BOITE;8.800;0;0;0;0
20077900;JUS ST W;BOITE;8.800;0;0;0;0
20078000;JUS TAMA;BOITE;8.500;0;0;0;0
50078100;JUS VALORE ORANGE;BOITE;8.000;0;0;0;0
20078200;KAFE;KAPOAKA;4.000;0;0;24;24
20078201;KAFE;KG;22.000;0;0;6;6
20078202;KAFE;SAC;1.000.000;0;0;0,12;0,12
20078300;KAFE 50KG;SAC;800.000;0;0;0;0
20078400;KAFEZA @ SACHET;SACHET;4.900;0;0;0;0
100078500;KALINA GM;BARRE;3.800;0;0;0;0
100078501;KALINA GM;CARTON;30.000;0;0;0;0
100078600;KALINA PM;BARRE;2.600;0;0;0;0
100078601;KALINA PM;CARTON;24.000;0;0;0;0
20078700;KANTO K12;CARTON;19.900;0;0;0;0
20078800;KANTO K5;PIECE;500;0;0;0;0
20078801;KANTO K5;CARTON;17.000;0;0;0;0
20078900;KANTO K6;CARTON;15.000;0;0;0;0
50079000;KATSAKA VAINGANY 50kg;SAC;99.000;0;0;0;0
20079100;KATSAKA VAINGANY EN KAPOAKA;KAPOAKA;550;0;0;187;187
20079101;KATSAKA VAINGANY EN KAPOAKA;SAC;109.000;0;0;0,98;0,98
50079200;Katsaka Voatoto vaovao 50kg;SAC;149.000;0;0;2;2
50079300;KATSAKA VOATOTO VAOVAO EN KAPOAKA;KAPOAKA;900;0;0;96;96
50079301;KATSAKA VOATOTO VAOVAO EN KAPOAKA;SAC;145.000;0;0;0,56;0,56
20079400;KEON;PIECE;2.800;0;0;109;109
20079401;KEON;SAC;56.000;0;0;5,45;5,45
20079500;KETCHUP EUROPA 340G;PIECES;5.000;0;0;0;0
50079600;Ketchup milana squeezy 340g;PCS;4.500;0;0;4;4
50079601;Ketchup milana squeezy 340g;CARTON;108.000;0;0;0,17;0,17
80079700;KFP BIG TOFFEE CHOCO 200P*12BOITE;BOCAL;14.000;0;0;15;15
80079701;KFP BIG TOFFEE CHOCO 200P*12BOITE;CARTON;168.000;0;0;1,25;1,25
80079800;KFP BIG TOFFEE COCONUT 200P;BOCAL;13.500;0;0;12;12
80079801;KFP BIG TOFFEE COCONUT 200P;CARTON;162.000;0;0;1;1
80079900;KFP BIG TOFFEE COCONUT 200P*12BOITE;BOCAL;13.500;0;0;0;0
80080000;KFP BIG TOFFEE STRAWBERRY 200P;BOCAL;13.500;0;0;11;11
80080001;KFP BIG TOFFEE STRAWBERRY 200P;CARTON;162.000;0;0;0,92;0,92
80080100;KFP FRUIT ROLL TOFFEE 200PCS;BOCAL;14.000;0;0;4;4
80080200;KFP TOFFEE GOLD 888;BOCAL;15.000;0;0;14;14
50080300;KFP TOFFEE WORLD FLAVOURED;BOCAL;13.500;0;0;0;0
80080400;KIDS JOY EN BOITE 12*33PCS;PCS;500;0;0;95;95
80080401;KIDS JOY EN BOITE 12*33PCS;BOITE;16.000;0;0;2,88;2,88
20080500;KIONG DARK SOY SAUCE 625ML;PIECE;11.500;0;0;22;22
20080501;KIONG DARK SOY SAUCE 625ML;CARTON;138.000;0;0;1,83;1,83
20080600;KIONG SAUCE HUITRES OYSTERS 700ML;PIECE;15.000;0;0;12;12
20080601;KIONG SAUCE HUITRES OYSTERS 700ML;CARTON;180.000;0;0;1;1
20080700;KIP COCO;PAQUET;7.000;0;0;0;0
20080701;KIP COCO;CARTON;56.000;0;0;0;0
20080800;KISO FOHY CROCODILE;PIECE;6.000;0;0;32;32
20080801;KISO FOHY CROCODILE;CARTON;288.000;0;0;0,67;0,67
20080900;KISO FOHY_DIAMANT;PIECE;6.500;0;0;0;0
20080901;KISO FOHY_DIAMANT;CARTON;312.000;0;0;0;0
20081000;KISO LAVA _DIAMANT;PIECE;7.500;0;0;0;0
20081001;KISO LAVA _DIAMANT;CARTON;360.000;0;0;0;0
20081100;KISO LAVA CROCODILE;PIECE;7.000;0;0;69;69
20081101;KISO LAVA CROCODILE;CARTON;336.000;0;0;1,44;1,44
20081200;KLASS;PIECE;1.500;0;0;0;0
20081300;KLIN en carton;CARTON;57.000;0;0;5;5
190081400;KLIN SMART BLEU 30ML;PIECE;400;0;0;29;29
190081500;KLIN SMART ROSE 30ML;PIECE;400;0;0;44;44
50081600;Koba aina banana 35g;PIECES;700;0;0;0;0
50081601;Koba aina banana 35g;CARTON;28.000;0;0;0;0
50081700;Koba aina fraise 35g;PIECES;700;0;0;0;0
50081701;Koba aina fraise 35g;CARTON;28.000;0;0;0;0
50081800;Koba aina moosli 25g;PIECE;800;0;0;4;4
50081801;Koba aina moosli 25g;CARTON;24.000;0;0;0,13;0,13
50081900;Koba aina nature 35g;PIECE;700;0;0;0;0
50081901;Koba aina nature 35g;CARTON;28.000;0;0;0;0
20082000;KOBAM-BARY 50KG;SAC;129.000;0;0;3;3
20082100;Kobam-bary en kilos;KG;2.600;0;0;4,70;4,70
20082101;Kobam-bary en kilos;SAC;134.000;0;0;0,09;0,09
20082200;KOPIKO;SACHET;5.500;0;0;17;17
20082201;KOPIKO;CARTON;150.000;0;0;0,71;0,71
20082300;KOPIKO CAFE BLACK 3 IN 1;PIECE;1.200;0;0;12;12
20082400;KOPIKO CAFE BROWN 3 IN 1;PIECE;1.200;0;0;15;15
20082500;KRAZY KREAMZ;PIECE;2.000;0;0;32;32
20082501;KRAZY KREAMZ;CARTON;96.000;0;0;0,67;0,67
10082600;Kreamy;PIECE;500;0;0;0;0
10083400;KREAMY'N;CARTON;0;0;0;0;0
10083401;KREAMY'N;SACHET;0;0;0;0;0
10083402;KREAMY'N;SACHET;7.500;0;0;0;0
10083403;KREAMY'N;CARTON;45.000;0;0;0;0
20083500;KREAMY'N KRUNCH;SACHET;7.500;0;0;3;3
20083501;KREAMY'N KRUNCH;CARTON;45.000;0;0;0,50;0,50
10083600;KREAMY'N KRUNCH EN PIECES;PIECES;500;0;0;1;1
20082700;KREAMY KRUNCH;BOITE;16.000;0;0;0;0
20082800;KREAMY MIX;BOITE;16.000;0;0;0;0
20082801;KREAMY MIX;CARTON;120.000;0;0;0;0
20082900;KREAMY MIX EN PCE;PIECE;500;0;0;0;0
20082901;KREAMY MIX EN PCE;PAQUET;19.000;0;0;0;0
10083000;Kreamy wafer biscuit;BOITE;16.000;0;0;0;0
20083100;KREAMY WAFER BISCUITS;BOITE;16.000;0;0;0;0
10083200;Kreamy wafer en paquet;PAQUET;4.000;0;0;0;0
10083300;Kreamy wafer en piece;PIECE;500;0;0;25;25
20083700;KRIK KRAK;SACHET;5.000;0;0;0;0
80083800;KWT DOUBLE DECKER;BOCAL;15.000;0;0;25;25
80083801;KWT DOUBLE DECKER;CARTON;0;0;0;3,12;3,12
80083900;KWT DOUBLE TROUFFLE COCONUT;BOCAL;15.000;0;0;5;5
80083901;KWT DOUBLE TROUFFLE COCONUT;CARTON;128.000;0;0;0,62;0,62
80084000;KWT DOUBLE TROUFFLE HAZELNUT EN BOCAL ORANGE;BOCAL;15.000;0;0;1;1
80084001;KWT DOUBLE TROUFFLE HAZELNUT EN BOCAL ORANGE;CARTON;128.000;0;0;0,12;0,12
80084100;KWT DOUBLE TROUFFLE MILK JAUNE;BOCAL;15.000;0;0;0;0
80084101;KWT DOUBLE TROUFFLE MILK JAUNE;CARTON;128.000;0;0;0;0
50084200;KWT TOFFE TRUFFLES 100 PCS;BOCAL;15.000;0;0;1;1
80084300;KWT TOFFEE FRUIT JAM DECKER 100PCS;BOCAL;15.000;0;0;5;5
20084400;LA VACHE QUI RIT 112G;BOITE;5.300;0;0;44;44
20084401;LA VACHE QUI RIT 112G;CARTON;190.000;0;0;1,22;1,22
20084500;LAME BIC;PIECE;2.000;0;0;55;55
20084501;LAME BIC;BOITE;39.000;0;0;2,75;2,75
20084600;LAME DORCO NEW PLATINUM ST300;PAQUET;17.000;0;0;0;0
20084700;LAME DORCO PLATINIUM EN PCE;PIECE;900;0;0;0;0
20084701;LAME DORCO PLATINIUM EN PCE;PAQUET;17.000;0;0;0;0
20084800;LAME DORCO SUPER SHARP;PAQUET;12.000;0;0;0;0
20084900;LAME DORCO TITAN SLT300;PCS;1.000;0;0;109;109
20084901;LAME DORCO TITAN SLT300;PQT;15.000;0;0;5,45;5,45
20085000;LAVE MAIN MIRA;PIECE;3.000;0;0;1;1
20085100;LAY SUPER MOUSTIQUAIRE;PIECE;4.900;0;0;0;0
20085200;Le fruit jus 150ml*30;PIECE;1.000;0;0;5;5
20085300;LE FRUIT JUS 1L;PIECES;5.500;0;0;3;3
20085301;LE FRUIT JUS 1L;CARTON;70.800;0;0;0,25;0,25
130085400;LEMON BUBBLE GUM EN BOCAL*115PCS;BOCAL;12.000;0;0;5;5
50085500;LEVURE CHIMIQUE JAUNE;PIECE;150;0;0;0;0
50085501;LEVURE CHIMIQUE JAUNE;CARTON;0;0;0;0;0
50085502;LEVURE CHIMIQUE JAUNE;PAQUET;3.000;0;0;0;0
20085600;LEVURE CHIMIQUE MENA;PIECE;350;0;0;454;454
20085601;LEVURE CHIMIQUE MENA;CARTON;102.400;0;0;28,38;28,38
20085602;LEVURE CHIMIQUE MENA;SACHET;6.400;0;0;1,42;1,42
20085700;LEVURE HASMAYA 500g;PIECE;13.000;0;0;19;19
20085701;LEVURE HASMAYA 500g;CARTON;260.000;0;0;0,95;0,95
20085800;LEVURE HASMAYA PM 125G*12BTE*3;PIECE;3.900;0;0;2;2
20085801;LEVURE HASMAYA PM 125G*12BTE*3;CARTON;140.000;0;0;0,67;0,67
20085802;LEVURE HASMAYA PM 125G*12BTE*3;BOITE;46.800;0;0;0,06;0,06
20085900;LEVURE IDEAL 125G;PIECE;3.900;0;0;0;0
20085901;LEVURE IDEAL 125G;CARTON;140.400;0;0;0;0
20085902;LEVURE IDEAL 125G;BOITE;46.800;0;0;0;0
20086000;LEVURE IDEAL GM 500g;PIECE;12.900;0;0;20;20
20086001;LEVURE IDEAL GM 500g;CARTON;258.000;0;0;1;1
20086100;LEVURE IDEAL PAIN 125G*12*2;PIECE;3.900;0;0;1;1
20086101;LEVURE IDEAL PAIN 125G*12*2;CARTON;93.600;0;0;0,50;0,50
20086102;LEVURE IDEAL PAIN 125G*12*2;BOITE;46.800;0;0;0,04;0,04
50086200;LIPSTICK CHOCO FLAVOR;BOITE;11.000;0;0;7;7
80086300;Lollipop bonjour chocolate;SACHET;8.500;0;0;0;0
80086301;Lollipop bonjour chocolate;CARTON;136.000;0;0;0;0
80086400;Lollipop bonjour milk;SACHET;8.500;0;0;1;1
80086401;Lollipop bonjour milk;CARTON;136.000;0;0;0,06;0,06
80086500;Lollipop cefa big bonbon;SACHET;8.500;0;0;0;0
80086501;Lollipop cefa big bonbon;CARTON;136.000;0;0;0;0
80086600;LOLLIPOP FROSTY BOCAL;PCS;300;0;0;210;210
80086601;LOLLIPOP FROSTY BOCAL;CARTON;108.000;0;0;35;35
80086602;LOLLIPOP FROSTY BOCAL;BOCAL;18.000;0;0;0,50;0,50
80086700;LOLLIPOP TIK TOK GUM STRAWBERRY 12G;SACHET;6.500;0;0;1;1
20086800;lollipops hard candies fruit;BOCAL;17.000;0;0;4;4
20086900;LOVE DROPS;SACHET;8.000;0;0;0;0
20086901;LOVE DROPS;CARTON;96.000;0;0;0;0
20087000;Love heart pop;SACHET;3.500;0;0;0;0
50087100;LOVE POP SUCETTE;SACHET;2.900;0;0;1;1
50087101;LOVE POP SUCETTE;CARTON;119.000;0;0;0,03;0,03
20087200;MABEL;PACQUET;4.500;0;0;0;0
20087201;MABEL;CARTON;54.000;0;0;0;0
20087300;Macaraonie francia spirale;SACHET;3.500;0;0;0;0
230087400;MACARONI ROSSINI FUSILLI 5KG;SAC;27.000;0;0;4;4
230087500;MACARONI ROSSINI SPIRAL 5KG;SAC;27.000;0;0;3;3
20087600;MACARONIE BAREA;SACHET;2.500;0;0;0;0
20087700;MACARONIE BELLA VITA FUSILI;SAC;27.000;0;0;11;11
20087800;MACARONIE BELLA VITA SPIRALE;SAC;27.000;0;0;12;12
50087900;Macaronie bella vita spirales 4kg;SAC;24.000;0;0;0;0
50088000;MACARONIE BON PASTA ELBOW;SAC;25.000;0;0;0;0
50088100;MACARONIE BON PASTA FUSILLI;SAC;25.000;0;0;0;0
230088200;MACARONIE CHAMPION FUSILI 5KG;SAC;27.000;0;0;4;4
230088300;MACARONIE CHAMPION SPIRALE 5KG;SAC;27.000;0;0;4;4
20088400;MACARONIE FRANCIA;SACHET;3.500;0;0;1;1
20088401;MACARONIE FRANCIA;CARTON;69.000;0;0;0,05;0,05
20088500;MACARONIE FRANCIA COQUILLETTES 500G*20;SACHET;3.500;0;0;0;0
20088600;Macaronie francia tortie 500g;SACHET;3.500;0;0;0;0
20088700;Macaronie francia vermicelle 500g;SACHET;3.500;0;0;4;4
230088800;MACARONIE FUSILI @KAPOAKA;KAPOAKA;700;0;0;47;47
20088900;Macaronie panzani fusilli 500g;SACHET;3.500;0;0;4;4
230089000;MACARONIE PANZANI SPIRAL 500G;SACHET;3.500;0;0;5;5
230089100;MACARONIE PASTALINO 5K DOUBLE TWISTE;SAC;27.000;0;0;4;4
230089200;MACARONIE PASTALINO 5K FUSILLI;SAC;27.000;0;0;4;4
20089300;MACARONIE ROSSINI;SACHET;2.700;0;0;0;0
20089400;MACARONIE ROSSINI FUSIL 500G;SACHET;3.200;0;0;0;0
20089500;MACARONIE ROSSINI SPIRAL 500G;SACHET;3.200;0;0;5;5
20089600;MACARONIE SPIRALE @KAPOAKA;KAPOAKA;700;0;0;30;30
20089700;MAEVA E20;PIECE;800;0;0;216;216
20089701;MAEVA E20;CARTON;20.000;0;0;6;6
240089800;MAEVA E20 PCS;PIECES;700;0;0;0;0
20089900;MAEVA M20;CARTON;24.000;0;0;13;13
20090000;MAEVA M27;CARTON;26.500;0;0;13;13
20090100;MAIS DOUX;BOITE;5.000;0;0;1;1
50090200;Mamangout cube boeuf;PAQUET;1.800;0;0;1;1
50090201;Mamangout cube boeuf;CARTON;144.000;0;0;0,50;0,50
50090202;Mamangout cube boeuf;BOITE;72.000;0;0;0,01;0,01
20090300;MAMANGOUT CUBE POULET;SACHET;1.700;0;0;145;145
20090301;MAMANGOUT CUBE POULET;CARTON;136.000;0;0;72,50;72,50
20090302;MAMANGOUT CUBE POULET;BOITE;68.000;0;0;1,81;1,81
50090400;MARGARINE JAD'OR 250G;PCS;4.200;0;0;13;13
50090401;MARGARINE JAD'OR 250G;CARTON;108.000;0;0;0,54;0,54
20090500;MARGARINE ULTRA 500G;PIECE;5.000;0;0;0;0
20090600;MARKER DOLLAR NOIR;PIECE;2.000;0;0;12;12
20090601;MARKER DOLLAR NOIR;BOITE;24.000;0;0;1;1
20090700;MARKER DOLLAR ROUGE;PIECE;2.000;0;0;17;17
20090701;MARKER DOLLAR ROUGE;BOITE;24.000;0;0;1,42;1,42
20090800;MARSHMALLOWS CHOCO SANDWICH 13G;PIECE;500;0;0;0;0
20090801;MARSHMALLOWS CHOCO SANDWICH 13G;SACHET;12.500;0;0;0;0
20090900;MARSHMALLOWS COLORED SANDWICH 13G;PIECE;500;0;0;0;0
20090901;MARSHMALLOWS COLORED SANDWICH 13G;SACHET;12.500;0;0;0;0
30091000;MATEZA;PIECE;0;0;0;0;0
30091001;MATEZA;PIECE;0;0;0;0;0
30091002;MATEZA;CARTON;0;0;0;0;0
30091003;MATEZA;CARTON;0;0;0;0;0
30091100;MATEZA M30 JAUNE;CARTON;42.000;0;0;18;18
20091200;MAXAM ALOE VERA 50G;PIECE;1.500;0;0;128;128
20091201;MAXAM ALOE VERA 50G;PAQUET;15.500;0;0;10,67;10,67
20091202;MAXAM ALOE VERA 50G;CARTON;372.000;0;0;0,44;0,44
20091300;MAXAM BLANCHEUR;PIECE;1.000;0;0;0;0
20091301;MAXAM BLANCHEUR;PAQUET;11.500;0;0;0;0
20091400;MAXAM CHARBON;PIECE;1.500;0;0;560;560
20091401;MAXAM CHARBON;PAQUET;15.500;0;0;46,67;46,67
20091402;MAXAM CHARBON;CARTON;372.000;0;0;1,94;1,94
20091500;MAXAM FLUOR 500G;PAQUET;13.900;0;0;0;0
20091600;MAXAM HERBAL;PIECE;1.600;0;0;173;173
20091601;MAXAM HERBAL;PACQUET;19.000;0;0;14,42;14,42
20091700;MAXAM KELY;PIECE;1.000;0;0;0;0
20091701;MAXAM KELY;PAQUET;0;0;0;0;0
20091800;MAXAM MENTHE;PIECE;1.000;0;0;0;0
20091801;MAXAM MENTHE;PAQUET;11.500;0;0;0;0
20091900;MAXAM MOUTHWASH 100G;PCS;2.500;0;0;0;0
20091901;MAXAM MOUTHWASH 100G;PQT;15.000;0;0;0;0
20092000;MAXAM SOURIRE;PIECE;1.000;0;0;0;0
20092001;MAXAM SOURIRE;PAQUET;11.500;0;0;0;0
20092100;MAXAM TRIPLE ACTION;PIECE;1.500;0;0;896;896
20092101;MAXAM TRIPLE ACTION;PACQUET;19.500;0;0;74,67;74,67
20092102;MAXAM TRIPLE ACTION;CARTON;468.000;0;0;3,11;3,11
20092200;MAXAM VITAMIN;PIECE;1.000;0;0;0;0
20092201;MAXAM VITAMIN;PAQUET;11.000;0;0;0;0
20092300;MAXAM VITAMINE;PIECE;1.000;0;0;0;0
20092301;MAXAM VITAMINE;PAQUET;11.000;0;0;0;0
20092400;MAYONNAISE LESIEUR 235G;PIECE;7.000;0;0;0;0
20092401;MAYONNAISE LESIEUR 235G;CARTON;85.000;0;0;0;0
50092500;Mayonnaise lesieur 475g;PIECE;12.500;0;0;0;0
50092501;Mayonnaise lesieur 475g;CARTON;150.000;0;0;0;0
50092600;Mayonnaise lesieur 710g;PIECE;18.000;0;0;0;0
50092601;Mayonnaise lesieur 710g;CARTON;216.000;0;0;0;0
240092700;MEAVA M27 EN PCS;PIECES;800;0;0;0;0
20092800;MENA;PIECE;0;0;0;0;0
20092801;MENA;PAQUET;0;0;0;0;0
20093000;MENA-BOLO GM;PIECE;5.500;0;0;0;0
20093001;MENA-BOLO GM;PACQUET;33.000;0;0;0;0
20093002;MENA-BOLO GM;CARTON;250.000;0;0;0;0
20092900;MENA BOLO GOLDY PM;PAQUET;14.500;0;0;0;0
220093100;Menabolo aloe vera family care 200g;PIECE;5.500;0;0;1;1
220093101;Menabolo aloe vera family care 200g;PAQUET;32.500;0;0;0,17;0,17
220093102;Menabolo aloe vera family care 200g;CARTON;260.000;0;0;0,02;0,02
220093200;Menabolo aloe vera family care 25g;PAQUET;14.000;0;0;9;9
220093201;Menabolo aloe vera family care 25g;CARTON;140.000;0;0;0,90;0,90
220093300;Menabolo aloe vera family care 50g;PAQUET;17.000;0;0;20;20
220093301;Menabolo aloe vera family care 50g;CARTON;170.000;0;0;2;2
220093400;MENABOLO AVOCAT ALOE VERA 200G;PIECE;5.500;0;0;11;11
220093401;MENABOLO AVOCAT ALOE VERA 200G;PACQUET;32.500;0;0;1,83;1,83
220093500;MENABOLO AVOCAT GM;PCS;5.500;0;0;16;16
220093501;MENABOLO AVOCAT GM;PACQUET;32.500;0;0;2,67;2,67
220093502;MENABOLO AVOCAT GM;CARTON;260.000;0;0;0,33;0,33
220093600;Menabolo baby care formula 55g;PAQUET;17.000;0;0;0;0
220093700;MENABOLO BABY CARE GMMM;PIECE;5.500;0;0;6;6
220093701;MENABOLO BABY CARE GMMM;PAQUET;32.500;0;0;1;1
220093800;MENABOLO BANANE 200G;PCS;5.500;0;0;0;0
220093801;MENABOLO BANANE 200G;PAQUET;32.500;0;0;0;0
220093900;Menabolo banane 50g;PAQUET;17.000;0;0;5;5
220093901;Menabolo banane 50g;CARTON;170.000;0;0;0,50;0,50
220094000;Menabolo baobab 50g;PAQUET;18.000;0;0;0;0
220094100;MENABOLO BEAUTY CARE ALOE VERA 200G;PCS;5.500;0;0;0;0
220094101;MENABOLO BEAUTY CARE ALOE VERA 200G;PAQUET;32.500;0;0;0;0
220094200;MENABOLO BEAUTY CARE ALOE VERA 50G;PAQUET;17.000;0;0;5;5
220094300;Menabolo beauty care avocat 50g;PAQUET;17.000;0;0;3;3
220094400;MENABOLO BEAUTY CARE CAROTTE 200G;PCS;5.500;0;0;0;0
220094401;MENABOLO BEAUTY CARE CAROTTE 200G;PACQUET;32.500;0;0;0;0
220094402;MENABOLO BEAUTY CARE CAROTTE 200G;CARTON;260.000;0;0;0;0
220094500;Menabolo beauty care carotte 50g;PIECE;1.600;0;0;192;192
220094501;Menabolo beauty care carotte 50g;CARTON;170.000;0;0;19,20;19,20
220094502;Menabolo beauty care carotte 50g;PAQUET;17.000;0;0;1,60;1,60
220094600;Menabolo beauty care jojoba 50g;PAQUET;17.000;0;0;1;1
220094700;MENABOLO BODY LUX 25G_;PACQUET;14.000;0;0;3;3
220094701;MENABOLO BODY LUX 25G_;CARTON;140.000;0;0;0,30;0,30
220094800;MENABOLO BODY LUX CHARMING 50G;PAQUET;17.000;0;0;14;14
220094801;MENABOLO BODY LUX CHARMING 50G;CARTON;140.000;0;0;1,40;1,40
220094900;MENABOLO BODY LUX DESIRE 50G;PACQUET;17.000;0;0;4;4
220095000;MENABOLO BODY LUX SWAHIBA 50G;PAQUET;17.000;0;0;10;10
220095001;MENABOLO BODY LUX SWAHIBA 50G;CARTON;170.000;0;0;1;1
220095100;Menabolo body lux_gm;PIECE;5.500;0;0;0;0
220095101;Menabolo body lux_gm;PAQUET;32.500;0;0;0;0
220095200;Menabolo body lux_pm;PAQUET;17.000;0;0;1;1
220095201;Menabolo body lux_pm;CARTON;170.000;0;0;0,10;0,10
220095300;MENABOLO BOSS 200G;PIECES;5.500;0;0;27;27
220095301;MENABOLO BOSS 200G;PAQUET;32.500;0;0;4,50;4,50
220095400;Menabolo boss 50g;PAQUET;17.000;0;0;0;0
220095500;Menabolo Boss gm;PAQUET;33.000;0;0;0;0
220095600;MENABOLO CAROTTE 200G;PIECES;5.500;0;0;1;1
220095601;MENABOLO CAROTTE 200G;PAQUET;32.500;0;0;0,17;0,17
220095602;MENABOLO CAROTTE 200G;CARTON;260.000;0;0;0,02;0,02
220095700;MENABOLO COCOA BUTTER 50G;PAQUET;17.000;0;0;9;9
220095701;MENABOLO COCOA BUTTER 50G;CARTON;170.000;0;0;0,90;0,90
220095800;MENABOLO COCOA BUTTER GM;PIECE;5.500;0;0;4;4
220095801;MENABOLO COCOA BUTTER GM;PAQUET;32.500;0;0;0,67;0,67
220095900;MENABOLO COCONUT GM;PIECE;5.500;0;0;42;42
220095901;MENABOLO COCONUT GM;PAQUET;32.500;0;0;7;7
220096000;MENABOLO COCONUT PM;PAQUET;17.000;0;0;3;3
220096100;MENABOLO DAY TODAY CAROTTE 50G;PACQUET;17.000;0;0;7;7
220096101;MENABOLO DAY TODAY CAROTTE 50G;CARTON;170.000;0;0;0,70;0,70
220096200;MENABOLO ELLA ALOEVERA 55G;PAQUET;17.000;0;0;5;5
220096201;MENABOLO ELLA ALOEVERA 55G;CARTON;170.000;0;0;0,50;0,50
220096300;MENABOLO ELLA PM 55G;PAQUET;17.000;0;0;4;4
220096301;MENABOLO ELLA PM 55G;CARTON;170.000;0;0;0,40;0,40
220096400;MENABOLO GM;PIECE;5.500;0;0;0;0
220096401;MENABOLO GM;PAQUET;33.000;0;0;0;0
220096500;MENABOLO GOLDY KINANA FAREHITRA;PCS;250;0;0;0;0
220096501;MENABOLO GOLDY KINANA FAREHITRA;PQT;5.000;0;0;0;0
220096600;MENABOLO GOLDY ORANGE AMANDES;PCS;250;0;0;100;100
220096601;MENABOLO GOLDY ORANGE AMANDES;PQT;5.000;0;0;5;5
220096700;MENABOLO GOLDY VERT JOJOBA;PCS;250;0;0;40;40
220096701;MENABOLO GOLDY VERT JOJOBA;PQT;5.000;0;0;2;2
220096800;MENABOLO GOLDY VERT KARITE;PCS;250;0;0;20;20
220096801;MENABOLO GOLDY VERT KARITE;PQT;5.000;0;0;1;1
220096900;Menabolo madame 25g;PAQUET;14.000;0;0;2;2
220096901;Menabolo madame 25g;CARTON;140.000;0;0;0,20;0,20
220097000;Menabolo madame desire 50g;PAQUET;17.000;0;0;6;6
220097001;Menabolo madame desire 50g;CARTON;170.000;0;0;0,60;0,60
220097100;MENABOLO MADAME GM;PIECE;5.500;0;0;1;1
220097101;MENABOLO MADAME GM;PAQUET;32.500;0;0;0,17;0,17
220097102;MENABOLO MADAME GM;CARTON;0;0;0;0,02;0,02
220097200;MENABOLO MADAME GOLD 25G;PACQUET;14.000;0;0;5;5
220097201;MENABOLO MADAME GOLD 25G;CARTON;140.000;0;0;0,50;0,50
220097300;MENABOLO MADAME PM;PIECE;1.500;0;0;48;48
220097301;MENABOLO MADAME PM;CARTON;170.000;0;0;4,80;4,80
220097302;MENABOLO MADAME PM;PAQUET;17.000;0;0;0,40;0,40
220097400;MENABOLO MALIKLA PM;PAQUET;18.000;0;0;0;0
220097401;MENABOLO MALIKLA PM;CARTON;180.000;0;0;0;0
220097500;Menabolo moringa young gm;PIECE;5.500;0;0;23;23
220097501;Menabolo moringa young gm;PAQUET;32.500;0;0;3,83;3,83
220097600;MENABOLO PM;PIECE;1.500;0;0;0;0
220097601;MENABOLO PM;PAQUET;18.000;0;0;0;0
220097700;MENABOLO PODOA GM;PIECE;5.500;0;0;1;1
220097701;MENABOLO PODOA GM;PAQUET;33.000;0;0;0,17;0,17
220097800;MENABOLO PODOA PM;PAQUET;18.000;0;0;0;0
220097801;MENABOLO PODOA PM;CARTON;190.000;0;0;0;0
220097900;MENABOLO SHEA BUTTER EN PIECE;PIECE;5.500;0;0;0;0
220098000;Menabolo shea butter gm;PAQUET;32.500;0;0;0;0
220098100;MENABOLO SHEA BUTTER PM 50G*12;PAQUET;17.000;0;0;10;10
220098101;MENABOLO SHEA BUTTER PM 50G*12;CARTON;170.000;0;0;1;1
220098200;MENABOLO SHEA COCOA GM;PIECE;5.500;0;0;48;48
220098201;MENABOLO SHEA COCOA GM;PAQUET;32.500;0;0;8;8
220098202;MENABOLO SHEA COCOA GM;CARTON;260.000;0;0;1;1
220098300;MENABOLO SKALA GM 200G;PIECES;5.500;0;0;16;16
220098301;MENABOLO SKALA GM 200G;PAQUET;32.500;0;0;2,67;2,67
220098302;MENABOLO SKALA GM 200G;CARTON;0;0;0;0,33;0,33
220098400;MENABOLO SKALA HERBAL 60ML;PAQUET;17.000;0;0;10;10
220098401;MENABOLO SKALA HERBAL 60ML;CARTON;170.000;0;0;1;1
220098500;Menabolo skala pm;PAQUET;17.000;0;0;0;0
220098600;MENABOLO STELLA 25G;PACQUET;14.000;0;0;4;4
220098601;MENABOLO STELLA 25G;CARTON;140.000;0;0;0,40;0,40
220098700;Menabolo stella gm;PIECES;5.500;0;0;20;20
220098701;Menabolo stella gm;PAQUET;33.000;0;0;3,33;3,33
220098702;Menabolo stella gm;CARTON;0;0;0;0,42;0,42
220098800;Menabolo stella pm;PIECE;1.600;0;0;120;120
220098801;Menabolo stella pm;CARTON;180.000;0;0;12;12
220098802;Menabolo stella pm;PAQUET;18.000;0;0;1;1
220098900;Menabolo vao coco;SACHET;3.500;0;0;10;10
220098901;Menabolo vao coco;CARTON;42.000;0;0;0,83;0,83
220099000;MENABOLO VESTLIN PM;PAQUET;17.000;0;0;0;0
220099100;MENABOLO VESTLIN POMMADE 25G;PACQUET;14.000;0;0;3;3
220099101;MENABOLO VESTLIN POMMADE 25G;CARTON;140.000;0;0;0,30;0,30
220099200;MENABOLO VESTLINE GARLIC GM 200G;PIECS;5.500;0;0;6;6
220099201;MENABOLO VESTLINE GARLIC GM 200G;PAQUET;32.500;0;0;1;1
220099202;MENABOLO VESTLINE GARLIC GM 200G;CARTONT;0;0;0;0,12;0,12
220099300;MENABOLO VESTLINE GM;PIECE;5.500;0;0;0;0
220099301;MENABOLO VESTLINE GM;PAQUET;32.500;0;0;0;0
220099400;MENABOLO VESTLINE HAIR FOOD AVOCADO 240ML;PIECE;5.500;0;0;4;4
220099401;MENABOLO VESTLINE HAIR FOOD AVOCADO 240ML;PACQUET;32.500;0;0;0,67;0,67
220099500;MENABOLO VESTLINE HAIRE POMMADE 60ML;PACQUET;19.000;0;0;8;8
220099501;MENABOLO VESTLINE HAIRE POMMADE 60ML;CARTON;190.000;0;0;0,80;0,80
220099600;Menabolo vestline pommade gm;PIECES;5.500;0;0;10;10
220099601;Menabolo vestline pommade gm;PAQUET;32.500;0;0;1,67;1,67
220099700;MENABOLO VIOCARE GM 200G;PIECES;5.500;0;0;9;9
220099701;MENABOLO VIOCARE GM 200G;PAQUET;32.500;0;0;1,50;1,50
220099702;MENABOLO VIOCARE GM 200G;CARTON;0;0;0;0,19;0,19
220099800;Menaka kinana papaye sara be;PCS;220;0;0;0;0
220099801;Menaka kinana papaye sara be;BALLE;44.000;0;0;0;0
220099802;Menaka kinana papaye sara be;PACQUET;4.400;0;0;0;0
220099900;Menaka kinana sara be;PCS;150;0;0;120;120
220099901;Menaka kinana sara be;BALLE;85.000;0;0;12;12
220099902;Menaka kinana sara be;PACQUET;8.500;0;0;0,20;0,20
20100000;MIKI BALLS KIDDIES BOCAL;BOCAL;8.700;0;0;0;0
20100100;MILANA POULET;BOITE;9.000;0;0;0;0
20100200;MILAY BE MINI BAR A FROMAGES 24PCS*10;SACHET;9.000;0;0;4;4
20100300;MILAY BE ROULEAU DE COQUILLAGE 24PCS*20;SACHET;9.000;0;0;4;4
20100400;MILK _ STICK;BOCAL;8.500;0;0;0;0
80100500;Milk Choco cube bocal;PCS;100;0;0;600;600
80100501;Milk Choco cube bocal;CARTON;180.000;0;0;50;50
80100502;Milk Choco cube bocal;BOCAL;13.000;0;0;0,25;0,25
80100600;MILK PASTE LIKME-LIKME;SACHET;4.500;0;0;6;6
80100700;MILKI BALLS KIDDIES 420G;BOCAL;17.500;0;0;1;1
50100800;Milky creamer monde 15g;PIECES;600;0;0;1;1
20100900;MIMI SNACKS;SACHET;5.500;0;0;0;0
10101000;MINI CHOCO;SACHET;3.500;0;0;147;147
10101001;MINI CHOCO;CARTON;126.000;0;0;4,08;4,08
10101100;MINI CHOCO 16 CARE;SACHET;8.000;0;0;2;2
10101101;MINI CHOCO 16 CARE;CARTON;96.000;0;0;0,17;0,17
10101200;Mini cracker cheese flavoured 227g;BOCAL;4.500;0;0;0;0
10101300;MINI CRACKER CHEESSE FLAVOURED TUB 227G;BOCAL;4.500;0;0;0;0
20101400;Mini jelly stick;BOITE;18.500;0;0;0;0
80101500;MINIONS JELLY SMALLONS FRUIT;SACHET;6.400;0;0;0;0
20101600;MIRA LIQUIDE VAISSELLE 750ML;PIECE;3.200;0;0;7;7
20101601;MIRA LIQUIDE VAISSELLE 750ML;CARTON;25.500;0;0;0,88;0,88
30101700;Mira maika assorti 1/4l;PCS;1.100;0;0;37;37
30101701;Mira maika assorti 1/4l;PAQUET;16.500;0;0;2,47;2,47
20101800;MIRA MAX ULTRA DEGRAISSANT 1 L;PIECE;3.500;0;0;13;13
20101801;MIRA MAX ULTRA DEGRAISSANT 1 L;CARTON;28.000;0;0;1,62;1,62
20101900;MIRA NETTOYANT WC 750ML;PIECE;7.500;0;0;0;0
20102000;MIRA VAISSELLE 500 ML PM;BOUTEILLE;2.200;0;0;3;3
20102001;MIRA VAISSELLE 500 ML PM;CARTON;33.000;0;0;0,20;0,20
20102100;MIRA VAISSELLE MAIKA 0.25cl;PIECE;1.100;0;0;40;40
20102101;MIRA VAISSELLE MAIKA 0.25cl;CARTON;33.000;0;0;1,33;1,33
20102200;MISTER BOOM;SACHET;4.200;0;0;20;20
20102201;MISTER BOOM;CARTON;67.200;0;0;1,25;1,25
130102300;MISTER BOOM ELASTICO;SHT;4.400;0;0;36;36
130102301;MISTER BOOM ELASTICO;CARTON;68.800;0;0;2,25;2,25
80102400;Mix fruit kiddo;SACHET;2.500;0;0;0;0
80102401;Mix fruit kiddo;CARTON;50.000;0;0;0;0
80102500;MIX FRUIT POP ROYALE;SACHET;2.500;0;0;0;0
80102501;MIX FRUIT POP ROYALE;CARTON;50.000;0;0;0;0
20102600;MOLFIX 10X7 N°5;PAQUET;7.000;0;0;0;0
20102700;MOLFIX CULOTTE MIDI 4 X31 PCES;PAQUET;25.000;0;0;0;0
20102701;MOLFIX CULOTTE MIDI 4 X31 PCES;BALLE;0;0;0;0;0
20102800;MOLFIX CULOTTES TWIN MAXI 4x32 n°4;PAQUET;30.000;0;0;1;1
20102801;MOLFIX CULOTTES TWIN MAXI 4x32 n°4;BALLE;120.000;0;0;0,25;0,25
20102900;MOLFIX JUNIOR 10X17 N°5 B;PIECE;1.000;0;0;0;0
20102901;MOLFIX JUNIOR 10X17 N°5 B;PAQUET;7.000;0;0;0;0
20103000;MOLFIX JUNIOR 4X30 N°5;PIECE;29.800;0;0;0;0
20103001;MOLFIX JUNIOR 4X30 N°5;BALLE;119.000;0;0;0;0
20103100;MOLFIX MIDI 10X9 N°3;PAQUET;7.200;0;0;0;0
20103101;MOLFIX MIDI 10X9 N°3;BALLE;72.000;0;0;0;0
20103200;MOLFIX PANTS CULOTTES MIDI 4X36 n°3;PAQUET;30.000;0;0;4;4
20103201;MOLFIX PANTS CULOTTES MIDI 4X36 n°3;BALLE;120.000;0;0;1;1
20103300;MOLFIX SMALL PANTS MAXI 8 X8 PCES;PAQUET;6.500;0;0;0;0
20103301;MOLFIX SMALL PANTS MAXI 8 X8 PCES;BALLE;52.000;0;0;0;0
20103400;MOLPED;PACQUET;2.500;0;0;0;0
70103500;Mosquito anita citronel;PAQUET;1.900;0;0;0;0
70103501;Mosquito anita citronel;BOITE;22.000;0;0;0;0
70103502;Mosquito anita citronel;CARTON;264.000;0;0;0;0
20103600;MOSQUITO ATTACK;BOITE;1.800;0;0;78;78
20103601;MOSQUITO ATTACK;CARTON;108.000;0;0;1,30;1,30
20103700;MOSQUITO BIG TOX;BOITE;900;0;0;0;0
20103701;MOSQUITO BIG TOX;CARTON;50.000;0;0;0;0
70103800;MOSQUITO FRANCE STICK;PACQUET;2.700;0;0;10;10
20103900;MOSQUITO FUMAKILA;BOITE;1.200;0;0;0;0
20103901;MOSQUITO FUMAKILA;CARTON;72.000;0;0;0;0
20104000;MOUCHOIR A JETER BLANC;PAQUET;3.200;0;0;8;8
20104100;MOUCHOIR A JETER FAMILIA;PAQUET;2.500;0;0;0;0
20104200;MOUCHOIR TOP;PAQUET;3.500;0;0;0;0
80104300;NECT CHOCO CARAMEL POP EN SHT;SACHET;5.000;0;0;0;0
80104400;Nect Yum yum orange 20*50pces;SACHET;2.500;0;0;0;0
80104401;Nect Yum yum orange 20*50pces;CARTON;50.000;0;0;0;0
20104500;NESCAFE CLASSIC EN BOCAL 50G;BOCAL;17.000;0;0;0;0
20104501;NESCAFE CLASSIC EN BOCAL 50G;CARTON;408.000;0;0;0;0
20104600;NESCAFE CLASSIC EN SACHET 1.5G;PIECE;300;0;0;25;25
20104601;NESCAFE CLASSIC EN SACHET 1.5G;PLAQUET;22.500;0;0;0,30;0,30
50104700;NESQUICK 420G;BOITE;25.000;0;0;0;0
20104800;NESQUIK 200G;PIECE;14.000;0;0;8;8
20104900;Nesquik 500g;BOCAL;22.000;0;0;0;0
20105000;NET'OI;PIECE;2.500;0;0;0;0
20105001;NET'OI;PACQUET;25.000;0;0;0;0
20105100;Nickel gel WC 500ml;PIECES;7.000;0;0;0;0
20105101;Nickel gel WC 500ml;PAQUET;105.000;0;0;0;0
20105200;Nickel lave sol 1l;PIECES;5.000;0;0;0;0
20105201;Nickel lave sol 1l;PAQUET;72.000;0;0;0;0
20105300;NICKEL LAVE VITRES 750ML;PCS;4.800;0;0;0;0
20105301;NICKEL LAVE VITRES 750ML;CARTON;72.000;0;0;0;0
20105400;NICKEL VAISSELLE 1l EN PIECE;PIECE;3.600;0;0;0;0
20105500;Nickel Vaisselle 1L verte;PIECE;3.800;0;0;11;11
20105501;Nickel Vaisselle 1L verte;PAQUET;45.600;0;0;0,73;0,73
30105600;NICKEL VAISSELLE 1L*12 JAUNE CITRON;PIECE;3.800;0;0;58;58
30105601;NICKEL VAISSELLE 1L*12 JAUNE CITRON;PACQUET;45.600;0;0;4,83;4,83
20105700;NICKEL VAISSELLE 500ML;PIECE;2.500;0;0;14;14
20105701;NICKEL VAISSELLE 500ML;PAQUET;30.000;0;0;1,17;1,17
20105800;Nosy b;PIECE;3.800;0;0;85;85
20105801;Nosy b;CARTON;102.000;0;0;3,15;3,15
100105900;NOSY B52 EN BARRE;BARRE;12.000;0;0;25;25
100105901;NOSY B52 EN BARRE;CARTON;144.000;0;0;2,08;2,08
20106000;NOSY CARRE;PIECE;2.500;0;0;0;0
20106001;NOSY CARRE;CARTON;59.000;0;0;0;0
20106100;NOSY CARRE P8P;PIECE;4.900;0;0;35;35
20106101;NOSY CARRE P8P;CARTON;117.000;0;0;1,46;1,46
20106200;NOSY KELLY;PIECE;1.600;0;0;154;154
20106201;NOSY KELLY;CARTON;115.200;0;0;2,14;2,14
20106300;NOSY MORCEAUX P3 18mx;PIECE;2.200;0;0;93;93
20106301;NOSY MORCEAUX P3 18mx;CARTON;39.600;0;0;5,17;5,17
20106400;NOUILLE 1 ER CHOIX;PIECE;4.500;0;0;0;0
20106500;Nouille presto 60pcs;CARTON;56.500;0;0;14;14
20106600;Nouille wana 80g;PIECE;900;0;0;0;0
20106601;Nouille wana 80g;CARTON;48.000;0;0;0;0
20106700;NOUILLES 138;PIECE;4.900;0;0;43;43
20106701;NOUILLES 138;CARTON;117.600;0;0;1,79;1,79
20106800;Nouilles 2x sukse's 115g en pcs;PIECES;2.000;0;0;149;149
20106801;Nouilles 2x sukse's 115g en pcs;CARTON;47.000;0;0;6,21;6,21
20106900;NOUILLES 2X SUKSES'S 115G;CARTON;46.000;0;0;0;0
20107000;NOUILLES HAKA;CARTON;35.000;0;0;0;0
20107100;NOUILLES ILLICO 60pcs;PIECE;0;0;0;60;60
20107101;NOUILLES ILLICO 60pcs;CARTON;51.500;0;0;1;1
20107200;NOUILLES PREMIER MILAY;CARTON;30.000;0;0;7;7
20107201;NOUILLES PREMIER MILAY;PIECE;800;0;0;7;7
20107300;NOUILLES PREMIER PRIX;CARTON;35.000;0;0;6;6
20107301;NOUILLES PREMIER PRIX;PIECE;900;0;0;6;6
20107400;NOUILLES PRESTO EN PIECE;PIECE;1.000;0;0;17;17
20107401;NOUILLES PRESTO EN PIECE;CARTON;59.000;0;0;0,28;0,28
20107500;NOUILLES SALONE MATSIRO 40pcs;PIECE;1.200;0;0;440;440
20107501;NOUILLES SALONE MATSIRO 40pcs;CARTON;39.000;0;0;11;11
20107600;NOUILLES SALONE NAKA;PIECE;0;0;0;360;360
20107601;NOUILLES SALONE NAKA;CARTON;36.000;0;0;9;9
20107700;NOUILLES SEDAAP KOREAN CHICKEN;PIECE;11.000;0;0;10;10
20107701;NOUILLES SEDAAP KOREAN CHICKEN;CARTON;87.000;0;0;1,25;1,25
20107800;NOUILLES SEDAAP SUPREME;PIECE;1.800;0;0;621;621
20107801;NOUILLES SEDAAP SUPREME;CARTON;70.000;0;0;15,53;15,53
20107900;NOUILLES SEDAAP SUPREME EN PIECE;PIECE;1.700;0;0;0;0
20107901;NOUILLES SEDAAP SUPREME EN PIECE;CARTON;68.000;0;0;0;0
20108000;NURSE 1-400G;BOITE;28.000;0;0;0;0
20108001;NURSE 1-400G;CARTON;0;0;0;0;0
50108100;Nurse 2 - 400g;BOITE;28.000;0;0;0;0
50108101;Nurse 2 - 400g;CARTON;0;0;0;0;0
80108200;NYRA BUTTER MAX CANDY;BOCAL;15.000;0;0;0;0
80108300;NYRA CHOCO CUBE;BOCAL;15.000;0;0;7;7
20108400;NYRA CHOCOLLAT VELVET TRUFFLES;BOITE;16.000;0;0;4;4
80108500;NYRA COCONUT CUBE;BCL;17.000;0;0;1;1
20108600;NYRA ELRO CHOCO 12BTE FISAKA;BOITE;14.000;0;0;4;4
80108700;NYRA ELRO MILK 24BOCAL MITSANGANA;BOCAL;11.000;0;0;3;3
20108800;NYRA ELRO PM CHOCO 24BOCAL MITSANGANA;BOCAL;11.000;0;0;4;4
80108900;NYRA F BON FROOTY;BOITE;13.000;0;0;0;0
20109000;NYRA FRUIT BURST ASS 12*200PCS;BOCAL;13.500;0;0;5;5
80109100;NYRA ROYALE CREME CANDY 12 JAR;BCL;15.000;0;0;0;0
80109200;NYRA SWISSLAND 125PCS;BOCAL;17.000;0;0;2;2
80109300;NYRA TOFFILO 100P*20;SACHET;3.500;0;0;5;5
80109400;NYRA VALENTINE 150PCS;BOCAL;22.000;0;0;7;7
80109500;NYRA YOGI YOGI 50P;SACHET;2.800;0;0;8;8
50109600;OK FOOTBALL CHOCOLATE*100 PCS;BOCAL;9.000;0;0;0;0
50109700;OK ICE SWEET 30PQT;SACHET;4.900;0;0;10;10
20109800;OXYDE DE FER;KG;2.000;0;0;0;0
80109900;PAIL CANDY;PAQUET;10.000;0;0;4;4
20110000;PAILLE DE FER;PIECE;300;0;0;20;20
20110001;PAILLE DE FER;PACQUET;1.700;0;0;2;2
20110100;PAMPERS N°3 CULOTTE MIDI;PAQUET;37.000;0;0;0;0
20110200;PAMPERS N°4 (4X32);PAQUET;37.000;0;0;0;0
20110300;PAPIER DOLPHIN A4;PAQUET;22.000;0;0;0;0
20110301;PAPIER DOLPHIN A4;CARTON;110.000;0;0;0;0
20110400;PAPIER IK COPY A4;RAM;23.000;0;0;5;5
20110401;PAPIER IK COPY A4;CARTON;115.000;0;0;1;1
20110500;PAPIER VELIN;PAQUET;23.000;0;0;0;0
20110501;PAPIER VELIN;CARTON;110.000;0;0;0;0
20110600;PARFUM;PIECE;2.000;0;0;0;0
20110601;PARFUM;PACQUET;24.000;0;0;0;0
20110700;Parfum Vanille;PIECE;2.000;0;0;0;0
20110701;Parfum Vanille;PAQUET;24.000;0;0;0;0
50110800;PARFUNE COCONUT FORTUNE 28ML;PCS;2.000;0;0;0;0
50110801;PARFUNE COCONUT FORTUNE 28ML;PQT;24.000;0;0;0;0
120110900;PATAPON BLEU COUCHE I9 (9-18KG);PQT;5.800;0;0;0;0
120110901;PATAPON BLEU COUCHE I9 (9-18KG);BAL;139.200;0;0;0;0
120111000;PATAPON GM;PACQUET;21.000;0;0;0;0
120111001;PATAPON GM;BALLE;168.000;0;0;0;0
120111100;PATAPON MAXI L28 9-18KG;PAQUET;18.000;0;0;3;3
120111101;PATAPON MAXI L28 9-18KG;BALLE;144.000;0;0;0,38;0,38
120111200;PATAPON MIDI M30 1-11KG;PAQUET;18.000;0;0;4;4
120111201;PATAPON MIDI M30 1-11KG;BALLE;144.000;0;0;0,50;0,50
120111300;PATAPON NEW BORN*22 (2-5KG);PAQUET;11.500;0;0;8;8
120111301;PATAPON NEW BORN*22 (2-5KG);BALL;92.000;0;0;1;1
120111400;PATAPON PM;PACQUET;5.000;0;0;0;0
20111500;pate APOLLO;CARTON;32.000;0;0;0;0
50111600;Pate egg noodle 400g red river;PIECE;6.500;0;0;0;0
50111700;Pate nouille aux oeufs 250g 1ere choix;PIECE;4.000;0;0;3;3
20111800;PDR JUS POP DRINK FRAISE ORANGE VIMTO;PACQUET;25.000;0;0;0;0
80111900;PE ICE CREAM MAMA TIK TOK POP 100P *12AG;BOCAL;12.000;0;0;5;5
20112000;PECTO BE;SACHET;4.500;0;0;13;13
20112001;PECTO BE;CARTON;72.000;0;0;0,81;0,81
20112100;PECTO PM;PIECE;100;0;0;4.699;4.699
20112101;PECTO PM;SACHET;2.600;0;0;93,98;93,98
20112102;PECTO PM;SAC;208.000;0;0;1,17;1,17
80112200;PEN FINGER HARD CANDY 3G;PQT;12.000;0;0;0;0
20112300;PERFIT;PIECE;3.900;0;0;25;25
20112301;PERFIT;CARTON;140.000;0;0;0,69;0,69
20112400;PETROL 240 L;LITRE;3.000;0;0;0;0
20112401;PETROL 240 L;TONNEL;720.000;0;0;0;0
20112500;PETROLE 250l;LITRE;4.200;0;0;267,50;267,50
20112501;PETROLE 250l;TONNELET;1.050.000;0;0;1,07;1,07
20112600;Pile champion r6*25;BOITE;6.000;0;0;0;0
20112601;Pile champion r6*25;CARTON;140.000;0;0;0;0
170112700;PILE DURATEC R20;BTE;15.900;0;0;24;24
170112800;PILE DURATEC R6;BTE;8.000;0;0;0;0
170112900;PILE ENERGY GM;BOITE;13.000;0;0;11;11
170112901;PILE ENERGY GM;CARTON;312.000;0;0;0,46;0,46
170113000;Pile energy pm;BOITE;9.900;0;0;9;9
170113001;Pile energy pm;CARTON;237.000;0;0;0,36;0,36
20113100;PISTASY;KAPOAKA;0;0;0;25;25
20113101;PISTASY;SAC;0;0;0;0,11;0,11
50113200;PISTASY AVARATRA 200 KAPOAKA;KAPOAKA;1.000;0;0;0;0
50113201;PISTASY AVARATRA 200 KAPOAKA;SAC;219.000;0;0;0;0
20113300;PISTASY EN KAPOAKA;KAPOAKA;1.000;0;0;0;0
20113400;PISTASY MENA 25KG;SAC;109.000;0;0;0;0
20113500;PISTASY MENA KELY 50KG;SAC;195.000;0;0;0;0
20113600;PISTASY VAOVAO;SAC;0;0;0;0;0
20113700;PIZZA JELLY STRAWBERRY;PIECE;500;0;0;99;99
20113701;PIZZA JELLY STRAWBERRY;BOITE;15.000;0;0;3,30;3,30
20113800;POINTE;KG;8.000;0;0;0;0
20113801;POINTE;CARTON;148.000;0;0;0;0
20113802;POINTE;BOITE;37.000;0;0;0;0
20113900;POINTE 100X20 en kg;KG;8.000;0;0;1,90;1,90
20113901;POINTE 100X20 en kg;CARTON;148.000;0;0;0,47;0,47
20113902;POINTE 100X20 en kg;BOITE;37.000;0;0;0,10;0,10
20114000;POINTE 100X21 en kg;KG;8.000;0;0;0;0
20114001;POINTE 100X21 en kg;CARTON;148.000;0;0;0;0
20114002;POINTE 100X21 en kg;BOITE;37.000;0;0;0;0
20114100;POINTE 120X21 EN KG;KG;8.000;0;0;2,60;2,60
20114101;POINTE 120X21 EN KG;CARTON;148.000;0;0;0,65;0,65
20114102;POINTE 120X21 EN KG;BOITE;37.000;0;0;0,13;0,13
20114200;POINTE 30X13 de 20kg;KG;8.000;0;0;3,30;3,30
20114201;POINTE 30X13 de 20kg;CARTON;148.000;0;0;0,82;0,82
20114202;POINTE 30X13 de 20kg;BOITE;37.000;0;0;0,16;0,16
20114300;POINTE 40X14 EN KG;KG;8.000;0;0;6,60;6,60
20114301;POINTE 40X14 EN KG;CARTON;148.000;0;0;1,65;1,65
20114302;POINTE 40X14 EN KG;BOITE;37.000;0;0;0,33;0,33
20114400;POINTE 50X16 EN KG;KG;8.000;0;0;3,70;3,70
20114401;POINTE 50X16 EN KG;CARTON;148.000;0;0;0,93;0,93
20114402;POINTE 50X16 EN KG;BOITE;37.000;0;0;0,18;0,18
20114500;POINTE 50X18 EN KG;KG;8.000;0;0;2,10;2,10
20114501;POINTE 50X18 EN KG;CARTON;148.000;0;0;0,53;0,53
20114502;POINTE 50X18 EN KG;BOITE;37.000;0;0;0,11;0,11
20114600;POINTE 60X17 EN KG;KG;8.000;0;0;5,10;5,10
20114601;POINTE 60X17 EN KG;CARTON;148.000;0;0;1,27;1,27
20114602;POINTE 60X17 EN KG;BOITE;37.000;0;0;0,26;0,26
20114700;POINTE 60X20 EN KG;KG;8.000;0;0;0,50;0,50
20114701;POINTE 60X20 EN KG;CARTON;148.000;0;0;0,12;0,12
20114702;POINTE 60X20 EN KG;BOITE;37.000;0;0;0,03;0,03
20114800;POINTE 70X18 EN KG;KG;8.000;0;0;2,80;2,80
20114801;POINTE 70X18 EN KG;CARTON;148.000;0;0;0,70;0,70
20114802;POINTE 70X18 EN KG;BOITE;37.000;0;0;0,14;0,14
20114900;POINTE 80X19 EN KG;KG;8.000;0;0;4,30;4,30
20114901;POINTE 80X19 EN KG;CARTON;148.000;0;0;1,07;1,07
20114902;POINTE 80X19 EN KG;BOITE;37.000;0;0;0,21;0,21
20115000;Pointe 90x20 en kg;KG;8.000;0;0;4,60;4,60
20115001;Pointe 90x20 en kg;CARTON;148.000;0;0;1,15;1,15
20115002;Pointe 90x20 en kg;BOITE;37.000;0;0;0,23;0,23
20115100;POINTE A TOLE;KG;10.000;0;0;40;40
20115101;POINTE A TOLE;CARTON;200.000;0;0;2;2
20115200;POIVRE DOYPACK EN SACHET 30G;PIECE;1.400;0;0;93;93
20115201;POIVRE DOYPACK EN SACHET 30G;SACHET;27.000;0;0;4,65;4,65
20115300;POIVRE ETUI 30G;PIECE;1.000;0;0;160;160
20115301;POIVRE ETUI 30G;BALLE;220.000;0;0;16;16
20115302;POIVRE ETUI 30G;PACQUET;27.000;0;0;0,80;0,80
20115400;Poivre moulu doypack sachet 30g;SACHET;0;0;0;0;0
20115500;POT YAOURT;PAQUET;10.000;0;0;1;1
20115600;POT YAOURT H (couleur);PAQUET;12.000;0;0;0;0
20115700;POT YAOURT MADA;PAQUET;9.000;0;0;5;5
20115800;Potata 15g;PIECE;600;0;0;0;0
20115801;Potata 15g;BOITE;30.000;0;0;0;0
20115802;Potata 15g;PAQUET;6.000;0;0;0;0
20115900;POTATA 15GG;PAQUET;7.200;0;0;0;0
20115901;POTATA 15GG;BOITE;36.000;0;0;0;0
20116000;POTATA 80g;SACHET;2.500;0;0;0;0
20116100;Potata 80g*48;PIECE;2.500;0;0;47;47
20116101;Potata 80g*48;CARTON;120.000;0;0;0,98;0,98
10116200;POTATA BAR-B-QUE 75G;PIECE;3.000;0;0;44;44
10116201;POTATA BAR-B-QUE 75G;CARTON;140.000;0;0;0,92;0,92
10116300;Potata onion 75G;PIECE;3.000;0;0;0;0
10116301;Potata onion 75G;CARTON;140.000;0;0;0;0
20116400;Potata spicy 100g*48;PIECE;3.000;0;0;48;48
20116401;Potata spicy 100g*48;CARTON;140.000;0;0;1;1
10116500;POTATO CHIPZ PIZZA ADORO 75G;PIECE;1.800;0;0;0;0
10116501;POTATO CHIPZ PIZZA ADORO 75G;CARTON;43.200;0;0;0;0
50116600;poudre ronono 1/2 KG EN SACHET [lactimilk];SACHET;14.000;0;0;0;0
190116700;POUDRE SAVON ARIEL FLORAL 500G;PIECE;8.300;0;0;1;1
190116800;POUDRE SAVON ARIEL LAVENDER 500G;PIECE;8.300;0;0;1;1
190116900;POUDRE SAVON ARIEL SPRING 500G;PCS;8.300;0;0;2;2
190117000;poudre savon B29 30gr;SAC;37.000;0;0;5;5
20117100;POUDRE SAVON BERYL;PIECE;250;0;0;0;0
20117101;POUDRE SAVON BERYL;CARTON;29.000;0;0;0;0
190117200;POUDRE SAVON SPECIAL BLEU;SAC;37.000;0;0;0;0
190117300;POUDRE VAO LEMON VERT 30G;CARTON;40.000;0;0;14;14
190117400;Poudre Vao line BLEU ORIGINAL 30g;CARTON;40.000;0;0;9;9
190117500;POUDRE VAO LINE ORANGE EXOTIQUE 30G;CARTON;40.000;0;0;12;12
190117600;POUDRE VAO LINE ROSE FLORAL 30G;CARTON;40.000;0;0;18;18
190117700;POUDRE VAO LINE VIOLET LAVANDE 30G;CARTON;40.000;0;0;7;7
20117800;PRINCE FOURRE 130G*20;PIECE;2.500;0;0;0;0
20117801;PRINCE FOURRE 130G*20;CARTON;49.000;0;0;0;0
20117900;PRINCE FOURRE VANILLE 130G*20;PIECE;2.500;0;0;0;0
20117901;PRINCE FOURRE VANILLE 130G*20;CARTON;49.000;0;0;0;0
20118000;PRINCE POCHON 60G*35;PIECE;1.200;0;0;0;0
20118001;PRINCE POCHON 60G*35;CARTON;42.000;0;0;0;0
80118100;PRINCESS *18X30;PCS;500;0;0;182;182
80118101;PRINCESS *18X30;CARTON;216.000;0;0;10,11;10,11
80118102;PRINCESS *18X30;SACHET;12.000;0;0;0,34;0,34
50118200;PROBO(KATSAKA NOTOTONA);PIECES;5.000;0;0;0;0
250118300;Provende chaire demarrage ld en kg;KG;4.000;0;0;91;91
250118301;Provende chaire demarrage ld en kg;SAC;199.000;0;0;1,82;1,82
250118400;Provende chaire finition ld en kg;KG;3.800;0;0;56;56
250118401;Provende chaire finition ld en kg;SAC;188.000;0;0;1,12;1,12
250118500;PROVENDE CROISSANCE POISSON INTENSIF;KILOS;6.000;0;0;21;21
250118600;PROVENDE CROISSANCE POISSON INTENSIF 25KG;EN KG;6.000;0;0;0;0
250118601;PROVENDE CROISSANCE POISSON INTENSIF 25KG;SAC;150.000;0;0;0;0
250118700;Provende fermier demarrage;KG;3.700;0;0;37;37
250118701;Provende fermier demarrage;SAC;184.000;0;0;0,74;0,74
250118800;Provende fermier finition;KG;3.500;0;0;62;62
250118801;Provende fermier finition;SAC;161.000;0;0;1,24;1,24
250118900;PROVENDE POISSON DEMARRAGE INTENSIF;KG;6.000;0;0;15;15
250118901;PROVENDE POISSON DEMARRAGE INTENSIF;SAC;149.000;0;0;0,60;0,60
20119000;PUB G GUN BOCAL;PCS;400;0;0;120;120
20119001;PUB G GUN BOCAL;BOCAL;23.000;0;0;2;2
30119100;PUR'O IMPEC 150ML;PIECE;1.000;0;0;34;34
80119200;PURE GOLD KHAZANA;PCS;500;0;0;0;0
80119201;PURE GOLD KHAZANA;CARTON;261.000;0;0;0;0
80119202;PURE GOLD KHAZANA;SACHET;14.500;0;0;0;0
80119300;RAJSI FRUBON ROLL EN BOCAL 200PCS;BOCAL;15.000;0;0;2;2
80119400;RAJSI KULFI MILK 200PCS;BOCAL;15.000;0;0;0;0
80119500;RAJSI STRAWBERRY ROLL 200PCS;BOCAL;15.000;0;0;2;2
80119600;RAJSI SUPER STAR CARAMEL 200PCS;BOCAL;15.000;0;0;0;0
80119700;RAJSI TRUFFLES COCO 100PCS;BOCAL;18.000;0;0;2;2
80119800;RAJSI TRUFFLES MILK 100PCS;BOCAL;18.000;0;0;0;0
20119900;RAMBO CHOCOLATE 5G;PAQUET;17.000;0;0;0;0
50120000;RANO VISY;PIECE;4.000;0;0;0;0
50120001;RANO VISY;PAQUET;29.000;0;0;0;0
20120100;RANO VISY |;PIECE;4.000;0;0;0;0
20120101;RANO VISY |;PAQUET;29.000;0;0;0;0
20120200;RASOIR BIC;PIECE;950;0;0;299;299
20120201;RASOIR BIC;CARTON;95.000;0;0;2,99;2,99
20120300;Rasoir dorco double;PIECES;500;0;0;111;111
20120301;Rasoir dorco double;BOITE;40.000;0;0;13,88;13,88
20120302;Rasoir dorco double;PAQUET;0;0;0;1,39;1,39
20120303;Rasoir dorco double;CARTON;480.000;0;0;0,12;0,12
20120400;RASOIR DORCO EN PQT;PAQUET;6.000;0;0;0;0
20120500;RASOIR DORCO SIMPLE;BOITE;27.500;0;0;0;0
20120501;RASOIR DORCO SIMPLE;CARTON;497.000;0;0;0;0
20120600;RASOIR DORCO SIMPLE EN PCS;PIECES;580;0;0;0;0
20120700;RASOIR SUPER MAX;PIECE;700;0;0;0;0
20120701;RASOIR SUPER MAX;CARTON;84.000;0;0;0;0
20120800;RASOIRDORCODOUBLE;BOITE;40.000;0;0;0;0
20120801;RASOIRDORCODOUBLE;CARTON;480.000;0;0;0;0
10120900;REAL CREAM BISCUITS MERCI;PIECES;800;0;0;0;0
10120901;REAL CREAM BISCUITS MERCI;CARTON;19.000;0;0;0;0
20121000;RICH BITE PREMIUM BOCALE;PCS;200;0;0;0;0
20121001;RICH BITE PREMIUM BOCALE;BOCAL;9.500;0;0;0;0
20121100;Ringos;SACHET;5.500;0;0;0;0
20121200;ROBIN;SACHET;9.900;0;0;11;11
20121201;ROBIN;CARTON;198.000;0;0;0,55;0,55
260121300;Ronono barea gm;BOITE;12.000;0;0;82;82
260121301;Ronono barea gm;CARTON;288.000;0;0;3,42;3,42
260121400;RONONO BAREA PM;BOITE;5.000;0;0;38;38
260121401;RONONO BAREA PM;CARTON;240.000;0;0;0,79;0,79
20121500;RONONO CAPITAL GM;PIECE;9.400;0;0;0;0
20121501;RONONO CAPITAL GM;CARTON;225.000;0;0;0;0
260121600;RONONO CEBON GM;BOITE;11.900;0;0;168;168
260121601;RONONO CEBON GM;CARTON;285.600;0;0;7;7
260121700;ronono cebon pm;BOITE;6.000;0;0;0;0
260121701;ronono cebon pm;CARTON;388.000;0;0;0;0
20121800;RONONO CHAMPION PM;PIECE;5.500;0;0;0;0
20121801;RONONO CHAMPION PM;CARTON;264.000;0;0;0;0
20121900;RONONO DYANAS PM;BOITE;2.700;0;0;0;0
20121901;RONONO DYANAS PM;CARTON;129.000;0;0;0;0
20122000;RONONO ELVIA GM;PIECE;10.900;0;0;0;0
20122001;RONONO ELVIA GM;CARTON;261.000;0;0;0;0
260122100;RONONO ELVIA PM;BOITE;4.700;0;0;0;0
260122101;RONONO ELVIA PM;CARTON;225.000;0;0;0;0
260122200;RONONO EVITA EN BOITE PM;PIECE;5.600;0;0;34;34
260122201;RONONO EVITA EN BOITE PM;CARTON;134.400;0;0;1,42;1,42
20122300;RONONO GENIE GM;PIECE;9.900;0;0;0;0
20122301;RONONO GENIE GM;CARTON;237.000;0;0;0;0
260122400;RONONO LUCKY COW PM;PCS;5.000;0;0;0;0
260122401;RONONO LUCKY COW PM;CARTON;240.000;0;0;0;0
20122500;RONONO MAMA GM;PIECE;10.000;0;0;0;0
20122501;RONONO MAMA GM;CARTON;240.000;0;0;0;0
20122600;RONONO MAMA PM;PIECE;4.500;0;0;0;0
20122601;RONONO MAMA PM;CARTON;216.000;0;0;0;0
20122700;RONONO POUDRE FONTERA 1/2KG;SACHET;17.000;0;0;9;9
20122800;RONONO PPM;BOITE;3.200;0;0;0;0
20122801;RONONO PPM;CARTON;153.000;0;0;0;0
260122900;Ronono shasa gm;BTE;11.000;0;0;0;0
260122901;Ronono shasa gm;CARTON;264.000;0;0;0;0
50123000;Ronono Socolait pm;PIECE;6.000;0;0;55;55
50123001;Ronono Socolait pm;CARTON;288.000;0;0;1,15;1,15
260123100;RONONO TOPLE PM;PIECE;6.000;0;0;0;0
260123101;RONONO TOPLE PM;CARTON;288.000;0;0;0;0
260123200;Ronono white gold pm;BOITE;4.900;0;0;0;0
260123201;Ronono white gold pm;CARTON;235.200;0;0;0;0
260123300;RONONO YAMA GM 1KG*24;PIECE;12.500;0;0;20;20
260123301;RONONO YAMA GM 1KG*24;CARTON;300.000;0;0;0,83;0,83
260123400;RONONO YAMA PM 390G;BOITE;5.500;0;0;48;48
260123401;RONONO YAMA PM 390G;CARTON;264.000;0;0;1;1
50123500;RONONOELVIA;BOITE;2.900;0;0;0;0
50123501;RONONOELVIA;CARTON;139.000;0;0;0;0
50123600;RONONOELVIAPM;BOITE;0;0;0;0;0
50123601;RONONOELVIAPM;CARTON;0;0;0;0;0
190123700;Saba bleu 25g;SAC;36.000;0;0;14;14
190123800;SABA CITRON 25G;SAC;36.000;0;0;18;18
190123900;SABA FLORAL 25G;SAC;36.000;0;0;18;18
20124000;Sac vide 1,20m;PIECE;2.800;0;0;0;0
20124100;Sac vide 1,40m;PIECE;2.800;0;0;0;0
20124200;SAC VIDE GM 250 kg;PIECE;2.900;0;0;0;0
20124300;Sac vide gm Matoa 250kg;PIECE;3.000;0;0;34;34
20124400;SAC VIDE PM 60 KG;PIECE;1.800;0;0;34;34
20124500;SACHET BEST PRICE;PIECE;450;0;0;78;78
20124501;SACHET BEST PRICE;BALLE;230.000;0;0;7,80;7,80
20124502;SACHET BEST PRICE;PAQUET;22.500;0;0;0,16;0,16
20124600;SACHET BEST PRICE GM 80CM*500;PCS;1.000;0;0;113;113
20124601;SACHET BEST PRICE GM 80CM*500;PQT;50.000;0;0;2,26;2,26
20124700;SACHET HIPPER LE MAGINFIQUE;PIECE;500;0;0;0;0
20124701;SACHET HIPPER LE MAGINFIQUE;PAQUET;16.000;0;0;0;0
20124800;Sachet moyenne;PIECE;300;0;0;270;270
20124801;Sachet moyenne;PAQUET;12.500;0;0;5,40;5,40
20124900;SACHET OISEAU;PIECE;16.000;0;0;0;0
20125000;SACHET PM;PAQUET;3.500;0;0;0;0
20125100;Sachet pm couleur;PAQUET;3.400;0;0;2;2
20125200;Sachet pm f49;PAQUET;5.500;0;0;2;2
20125300;SACHET PM H20;PAQUET;3.400;0;0;0;0
20125400;Sachet pm noire hd20;PAQUET;3.500;0;0;0;0
20125500;Sachet pm trasparent hd15;PAQUET;2.500;0;0;0;0
20125600;Sachet rose mm;PIECES;400;0;0;13;13
20125601;Sachet rose mm;PAQUET;12.000;0;0;0,52;0,52
20125700;SACHET SOUS VIDE;PIECE;1.700;0;0;66;66
20125701;SACHET SOUS VIDE;PACQUET;850.000;0;0;1,32;1,32
20125800;SACHET TAVARATRA;PIECE;500;0;0;0;0
20125801;SACHET TAVARATRA;PAQUET;17.000;0;0;0;0
20125900;Sachet vorombola gm;PIECES;500;0;0;0;0
20125901;Sachet vorombola gm;PAQUET;12.500;0;0;0;0
20126000;SAF INSTANT 500G;BOITE;16.500;0;0;5;5
20126100;Saf instant rouge 11g;PIECE;900;0;0;2.691;2.691
20126101;Saf instant rouge 11g;CARTON;0;0;0;179,40;179,40
20126102;Saf instant rouge 11g;PAQUET;0;0;0;1,00;1,00
20126200;SALONE CAFE 20G*30PCS;PIECE;900;0;0;202;202
20126201;SALONE CAFE 20G*30PCS;SAC;510.000;0;0;10,10;10,10
20126202;SALONE CAFE 20G*30PCS;PAQUET;25.500;0;0;0,34;0,34
20126300;SALONE CAFE 30G*20PCS;PIECE;1.300;0;0;231;231
20126301;SALONE CAFE 30G*20PCS;PAQUET;26.000;0;0;11,55;11,55
20126302;SALONE CAFE 30G*20PCS;SAC;520.000;0;0;0,58;0,58
20126400;SALTO CHIPS 3D;SACHET;12.000;0;0;0;0
20126500;SALTO CHIPS 3D EN PIECE;PIECE;1.500;0;0;0;0
20126600;SALTO CHIPS CHILI;PIECE;800;0;0;120;120
20126601;SALTO CHIPS CHILI;SACHET;8.500;0;0;10;10
10126700;SALTO GM;PIECE;500;0;0;0;0
10126701;SALTO GM;CARTON;33.500;0;0;0;0
10126702;SALTO GM;SACHET;3.500;0;0;0;0
30126800;Samba barre 12mx 500g en pcs;PIECE;4.300;0;0;12;12
30126900;Samba barre 9mx 800g en pcs;PIECE;6.500;0;0;0;0
20127000;SAMBA DETERGEANT EN POUDRE;CARTON;37.000;0;0;1;1
190127100;SAMBA DETERGEANT EN POUDRE EN (PCS);PCS;350;0;0;3;3
20127200;SAMPOING MARIA ASS;SACHET;2.400;0;0;4;4
20127300;SARDINE ANNY;PIECE;4.400;0;0;0;0
20127301;SARDINE ANNY;CARTON;219.000;0;0;0;0
50127400;SARDINE BON APPETIT 125G;PCS;3.200;0;0;0;0
50127401;SARDINE BON APPETIT 125G;CARTON;160.000;0;0;0;0
20127500;Sardine cebon 125gx50;PIECES;3.400;0;0;50;50
20127501;Sardine cebon 125gx50;CARTON;170.000;0;0;1;1
20127600;SARDINE CHAMPION;PIECE;3.300;0;0;0;0
20127601;SARDINE CHAMPION;CARTON;165.000;0;0;0;0
50127700;SARDINE DELMONACO;PIECE;2.800;0;0;0;0
50127701;SARDINE DELMONACO;CARTON;140.000;0;0;0;0
20127800;SARDINE ISHA;PIECE;3.400;0;0;78;78
20127801;SARDINE ISHA;CARTON;170.000;0;0;1,56;1,56
20127900;SARDINE MONICA;PIECE;2.800;0;0;0;0
20127901;SARDINE MONICA;CARTON;139.000;0;0;0;0
20128000;Sardine vivo 125gx25;BOITE;3.000;0;0;0;0
20128001;Sardine vivo 125gx25;CARTON;75.000;0;0;0;0
20128100;SAUCE CHILLI BON APPETIT 280G;PCS;6.500;0;0;1;1
20128200;SAUCE DARK 150 ML;PIECE;5.000;0;0;7;7
20128201;SAUCE DARK 150 ML;CARTON;120.000;0;0;0,29;0,29
20128300;SAUCE DARK 625 ML;PIECE;10.500;0;0;0;0
20128301;SAUCE DARK 625 ML;CARTON;126.000;0;0;0;0
50128400;Sauce dark superieure pet 400ml;BOUTEILLE;8.000;0;0;2;2
20128500;SAUCE HUITRE 160G 1ER CHOIX;PCS;7.700;0;0;0;0
20128600;SAUCE HUITRE 500g;BOUTEILLE;11.500;0;0;0;0
20128601;SAUCE HUITRE 500g;CARTON;172.500;0;0;0;0
20128700;SAUCE HUITRE 710g GM;BOUTEILLE;13.000;0;0;0;0
20128701;SAUCE HUITRE 710g GM;CARTON;156.000;0;0;0;0
20128800;SAUCE HUITRE PM 280G;PIECE;7.900;0;0;0;0
20128801;SAUCE HUITRE PM 280G;CARTON;189.600;0;0;0;0
20128900;SAUCE JERICANE;PIECE;13.000;0;0;0;0
50129000;Sauce jerycan dark pm;JERYCAN;30.000;0;0;0;0
50129100;Sauce jerycan light pm;JERYCAN;27.000;0;0;0;0
20129200;SAUCE LIGHT 150ml PM;PIECE;4.700;0;0;1;1
20129201;SAUCE LIGHT 150ml PM;CARTON;112.000;0;0;0,04;0,04
20129300;SAUCE LIGHT GM 625 ML;PIECE;9.500;0;0;9;9
20129301;SAUCE LIGHT GM 625 ML;CARTON;114.000;0;0;0,75;0,75
20129400;SAUCE PLASTIQUE;PIECE;4.000;0;0;0;0
50129500;Sauce soja 0.25 l;BOUTEIL;1.500;0;0;13;13
50129501;Sauce soja 0.25 l;PAQUET;15.000;0;0;1,30;1,30
50129600;Sauce soja 1L;BOUTEIL;3.000;0;0;11;11
50129601;Sauce soja 1L;CARTON;30.000;0;0;1,10;1,10
20129700;SAVEN GARBATHI AG MIRACLE;PAQUET;2.100;0;0;10;10
20129701;SAVEN GARBATHI AG MIRACLE;BOITE;25.000;0;0;0,83;0,83
20129702;SAVEN GARBATHI AG MIRACLE;CARTON;500.000;0;0;0,04;0,04
20129800;SAVOKA TARATRA;BOITE;7.000;0;0;0;0
20129900;SAVON B29 MULTI USAGE 96X150G;PIECE;2.500;0;0;10;10
20129901;SAVON B29 MULTI USAGE 96X150G;CARTON;240.000;0;0;0,10;0,10
30130000;Savon barre parfume citron*9;BARRE;6.000;0;0;0;0
30130001;Savon barre parfume citron*9;CARTON;54.000;0;0;0;0
20130100;SAVON BARRE PRIMO;BARRE;7.500;0;0;0;0
20130101;SAVON BARRE PRIMO;CARTON;119.000;0;0;0;0
20130200;SAVON BARRE RUBIS CITRON 800G;BARRE;9.500;0;0;0;0
20130201;SAVON BARRE RUBIS CITRON 800G;CARTON;152.000;0;0;0;0
30130300;SAVON BARRE VAO LEMON 800G;PIECE;9.800;0;0;3;3
30130301;SAVON BARRE VAO LEMON 800G;CARTON;56.000;0;0;0,50;0,50
30130400;SAVON CHARBON ANTISEPTIC 90G*72;PIECES;1.900;0;0;43;43
30130401;SAVON CHARBON ANTISEPTIC 90G*72;CARTONT;136.800;0;0;0,60;0,60
30130500;SAVON CITRON FRAIS 200GR;PIECE;3.000;0;0;68;68
30130501;SAVON CITRON FRAIS 200GR;CARTON;94.000;0;0;2,27;2,27
100130600;SAVON CITRON MULTI SUPER NATIONNAL;BARRE;5.900;0;0;0;0
100130601;SAVON CITRON MULTI SUPER NATIONNAL;CARTON;94.000;0;0;0;0
30130700;Savon citron plus king;PIECE;8.700;0;0;9;9
30130701;Savon citron plus king;CARTON;104.000;0;0;0,75;0,75
30130800;SAVON CROWN BLANC MILK;PAQUET;10.700;0;0;3;3
30130900;SAVON CROWN CITRON VERT PASTEL;PAQUET;10.700;0;0;3;3
20131000;SAVON CROWN ROUGE (RED);PAQUET;10.700;0;0;5;5
20131100;SAVON DURU;PIECE;3.000;0;0;0;0
20131101;SAVON DURU;CARTON;90.000;0;0;0;0
30131200;SAVON DURU ALOE VERA 150G*30;PIECE;0;0;0;30;30
30131201;SAVON DURU ALOE VERA 150G*30;CARTON;99.000;0;0;1;1
20131300;SAVON DURU GLYCERINE;PIECE;3.300;0;0;27;27
20131301;SAVON DURU GLYCERINE;CARTON;99.000;0;0;0,90;0,90
30131400;SAVON DURU ROSE OIL 150G*30;PIECE;0;0;0;30;30
30131401;SAVON DURU ROSE OIL 150G*30;CARTON;99.000;0;0;1;1
30131500;Savon Ekono multi purpose soap;PIECES;3.000;0;0;23;23
30131501;Savon Ekono multi purpose soap;CARTON;72.000;0;0;0,96;0,96
30131600;SAVON EN PCS GM;PIECES;1.000;0;0;0;0
240131700;SAVON EN PCS PM;PCS;500;0;0;36;36
20131800;SAVON EXTRA MARRON 65G;CARTON;23.000;0;0;0;0
20131900;SAVON FLOR BARRE 900g;BARRE;8.500;0;0;0;0
20131901;SAVON FLOR BARRE 900g;CARTON;85.000;0;0;0;0
30132000;Savon flor barre 900g en Pieces;PIECE;1.700;0;0;3;3
20132100;Savon flor*100;PIECE;1.000;0;0;0;0
20132101;Savon flor*100;CARTON;100.000;0;0;0;0
20132200;SAVON FRESH 75G;PAQUET;9.500;0;0;0;0
30132300;SAVON HOTEL DEJOI 15G*500PCS;PIECE;400;0;0;459;459
30132301;SAVON HOTEL DEJOI 15G*500PCS;CARTON;200.000;0;0;0,92;0,92
30132400;SAVON HOTEL14G VERT;PCS;500;0;0;52;52
30132401;SAVON HOTEL14G VERT;SACHET;12.500;0;0;2,08;2,08
30132500;SAVON IRIKO ANDRAMENA XG 24MX;CARTON;26.000;0;0;0;0
30132600;SAVON IRIKO FOTSY MM 24MX;CARTON;28.000;0;0;2;2
30132700;SAVON IRIKO MENAKELY XG 24MX;CARTON;27.000;0;0;0;0
20132800;SAVON IRIKO MM TANTELY;CARTON;25.000;0;0;3;3
20132900;SAVON IRIKO TANTELY XG;CARTON;30.000;0;0;6;6
30133000;SAVON KANTO K12 VAOVAO;CARTON;19.900;0;0;0;0
100133100;SAVON KIMSA;BARRE;4.500;0;0;0;0
100133101;SAVON KIMSA;CARTON;80.000;0;0;0;0
240133200;SAVON MAEVA 3 BLANC EN PCS;PIECES;500;0;0;0;0
20133300;SAVON MAEVA MAXI BARRE 9;BARRE;5.200;0;0;43;43
20133301;SAVON MAEVA MAXI BARRE 9;CARTON;46.800;0;0;4,78;4,78
20133400;SAVON MAEVA P10 BLANC;CARTON;19.500;0;0;0;0
240133500;SAVON MAEVA P10 BLANC EN PCS;PIECES;600;0;0;0;0
30133600;SAVON MAEVA P10 MARRON*36;CARTON;13.500;0;0;8;8
20133700;SAVON MAEVA P20 BLANC;CARTON;36.000;0;0;8;8
240133800;SAVON MAEVA P20 BLANCS EN PCS;PIECES;1.000;0;0;0;0
20133900;Savon maeva p20 marron;CARTON;26.500;0;0;34;34
30134000;SAVON MAEVA R50;CARTON;45.000;0;0;8;8
240134100;SAVON MATEZA M30 JAUNE EN PCS;PIECES;1.100;0;0;0;0
30134200;SAVON MATEZA M30 MARRON;PIECE;1.300;0;0;684;684
30134201;SAVON MATEZA M30 MARRON;CARTON;37.000;0;0;19;19
30134300;SAVON MATEZA M30+ BLANC;CARTON;50.000;0;0;50;50
240134400;SAVON MATEZA M30+ BLANC EN PCS;PIECES;1.400;0;0;0;0
30134500;Savon Meva 100 soa 24mx;CARTON;22.000;0;0;1;1
30134600;Savon Meva 200 soa 36mx;CARTON;35.000;0;0;13;13
30134700;Savon Meva 300 soa 36mx;CARTON;40.000;0;0;2;2
30134800;Savon Meva 400 soa 36mx;CARTON;45.000;0;0;0;0
30134900;Savon Meva 500 soa 36mx;CARTON;52.000;0;0;0;0
30135000;Savon meva mmV75 tsara;CARTON;25.000;0;0;0;0
30135100;Savon meva mv40 soa;CARTON;15.000;0;0;6;6
30135200;Savon meva mv70 soa;CARTON;24.000;0;0;14;14
30135300;SAVON MOREVA BLANC 4*100G;PACQUET;6.500;0;0;0;0
30135400;SAVON MOREVA ROSE 4*100G;PACQUET;6.500;0;0;2;2
30135500;SAVON MOREVA VERT 4*100G;PACQUET;6.500;0;0;4;4
20135600;SAVON NOSY P1 80gr 36mx;PIECE;1.400;0;0;120;120
20135601;SAVON NOSY P1 80gr 36mx;CARTON;50.400;0;0;3,33;3,33
30135700;Savon olive classic touch 70G;PIECES;1.500;0;0;24;24
30135701;Savon olive classic touch 70G;PAQUET;9.000;0;0;4;4
30135702;Savon olive classic touch 70G;CARTON;108.000;0;0;0,33;0,33
20135800;Savon olive lime fresh 125g;PCS;3.000;0;0;0;0
20135801;Savon olive lime fresh 125g;PAQUET;13.000;0;0;0;0
20135802;Savon olive lime fresh 125g;CARTON;156.000;0;0;0;0
30135900;Savon olive milk delight 70G;PIECES;1.500;0;0;6;6
30135901;Savon olive milk delight 70G;PAQUET;9.000;0;0;1;1
30135902;Savon olive milk delight 70G;CARTON;108.000;0;0;0,08;0,08
30136000;SAVON RIM 27;CARTON;19.500;0;0;0;0
30136100;SAVON RIM 29;CARTON;19.500;0;0;0;0
30136200;SAVON RIM M3;CARTON;23.000;0;0;0;0
20136300;SAVON RIM M5;CARTON;45.000;0;0;0;0
30136400;Savon ruhi 60g*72pcs;PIECES;1.300;0;0;18;18
30136401;Savon ruhi 60g*72pcs;CARTON;93.600;0;0;0,25;0,25
20136500;SAVON SAMBA 12MX 500G;CARTON;46.000;0;0;16;16
30136600;SAVON SAMBA 18 MX_120G;CARTON;21.000;0;0;18;18
30136700;SAVON SAMBA 20MX_85G;CARTON;15.500;0;0;15;15
20136800;SAVON SAMBA 30MX_100G;CARTON;25.000;0;0;11;11
20136900;SAVON SAMBA 32MX _100G;CARTON;30.000;0;0;11;11
30137000;SAVON SAMBA 36MX 70G;CARTON;22.500;0;0;13;13
30137100;SAVON SAMBA 36MX_130G PM;CARTON;39.000;0;0;1;1
20137200;SAVON SAMBA 9 BARRE 800 G;BARRE;6.500;0;0;90;90
20137201;SAVON SAMBA 9 BARRE 800 G;CARTON;58.500;0;0;10;10
30137300;SAVON SAMBA PALMINDUS 36mx 150g;CARTON;40.000;0;0;6;6
30137400;SAVON SAMBA S21 24MX;CARTON;11.000;0;0;16;16
30137500;SAVON SAMBA S22 24MX;CARTON;12.000;0;0;13;13
30137600;SAVON SAMBA S23 36MX;CARTON;32.000;0;0;18;18
30137700;SAVON SANTEX;PACQUET;11.000;0;0;9;9
30137701;SAVON SANTEX;CARTON;132.000;0;0;0,75;0,75
30137800;SAVON SB27 MARRON 36MX;CARTON;30.000;0;0;8;8
20137900;SAVON SEIM BARRE BLANC;BARRE;9.000;0;0;0;0
20137901;SAVON SEIM BARRE BLANC;CARTON;59.000;0;0;0;0
20138000;SAVON SEIM S20 BLANC NORD;PIECE;1.000;0;0;360;360
20138001;SAVON SEIM S20 BLANC NORD;CARTON;32.000;0;0;10;10
20138100;SAVON SEIM S24 MENA;PAQUET;17.500;0;0;10;10
20138200;SAVON SEIM S27 BLANC;PIECE;1.100;0;0;396;396
20138201;SAVON SEIM S27 BLANC;CARTON;34.000;0;0;11;11
240138300;SAVON SEIM S27 BLANC EN PCS;PIENCES;950;0;0;0;0
20138400;SAVON SEIM S27 MARRON;PIECE;800;0;0;9;9
20138401;SAVON SEIM S27 MARRON;CARTON;28.000;0;0;0,25;0,25
240138500;SAVON SEIM S27 MARRON EN PCS;PIECES;800;0;0;0;0
20138600;SAVON SEIM S3;PIECE;600;0;0;150;150
20138601;SAVON SEIM S3;CARTON;17.000;0;0;5;5
20138700;SAVON SEIM s30 MENA;PIECE;1.200;0;0;324;324
20138701;SAVON SEIM s30 MENA;CARTON;40.000;0;0;9;9
30138800;Savon seim sbp 36mx;CARTON;32.000;0;0;4;4
30138900;SAVON SEIM SC1 FOTSY;PAQUET;18.000;0;0;14;14
20139000;SAVON SEIM SC3 90G;CARTON;26.000;0;0;0;0
20139100;SAVON SEIM SC30 160G;CARTON;34.000;0;0;4;4
30139200;SAVON SEIM SR1 ROSE;PAQUET;20.000;0;0;40;40
20139300;SAVON SK1 EN PCE;PIECE;400;0;0;0;0
240139400;SAVON SOBA M20 MARON EN PCS;PIECES;700;0;0;0;0
30139500;SAVON SOBA m20 MARRON;PIECE;700;0;0;396;396
30139501;SAVON SOBA m20 MARRON;CARTON;24.000;0;0;11;11
30139600;SAVON SOBA M20+ BLANC;PIECE;900;0;0;576;576
30139601;SAVON SOBA M20+ BLANC;CARTON;28.000;0;0;16;16
240139700;SAVON SOBA M20+ EN PCS;PIECES;800;0;0;0;0
30139800;SAVON SOBA SB 3+;PIECE;400;0;0;0;0
30139801;SAVON SOBA SB 3+;CARTON;10.500;0;0;0;0
30139900;SAVON SOBA SB3+BLANC*30MX;CARTON;15.000;0;0;9;9
100140000;SAVON SOBA TSARA BARRE 1kg;BARRE;5.300;0;0;69;69
100140001;SAVON SOBA TSARA BARRE 1kg;CARTON;47.700;0;0;7,67;7,67
30140100;Savon solar 250Gx48;PIECES;2.900;0;0;0;0
30140101;Savon solar 250Gx48;CARTON;139.200;0;0;0;0
30140200;SAVON SOLAR CITRON 200G*3*18;PAQUET;7.800;0;0;12;12
30140201;SAVON SOLAR CITRON 200G*3*18;CARTON;139.000;0;0;0,67;0,67
30140300;SAVON SOLAR GRAPE MULTI USAGE150G*48;PIECE;2.100;0;0;50;50
30140301;SAVON SOLAR GRAPE MULTI USAGE150G*48;CARTON;100.000;0;0;1,04;1,04
20140400;SAVON VAO CITRON;BARRE;11.000;0;0;0;0
20140401;SAVON VAO CITRON;PAQUET;99.000;0;0;0;0
30140500;SAVON VAO LUX BLANC;PIECE;1.000;0;0;85;85
30140501;SAVON VAO LUX BLANC;CARTON;24.000;0;0;3,54;3,54
30140600;SAVON VAO LUX CITRON VERT;PCS;1.000;0;0;93;93
30140601;SAVON VAO LUX CITRON VERT;CARTON;24.000;0;0;3,88;3,88
30140700;SAVON VAO LUX ROSE;PIECE;1.000;0;0;0;0
30140701;SAVON VAO LUX ROSE;CARTON;24.000;0;0;0;0
30140800;Savon vao up20+ 80g;CARTON;35.000;0;0;4;4
30140900;Savon vao v27 175g;CARTON;47.000;0;0;7;7
30141000;SAVON VAO V30*24MX*140G;CARTON;26.000;0;0;5;5
20141100;SAVON VAOLINE BARRE 500G*8;BARRE;5.500;0;0;21;21
20141101;SAVON VAOLINE BARRE 500G*8;CARTON;44.000;0;0;2,62;2,62
20141200;SAVON VAOLINE BARRE 800G*6;BARRE;8.500;0;0;12;12
20141201;SAVON VAOLINE BARRE 800G*6;CARTON;51.000;0;0;2;2
30141300;SAVON VAOLINE MULTI-USAGE 125GX16;PIECE;1.500;0;0;24;24
30141301;SAVON VAOLINE MULTI-USAGE 125GX16;CARTON;24.000;0;0;1,50;1,50
30141400;Savon white wash nature 90g;PIECE;800;0;0;0;0
30141401;Savon white wash nature 90g;CARTON;28.800;0;0;0;0
20141500;Savon za koa dr24;CARTON;14.000;0;0;6;6
240141600;SAVON ZA KOA DR24 EN PCS;PIECES;600;0;0;0;0
20141700;SAVON ZA KOA TV24;CARTON;24.000;0;0;0;0
20141800;SAVON ZA KOA V40;CARTON;17.000;0;0;11;11
20141900;SAVONETTE DIVA - 125G;CARTON;96.000;0;0;0;0
20142000;SAVONFLOR;CARTON;90.000;0;0;0;0
20142100;SAVONFLORVAOVAOROSE;PIECE;900;0;0;0;0
20142101;SAVONFLORVAOVAOROSE;CARTON;45.000;0;0;0;0
20142200;SAVONNETTE CITRUS;PACQUET;10.500;0;0;8;8
20142201;SAVONNETTE CITRUS;CARTON;118.000;0;0;0,67;0,67
20142300;SAVONNETTE CLASSIC WHITE;PIECE;2.100;0;0;28;28
20142301;SAVONNETTE CLASSIC WHITE;CARTON;135.000;0;0;4,67;4,67
20142302;SAVONNETTE CLASSIC WHITE;PACQUET;25.000;0;0;0,39;0,39
20142400;SAVONNETTE DIVA;PAQUET;8.000;0;0;0;0
20142401;SAVONNETTE DIVA;CARTON;96.000;0;0;0;0
30142500;SAVONNETTE GIV;PACQUET;9.900;0;0;8;8
30142501;SAVONNETTE GIV;CARTON;118.000;0;0;0,67;0,67
30142600;SAVONNETTE KRIS;PACQUET;10.500;0;0;3;3
30142601;SAVONNETTE KRIS;CARTON;120.000;0;0;0,25;0,25
20142700;SAVONNETTE LARK;PIECE;3.000;0;0;27;27
20142701;SAVONNETTE LARK;CARTON;144.000;0;0;0,56;0,56
30142800;SAVONNETTE OLEDA;PACQUET;10.000;0;0;9;9
30142801;SAVONNETTE OLEDA;CARTON;120.000;0;0;0,75;0,75
20142900;SAYA FLAVOUR BEEF BOUILLON CUBE 4G *25;PIECE;1.800;0;0;124;124
20142901;SAYA FLAVOUR BEEF BOUILLON CUBE 4G *25;CARTON;144.000;0;0;1,55;1,55
20143000;SCOTCH TOLE;METRE;10.000;0;0;19,50;19,50
20143001;SCOTCH TOLE;ROULEAU;100.000;0;0;1,95;1,95
50143100;Sel fin en sachet 25 KG;SAC;23.500;0;0;10;10
20143200;SEL FIN EN SACHET 50kg;SAC;46.000;0;0;0;0
20143300;SEL FIN EN SACHET EN PIECE;PIECE;200;0;0;84;84
20143301;SEL FIN EN SACHET EN PIECE;SAC;0;0;0;0,34;0,34
20143400;SEL FIN EN SACHET TALOHA;PIECE;200;0;0;0;0
20143401;SEL FIN EN SACHET TALOHA;SAC;46.000;0;0;0;0
20143500;SEL FIN EN VRAC 50KG;SAC;49.000;0;0;0;0
20143600;sel fin en vrac en kilos;KILO;1.000;0;0;44;44
20143700;SEL FIN VRAC 25 KG;SAC;25.000;0;0;28;28
20143800;SEL GROS 50kg;KG;0;0;0;19;19
20143801;SEL GROS 50kg;SAC;34.000;0;0;19;19
20143900;SEL GROS EN KILOS;KILO;700;0;0;32;32
20144000;SERVIETTE DE TABLE PASTEL;PAQUET;0;0;0;0;0
20144001;SERVIETTE DE TABLE PASTEL;PACQUET;3.800;0;0;0;0
20144100;Serviette de table top 60*60;PAQUET;1.200;0;0;2;2
20144200;Serviette de table top100*24;PAQUET;3.300;0;0;0;0
20144300;SERVIETTE MOLPED;PAQUET;2.500;0;0;0;0
80144400;Shamalow twist;BOCAL;22.000;0;0;1;1
20144500;Shampoo emeron noir 7ml;SACHET;4.500;0;0;11;11
20144501;Shampoo emeron noir 7ml;CARTON;54.000;0;0;0,92;0,92
80144600;SHAPE CHOCOLATE BOCAL;BOCAL;10.000;0;0;0;0
20144700;Shine coffee;PIECES;250;0;0;0;0
20144701;Shine coffee;CARTON;48.000;0;0;0;0
20144702;Shine coffee;SACHET;6.000;0;0;0;0
20144800;SHT;BTE;8.800;0;0;0;0
20145100;SILL-GUM FRAISH;SACHET;2.500;0;0;0;0
130144900;SILL GUM CHLOROPHILE;SACHET;4.200;0;0;15;15
130144901;SILL GUM CHLOROPHILE;CARTON;67.200;0;0;0,94;0,94
20145000;SILL GUM ZOOK (16);SACHET;4.000;0;0;3;3
20145001;SILL GUM ZOOK (16);CARTON;64.000;0;0;0,19;0,19
20145200;SK1;CARTON;11.000;0;0;9;9
240145300;Sk1 en Pieces;PIECES;400;0;0;0;0
20145400;SK20;CARTON;17.500;0;0;16;16
100145500;SKT BARRE;BARRE;1.500;0;0;36;36
100145501;SKT BARRE;CARTON;27.000;0;0;1,80;1,80
20145600;SLEEPY 4 -25 MAXI;PAQUET;17.000;0;0;0;0
20145700;SLEEPY CULOTTE;PAQUET;25.000;0;0;0;0
20145701;SLEEPY CULOTTE;BALLE;124.000;0;0;0;0
120145800;SLEEPY JUNIOR 6X20;PAQUET;17.000;0;0;4;4
120145801;SLEEPY JUNIOR 6X20;BALLE;102.000;0;0;0,67;0,67
120145900;SLEEPY KULOT JEANS JUNIOR 5X24 n°5;PAQUET;28.400;0;0;8;8
120145901;SLEEPY KULOT JEANS JUNIOR 5X24 n°5;BALLE;142.000;0;0;1,60;1,60
120146000;SLEEPY KULOT JEANS MAXI 5X30 N°4;PAQUET;28.400;0;0;8;8
120146001;SLEEPY KULOT JEANS MAXI 5X30 N°4;BALLE;142.000;0;0;1,60;1,60
120146100;SLEEPY KULOT JEANS MIDI 5X34 N°3;PAQUET;28.400;0;0;7;7
120146101;SLEEPY KULOT JEANS MIDI 5X34 N°3;BALLE;142.000;0;0;1,40;1,40
120146200;SLEEPY KULOT NATURAL MAXI 5X30 _ n ° 4;PAQUET;28.400;0;0;4;4
120146201;SLEEPY KULOT NATURAL MAXI 5X30 _ n ° 4;BALLE;142.000;0;0;0,80;0,80
120146300;SLEEPY KULOT NATURAL MIDI 5X34 N°3;PAQUET;28.400;0;0;3;3
120146301;SLEEPY KULOT NATURAL MIDI 5X34 N°3;BALLE;142.000;0;0;0,60;0,60
20146400;SLEEPY LADY;PIECE;1.800;0;0;0;0
120146500;SLEEPY MAXI 6X25_ n ° 4;PAQUET;20.700;0;0;1;1
120146501;SLEEPY MAXI 6X25_ n ° 4;BALLE;124.000;0;0;0,17;0,17
20146600;SLEEPY MIDI;PAQUET;17.000;0;0;0;0
120146700;SLEEPY MIDI 6X30 n°3;PAQUET;20.700;0;0;7;7
120146701;SLEEPY MIDI 6X30 n°3;BALLE;124.000;0;0;1,17;1,17
20146800;SLEEPY MINI 6X35 N°2;PAQUET;21.000;0;0;1;1
20146801;SLEEPY MINI 6X35 N°2;BALE;126.000;0;0;0,17;0,17
120146900;SLEEPY NIGHT PANTS CULOTTE MAXI 5X30 N°4;PAQUET;28.400;0;0;5;5
120146901;SLEEPY NIGHT PANTS CULOTTE MAXI 5X30 N°4;BALLE;142.000;0;0;1;1
120147000;SLEEPY PRINCESSE CULOTTE MAXI 5X30 N°4;PAQUET;23.600;0;0;5;5
120147001;SLEEPY PRINCESSE CULOTTE MAXI 5X30 N°4;BALLE;118.000;0;0;1;1
120147100;SLEEPY PRINCESSE CULOTTE MIDI 5X34 N°3;PAQUET;23.600;0;0;5;5
120147101;SLEEPY PRINCESSE CULOTTE MIDI 5X34 N°3;BALLE;118.000;0;0;1;1
20147200;SLYLO EUROPA;PIECE;500;0;0;0;0
20147201;SLYLO EUROPA;BOITE;12.000;0;0;0;0
20147300;Small beach bubble water;PIECES;0;0;0;0;0
20147301;Small beach bubble water;BOITE;7.000;0;0;0;0
10147400;SN PIWI NEWS POULET;SACHET;3.900;0;0;5;5
20147500;SN SALTO CHIPS BLEU;SACHET;8.500;0;0;10;10
10147600;SN SALTO KIDS RINGZ;SACHET;4.500;0;0;0;0
20147700;SN SALTO LOOP;SACHET;7.000;0;0;4;4
100147800;SOA PLUS EN BARRE;BARRE;3.500;0;0;0;0
100147801;SOA PLUS EN BARRE;CARTON;31.000;0;0;0;0
100147900;SOA PLUS EN CARTON;CARTON;31.000;0;0;0;0
100148000;SOBA BARRE BLANC;BARRE;9.300;0;0;4;4
100148001;SOBA BARRE BLANC;CARTON;111.600;0;0;0,33;0,33
100148100;SOBA GM EN BARRE MAVO;BARRE;4.300;0;0;0;0
100148101;SOBA GM EN BARRE MAVO;CARTON;55.000;0;0;0;0
100148200;SOBA PM EN BARRE;CARTON;20.000;0;0;0;0
20148300;Soda sugar boom 20*30 pces;BOITE;11.000;0;0;0;0
20148301;Soda sugar boom 20*30 pces;CARTON;0;0;0;0;0
20148400;Softex day long 29cm*8 [Violet/Bleu];PIECE;3.500;0;0;13;13
20148401;Softex day long 29cm*8 [Violet/Bleu];CARTON;198.000;0;0;0,22;0,22
20148500;SOFTEX MAXI FIT WINGS*8 ALVEOLE;PACQUET;3.100;0;0;1;1
20148501;SOFTEX MAXI FIT WINGS*8 ALVEOLE;CARTON;186.000;0;0;0,02;0,02
20148600;Softex maxi wing's *8 rose;PIECE;3.500;0;0;14;14
20148601;Softex maxi wing's *8 rose;CARTON;198.000;0;0;0,23;0,23
20148700;SOFTEX PROTEGE SLIPS;PQT;6.000;0;0;3;3
160148800;Soude caustique perlee;KG;6.500;0;0;0;0
20148900;Sour powder candy;PIECE;100;0;0;70;70
20148901;Sour powder candy;SACHET;7.000;0;0;1;1
50149000;Soy sauce light prb 500ml;PCS;13.000;0;0;0;0
270149100;SPAGHETI BAREA;PIECE;2.400;0;0;10;10
270149101;SPAGHETI BAREA;CARTON;48.000;0;0;0,50;0,50
20149200;SPAGHETI ELVIA EN PIECE;PIECE;2.500;0;0;0;0
20149201;SPAGHETI ELVIA EN PIECE;CARTON;0;0;0;0;0
270149300;Spagheti felicia;CARTON;44.000;0;0;1;1
20149400;SPAGHETI FELICIA EN PCS;PIECES;2.300;0;0;19;19
20149500;SPAGHETI SANREMO;PIECE;2.600;0;0;0;0
20149501;SPAGHETI SANREMO;CARTON;51.000;0;0;0;0
270149600;SPAGHETTI CHAMPION;PIECE;2.400;0;0;57;57
270149601;SPAGHETTI CHAMPION;CARTON;48.000;0;0;2,85;2,85
270149700;SPAGHETTI CHERIE;PIECE;2.600;0;0;0;0
270149701;SPAGHETTI CHERIE;CARTON;52.000;0;0;0;0
20149800;SPAGHETTI ELVIA;CARTON;49.000;0;0;0;0
270149900;Spaghetti Francia en carton;PIECE;2.600;0;0;287;287
270149901;Spaghetti Francia en carton;CARTON;52.000;0;0;14,35;14,35
270150000;Spaghetti Francia en pieces;PIECES;0;0;0;0;0
270150001;Spaghetti Francia en pieces;CRT;0;0;0;0;0
20150100;SPAGHETTI NOUR D'OR;CARTON;44.000;0;0;0;0
20150200;SPAGHETTI RASMI 500G;CARTON;44.000;0;0;0;0
270150300;Spaghetti rossini 500*20;PIECES;2.600;0;0;395;395
270150301;Spaghetti rossini 500*20;CARTON;51.000;0;0;19,75;19,75
270150400;SPAGHETTI ROSSINI 500G*20;CARTON;0;0;0;22;22
20150500;SPAGUETI;PIECE;0;0;0;0;0
20150501;SPAGUETI;CARTON;0;0;0;0;0
20150600;Spider man srap;PIECES;1.500;0;0;0;0
20150601;Spider man srap;CARTON;180.000;0;0;0;0
20150602;Spider man srap;BOITE;36.000;0;0;0;0
80150700;SPIDERMANSRAP;BOITE;36.000;0;0;0;0
110150800;Sprite Citron pet 1,5 l*6;PIECE;5.000;0;0;0;0
110150801;Sprite Citron pet 1,5 l*6;PAQUET;30.000;0;0;0;0
20150900;Stick fraise [ Strawberry ] powder 2.8g;SACHET;2.900;0;0;16;16
20151000;Stick milk powder 2.8g;SACHET;3.500;0;0;0;0
90151100;Stock commander 50kg;SAC;147.000;0;0;0;0
90151200;Stock haraka transparent 50kg;SAC;145.000;0;0;0;0
80151300;Strawberry kiddo;SACHET;2.500;0;0;0;0
80151301;Strawberry kiddo;CARTON;50.000;0;0;0;0
20151400;strip jelly jelloo;BOITE;4.000;0;0;0;0
150151500;Stylo classinn 20x50;BOITE;9.500;0;0;0;0
150151501;Stylo classinn 20x50;CARTON;190.000;0;0;0;0
20151600;STYLO DIGNO;PIECE;500;0;0;0;0
20151601;STYLO DIGNO;BOITE;17.000;0;0;0;0
20151700;STYLO LAUREAT BLEU;BOITE;20.000;0;0;0;0
20151800;STYLO LAUREAT ROUGE;BOITE;20.000;0;0;0;0
20151900;STYLO LAUREAT VERT;BOITE;20.000;0;0;0;0
150152000;STYLO MARYA PLUS BLEU;BOITE;12.000;0;0;5;5
150152100;STYLO MARYA PLUS ROUGE;BOITE;12.000;0;0;10;10
150152200;STYLO NOVA 1MM;BOITE;9.000;0;0;0;0
150152201;STYLO NOVA 1MM;CARTON;180.000;0;0;0;0
20152300;STYLO SCHNEIDER BLEU;PIECE;800;0;0;259;259
20152301;STYLO SCHNEIDER BLEU;BOITE;35.000;0;0;5,18;5,18
150152400;STYLO SCHNEIDER EN PCS;PIECES;800;0;0;17;17
150152500;STYLO SCHNEIDER NOIR;BOITE;35.000;0;0;4;4
150152600;STYLO SCHNEIDER ROUGE;BOITE;35.000;0;0;4;4
150152700;STYLO SCHNEIDER VERT;BOITE;35.000;0;0;2;2
20152800;STYLO SUPRA BLEU;BOITE;11.000;0;0;19;19
20152801;STYLO SUPRA BLEU;CARTON;220.000;0;0;0,95;0,95
20152900;STYLO SUPRA ROUGE;BOITE;11.000;0;0;10;10
20152901;STYLO SUPRA ROUGE;CARTON;220.000;0;0;0,50;0,50
20153000;STYLO SUPRA VERT;BOITE;11.000;0;0;1;1
20153001;STYLO SUPRA VERT;CARTON;220.000;0;0;0,05;0,05
80153100;SUCETTE BIG POP GM XXL;BOCAL;22.000;0;0;3;3
80153101;SUCETTE BIG POP GM XXL;CARTON;132.000;0;0;0,50;0,50
20153200;SUCETTE BOCAL ROYAL;BOITE;12.000;0;0;0;0
20153201;SUCETTE BOCAL ROYAL;CRT;0;0;0;0;0
20153300;SUCETTE CHOCO VANILLA DOLLY DOLLY;SACHET;0;0;0;0;0
20153301;SUCETTE CHOCO VANILLA DOLLY DOLLY;SACHET;5.900;0;0;0;0
20153302;SUCETTE CHOCO VANILLA DOLLY DOLLY;NEANT;0;0;0;0;0
80153400;Sucette donut;SACHET;12.500;0;0;0;0
80153500;SUCETTE GM BIGG POPS EN SACHET;SACHET;12.000;0;0;1;1
80153501;SUCETTE GM BIGG POPS EN SACHET;CARTON;192.000;0;0;0,06;0,06
80153600;Sucette heart pop gm vaovao;SACHET;12.500;0;0;0;0
20153700;SUCETTE HEARTY POP;SACHET;3.500;0;0;0;0
20153701;SUCETTE HEARTY POP;CARTON;70.000;0;0;0;0
20153800;Sucette hearty pop bocal;BOCAL;12.000;0;0;0;0
80153900;SUCETTE LOVE POPS RAMA GM;SACHET;6.200;0;0;3;3
80154000;SUCETTE NEO POP XXL;SACHET;8.500;0;0;0;0
80154001;SUCETTE NEO POP XXL;CARTON;136.000;0;0;0;0
80154100;SUCETTE PAJ POP TONGUE PAINTER 5G;SACHET;3.500;0;0;1;1
20154200;Sucette pin pon mx;SACHET;7.000;0;0;5;5
80154300;SUCETTE RAMA BIG BOMBOM XXXL;SACHET;12.000;0;0;2;2
80154400;SUCETTE SWEET ART BOCAL;BOCAL;16.000;0;0;3;3
80154500;Sucette trio pop;SACHET;12.500;0;0;2;2
80154600;SUCETTE ZIVA MIX FRUIT LOLLIPOP 25G ASS;SACHET;15.000;0;0;0;0
20154900;SUCRE @ SACHET 500 G EN SAC;SAC;199.000;0;0;0;0
20155000;SUCRE @ SACHET 500 G EN SACHET;SACHET;2.000;0;0;0;0
280154700;SUCRE 25kg;KG;0;0;0;200;200
280154701;SUCRE 25kg;SAC;87.000;0;0;8;8
280154800;SUCRE 50 KG IMPORT;KG;5.000;0;0;0;0
280154801;SUCRE 50 KG IMPORT;SAC;250.000;0;0;0;0
280155100;SUCRE AMBILOBE 50kg;KG;0;0;0;442;442
280155101;SUCRE AMBILOBE 50kg;SAC;173.000;0;0;8,84;8,84
280155200;Sucre blanc en kg;KG;4.600;0;0;0;0
20155300;sucre en kg;KILO;3.500;0;0;32;32
20155301;sucre en kg;SAC;185.000;0;0;0,64;0,64
280155400;SUCRE ROUGE SELATI 50 KG;SAC;212.000;0;0;0;0
80155500;SUICETTE ASSORTED POPS BOCAL;PCS;300;0;0;0;0
80155501;SUICETTE ASSORTED POPS BOCAL;CARTON;0;0;0;0;0
80155502;SUICETTE ASSORTED POPS BOCAL;BOCAL;29.000;0;0;0;0
80155600;SUICETTE BIG ASSORTED MIX EXCEL;SACHET;17.000;0;0;0;0
80155700;SUICETTE BIG COLA EXCEL;SACHET;17.000;0;0;5;5
80155800;SUICETTE BIG MILK LOLLIPOP EXCEL 25G;SACHET;17.000;0;0;8;8
80155900;SUICETTE ICY POPS BOCAL;PCS;200;0;0;200;200
80155901;SUICETTE ICY POPS BOCAL;CARTON;180.000;0;0;16,67;16,67
80155902;SUICETTE ICY POPS BOCAL;BOCAL;15.000;0;0;0,17;0,17
80156000;SUICETTE LOVE RING BAGUE;SACHET;8.500;0;0;2;2
80156100;Suicette mix fruit naturel;SACHET;2.500;0;0;1;1
80156101;Suicette mix fruit naturel;CARTON;50.000;0;0;0,05;0,05
80156200;SUICETTE MIX YOGOFRU BOCAL;PCS;250;0;0;0;0
80156201;SUICETTE MIX YOGOFRU BOCAL;BOCAL;23.000;0;0;0;0
80156300;SUICETTE TIK TOK CHEW POP BOCAL;PCS;200;0;0;0;0
80156301;SUICETTE TIK TOK CHEW POP BOCAL;CARTON;216.000;0;0;0;0
80156302;SUICETTE TIK TOK CHEW POP BOCAL;BOCAL;18.000;0;0;0;0
80156400;SUICETTE TIK TOK EXCEL XXL;SACHET;17.500;0;0;0;0
80156500;SUICETTE TWIST POP EXCEL;SACHET;17.500;0;0;15;15
80156600;Sundea choco ice cream;PIECE;400;0;0;148;148
80156601;Sundea choco ice cream;CARTON;240.000;0;0;7,40;7,40
80156602;Sundea choco ice cream;BOITE;12.000;0;0;0,25;0,25
20156700;Sur eau oasis;PIECES;1.000;0;0;0;0
20156701;Sur eau oasis;CARTON;40.000;0;0;0;0
20156800;SURPRISE SNACK 20SHT*25PCS;SACHET;7.000;0;0;0;0
50156900;Sweet africa poulet en paquet;PIECES;300;0;0;0;0
50156901;Sweet africa poulet en paquet;PAQUET;12.500;0;0;0;0
50157000;SWEET AFRICAN CUBE;PQT;1.700;0;0;115;115
50157001;SWEET AFRICAN CUBE;CARTON;139.400;0;0;57,50;57,50
50157002;SWEET AFRICAN CUBE;BTE;69.700;0;0;1,40;1,40
50157100;SWEET BOY CHOCOLATE;BOITE;7.000;0;0;4;4
50157200;SWEET BOY COCONUT;BOITE;7.000;0;0;3;3
50157300;SWEET BOY PINEAPPLE;BOITE;7.000;0;0;3;3
80157400;SWEET DREAMS POP;BCL;12.000;0;0;0;0
80157401;SWEET DREAMS POP;CARTON;150.000;0;0;0;0
20157500;SWEETBOY @ PIECE;PIECE;200;0;0;0;0
20157501;SWEETBOY @ PIECE;BOITE;9.000;0;0;0;0
80157600;Swety cup choco candy;PCS;200;0;0;0;0
80157601;Swety cup choco candy;CARTON;156.000;0;0;0;0
80157602;Swety cup choco candy;BOCAL;13.000;0;0;0;0
20157700;Talia bleu Nuit*60;PACQUET;3.100;0;0;1;1
20157701;Talia bleu Nuit*60;CARTON;186.000;0;0;0,02;0,02
20157800;Talia violet Nuit coton*60;PAQUET;3.000;0;0;2;2
20157801;Talia violet Nuit coton*60;CARTON;180.000;0;0;0,03;0,03
20157900;TAMARIN PM;SACHET;2.500;0;0;0;0
20158000;Thermos 3l plastique;PIECE;39.000;0;0;0;0
20158100;THERMOS VISTA VVF-1120 2L;PIECE;52.000;0;0;0;0
20158200;THERMOS VISTA VVF-1132H 3.2 L;PIECE;59.000;0;0;1;1
20158300;Thon en miettes 185g;PIECE;4.500;0;0;0;0
20158400;TIARA POUDRE;BOITE;10.000;0;0;0;0
80158500;TIK TOK VETO ASSORTED POPS EN SACHET;SACHET;14.500;0;0;0;0
160158600;TOLE 0.18 / 3M;FEUILLE;34.500;0;0;0;0
160158700;TOLE 0.18/2M;FEUILLE;18.000;0;0;0;0
20158800;TOLE 0.25/2M;FEUILLE;33.000;0;0;0;0
20158900;TOLE 0.25/3M;FEUILLE;49.000;0;0;0;0
50159000;TOMATE BOITE ALDA 70G;PCS;1.100;0;0;0;0
50159001;TOMATE BOITE ALDA 70G;CARTON;110.000;0;0;0;0
20159100;TOMATE BOITE HELLO FASTE;PIECE;750;0;0;0;0
20159101;TOMATE BOITE HELLO FASTE;CARTON;75.000;0;0;0;0
20159200;Tomate boite mama;PIECES;900;0;0;0;0
20159201;Tomate boite mama;CARTON;90.000;0;0;0;0
50159300;TOMATE BONJOUR @ BTS 70G;BOITES;1.050;0;0;13;13
50159301;TOMATE BONJOUR @ BTS 70G;CARTON;52.500;0;0;0,26;0,26
50159400;TOMATE BONJOUR EN SACHET 50G;PCS;700;0;0;3;3
50159401;TOMATE BONJOUR EN SACHET 50G;CARTON;70.000;0;0;0,03;0,03
20159500;TOMATE BTE GEFCO;BOITE;650;0;0;0;0
20159501;TOMATE BTE GEFCO;CARTON;32.500;0;0;0;0
20159600;TOMATE BTE LUCIE;PIECE;1.050;0;0;0;0
20159601;TOMATE BTE LUCIE;CARTON;105.000;0;0;0;0
20159700;TOMATE DELICIOUS 70GR;PIECE;650;0;0;0;0
20159701;TOMATE DELICIOUS 70GR;CARTON;32.500;0;0;0;0
20159800;TOMATE ELVIA EN SACHET;PIECE;500;0;0;0;0
50159900;Tomate en sachet lucie;PCS;1.050;0;0;0;0
50159901;Tomate en sachet lucie;CARTON;105.000;0;0;0;0
50159902;Tomate en sachet lucie;BOITE;26.300;0;0;0;0
20160000;Tomate europa @ boite 70g;PIECE;950;0;0;0;0
20160001;Tomate europa @ boite 70g;CARTON;47.500;0;0;0;0
20160100;TOMATE EUROPA @ SACHET 50G;PIECES;650;0;0;0;0
20160101;TOMATE EUROPA @ SACHET 50G;CARTON;65.000;0;0;0;0
20160200;Tomate evita en sachet 50g;SACHET;800;0;0;203;203
20160201;Tomate evita en sachet 50g;CARTON;40.000;0;0;4,06;4,06
50160300;TOMATE EVITA ENSACHET 50G;CARTON;0;0;0;0;0
20160400;TOMATE FANA EN SACHET;SACHET;1.000;0;0;0;0
20160401;TOMATE FANA EN SACHET;CARTON;100.000;0;0;0;0
20160402;TOMATE FANA EN SACHET;BOITE;0;0;0;0;0
20160500;TOMATE FANA EN SACHET50G;PCS;1.000;0;0;2;2
20160501;TOMATE FANA EN SACHET50G;CARTON;100.000;0;0;0,02;0,02
50160600;TOMATE KENZY EN SACHET;BOITE;15.000;0;0;0;0
20160700;TOMATE KENZY EN SACHET 50G;PCS;600;0;0;168;168
20160701;TOMATE KENZY EN SACHET 50G;CRT;60.000;0;0;42;42
20160702;TOMATE KENZY EN SACHET 50G;BOITE;15.000;0;0;1,68;1,68
50160800;TONGOLO BE @ KILOS;KG;2.500;0;0;0,70;0,70
80160900;Tongue Painte Assorti 5g;SACHET;2.800;0;0;0;0
80160901;Tongue Painte Assorti 5g;CARTON;55.000;0;0;0;0
80161000;Tongue painter kiddo;SACHET;2.500;0;0;0;0
80161001;Tongue painter kiddo;CARTON;50.000;0;0;0;0
80161100;TONGUE PAINTER MONSTRE POP KIDDIES;SACHET;12.500;0;0;0;0
20161200;Tongue_dancer (100pcs);PIECE;200;0;0;0;0
20161201;Tongue_dancer (100pcs);BOCAL;16.000;0;0;0;0
20161300;Top cafe 22g*120;PIECE;600;0;0;0;0
20161301;Top cafe 22g*120;CARTON;72.000;0;0;0;0
20161400;TOP CAFE CAPPUCCINO 25G;PIECE;1.000;0;0;107;107
20161401;TOP CAFE CAPPUCCINO 25G;CARTON;120.000;0;0;0,89;0,89
20161500;TOP CAFE PALM SUGAR 25G;PIECE;1.000;0;0;15;15
20161501;TOP CAFE PALM SUGAR 25G;CARTON;120.000;0;0;0,12;0,12
20161600;TOP CAFFE AVOCADO 22G;PCS;900;0;0;0;0
20161601;TOP CAFFE AVOCADO 22G;CARTON;162.000;0;0;0;0
20161700;TOP CAFFE MAKACHINNO 22G;PCS;900;0;0;0;0
20161701;TOP CAFFE MAKACHINNO 22G;PACQUET;8.100;0;0;0;0
20161800;TOP POP;SACHET;6.500;0;0;4;4
20161801;TOP POP;BAL;130.000;0;0;0,20;0,20
20161900;TOPHYTASTE BOEUF BOUILLON CUBES;PIECE;1.800;0;0;1;1
20161901;TOPHYTASTE BOEUF BOUILLON CUBES;CARTON;147.600;0;0;0,50;0,50
20161902;TOPHYTASTE BOEUF BOUILLON CUBES;BOITE;74.000;0;0;0,01;0,01
20162000;Triple action aloe vera 100ml;PCS;3.000;0;0;58;58
20162001;Triple action aloe vera 100ml;PAQUET;17.000;0;0;9,67;9,67
20162002;Triple action aloe vera 100ml;CARTON;204.000;0;0;0,81;0,81
20162100;TRIUMPHPLASTIQUE100PGSEN PIECE;PIECE;3.500;0;0;0;0
20162200;TSARAHIRATRA SAUCE;BOUTEILLE;4.000;0;0;0;0
20162201;TSARAHIRATRA SAUCE;PAQUET;24.000;0;0;0;0
290162300;TSARAMASO BOTA;KAPOAKA;1.600;0;0;0;0
290162301;TSARAMASO BOTA;SAC;284.000;0;0;0;0
290162400;TSARAMASO BOTA EN KAPOAKA;KAPOAKA;1.400;0;0;0;0
20162500;TSARAMASO EN SAC 50KG;SAC;219.000;0;0;0;0
20162700;TSARAMASO LAVA @ kapoaka;KAPOAKA;1.500;0;0;0;0
20162701;TSARAMASO LAVA @ kapoaka;SAC;0;0;0;0;0
280162600;TSARAMASO LAVA 50KG;SAC;265.000;0;0;0;0
20162800;TSARAMASO MENA;SAC;245.000;0;0;0;0
20162900;TSARAMASO MENA KAPOAKA;KAPOAKA;1.400;0;0;0;0
290163000;TSARAMASO MIANDRIVAZO 25 KG;SAC;170.000;0;0;0;0
290163100;Tsaramaso miandrivazo 50kg;SAC;263.000;0;0;5;5
290163200;TSARAMASO MIANDRIVAZO EN KAPOAKA;KAPOAKA;1.500;0;0;79;79
20163300;TSIASISA EN KAPOAKA;KAPOAKA;900;0;0;0;0
50163400;TSIASISA EN SAC;KAPOAKA;900;0;0;0;0
50163401;TSIASISA EN SAC;SAC;175.000;0;0;0;0
20163500;TSIASISA VAO 50KG;SAC;229.000;0;0;0;0
20163600;TSIASISA VAO2 EN KAPOAKA;KAPOAKA;1.400;0;0;0;0
20163700;TSIKY NAKS;PIECE;500;0;0;0;0
20163701;TSIKY NAKS;SACHET;9.000;0;0;0;0
20163800;TUC CLASSIC 65*24;PIECE;1.500;0;0;0;0
20163801;TUC CLASSIC 65*24;CARTON;36.000;0;0;0;0
20163900;TUC MINI 30G*30;PIECE;800;0;0;0;0
20163901;TUC MINI 30G*30;CARTON;36.000;0;0;0;0
20164000;TUC POCKET 32G;BOITE;19.500;0;0;0;0
20164001;TUC POCKET 32G;CARTON;115.000;0;0;0;0
20164100;Turbo choco gm;SACHET;5.500;0;0;1;1
20164101;Turbo choco gm;CARTON;66.000;0;0;0,08;0,08
10164200;TURBO CHOCO PM;SACHET;2.000;0;0;10;10
10164201;TURBO CHOCO PM;CARTON;40.000;0;0;0,48;0,48
10164300;TURBO FRAISE GM;SACHET;5.500;0;0;35;35
10164301;TURBO FRAISE GM;CARTON;66.000;0;0;2,92;2,92
10164400;TURBO FRAISE PM;SACHET;2.000;0;0;0;0
10164401;TURBO FRAISE PM;CARTON;40.000;0;0;0;0
80164500;U&me MINIS EN BOITE;BOITE;8.500;0;0;0;0
30164600;VAO SAVON ANTISEPTIQUE AU CHARBON;PIECE;1.700;0;0;0;0
30164601;VAO SAVON ANTISEPTIQUE AU CHARBON;CARTON;40.000;0;0;0;0
20164700;VAO SHAMPOOING PAPAYE SACHET;SACHET;2.500;0;0;4;4
30164800;VAO TRANSLUCIDE SDOI U1*36MX*80G;PIECE;1.200;0;0;36;36
30164801;VAO TRANSLUCIDE SDOI U1*36MX*80G;CARTON;42.000;0;0;1;1
190164900;Vaoline 30g*108;CARTON;21.600;0;0;0;0
90165000;VARY DISTE vao;SAC;124.000;0;0;3;3
90165100;VARY FELIZ FAMILIA 25 KG;SAC;53.000;0;0;0;0
90165200;VARY FELIZ FAMILIA 50KG;SAC;90.000;0;0;0;0
20165300;VARY FOTSY;KAPOAKA;0;0;0;0;0
20165400;VARY GASY 25KG;SAC;82.000;0;0;0;0
20165500;VARY GASY ambato @ KAPOAKA;KAPOAKA;900;0;0;0;0
20165900;VARY GASY ANDAPA @ kapoaka;KAPOAKA;950;0;0;0;0
90165600;VARY GASY ANDAPA 25KG;SAC;79.000;0;0;0;0
90165700;VARY GASY ANDAPA 50KG;SAC;147.000;0;0;0;0
20165800;VARY GASY ANDAPA 60KG;SAC;197.000;0;0;0;0
300166000;VARY GASY ANDAPA VAO 50 KG;SAC;155.000;0;0;0;0
90166100;VARY GASY BOTA;KAPOAKA;800;0;0;135;135
90166200;VARY GASY BOTA 25KG;SAC;60.000;0;0;4;4
90166300;VARY GASY BOTA 50kg;SAC;119.000;0;0;5;5
90166400;VARY GASY BOTA VAO 60KG;SAC;142.000;0;0;2;2
90166500;Vary gasy botamenamena 50kg;SAC;144.000;0;0;0;0
90166600;VARY GASY EN KAPOAKA;KAPOAKA;650;0;0;0;0
90166700;VARY GASY EN KAPOAKA FOTSY;KAPOAKA;650;0;0;0;0
300166800;VARY GASY EN KPK;KAPOAKA;650;0;0;0;0
300166900;Vary gasy fotsy 2eme choix 50kg;SAC;157.000;0;0;0;0
90167000;VARY GASY fotsy 60kg;SAC;182.000;0;0;0;0
90167100;VARY GASY MENA EN KAPOAKA;KAPOAKA;700;0;0;0;0
300167200;VARY GASY RIO 50kg;SAC;153.000;0;0;0;0
90167300;VARY GASY RIO EN KAPOAKA;KAPOAKA;0;0;0;0;0
90167400;VARY HAPPY FAMILY 25KG;SAC;49.000;0;0;0;0
90167500;VARY HAPPY FAMILY 50KG;SAC;92.000;0;0;0;0
90167600;VARY HARAKA JAUNE 50 KG;SAC;95.000;0;0;0;0
90167700;VARY LA FAMILLE INDE;KAPOAKA;550;0;0;0;0
90167701;VARY LA FAMILLE INDE;SAC;93.000;0;0;0;0
90167800;VARY LUX LAXMI;SAC;104.000;0;0;0;0
90167900;VARY MAHAVOKY LUX 50KG;SAC;125.000;0;0;2;2
300168000;VARY MAKALIOKA 50KG;SAC;121.000;0;0;4;4
90168100;Vary makalioka 60kg;SAC;145.000;0;0;5;5
20168200;VARY MAKALIOKA KAPOAKA;KAPOAKA;900;0;0;0;0
90168300;Vary makalioka vao 25Kg;SAC;61.000;0;0;2;2
90168400;Vary makalioka vao en kapoaka;KAPOAKA;950;0;0;0;0
90168500;VARY MAKALIOKA VAOVAO 50KG;KAPOAKA;950;0;0;0;0
90168501;VARY MAKALIOKA VAOVAO 50KG;KG;3.900;0;0;0;0
90168502;VARY MAKALIOKA VAOVAO 50KG;SAC;105.000;0;0;0;0
90168600;VARY MAKALIOKA VAOVAO 60KG;UNITE;0;0;0;0;0
90168700;VARY MANJARIKA 50KG;SAC;147.000;0;0;0;0
300168800;VARY MENA DISTE EN KAPOAKA;KAPOAKA;750;0;0;1;1
20168900;VARY MME ROSE;KAPOAKA;1.500;0;0;2;2
90169000;VARY ROYAL SALAMI 25KG;SAC;59.000;0;0;0;0
90169100;VARY STOCK 25 KG;SAC;53.000;0;0;0;0
20169200;VARY STOCK 50kg;SAC;144.000;0;0;0;0
90169300;VARY STOCK ACE RICE 50KG;SAC;105.000;0;0;0;0
90169400;VARY STOCK ADELCO 25KG;SAC;45.000;0;0;0;0
90169500;VARY STOCK AFRICAN GOLD 50KG;SAC;105.000;0;0;0;0
90169600;VARY STOCK AONE 50KG;SAC;105.000;0;0;0;0
90169700;VARY STOCK ASIAN 5%;SAC;91.000;0;0;0;0
90169800;Vary stock barea 50KG;SAC;108.000;0;0;0;0
90169900;Vary stock bon 50kg;SAC;145.000;0;0;0;0
90170000;VARY STOCK BOULE PETANQUE 50KG;SAC;108.000;0;0;0;0
90170100;Vary stock bulmex 25kg;SAC;47.000;0;0;0;0
90170200;VARY STOCK CAPITAL 50KG;KAPOAKA;550;0;0;0;0
90170201;VARY STOCK CAPITAL 50KG;SAC;87.000;0;0;0;0
90170202;VARY STOCK CAPITAL 50KG;KG;0;0;0;0;0
90170300;VARY STOCK CAPITALE;KAPOAKA;0;0;0;0;0
90170301;VARY STOCK CAPITALE;SAC;0;0;0;0;0
20170400;VARY STOCK CHAMPION 50 KG;SAC;118.000;0;0;11;11
90170500;Vary stock eagle 50kg;SAC;152.000;0;0;0;0
90170600;VARY STOCK EHOALA 50 KG;SAC;108.000;0;0;0;0
90170700;VARY STOCK FALCON 25KG;SAC;46.000;0;0;0;0
20170800;VARY STOCK FANEVA;SAC;145.000;0;0;0;0
90170900;Vary stock foot ball 50kg;SAC;136.000;0;0;0;0
90171000;Vary stock global 50kg;SAC;136.000;0;0;0;0
90171100;VARY STOCK GOLD COIN 50KG;SAC;105.000;0;0;0;0
90171200;VARY STOCK GOLD SAC 50KG;SAC;117.000;0;0;8;8
90171300;VARY STOCK HARY FITIA 50KG;SAC;106.000;0;0;0;0
90171400;VARY STOCK INDUS 50 KG;SAC;100.000;0;0;0;0
90171500;VARY STOCK KING AFRICA 50KG;SAC;146.000;0;0;0;0
90171600;VARY STOCK KINTANA 25KG;SAC;76.000;0;0;0;0
90171700;Vary Stock Kintana 50kg;SAC;116.000;0;0;2;2
90171800;VARY STOCK LA CASCADE 50KG;SAC;104.000;0;0;0;0
90171900;VARY STOCK LA FAMILLE INDE 50KG;SAC;145.000;0;0;0;0
90172000;VARY STOCK LALA;KAPOAKA;0;0;0;0;0
90172001;VARY STOCK LALA;KG;0;0;0;0;0
90172002;VARY STOCK LALA;SAC;101.000;0;0;0;0
50172100;Vary Stock Lemur 50kg;SAC;145.000;0;0;0;0
90172200;VARY STOCK MAHAVOKY 50KG;SAC;117.000;0;0;0;0
90172300;Vary stock mara 50kg;SAC;136.000;0;0;0;0
90172400;VARY STOCK MARIO;SAC;87.000;0;0;0;0
50172500;VARY STOCK MOL RIZ 50KG;SAC;145.000;0;0;0;0
20172600;VARY STOCK NAMANA;SAC;135.000;0;0;0;0
90172700;Vary stock nitra 50kg;SAC;92.000;0;0;0;0
20172800;VARY STOCK PACK RHINO 25KG;SAC;47.000;0;0;0;0
90172900;VARY STOCK PAPA;SAC;87.000;0;0;0;0
90173000;Vary stock pogo 50 kg;SAC;105.000;0;0;0;0
20173100;VARY STOCK R R PREMIUM 50KG;SAC;132.000;0;0;0;0
90173200;VARY STOCK ROMAZAVA 50KG;SAC;117.000;0;0;0;0
50173300;VARY STOCK SAKSHI SILVER 50KG;SAC;145.000;0;0;0;0
90173400;VARY STOCK SHAVA 50KG;SAC;113.000;0;0;0;0
90173500;VARY STOCK STAR;SAC;95.000;0;0;0;0
90173600;VARY STOCK STAR 25 KG;SAC;54.000;0;0;0;0
90173700;VARY STOCK SUN FLOWER;SAC;87.000;0;0;0;0
90173800;VARY STOCK TANISHK;SAC;145.000;0;0;0;0
90173900;VARY STOCK TIGRE PAKISTAN 50KG;SAC;147.000;0;0;0;0
90174000;VARY STOCK TSINJO 25KG;SAC;45.000;0;0;0;0
90174100;Vary stock tuctuc 50kg;SAC;147.000;0;0;0;0
90174200;VARY STOCK TULIP 50KG;SAC;118.000;0;0;0;0
90174300;Vary stock voky tsara 50KG;SAC;105.000;0;0;0;0
90174400;VARY STOCK VOKY TSARA LUXE 5% SAC 50 KG;SAC;129.000;0;0;0;0
90174500;VARY STOCK VOLAMENA 50KG;SAC;152.000;0;0;0;0
90174600;VARY STOCK VOLGA 50KG;SAC;108.000;0;0;0;0
90174700;VARY TASTE LIFE 25KG;SAC;51.000;0;0;0;0
20174800;VARY TSINJO 50KG FOTSY;SAC;113.000;0;0;0;0
90174900;VARY TSINJO 50KG VAOVAO;SAC;134.000;0;0;0;0
90175000;VARY VOKY TSARA LUXE EN KAPOAKA;KAPOAKA;750;0;0;146;146
90175100;VARYSTOCK CE BON SAC 50KG;SAC;106.000;0;0;0;0
20175200;Vehicule lollipop 15g;BOCAL;11.500;0;0;3;3
20175300;VERRE A JETER;PAQUET;4.000;0;0;0;0
20175400;VERRE A JETER TRANQUIL TRANSPARENT;PAQUET;3.200;0;0;8;8
20175500;VERRE A JETER TRANQUIL WHITE;PAQUET;3.200;0;0;10;10
20175600;Verre a jeter voila *20x50;PAQUET;2.900;0;0;0;0
20175601;Verre a jeter voila *20x50;CARTON;58.000;0;0;0;0
20175700;VERRE A JETTER CHAMPION;PAQUET;2.900;0;0;12;12
20175800;VERRE DECORRTED GLRSS;PAQUET;8.000;0;0;0;0
20175801;VERRE DECORRTED GLRSS;CARTON;0;0;0;0;0
20175900;VESTLIN LEMON 50G;PIECE;1.500;0;0;60;60
20175901;VESTLIN LEMON 50G;CARTON;185.000;0;0;6;6
20175902;VESTLIN LEMON 50G;PACQUET;18.500;0;0;0,50;0,50
20176000;VETSIN 250G;PIECE;2.100;0;0;42;42
20176001;VETSIN 250G;CARTON;100.000;0;0;0,88;0,88
50176100;VETSIN 50G;PIECES;600;0;0;5;5
50176101;VETSIN 50G;CARTON;60.000;0;0;0,05;0,05
50176200;VETSIN SASA MOTO 3G*160*25;PAQUET;13.000;0;0;0;0
50176201;VETSIN SASA MOTO 3G*160*25;CARTON;325.000;0;0;0;0
20176300;VETSIN VITA 3G;PACQUET;1.900;0;0;43;43
20176301;VETSIN VITA 3G;CARTON;95.000;0;0;0,86;0,86
50176400;VINAIGRE FOTSY 1 L;PIECE;1.500;0;0;0;0
50176401;VINAIGRE FOTSY 1 L;PAQUET;9.000;0;0;0;0
20176500;VINAIGRE FOTSY TAF [1L] GM;PAQUET;13.000;0;0;0;0
20176600;VINAIGRE SACHET SAVOUR;SACHET;4.700;0;0;0;0
20176601;VINAIGRE SACHET SAVOUR;BALLE;23.500;0;0;0;0
20176700;Vinaigre sachet taf blanc 5cl*40;SACHET;5.300;0;0;0;0
20176701;Vinaigre sachet taf blanc 5cl*40;CARTON;26.500;0;0;0;0
20176800;Vinaigre sachet taf rouge;SACHET;5.300;0;0;18;18
20176801;Vinaigre sachet taf rouge;CARTON;26.500;0;0;3,60;3,60
20176900;VINAIGRE SAVOUR [0.25L ] PM;PAQUET;7.000;0;0;0;0
20177000;VINAIGRE SAVOUR [1L ] GM;PAQUET;11.000;0;0;0;0
20177100;VINAIGRE TAF FOTSY 0.25L;BOUTEIL;1.200;0;0;147;147
20177101;VINAIGRE TAF FOTSY 0.25L;PACK;10.000;0;0;14,70;14,70
20177200;VINAIGRE TAF FOTSY 1L;PIECE;2.500;0;0;65;65
20177201;VINAIGRE TAF FOTSY 1L;PAQUET;13.000;0;0;10,83;10,83
20177300;VINAIGRE TAF mena (0.25l);BOUTEILLE;1.200;0;0;62;62
20177301;VINAIGRE TAF mena (0.25l);PACK;10.000;0;0;6,20;6,20
20177400;VINAIGRE TAF MENA 1l;BOUTEILLE;2.500;0;0;100;100
20177401;VINAIGRE TAF MENA 1l;PACK;13.000;0;0;16,67;16,67
20177500;VINAIGRE TSOTRA GM;PIECE;1.500;0;0;0;0
20177501;VINAIGRE TSOTRA GM;PACQUET;7.000;0;0;0;0
20177600;VINUT COCKTAIL MIXED FRUIT JUICE 330ML;PIECE;3.900;0;0;6;6
20177700;VINUT COCONUT WATER JUICE 330ML;PIECE;3.900;0;0;6;6
20177800;VINUT ORANGE JUICE 330ML;PIECE;3.900;0;0;9;9
20177900;VINUT PASSION FRUIT JUICE 330ML;PIECE;3.900;0;0;6;6
20178000;VINUT STRAWBERRY JUICE 330ML;PIECE;3.900;0;0;6;6
20178100;VINUT VOLTRIC 220 ENERGY JUICE 330ML;PIECE;3.900;0;0;5;5
20178200;Vitalait 1kg;SACHET;36.000;0;0;5;5
20178201;Vitalait 1kg;CARTON;288.000;0;0;0,62;0,62
20178300;Vitalait 500g;SACHET;18.500;0;0;3;3
20178301;Vitalait 500g;CARTON;296.000;0;0;0,19;0,19
80178400;VNL DELUXE TOFFEES100PCS*20BAG;SACHET;2.700;0;0;6;6
80178500;VNL FROYO PRETO BLACK TO RED 24PCS*16;SACHET;3.500;0;0;15;15
80178600;VNL MILK LOLLIPOP BOCAL;BOCAL;7.500;0;0;5;5
80178700;VNL STABERRY, M, MF LOLLIPOP BOOM SPLASH;BOCAL;7.500;0;0;0;0
80178800;VNL STRAWBERRY LOLLIPOP BOOM SPLASH;BOCAL;7.500;0;0;4;4
20178900;VOANEMBA 50 kg ij;SAC;169.000;0;0;2;2
50179000;VOANEMBA FOTSY @ kapoaka;KAPOAKA;1.000;0;0;55;55
50179001;VOANEMBA FOTSY @ kapoaka;SAC;0;0;0;0,29;0,29
20179100;VOANJO BORY;KAPOAKA;1.300;0;0;0;0
20179400;VOANJOBORY @ KAPOAKA;KAPOAKA;1.500;0;0;160;160
20179200;VOANJOBORY 25KG;SAC;129.500;0;0;0;0
20179300;VOANJOBORY 50KG;KAPOAKA;1.000;0;0;3,50;3,50
20179301;VOANJOBORY 50KG;SAC;249.000;0;0;3,50;3,50
20179302;VOANJOBORY 50KG;KG;1.000;0;0;1;1
20179500;VOANJOBORY EN KAPOAKA;KAPOAKA;1.500;0;0;0;0
20179600;VOANTSIROKA MAINTSO @ KAPOAKA;KAPOAKA;1.300;0;0;86;86
20179700;VOANTSIROKA MAINTSO @ SAC;SAC;229.000;0;0;0;0
20179800;VOANTSIROKA MAVO;SAC;224.000;0;0;0;0
20179900;VOANTSIROKA MAVO @ kapoaka;KAPOAKA;1.300;0;0;0;0
190180000;Vovo-tsavony so klin 1kg;PIECES;15.000;0;0;7;7
190180001;Vovo-tsavony so klin 1kg;CARTON;150.000;0;0;0,70;0,70
190180100;VOVON-TSAVONY B29 EN PIESES;PCS;250;0;0;0;0
190180200;VOVON-TSAVONY BOOM en carton;PIECE;400;0;0;750;750
190180201;VOVON-TSAVONY BOOM en carton;CARTON;47.000;0;0;5;5
190180300;VOVON-TSAVONY DENOR;SAC;29.000;0;0;0;0
190180400;VOVON-TSAVONY EXTRA EN PCS;PCS;300;0;0;0;0
20180500;VOVON-TSAVONY FLOR;SAC;35.000;0;0;3;3
20180600;VOVON-TSAVONY FOM;CARTON;37.000;0;0;0;0
190180700;Vovon-tsavony fom en pcs;PCS;250;0;0;1;1
190180800;VOVON-TSAVONY OXI BLEU BREEZE;CARTON;50.000;0;0;8;8
190180900;Vovon-tsavony Oxi en pcs;PIECES;350;0;0;0;0
20181000;VOVON-TSAVONY OXI VIOLET LAVANDE;CARTON;50.000;0;0;9;9
190181100;Vovon-tsavony saba 25g en pcs;PCS;250;0;0;0;0
20181200;VOVON-TSAVONY SAFIDY 30G;CARTON;30.000;0;0;0;0
190181300;Vovon-tsavony safidy 30g en PCS;PIECES;200;0;0;0;0
20181400;VOVON-TSAVONY SEIM;SAC;30.000;0;0;0;0
190181500;Vovon-tsavony seim en pcs;PCS;200;0;0;0;0
20181600;VOVON-TSAVONY UNO 30G;SAC;42.000;0;0;0;0
190181700;Vovon-tsavony uno en pcs;PCS;300;0;0;0;0
20181800;VOVON-TSAVONY VAO LINE EN PCS;PIECE;300;0;0;0;0
190181900;Vovontsavony iriko 25g en pcs;PIECES;250;0;0;57;57
190182000;Vovontsavony iriko 25g*150;SAC;35.000;0;0;15;15
30182100;Vovotsavony Extra Citrus;CARTON;45.000;0;0;8;8
110182200;WORLD COLA 1.5 l;PIECE;5.000;0;0;24;24
110182201;WORLD COLA 1.5 l;PAQUET;28.000;0;0;4;4
110182300;WORLD COLA 50cl;PAQUET;24.000;0;0;4;4
110182400;XXL 35CL;PIECE;3.300;0;0;13;13
110182401;XXL 35CL;PACQUET;37.000;0;0;1,08;1,08
170182500;YARICO GM;BOITE;5.500;0;0;0;0
170182501;YARICO GM;CARTON;132.000;0;0;0;0
170182600;YARICO PM;BOITE;4.200;0;0;1;1
170182601;YARICO PM;CARTON;210.000;0;0;0,02;0,02
20182700;YES JUICE APPLE 1L;PIECE;5.500;0;0;1;1
20182800;YES JUICE COCKTAIL 200ML;PIECE;1.200;0;0;0;0
20182900;YES JUICE GUAVA 1L;PIECE;5.500;0;0;5;5
20183000;YES JUICE ORANGE 200ML;PIECE;1.200;0;0;1;1
20183100;YES JUICE PINEAPPLE 1L;PIECE;5.500;0;0;4;4
20183200;YES JUICE RAISIN ROUGE 1L;PIECE;5.500;0;0;3;3
80183300;Yogurt pop kiddo;SACHET;2.500;0;0;0;0
80183301;Yogurt pop kiddo;CARTON;50.000;0;0;0;0
20183400;YOGURT SUCETTE;SACHET;9.900;0;0;0;0
20183401;YOGURT SUCETTE;CARTON;158.000;0;0;0;0
20183500;YOUT LAIT EN POUDRE 1KG;SACHET;35.000;0;0;0;0
20183600;YOUT LAIT EN POUDRE 250G;SACHET;8.800;0;0;0;0
20183700;YOUT LAIT EN POUDRE 500G;SACHET;17.500;0;0;0;0
110183800;YOUZOU 1.5l;PAQUET;29.000;0;0;0;0
20183900;YOUZOU 50 CL;PAQUET;19.500;0;0;0;0
20184000;Z bonbon fruit sachet;SACHET;3.700;0;0;9;9
20184001;Z bonbon fruit sachet;CARTON;88.800;0;0;0,38;0,38
20184100;Z BONBON FRUITY BOCAL;BOCAL;14.900;0;0;0;0
20184200;ZAKURO;PIECE;2.300;0;0;0;0
20184201;ZAKURO;CARTON;162.000;0;0;0;0
20184202;ZAKURO;PACQUET;27.000;0;0;0;0
