csv_code,csv_name,csv_unit,idarticle,idunite,codearticle,stock_qtys,inventory_qtys,log_count,price_count
3393,GROS POID,KAPOAKA,3205,4218,0180320500,0|0|0,0|0|0,3,0
21500029002,GROS POID,SAC,3139,4128,0180313900,0|0|0,0|0|0,3,0
22000321901,GROS POID 50KG,SAC,3139,4128,0180313900,0|0|0,0|0|0,3,0
22000328701,GROS POID EN KAPOAKA,KAPOAKA,3205,4218,0180320500,0|0|0,0|0|0,3,0
19200212501,HARAKA FOTSY GONY,SAC,2078,2790,0170207800,0|0|0,0|0|0,3,0
15600316601,HILE MOTEUR SPARTANS SAE 30,JERYCAN,3087,4047,0030308700,0|0|0,0|0|0,3,0
21400257701,HUILE 20W50 ESSENCE EN LITRE,LITRE,2516,3305,0340251600,0|0|0,0|0|0,3,0
24600230201,HUILE COCO TOP 18KG,DABA,2243,2985,0370224300,0|0|0,0|0|0,3,0
24600380701,HUILE ELVIA EN JERYCAN 10L,JERYCAN,3709,4899,0370370900,0|0|0,0|0|0,3,0
16600326901,HUILE EVITA 250CL,PIECE,3187,4190,0260318700,0|0|0,0|0|0,3,0
16600273601,HUILE HAYAT,JERYCAN,2670,3526,0260267000,0|0|0,0|0|0,3,0
24600273001,HUILE TOURNESOL 1L,PIECE,2664,3517,0370266400,0|0|0,0|0|0,3,0
24600273101,HUILE TOURNESOL 5L,PIECE,2665,3519,0370266500,0|0|0,0|0|0,3,0
16600319301,HUILE TOURNESOL COEUR D'OR 1L,PIECE,3113,4092,0260311300,0|0|0,0|0|0,3,0
16600413401,HUILE TOURNESOL LUSSO 1L,BOUTEILLE,4019,5433,0260401900,0|0|0,0|0|0,3,0
16600367401,HUILE TOURNESOL SUNLIFE 1L,BOUTEIL,3578,4707,0260357800,0|0|0,0|0|0,3,0
16600271001,HUILE WHITE LILY OIL,JERYCAN,2647,3491,0260264700,0|0|0,0|0|0,3,0
21500395401,JELLY BEAN,BOITE,3849,5137,0040384900,0|0|0,0|0|0,3,0
21500221801,JELLY_CUP,SACHET,2167,2887,0040216700,0|0|0,0|0|0,3,0
21500221901,JELLY_STICK,SACHET,2168,2889,0040216800,0|0|0,0|0|0,3,0
21500273301,JUMBO EN PIECE,PIECE,2667,3523,0040266700,0|0|0,0|0|0,3,0
21500403801,JUS EN BOITE TOFFEE JELLY,BOITE,3926,5279,0040392600,0|0|0,0|0|0,3,0
21500221501,JUS EN POT,PIECE,759,959,0030075900,0|0|0,0|0|0,3,0
24000342601,JUS GOLDEN COCKTAIL,BOITE,3338,4368,0200333800,0|0|0,0|0|0,3,0
24000342701,JUS GOLDEN COCONUT,BOITE,3339,4371,0200333900,0|0|0,0|0|0,3,0
24000342201,JUS GOLDEN FRAISE,BOITE,3334,4356,0200333400,0|0|0,0|0|0,3,0
24000342202,JUS GOLDEN FRAISE,CARTON,765,968,0030076500,0|0|0,0|0|0,3,0
24000342401,JUS GOLDEN LEMON,BOITE,3336,4362,0200333600,0|0|0,0|0|0,3,0
24000342402,JUS GOLDEN LEMON,CARTON,766,969,0030076600,0|0|0,0|0|0,3,0
24000342301,JUS GOLDEN ORANGE,BOITE,3335,4359,0200333500,0|0|0,0|0|0,3,0
24000342501,JUS GOLDEN PINEAPLE,BOITE,3337,4365,0200333700,0|0|0,0|0|0,3,0
21500258801,JUS LE FRUIT,PIECE,2527,3323,0040252700,0|0|0,0|0|0,3,0
21500258801,JUS LE FRUIT,PIECE,2696,3570,0200269600,0|0|0,0|0|0,3,0
21500258801,JUS LE FRUIT,PIECE,4249,5859,0230424900,0|0|0,0|0|0,3,0
21500404601,JUS SAMIA COLA,BOITE,3934,5295,0040393400,0|0|0,0|0|0,3,0
21500404901,JUS SAMIA FRAISE,BOITE,3937,5301,0040393700,0|0|0,0|0|0,3,0
21500404701,JUS SAMIA ORANGE,BOITE,777,984,0030077700,0|0|0,0|0|0,3,0
21500404701,JUS SAMIA ORANGE,BOITE,3935,5297,0040393500,0|0|0,0|0|0,3,0
16600279701,JUS SHAMPART,BOITE,1892,2539,0200189200,0|0|0,0|0|0,3,0
16600279701,JUS SHAMPART,BOITE,1893,2541,0200189300,0|0|0,0|0|0,3,0
16600279701,JUS SHAMPART,BOITE,1894,2543,0200189400,0|0|0,0|0|0,3,0
16600279701,JUS SHAMPART,BOITE,1895,2545,0200189500,0|0|0,0|0|0,3,0
16600279701,JUS SHAMPART,BOITE,1896,2547,0200189600,0|0|0,0|0|0,3,0
16600279701,JUS SHAMPART,BOITE,1967,2652,0200196700,0|0|0,0|0|0,3,1
24000193401,JUS SHAMPART ANANAS,BOITE,1892,2539,0200189200,0|0|0,0|0|0,3,0
24000193701,JUS SHAMPART COCTAIL,BOITE,1895,2545,0200189500,0|0|0,0|0|0,3,0
24000193501,JUS SHAMPART COLA,BOITE,1893,2541,0200189300,0|0|0,0|0|0,3,0
24000193601,JUS SHAMPART FRAISE,BOITE,1894,2543,0200189400,0|0|0,0|0|0,3,0
24000193801,JUS SHAMPART ORANGE,BOITE,1896,2547,0200189600,0|0|0,0|0|0,3,0
24000201301,JUS SHAMPART PIN,BOITE,1967,2652,0200196700,0|0|0,0|0|0,3,1
24000200301,JUS TAAMA DRINK FRAISE,BOITE,1957,2627,0200195700,0|0|0,0|0|0,3,0
21500221701,JUS_CLARINETTE,PIECE,2166,2885,0040216600,0|0|0,0|0|0,3,0
22000314501,KATSAKA VAINGANY,KILOS,3066,4013,0180306600,0|0|0,0|0|0,3,1
21500312701,KATSAKA VOATOTO EN KILO,KILOS,3050,3996,0040305000,0|0|0,0|0|0,3,1
5082,KETCHUP,PIECE,3599,4735,0040359900,0|0|0,0|0|0,3,0
21500369501,KETCHUP EUROPA 340G,PIECE,3599,4735,0040359900,0|0|0,0|0|0,3,0
21500271901,KIP COCO,SACHET,2654,3501,0040265400,0|0|0,0|0|0,3,0
21900221301,KISO FOHY_DIAMANT,PIECE,2162,2877,0130216200,0|0|0,0|0|0,3,0
21900221401,KISO LAVA_DIAMANT,PIECE,2163,2879,0130216300,0|0|0,0|0|0,3,0
21500410201,KOBA AINA BANANA 35G,PIECE,3989,5381,0040398900,0|0|0,0|0|0,3,0
21500410301,KOBA AINA FRAISE 35G,PIECE,3990,5383,0040399000,0|0|0,0|0|0,3,0
21500410302,KOBA AINA FRAISE 35G,SACHET,817,1033,0040081700,0|0|0,0|0|0,3,0
21500410102,KOBA AINA MOOSLI 25GR,SACHET,818,1035,0030081800,0|0|0,0|0|0,3,0
21500410401,KOBA AINA NATURE 35G,PIECE,3991,5385,0040399100,0|0|0,0|0|0,3,0
16100350601,KOBA SOJA,PIECE,3418,4469,0360341800,0|0|0,0|0|0,3,0
21500270701,KOBAM-BARY 25KG,SAC,2644,3487,0040264400,0|0|0,0|0|0,3,0
22500289701,KREAMY ' N KRUNCH,BOITE,2828,3730,0050282800,0|0|0,0|0|0,3,0
22500366701,KREAMY KRUNCH,PIECE,3572,4700,0050357200,0|0|0,0|0|0,3,0
22500332501,KREAMY WAFER EN  PIECE,PIECE,3243,4263,0050324300,0|0|0,0|0|0,3,0
22500332801,KREAMY WAFER EN PAQUET,PAQUET,3246,4267,0050324600,0|0|0,0|0|0,3,0
22500409801,KREAMY'N KRUNCH PCE,PIECE,3985,5375,0050398500,0|0|0,0|0|0,3,0
21500313501,KRIK KRAK,SACHET,3057,4003,0040305700,0|0|0,0|0|0,3,0
22600364201,KRIS,PIECE,3548,4676,0020354800,0|0|0,0|0|0,3,0
15600360001,LAME BIC EN PIECE,PIECE,3506,4602,0030350600,0|0|0,0|0|0,3,0
15600210401,LAME DORCO NEW PLATINUM ST300,PACQUET,2058,2758,0030205800,0|0|0,0|0|0,3,0
22200454301,LEVURE CHIMIQUE  MENA PIECE,PIECE,4397,6116,0400439700,0|0|0,0|0|0,3,0
15600190501,LINGETTE KODOMO,PIECE,1864,2505,0030186400,0|0|0,0|0|0,3,0
15600260601,LINGETTE PATAPON,PIECE,2545,3358,0030254500,0|0|0,0|0|0,3,0
15600320901,LOCKED PM,PIECE,3129,4116,0030312900,0|0|0,0|0|0,3,0
21500437401,MACARONI BELLA VITA Spirales 4KG,SAC,4235,5835,0040423500,0|0|0,0|0|0,3,0
21500257001,MACARONI CHAMPION 450G,SACHET,2509,3289,0040250900,0|0|0,0|0|0,3,0
21500406101,MACARONIE BON PASTA ELBOW,SAC,3948,5320,0040394800,0|0|0,0|0|0,3,0
21500406001,MACARONIE BON PASTA FUSILLI,SAC,3947,5319,0040394700,0|0|0,0|0|0,3,0
15600275501,MACHINE PATE PPM VISTA,PIECE,2688,3561,0030268800,0|0|0,0|0|0,3,0
21500260401,MARGARINE ULTRA 500G,PIECE,2543,3354,0040254300,0|0|0,0|0|0,3,0
22500269301,MARIE LONDON,SACHET,2631,3465,0050263100,0|0|0,0|0|0,3,0
22800201101,MAXAM BLANCHEUR,PAQUET,1965,2648,0120196500,0|0|0,0|0|0,3,0
22800315801,MAXAM FLUOR 50G,PAQUET,3079,4033,0120307900,0|0|0,0|0|0,3,0
22800367901,MAXAM MENTHE PCE,PIECE,3583,4713,0120358300,0|0|0,0|0|0,3,0
22800367801,MAXAM SOURIRE PCE,PIECE,920,1173,0030092000,0|0|0,0|0|0,3,0
15600200601,MENABOLO ALOE VERA 200G,PIECE,1960,2634,0030196000,0|0|0,0|0|0,3,0
15600222101,MENABOLO ALOE VERA 50G,PACQUET,2170,2893,0030217000,0|0|0,0|0|0,3,0
15600388601,MENABOLO BABY CARE FORMULA 55G,PAQUET,3788,5040,0030378800,0|0|0,0|0|0,3,0
15600228601,MENABOLO BAOBAB 50G,PACQUET,2232,2969,0030223200,0|0|0,0|0|0,3,0
15600257201,MENABOLO FAMILY CARE_GM,PIECE,2511,3292,0030251100,0|0|0,0|0|0,3,0
15600218501,MENABOLO FAMILY CARE_PM,PAQUET,2134,2847,0030213400,0|0|0,0|0|0,3,0
15600259201,MENABOLO MALIKIA PM,PACQUET,2531,3331,0030253100,0|0|0,0|0|0,3,0
15600356801,MENABOLO MEDICARE PM 50GR,PIECE,3477,4564,0030347700,0|0|0,0|0|0,3,1
15600317201,MENABOLO MORINGA GM,PIECE,3093,4057,0030309300,0|0|0,0|0|0,3,0
15600259401,MENABOLO MORINGA PM,PACQUET,2533,3335,0030253300,0|0|0,0|0|0,3,0
15600424901,MENABOLO PM PIECE,PIECE,976,1243,0100097600,0|0|0,0|0|0,3,0
15600424901,MENABOLO PM PIECE,PIECE,4123,5635,0030412300,0|0|0,0|0|0,3,0
15600228801,MENABOLO PODOA PM,PACQUET,2234,2972,0030223400,0|0|0,0|0|0,3,0
15600218601,MENABOLO SHEA BUTTER GM,PAQUET,2135,2849,0030213500,0|0|0,0|0|0,3,0
15600356201,MENABOLO SHEA BUTTER PM 50GR,PIECE,3471,4547,0030347100,0|0|0,0|0|0,3,1
22800368001,MERIELCE 50G PCE,PIECE,3584,4714,0120358400,0|0|0,0|0|0,3,0
15600241701,MERIELCE ALOE VERA 130G,PACQUET,2356,3112,0120235600,0|0|0,0|0|0,3,0
22500393501,MIAM MINI,SACHET,3837,5117,0050383700,0|0|0,0|0|0,3,0
22500349201,MIAM TOUT CHOCO,SACHET,3404,4446,0050340400,0|0|0,0|0|0,3,1
21500202101,MILANA POULET,BOITE,1975,2670,0040197500,0|0|0,0|0|0,3,0
21500202102,MILANA POULET,CARTON,1001,1282,0030100100,-0|0|0,-0|0|0,3,0
24200230101,MILK _STICK,BOCAL,2242,2983,0080224200,0|0|0,0|0|0,3,0
21500319801,MIMI SNACKS,PAQUET,1009,1293,0130100900,0|0|0,0|0|0,3,0
24000270201,MINI JELLY STICK,BOITE,2640,3481,0200264000,0|0|0,0|0|0,3,0
23400234401,MIRA NETTOYANT WC 750ML,PIECE,2283,3030,0350228300,0|0|0,0|0|0,3,0
23600396701,MIX FRUIT KIDDO,SACHET,3860,5160,0140386000,0|0|0,0|0|0,3,0
23600436401,MIX FRUIT POP ROYALE,SACHET,4226,5822,0140422600,0|0|0,0|0|0,3,0
22100211201,MOLFIX SMALL PANTS MAXI 8X8,PIECE,2066,2769,0150206600,0|0|0,0|0|0,3,0
15600425001,MOSQUITO ANITA Citronel,PACQUET,4124,5636,0030412400,0|0|0,0|0|0,3,0
24500228701,MOTO JOG 90 PNEU LISSE,PIECE,2233,2971,0440223300,0|0|0,0|0|0,3,1
25500293101,MOTO SCOOTER YMT 49 CI BLEU,PIECE,2859,3775,0450285900,0|0|0,0|0|0,3,0
25500293201,MOTO SCOOTER YMT 49 CI GRIS,PIECE,2860,3776,0450286000,0|0|0,0|0|0,3,0
25500293301,MOTO SCOOTER YMT 49 CI NOIR,PIECE,2861,3777,0450286100,0|0|0,0|0|0,3,0
23600465001,NECT CHOCO CARAMEL POP EN SHT,SACHET,4501,6308,0140450100,0|0|0,0|0|0,3,0
23600464901,NECT XTRA PAINTER XXL 16PKT,SACHET,4500,6306,0140450000,0|0|0,0|0|0,3,0
4108,NICKEL GEL WC 500ML,PIECE,1051,1337,0100105100,0|0|0,0|0|0,3,0
15600379001,NICKEL LAVE SOL 1L,PIECE,1052,1338,0030105200,0|0|0,0|0|0,3,0
15600379001,NICKEL LAVE SOL 1L,PIECE,3692,4869,0030369200,0|0|0,0|0|0,3,0
23400228501,NICKEL LAVE VITRE 1L,PIECE,2231,2967,0350223100,0|0|0,0|0|0,3,0
23400417701,NICKEL LAVE VITRES 750ML,PIECE,4052,5508,0350405200,0|0|0,0|0|0,3,0
4125,NOUILLES,PIECE,1067,1356,0130106700,0|0|0,0|0|0,3,0
4125,NOUILLES,PIECE,1068,1357,0130106800,0|0|0,0|0|0,3,0
4125,NOUILLES,PIECE,1079,1374,0440107900,0|0|0,0|0|0,3,0
4331,"ORDI_PORTABLE ASUS 15.6 """,PIECE,2062,2765,0460206200,0|0|0,0|0|0,3,0
24400210801,"ORDI_PORTABLE ASUS 15.6 "" ( V )",PIECE,2062,2765,0460206200,0|0|0,0|0|0,3,0
23600395001,PAIL CANDY,PAQUET,3847,5133,0140384700,0|0|0,0|0|0,3,0
22100293801,PAMPERS N°2 ( 4 X 40 ),PAQUET,2866,3785,0150286600,0|0|0,0|0|0,3,1
22100293701,PAMPERS N°3 ( 4 X 36 ),PAQUET,2865,3783,0150286500,0|0|0,0|0|0,3,1
22100269701,PAMPERS N°4 ( 4 X 28 ),PIECE,2635,3472,0150263500,0|0|0,0|0|0,3,0
22100318801,PAMPERS N°4 ( 4 X 32 ),PACQUET,3109,4085,0150310900,0|0|0,0|0|0,3,0
22100259701,PAMPERS N°5 (4 X 30),PACQUET,2536,3341,0150253600,0|0|0,0|0|0,3,0
24900359201,PAPIER DOLPHIN A4,PAQUET,3498,4592,0330349800,0|0|0,0|0|0,3,0
15600392601,PAPIER EPAPER,PAQUET,3828,5102,0030382800,0|0|0,0|0|0,3,0
24800374301,PAPIER HYGIENIQUE DOUCY,PIECE,3647,4803,0470364700,0|0|0,0|0|0,3,0
21900477601,PEINTURE ANTI FOULING SARAH V,BOITE,4622,6517,0130462200,0|0|0,0|0|0,3,1
21900477701,PEINTURE EPOXY PREMIERE SARAH V,BOITE,4623,6518,0130462300,0|0|0,0|0|0,3,1
21900477701,PEINTURE EPOXY PREMIERE SARAH V,BOITE,4624,6519,0130462400,0|0|0,0|0|0,3,1
23600446901,PEN FINGER HARD CANDY 3G,PACQUET,4327,6002,0140432700,0|0|0,0|0|0,3,0
24200258401,PENGUIN CHOCO 8G,PACQUET,2523,3316,0080252300,0|0|0,0|0|0,3,0
21500319901,PETIT PIZZA,SACHET,3119,4101,0040311900,0|0|0,0|0|0,3,0
21400242701,PETROL 240L,LITRE,2366,3129,0340236600,0|0|0,0|0|0,3,0
22300370601,PILE CHAMPION R6,BOITE,3610,4747,0090361000,0|0|0,0|0|0,3,0
4086,PINCE,PIECE,4173,5726,0130417300,0|0|0,0|0|0,3,1
21900430101,PINCEAU SARAH V,PIECE,4173,5726,0130417300,0|0|0,0|0|0,3,1
22000257101,PISTASY AVARATRA 200 KAPOAKA,SAC,2510,3291,0180251000,0|0|0,0|0|0,3,0
22000394801,PISTASY MENA TRIER,KAPOAKA,3845,5130,0180384500,0|0|0,0|0|0,3,0
21900430801,PLASMA SARAH V,PIECE,4179,5732,0130417900,0|0|0,0|0|0,3,1
15600377201,PNEU 750/16,PIECE,3674,4850,0030367400,0|0|0,0|0|0,3,1
3010,POINTE 60X20,BOITE,3959,5341,0030395900,0|0|0,0|0|0,3,0
21500309201,POIVRE DE L' EST,BOUTEIL,3016,3947,0040301600,0|0|0,0|0|0,3,0
21500259801,POIVRE SACHET DOYPACK,SACHET,2537,3343,0040253700,0|0|0,0|0|0,3,1
22500448601,POTATA 15G EN PIECE,PIECE,1158,1478,0030115800,0|0|0,0|0|0,3,0
22600420801,POUDRE SAVON ARIEL FLORAL 500G,PIECE,4083,5564,0020408300,0|0|0,0|0|0,3,0
22600420901,POUDRE SAVON ARIEL LAVENDER 500G,PIECE,4084,5566,0020408400,0|0|0,0|0|0,3,0
22600420601,POUDRE SAVON ARIEL SPRING 500G,PIECE,1169,1491,0030116900,0|0|0,0|0|0,3,0
22500289401,PRINCE FOURRE 130G*20,PIECE,2825,3725,0050282500,0|0|0,0|0|0,3,0
22500248801,PRINCE FOURRE CHOCO 130G*20,PIECE,2427,3202,0050242700,0|0|0,0|0|0,3,0
22500248701,PRINCE FOURRE VANILLE 130G*20,PIECE,2426,3200,0050242600,0|0|0,0|0|0,3,0
22500248901,PRINCE POCHON 60G*35,PIECE,2428,3204,0050242800,0|0|0,0|0|0,3,0
23600434901,PRINCESS,PIECE,4213,5797,0140421300,0|0|0,0|0|0,3,0
21500350401,PROBO (KATSAKA NOTOTONA),PIECE,3416,4467,0040341600,0|0|0,0|0|0,3,0
24200433601,PURE GOLD KHAZANA,PIECE,1192,1521,0130119200,0|0|0,0|0|0,3,0
24200433601,PURE GOLD KHAZANA,PIECE,4202,5773,0140420200,0|0|0,0|0|0,3,0
24200258501,RAMBO CHOCOLATE 5G,BOITE,2524,3318,0080252400,0|0|0,0|0|0,3,0
16600173401,RANO VISY,PIECE,1200,1531,0130120000,0|0|0,0|0|0,3,0
23600386001,"ROBOT LOLLIPOP 5,4G",BOCAL,3762,4993,0140376200,0|0|0,0|0|0,3,0
23100269201,RONONO GENIE  GM,BOITE,2630,3463,0270263000,0|0|0,0|0|0,3,0
25100432101,RONONO LUCKY COW PM*48,BOITE,4188,5745,0510418800,0|0|0,0|0|0,3,0
21500315601,RONONO MAMA GM,BOITE,3077,4029,0040307700,0|0|0,0|0|0,3,0
21500260701,RONONO POUDRE LACTIMILK,SAC,2546,3360,0040254600,0|0|0,0|0|0,3,0
21500260801,RONONO POUDRE LACTIMILK 1/2 KG,SACHET,2547,3361,0040254700,0|0|0,0|0|0,3,0
21500406401,RONONO SHASA GM,BOITE,3951,5325,0040395100,0|0|0,0|0|0,3,0
25100380001,RONONO WHITE GOLD PM,BOITE,3702,4888,0510370200,0|0|0,0|0|0,3,0
21900468001,ROULAUX GM SARAH V,PIECE,4531,6367,0130453100,0|0|0,0|0|0,3,1
21900430001,ROULAUX PM SARAH V,PIECE,4172,5725,0130417200,0|0|0,0|0|0,3,1
21900437601,ROULEAU KIT PATE LAPIN SARAH V,PIECE,4237,5837,0130423700,0|0|0,0|0|0,3,1
15600322701,"SAC VIDE 1,20M",PIECE,3147,4137,0030314700,0|0|0,0|0|0,3,0
15600322801,"SAC VIDE 1,40M",PIECE,3148,4139,0030314800,0|0|0,0|0|0,3,0
15600373101,SAC VIDE KINTANA PCE,PIECE,3635,4789,0030363500,0|0|0,0|0|0,3,0
15600371001,SAC VIDE SP 57*100 BLANC,PIECE,3614,4754,0030361400,0|0|0,0|0|0,3,0
15600370901,SAC VIDE SP 70*120 BLANC,PIECE,3613,4752,0030361300,0|0|0,0|0|0,3,0
15600325501,SACHET BEST PRICE BALLE,BALLE,3175,4172,0030317500,0|0|0,0|0|0,3,0
15600167001,SACHET OISEAU,PIECE,1249,1604,0130124900,0|0|0,0|0|0,3,0
15600266301,SACHET PM,PACQUET,2601,3419,0030260100,0|0|0,0|0|0,3,0
15600280301,SACHET PM @ ROULEAU,ROULEAU,2735,3635,0030273500,0|0|0,0|0|0,3,0
15600170301,SACHET PM F49,PAQUET,1252,1607,0030125200,0|0|0,0|0|0,3,0
4161,SACHET PM TRANSPARENT,PACQUET,2601,3419,0030260100,0|0|0,0|0|0,3,0
21500272801,SARDINE ANNY,PIECE,1273,1635,0040127300,0|0|0,0|0|0,3,0
21500272801,SARDINE ANNY,PIECE,2662,3514,0040266200,0|0|0,0|0|0,3,0
21500376901,SARDINE VIVO,BOITE,3672,4846,0040367200,0|0|0,0|0|0,3,0
21500417301,SAUCE CHILI BON APPETIT 280G,BOUTEILLE,4048,5500,0040404800,0|0|0,0|0|0,3,0
21500403101,SAUCE DARK SUPERIEURE PET 400ML,PCS,1284,1652,0040128400,0|0|0,0|0|0,3,0
21500403101,SAUCE DARK SUPERIEURE PET 400ML,PCS,3919,5264,0040391900,0|0|0,0|0|0,3,0
21500394201,SAUCE SOJA MATSIRO,BOUTEIL,3843,5128,0040384300,0|0|0,0|0|0,3,0
21500226701,SAUCE TSA SIOU,JERYCANE,2213,2946,0040221300,0|0|0,0|0|0,3,0
15600314801,SAVOKA TARATRA,BOITE,3069,4017,0030306900,0|0|0,0|0|0,3,0
22600366301,SAVON CITRUS PCE,PIECE,3569,4697,0020356900,0|0|0,0|0|0,3,0
22600362301,SAVON FAX PINK FLOWERS 60G,SACHET,3529,4644,0020352900,0|0|0,0|0|0,3,0
22600362101,SAVON FAX SUNSHINE APPLES 60G,SACHET,3527,4640,0020352700,0|0|0,0|0|0,3,0
5100,SAVON FLOR,PIECE,1319,1700,0130131900,0|0|0,0|0|0,3,0
5100,SAVON FLOR,PIECE,1320,1701,0130132000,0|0|0,0|0|0,3,0
22600324801,SAVON FRES 75G,PAQUET,3168,4162,0020316800,0|0|0,0|0|0,3,0
22600233101,SAVON RIM M5,CARTON,2270,3014,0020227000,0|0|0,0|0|0,3,0
22600368201,SAVON RIM PCE,PIECE,3586,4716,0020358600,0|0|0,0|0|0,3,0
22600321101,SAVON SEIM BARRE BLANC,BARRE,3131,4118,0020313100,0|0|0,0|0|0,3,0
22600365801,SAVON SOBA M20 MARRON PCE,PIECE,3564,4692,0020356400,0|0|0,0|0|0,3,0
22600364401,SAVON SOBA TSARA BARRE,BARRE,3550,4678,0020355000,0|0|0,0|0|0,3,0
15600232801,SAVON VAO CITRON,PIECE,2267,3010,0030226700,0|0|0,0|0|0,3,0
22600386901,SAVON WHITE WASH NATURE 90G,PIECE,3771,5011,0020377100,0|0|0,0|0|0,3,0
22600244101,SAVONNETTE DIVA 125G,PACQUET,2380,3151,0020238000,0|0|0,0|0|0,3,0
22600260101,SAVONY MANITRA,PIECE,2540,3350,0020254000,0|0|0,0|0|0,3,0
15600187501,SCOTCH ALIZE,PIECE,2190,2917,0030219000,0|0|0,0|0|0,3,0
15600224201,SCOTCH ALIZE GM,PIECE,2190,2917,0030219000,0|0|0,0|0|0,3,0
15600244001,SCOTCH K2 _ GM,PIECE,2379,3148,0030237900,0|0|0,0|0|0,3,0
20100329301,SEL FIN EN SACHET 20KG ANTANANKORO,SAC,3211,4227,0520321100,0|0|0,0|0|0,3,1
20100329101,SEL GROS ANTANANKORO,SAC,3209,4225,0520320900,0|0|0,0|0|0,3,1
15600258301,SERVIETTE DE TABLE TOP,PACQUET,2522,3314,0030252200,0|0|0,0|0|0,3,0
24200429101,SHAPE CHOCOLATE BOCAL,BOCAL,4163,5712,0080416300,0|0|0,0|0|0,3,0
21500391801,SHINE COFFEE,PIECE,3820,5082,0040382000,0|0|0,0|0|0,3,0
23500353801,SHORT COTON A27 65KG,BALLE,3449,4515,0190344900,0|0|0,0|0|0,3,0
15600323501,SIKALITE,PIECE,3155,4148,0030315500,0|0|0,0|0|0,3,0
24800243501,SLEEPY - LADY,PIECE,2374,3140,0470237400,0|0|0,0|0|0,3,0
24800312401,SLEEPY NAT SOFT 8X24,PIECE,3047,3991,0470304700,0|0|0,0|0|0,3,0
21500458701,SN SALTO POP,SACHET,4438,6190,0040443800,0|0|0,0|0|0,3,0
21500471601,SNACK CHEESSE RINGS 15G,SACHET,3120,4103,0040312000,0|0|0,0|0|0,3,0
21500471601,SNACK CHEESSE RINGS 15G,SACHET,4563,6429,0040456300,0|0|0,0|0|0,3,0
22100417801,SOFTEX MAXI FIT WINGS*8 ALVEOLE,PACQUET,4053,5510,0150405300,0|0|0,0|0|0,3,0
15600323901,SOUDE CAUSTIQUE PERLEE,KG,3159,4153,0030315900,0|0|0,0|0|0,3,0
15600322601,SOUDE CAUSTIQUE PERLEE 25KG,SAC,3146,4136,0030314600,0|0|0,0|0|0,3,0
23600224801,SOUR POWDER CANDY,PACQUET,2196,2926,0140219600,0|0|0,0|0|0,3,0
22400183801,SPAGHETTI CHERIE,PIECE,1497,1951,0110149700,0|0|0,0|0|0,3,0
21900430601,SPATULE DE 10 SARAH V,PIECE,4177,5730,0130417700,0|0|0,0|0|0,3,1
19200349101,STOCK COMMANDER AFRICAN,SAC,3403,4445,0170340300,0|0|0,0|0|0,3,0
3310,STYLO DIGNO ( BLEU ),CARTON,1516,1979,0030151600,0|0|0,0|0|0,3,0
15600186302,STYLO DIGNO ( ROUGE ),CARTON,1516,1979,0030151600,0|0|0,0|0|0,3,0
15600322501,STYLO EUROPA,BOITE,3145,4134,0030314500,0|0|0,0|0|0,3,0
15600322501,STYLO EUROPA,BOITE,3981,5371,0030398100,0|0|0,0|0|0,3,0
15600266801,STYLO LAUREAT BLEU,BOITE,2606,3425,0030260600,0|0|0,0|0|0,3,0
15600266901,STYLO LAUREAT NOIR,BOITE,2607,3427,0030260700,0|0|0,0|0|0,3,0
15600267101,STYLO LAUREAT VERT,BOITE,2609,3431,0030260900,0|0|0,0|0|0,3,0
21900435701,STYLO NOVA 1mm,BOITE,4219,5809,0130421900,0|0|0,0|0|0,3,0
23600464001,SUCETTE BIG POP GM XXL,BOITE,4491,6288,0140449100,0|0|0,0|0|0,3,0
23600233701,SUCETTE BOCAL ROYAL,BOITE,2276,3022,0140227600,0|0|0,0|0|0,3,0
23600189701,SUCETTE CHOCO VANILLA DOLLY LOLLY,SACHET,1856,2489,0140185600,0|0|0,0|0|0,3,0
23600350701,SUCETTE DONUT,SACHET,3419,4470,0140341900,0|0|0,0|0|0,3,0
23600350901,SUCETTE HEART POP GM VAOVAO,SACHET,3421,4474,0140342100,0|0|0,0|0|0,3,0
23600314101,SUCETTE HEARTY POP,PIECE,3063,4009,0140306300,0|0|0,0|0|0,3,0
23600381201,SUCETTE HEARTY POP BOCAL,BOCAL,3714,4909,0140371400,0|0|0,0|0|0,3,0
23600420201,SUCETTE MIX FRUIT NATURAL,SACHET,4077,5553,0140407700,0|0|0,0|0|0,3,0
23600418301,SUCETTE MIX YOGOFRU BOCAL,BOCAL,4058,5520,0140405800,0|0|0,0|0|0,3,0
23600439701,SUCETTE NECT CHUPITO WHISTLE 50*24,SACHET,4258,5879,0140425800,0|0|0,0|0|0,3,0
23600436001,SUCETTE NEO POP XXL,SACHET,4222,5816,0140422200,0|0|0,0|0|0,3,0
20700452801,SUCRE EN SACHET MAGASIN D,KILOS,4384,6093,0530438400,0|0|0,0|0|0,3,0
20700405901,SUCRE ROUGE SELATI 50KG,SAC,3946,5318,0530394600,0|0|0,0|0|0,3,0
21500433401,SUPER CONE 12*60 EN BOCAL,BOCAL,4200,5769,0040420000,0|0|0,0|0|0,3,0
21500401401,SWEET AFRICA POULET EN PACQUET,PACQUET,3902,5229,0040390200,0|0|0,0|0|0,3,0
23600370501,SWEET BOY PCE,PIECE,3609,4746,0140360900,0|0|0,0|0|0,3,0
4645,TASY,PIECE,1133,1451,0100113300,0|0|0,0|0|0,3,0
4645,TASY,PIECE,1134,1452,0100113400,0|0|0,0|0|0,3,0
15600279901,THERMOS 9111A 2L VY,PIECE,2731,3627,0030273100,0|0|0,0|0|0,3,0
15600269901,THERMOS VISTA 2L,PIECE,2637,3477,0030263700,0|0|0,0|0|0,3,0
21500361601,THON EN MIETTES 185G,PIECE,3522,4630,0040352200,0|0|0,0|0|0,3,0
23600445701,TIK TOK VETO ASSORTED POPS EN SACHET,SACHET,4315,5983,0140431500,0|0|0,0|0|0,3,0
15600259001,TOMATE BOITE HELLO FASTE,BOITE,2529,3327,0030252900,0|0|0,0|0|0,3,0
21500400301,TOMATE BOITE MAMA,BOITE,3891,5210,0040389100,0|0|0,0|0|0,3,0
21500381401,TOMATE EUROPA @ BOITE 70G,BOITE,3716,4913,0040371600,0|0|0,0|0|0,3,0
21500422101,TOMATE KENZY EN SACHET 50G,PIECE,1606,2117,0030160600,0|0|0,0|0|0,3,0
21500450901,TONGOLO BE 2 EME EN KILOS,KILOS,4365,6063,0040436500,0|0|0,0|0|0,3,0
23600448501,TONGUE PAINTER JUMBO LOLLIPOP KIDDIES,SACHET,4343,6034,0140434300,0|0|0,0|0|0,3,0
23600446101,TONGUE PAINTER MONSTRE POP KIDDIES,SACHET,4319,5990,0140431900,0|0|0,0|0|0,3,0
23600224901,TONGUE_DANCER (100PCS),BOCAL,2197,2928,0140219700,0|0|0,0|0|0,3,0
21500377001,TOP CAFE,PIECE,3673,4848,0040367300,0|0|0,0|0|0,3,0
21500428901,TOP CAFFE MOKACHINNO 22G,PIECE,4161,5707,0040416100,0|0|0,0|0|0,3,0
3733,TORCHE AVEC BRIQUET,BOITE,4763,6764,0030476300,0|0|0,0|0|0,3,1
22000258101,TSARAMASO AVARATRA (EN KAPOAKA),KAPOAKA,2520,3311,0180252000,0|0|0,0|0|0,3,0
21500313801,TSARAMASO AVARATRA 25KG,SAC,3060,4006,0040306000,0|0|0,0|0|0,3,0
4976,TSARAMASO MENA,SAC,1628,2152,0170162800,0|0|0,0|0|0,3,0
22000317101,TSIASISA,KAPOAKA,3092,4056,0180309200,0|0|0,0|0|0,3,0
22000317101,TSIASISA,KAPOAKA,3170,4166,0180317000,0|0|0,0|0|0,3,0
22000317101,TSIASISA,KAPOAKA,4619,6513,0180461900,0|0|0,0|0|0,3,0
22000188401,TSIASISA 25KG,SAC,1845,2470,0180184500,0|0|0,0|0|0,3,0
22000270601,TSIASISA ANTANANKORO,SAC,2643,3486,0180264300,0|0|0,0|0|0,3,1
15600368801,TUBE RECTANGLE GALVA,PIECE,3023,3955,0130302300,0|0|0,0|0|0,3,1
15600368801,TUBE RECTANGLE GALVA,PIECE,3592,4724,0130359200,0|0|0,0|0|0,3,0
21900309901,TUBE RECTANGLE GALVA 60X40,PIECE,3023,3955,0130302300,0|0|0,0|0|0,3,1
21900309901,TUBE RECTANGLE GALVA 60X40,PIECE,3592,4724,0130359200,0|0|0,0|0|0,3,0
22500249001,TUC CLASSIC  65*24,PIECE,2429,3206,0050242900,0|0|0,0|0|0,3,0
22500289501,TUC MINI 30G*30,PIECE,2826,3727,0050282600,0|0|0,0|0|0,3,0
22500249101,TUC POCKET 32G,BOITE,2430,3208,0050243000,0|0|0,0|0|0,3,0
19200290201,VARY DISTE,KILOS,2831,3735,0170283100,0|0|0,0|0|0,3,0
19200174001,VARY GASY 25KG,SAC,1654,2189,0170165400,0|0|0,0|0|0,3,0
19200352001,VARY GASY 25KG ANTANANKORO,SAC,1654,2189,0170165400,0|0|0,0|0|0,3,0
19200314601,VARY GASY 49KG,SAC,3067,4014,0170306700,0|0|0,0|0|0,3,1
3878,VARY GASY 60KG,SAC,2634,3471,0170263400,0|0|0,0|0|0,3,1
19200269601,VARY GASY 60KG ANTANANKORO,SAC,2634,3471,0170263400,0|0|0,0|0|0,3,1
19200329501,VARY GASY AMBATORIA 50KG,SAC,3213,4230,0170321300,0|0|0,0|0|0,3,1
19200327301,VARY GASY AMBATORIA 60KG,SAC,3191,4195,0170319100,0|0|0,0|0|0,3,0
19200320601,VARY GASY ANDAPA 25KG,SAC,1656,2193,0170165600,0|0|0,0|0|0,3,0
19200320601,VARY GASY ANDAPA 25KG,SAC,3126,4113,0170312600,0|0|0,0|0|0,3,0
19200324401,VARY GASY ANDAPA 60KG 2E CHOIX,SAC,3164,4158,0170316400,0|0|0,0|0|0,3,1
19200424801,VARY GASY ANDAPA en Kapoaka A,KAPOAKA,4122,5634,0170412200,0|0|0,0|0|0,3,0
19200419001,VARY GASY ANDAPA LUX 50KG,SAC,4065,5534,0170406500,0|0|0,0|0|0,3,0
19200322301,VARY GASY BEFANDRIANA 60KG,SAC,3143,4132,0170314300,0|0|0,0|0|0,3,0
19200367001,VARY GASY FOTSY,KILOS,3575,4703,0170357500,0|0|0,0|0|0,3,0
19200322401,VARY GASY FOTSY 60KG,SAC,3144,4133,0170314400,0|0|0,0|0|0,3,0
19200318001,VARY GASY MAMPIKONY 60KG ANTANANKORO,SAC,3101,4070,0170310100,0|0|0,0|0|0,3,0
19200226901,VARY GASY ZANATANY 50KG,SAC,2215,2949,0170221500,0|0|0,0|0|0,3,0
19200190401,VARY HARAKA BOTAKELY,SAC,1863,2504,0170186300,0|0|0,0|0|0,3,0
19200289901,VARY MAKALIOKA 2EME CHOIX,SAC,2830,3734,0170283000,0|0|0,0|0|0,3,0
19200242901,VARY MAKALIOKA VAO en Kapoaka A,KAPOAKA,2368,3132,0170236800,0|0|0,0|0|0,3,0
19200360201,VARY MANJARIKA 50KG,SAC,3508,4604,0170350800,0|0|0,0|0|0,3,0
19200388101,VARY MME ROSE TALOHA,KAPOAKA,3783,5030,0170378300,0|0|0,0|0|0,3,0
19200370301,VARY STOCK 2ÈME CHOIX,SAC,3607,4744,0170360700,0|0|0,0|0|0,3,0
19200380401,VARY STOCK 2ÈME CHOIX KILOS,KILOS,3706,4896,0170370600,0|0|0,0|0|0,3,1
19200174801,VARY STOCK 50KG,SAC,3166,4160,0170316600,0|0|0,0|0|0,3,1
19200174801,VARY STOCK 50KG,SAC,3190,4194,0170319000,0|0|0,0|0|0,3,1
19200327201,VARY STOCK 50KG ANTANANKORO,SAC,3190,4194,0170319000,0|0|0,0|0|0,3,1
19200324601,VARY STOCK 50KG VITA ANTANANKORO,SAC,3166,4160,0170316600,0|0|0,0|0|0,3,1
19200225401,VARY STOCK AONE 50KG,SAC,2200,2933,0170220000,0|0|0,0|0|0,3,0
19200169101,VARY STOCK BAREA ATM,SAC,3061,4007,0170306100,0|0|0,0|0|0,3,0
19200373201,VARY STOCK BON 50KG,SAC,3636,4790,0170363600,0|0|0,0|0|0,3,0
19200461601,VARY STOCK BOULE PETANQUE SAC 50KG,SAC,4467,6241,0170446700,0|0|0,0|0|0,3,0
19200391401,VARY STOCK BULMEX 50KG,SAC,3816,5074,0170381600,0|0|0,0|0|0,3,0
19200449801,VARY STOCK CE BON SAC 50KG,SAC,4354,6046,0170435400,0|0|0,0|0|0,3,0
19200323201,VARY STOCK EAGLE 50KG,SAC,3152,4144,0170315200,0|0|0,0|0|0,3,0
19200352501,VARY STOCK ECO 25KG,SAC,3436,4502,0170343600,0|0|0,0|0|0,3,0
19200446501,VARY STOCK EHOALA 50KG,SAC,4323,5995,0170432300,0|0|0,0|0|0,3,0
19200185101,VARY STOCK FANEVA,SAC,1708,2273,0180170800,0|0|0,0|0|0,3,0
19200321401,VARY STOCK FOOT BALL 50KG,SAC,3134,4123,0170313400,0|0|0,0|0|0,3,0
19200380601,VARY STOCK GLOBAL 50KG,SAC,3708,4898,0170370800,0|0|0,0|0|0,3,0
19200446401,VARY STOCK HARY FITIA 50KG,SAC,1713,2281,0170171300,0|0|0,0|0|0,3,0
19200446401,VARY STOCK HARY FITIA 50KG,SAC,4322,5994,0170432200,0|0|0,0|0|0,3,0
19200321601,VARY STOCK HELLO 50KG,SAC,3136,4125,0170313600,0|0|0,0|0|0,3,0
19200363601,VARY STOCK KING AFRICA 50KG,SAC,1715,2283,0130171500,0|0|0,0|0|0,3,0
19200327501,VARY STOCK KINTANA 25KG,SAC,3193,4197,0170319300,0|0|0,0|0|0,3,0
19200350201,VARY STOCK KINTANA HARAKA 50KG,SAC,3414,4464,0170341400,0|0|0,0|0|0,3,0
5204,VARY STOCK LALA EN SAC,SAC,1720,2290,0170172000,0|0|0,0|0|0,3,1
19200333001,VARY STOCK LEENA 50KG,SAC,3248,4269,0170324800,0|0|0,0|0|0,3,0
19200332201,VARY STOCK LEMUR 50KG,SAC,3240,4259,0170324000,0|0|0,0|0|0,3,0
19200389201,VARY STOCK MARA 50KG,SAC,1723,2295,0180172300,0|0|0,0|0|0,3,0
19200389201,VARY STOCK MARA 50KG,SAC,3794,5049,0170379400,0|0|0,0|0|0,3,0
19200467801,VARY STOCK MARACANA SAC 50KG,SAC,4529,6364,0170452900,0|0|0,0|0|0,3,0
19200371401,VARY STOCK MOL 50KG,SAC,3618,4760,0170361800,0|0|0,0|0|0,3,0
19200320501,VARY STOCK NAMANA,SAC,1726,2298,0170172600,0|0|0,0|0|0,3,0
19200320501,VARY STOCK NAMANA,SAC,3125,4112,0170312500,0|0|0,0|0|0,3,0
19200332901,VARY STOCK PACK RHINO 25KG,SAC,1728,2300,0170172800,0|0|0,0|0|0,3,0
19200168401,VARY STOCK PAPA,SAC,3483,4574,0170348300,0|0|0,0|0|0,3,0
19200357401,VARY STOCK PAPA 50KG,SAC,3483,4574,0170348300,0|0|0,0|0|0,3,0
19200399801,VARY STOCK POGO 50 KG,SAC,3890,5209,0170389000,0|0|0,0|0|0,3,0
19200371301,VARY STOCK SAKSHI SILVER  50KG,SAC,1733,2305,0170173300,0|0|0,0|0|0,3,0
19200371301,VARY STOCK SAKSHI SILVER  50KG,SAC,3617,4759,0170361700,0|0|0,0|0|0,3,0
19200319101,VARY STOCK SHAVA 50KG,SAC,3111,4089,0170311100,0|0|0,0|0|0,3,0
19200321501,VARY STOCK SIMBA PREMIUM QUALITY 50KG,SAC,3135,4124,0170313500,0|0|0,0|0|0,3,0
19200268301,VARY STOCK STAR 50KG,SAC,2621,3449,0170262100,0|0|0,0|0|0,3,0
19200358101,VARY STOCK TIGRE PAKISTAN 50KG,SAC,3490,4583,0170349000,0|0|0,0|0|0,3,0
19200234501,VARY STOCK TSINJO 25KG,SAC,2284,3032,0170228400,0|0|0,0|0|0,3,0
19200293501,VARY STOCK TSINJO 50KG FOTSY,SAC,2863,3781,0170286300,0|0|0,0|0|0,3,0
19200352601,VARY STOCK TUCTUC 50KG,SAC,3437,4503,0170343700,0|0|0,0|0|0,3,0
19200358201,VARY STOCK VOLAMENA 50KG,SAC,3491,4584,0170349100,0|0|0,0|0|0,3,0
19200461701,VARY STOCK VOLGA SAC 50KG,SAC,4468,6242,0170446800,0|0|0,0|0|0,3,0
19200324501,VARY TSINJO 25KG ANTANANKORO,SAC,3165,4159,0170316500,0|0|0,0|0|0,3,1
19200192501,VARY TSINJO 50KG,SAC,1883,2527,0170188300,0|0|0,0|0|0,3,0
19200320701,VARY TSINJO VAOVAO,SAC,3127,4114,0170312700,0|0|0,0|0|0,3,0
19200233401,VARY VOKY TSARA 50KG,SAC,2273,3017,0170227300,0|0|0,0|0|0,3,0
21900313201,VENTILATEUR AKITA,CARTON,3054,4000,0130305400,0|0|0,0|0|0,3,0
3883,VERRE A JETTER,PAQUET,3779,5025,0030377900,0|0|0,0|0|0,3,0
15600226801,VERRE PLASTIQUE PM,PIECE,2214,2948,0030221400,0|0|0,0|0|0,3,0
21500437801,VETSIN SASA  Moto 3G*160*25,PACQUET,4239,5840,0040423900,0|0|0,0|0|0,3,0
21500261601,VINAIGRE SACHET SAVOUR,SACHET,2554,3368,0040255400,0|0|0,0|0|0,3,0
21500261501,VINAIGRE SAVOUR 0.25L,PACQUET,2553,3367,0040255300,0|0|0,0|0|0,3,0
21500399401,VITALAIT 250G,SACHET,3886,5204,0040388600,0|0|0,0|0|0,3,0
21500399301,VITALAIT 250G*32,CARTON,3885,5203,0040388500,0|0|0,0|0|0,3,0
22000333101,VOANJOBORY 50KG ANTANANKORO,SAC,3249,4270,0180324900,0|0|0,0|0|0,3,1
22000258701,VOANJOBORY 60KG,SAC,2526,3322,0180252600,0|0|0,0|0|0,3,0
22000311001,VOANTSIROKA,KILOS,3034,3975,0180303400,0|0|0,0|0|0,3,1
22000320401,VOANTSIROKA MAINTSO,KAPOAKA,3124,4111,0180312400,0|0|0,0|0|0,3,0
22000233001,VOANTSIROKA MAINTSO 25KG,SAC,2269,3013,0180226900,0|0|0,0|0|0,3,0
22600370201,VOVO -TSAVONY SAFIDY PCE,PIECE,3606,4743,0020360600,0|0|0,0|0|0,3,0
15600323001,VOVON-TSAVONY FOM,PIECE,3150,4142,0030315000,0|0|0,0|0|0,3,0
22600323101,VOVON-TSAVONY SEIM,PIECE,1814,2404,0400181400,0|0|0,0|0|0,3,0
22600323101,VOVON-TSAVONY SEIM,PIECE,1815,2406,0400181500,0|0|0,0|0|0,3,0
22600193201,VOVON-TSAVONY UNO 15G,SAC,1890,2537,0020189000,0|0|0,0|0|0,3,0
3911,YARICO GM,BOITE,1825,2432,0030182500,0|0|0,0|0|0,3,0
23600396501,YOGURT POP KIDDO,SACHET,3858,5156,0140385800,0|0|0,0|0|0,3,0
21500294401,YOUT LAIT EN POUDRE 1KG,SACHET,2872,3792,0040287200,0|0|0,0|0|0,3,0
21500294601,YOUT LAIT EN POUDRE 500G,SACHET,2874,3796,0040287400,0|0|0,0|0|0,3,0
21500295001,YOUZOU 50 CL,PACQUET,1839,2458,0030183900,0|0|0,0|0|0,3,0
22600266101,CITRON VERELLE 60G X 96PCS,PIECE,2599,3415,0020259900,0|0|0,0|0|0,3,0
22500271501,4X4 50,SACHET,2651,3495,0050265100,0|0|0,0|0|0,3,0
23800235501,AIGLE  D OR  FOOTLOOSE MAR P35,PAIRE,2294,3042,0070229400,0|0|0,0|0|0,3,0
23800235601,AIGLE  D OR  FOOTLOOSE MAR P36,PAIRE,2295,3043,0070229500,0|0|0,0|0|0,3,0
23800235701,AIGLE  D OR  FOOTLOOSE MAR P37,PAIRE,2296,3044,0070229600,0|0|0,0|0|0,3,0
23800235801,AIGLE  D OR  FOOTLOOSE MAR P38,PAIRE,2297,3045,0070229700,0|0|0,0|0|0,3,0
23800235901,AIGLE  D OR  FOOTLOOSE MAR P39,PAIRE,2298,3046,0070229800,0|0|0,0|0|0,3,0
23800236001,AIGLE  D OR  FOOTLOOSE MAR P40,PAIRE,2299,3047,0070229900,0|0|0,0|0|0,3,0
23800236101,AIGLE  D OR  FOOTLOOSE MAR P41,PAIRE,2300,3048,0070230000,0|0|0,0|0|0,3,0
23800236201,AIGLE  D OR  FOOTLOOSE MAR P42,PAIRE,2301,3049,0070230100,0|0|0,0|0|0,3,0
23800236301,AIGLE  D OR  FOOTLOOSE MAR P43,PAIRE,2302,3050,0070230200,0|0|0,0|0|0,3,0
23800234601,AIGLE  D OR  FOOTLOOSE NOIR P35,PAIRE,2285,3033,0070228500,0|0|0,0|0|0,3,0
23800234701,AIGLE  D OR  FOOTLOOSE NOIR P36,PAIRE,2286,3034,0070228600,0|0|0,0|0|0,3,0
23800234801,AIGLE  D OR  FOOTLOOSE NOIR P37,PAIRE,2287,3035,0070228700,0|0|0,0|0|0,3,0
23800234901,AIGLE  D OR  FOOTLOOSE NOIR P38,PAIRE,2288,3036,0070228800,0|0|0,0|0|0,3,0
23800235101,AIGLE  D OR  FOOTLOOSE NOIR P40,PAIRE,2290,3038,0070229000,0|0|0,0|0|0,3,0
23800235201,AIGLE  D OR  FOOTLOOSE NOIR P41,PAIRE,2291,3039,0070229100,0|0|0,0|0|0,3,0
23800235301,AIGLE  D OR  FOOTLOOSE NOIR P42,PAIRE,2292,3040,0070229200,0|0|0,0|0|0,3,0
23800261901,AIGLE  D OR  FOOTLOOSE VIO P35,PAIRE,2557,3372,0070255700,0|0|0,0|0|0,3,0
23800262001,AIGLE  D OR  FOOTLOOSE VIO P41,PAIRE,2558,3373,0070255800,0|0|0,0|0|0,3,0
23800236401,AIGLE  D OR  FOOTLOOSE VRJ P40,PAIRE,2303,3051,0070230300,0|0|0,0|0|0,3,0
23800236501,AIGLE  D OR  FOOTLOOSE VRV P41,PAIRE,2304,3052,0070230400,0|0|0,0|0|0,3,0
23800236601,AIGLE  D OR  FOOTLOOSE VRV P42,PAIRE,2305,3053,0070230500,0|0|0,0|0|0,3,0
23800236701,AIGLE  D OR  FOOTLOOSE VRV P43,PAIRE,2306,3054,0070230600,0|0|0,0|0|0,3,0
23800307601,AIGLE  D OR  MIRADO FOM P39,PAIRE,3001,3931,0070300100,0|0|0,0|0|0,3,0
23800307801,AIGLE  D OR  MIRADO FOM P40,PAIRE,3003,3933,0070300300,0|0|0,0|0|0,3,0
23800307701,AIGLE  D OR  MIRADO FOM P41,PAIRE,3002,3932,0070300200,0|0|0,0|0|0,3,0
23800308001,AIGLE  D OR  MIRADO FOM P43,PAIRE,3005,3935,0070300500,0|0|0,0|0|0,3,0
23800308301,AIGLE  D OR  MIRADO NOIR P39,PAIRE,3008,3938,0070300800,0|0|0,0|0|0,3,0
23800330201,AIGLE  D OR TEAKO FR P36,PAIRE,3220,4237,0070322000,0|0|0,0|0|0,3,0
23800330301,AIGLE  D OR TEAKO FR P37,PAIRE,3221,4238,0070322100,0|0|0,0|0|0,3,0
23800330401,AIGLE  D OR TEAKO FR P38,PAIRE,3222,4239,0070322200,0|0|0,0|0|0,3,0
23800330501,AIGLE  D OR TEAKO FR P39,PAIRE,3223,4240,0070322300,0|0|0,0|0|0,3,0
23800329701,AIGLE  D OR TEAKO MARRON P35,PAIRE,3215,4232,0070321500,0|0|0,0|0|0,3,0
23800329601,AIGLE  D OR TEAKO MARRON P37,PAIRE,3214,4231,0070321400,0|0|0,0|0|0,3,0
23800329801,AIGLE  D OR TEAKO MARRON P38,PAIRE,3216,4233,0070321600,0|0|0,0|0|0,3,0
23800330001,AIGLE  D OR TEAKO MARRON P39,PAIRE,3218,4235,0070321800,0|0|0,0|0|0,3,0
23800329901,AIGLE  D OR TEAKO MARRON P41,PAIRE,3217,4234,0070321700,0|0|0,0|0|0,3,0
23800252101,AIGLE D OR ADANA MARRON P35,PAIRE,2460,3240,0070246000,0|0|0,0|0|0,3,0
23800252201,AIGLE D OR ADANA MARRON P36,PAIRE,2461,3241,0070246100,0|0|0,0|0|0,3,0
23800252301,AIGLE D OR ADANA MARRON P37,PAIRE,2462,3242,0070246200,0|0|0,0|0|0,3,0
23800252401,AIGLE D OR ADANA MARRON P38,PAIRE,2463,3243,0070246300,0|0|0,0|0|0,3,0
23800252501,AIGLE D OR ADANA MARRON P39,PAIRE,2464,3244,0070246400,0|0|0,0|0|0,3,0
23800252601,AIGLE D OR ADANA MARRON P40,PAIRE,2465,3245,0070246500,0|0|0,0|0|0,3,0
23800252701,AIGLE D OR ADANA MARRON P41,PAIRE,2466,3246,0070246600,0|0|0,0|0|0,3,0
23800226401,AIGLE D OR ALOALO_TAB P36,PAIRE,2210,2943,0070221000,0|0|0,0|0|0,3,0
23800226501,AIGLE D OR ALOALO_TAB P37,PAIRE,2211,2944,0070221100,0|0|0,0|0|0,3,0
23800231001,AIGLE D OR ALOALO_TAB P38,PAIRE,2249,2992,0070224900,0|0|0,0|0|0,3,0
23800191501,AIGLE D OR ALOALO_TAB P39,PAIRE,1874,2518,0070187400,0|0|0,0|0|0,3,0
23800226601,AIGLE D OR ALOALO_TAB P40,PAIRE,2212,2945,0070221200,0|0|0,0|0|0,3,0
23800203401,AIGLE D OR ALOALO_TAB P41,PAIRE,1988,2684,0070198800,0|0|0,0|0|0,3,0
23800203501,AIGLE D OR ALOALO_TAB P42,PAIRE,1989,2685,0070198900,0|0|0,0|0|0,3,0
23800203601,AIGLE D OR ALOALO_TAB P43,PAIRE,1990,2686,0070199000,0|0|0,0|0|0,3,0
23800296201,AIGLE D OR ALOALO_TAB P44,PAIRE,2889,3819,0070288900,0|0|0,0|0|0,3,0
23800252801,AIGLE D OR AMBY MARINE P35,PAIRE,2467,3247,0070246700,0|0|0,0|0|0,3,0
23800252901,AIGLE D OR AMBY MARINE P36,PAIRE,2468,3248,0070246800,0|0|0,0|0|0,3,0
23800253001,AIGLE D OR AMBY MARINE P37,PAIRE,2469,3249,0070246900,0|0|0,0|0|0,3,0
23800253101,AIGLE D OR AMBY MARINE P38,PAIRE,2470,3250,0070247000,0|0|0,0|0|0,3,0
23800253201,AIGLE D OR AMBY MARINE P39,PAIRE,2471,3251,0070247100,0|0|0,0|0|0,3,0
23800253301,AIGLE D OR AMBY MARINE P40,PAIRE,2472,3252,0070247200,0|0|0,0|0|0,3,0
23800253401,AIGLE D OR AMBY MARINE P41,PAIRE,2473,3253,0070247300,0|0|0,0|0|0,3,0
23800334101,AIGLE D OR AMPINGA C P39,PAIRE,3258,4280,0070325800,0|0|0,0|0|0,3,0
23800334001,AIGLE D OR AMPINGA C P40,PAIRE,3257,4279,0070325700,0|0|0,0|0|0,3,0
23800333901,AIGLE D OR AMPINGA C P41,PAIRE,3256,4278,0070325600,0|0|0,0|0|0,3,0
23800333801,AIGLE D OR AMPINGA C P42,PAIRE,3255,4277,0070325500,0|0|0,0|0|0,3,0
23800333701,AIGLE D OR AMPINGA C P43,PAIRE,3254,4276,0070325400,0|0|0,0|0|0,3,0
23800333601,AIGLE D OR AMPINGA C P44,PAIRE,3253,4275,0070325300,0|0|0,0|0|0,3,0
23800333501,AIGLE D OR AMPINGA C P45,PAIRE,3252,4274,0070325200,0|0|0,0|0|0,3,0
23800196101,AIGLE D OR ANKOAY-FOM P35,PAIRE,1919,2577,0070191900,0|0|0,0|0|0,3,0
23800225501,AIGLE D OR ANKOAY-FOM P36,PAIRE,2201,2934,0070220100,0|0|0,0|0|0,3,0
23800195801,AIGLE D OR ANKOAY-FOM P37,PAIRE,1916,2574,0070191600,0|0|0,0|0|0,3,0
23800195901,AIGLE D OR ANKOAY-FOM P38,PAIRE,1917,2575,0070191700,0|0|0,0|0|0,3,0
23800196001,AIGLE D OR ANKOAY-FOM P39,PAIRE,1918,2576,0070191800,0|0|0,0|0|0,3,0
23800196601,AIGLE D OR ANKOAY-FOM P40,PAIRE,1924,2582,0070192400,0|0|0,0|0|0,3,0
23800195701,AIGLE D OR ANKOAY-FOM P41,PAIRE,1915,2573,0070191500,0|0|0,0|0|0,3,0
23800306201,AIGLE D OR ARINALA-MAR P39,PAIRE,2988,3918,0070298800,0|0|0,0|0|0,3,0
23800306301,AIGLE D OR ARINALA-MAR P40,PAIRE,2989,3919,0070298900,0|0|0,0|0|0,3,0
23800306501,AIGLE D OR ARINALA-MAR P41,PAIRE,2991,3921,0070299100,0|0|0,0|0|0,3,0
23800306601,AIGLE D OR ARINALA-MAR P42,PAIRE,2992,3922,0070299200,0|0|0,0|0|0,3,0
23800306701,AIGLE D OR ARINALA-MAR P43,PAIRE,2993,3923,0070299300,0|0|0,0|0|0,3,0
23800306801,AIGLE D OR ARINALA-MAR P44,PAIRE,2994,3924,0070299400,0|0|0,0|0|0,3,0
23800306401,AIGLE D OR ARINALA-MAR P45,PAIRE,2990,3920,0070299000,0|0|0,0|0|0,3,0
23800307401,AIGLE D OR ARIVELO-MAR P39,PAIRE,2999,3929,0070299900,0|0|0,0|0|0,3,0
23800307001,AIGLE D OR ARIVELO-MAR P40,PAIRE,2995,3925,0070299500,0|0|0,0|0|0,3,0
23800307201,AIGLE D OR ARIVELO-MAR P41,PAIRE,2997,3927,0070299700,0|0|0,0|0|0,3,0
23800307301,AIGLE D OR ARIVELO-MAR P42,PAIRE,2998,3928,0070299800,0|0|0,0|0|0,3,0
23800307501,AIGLE D OR ARIVELO-MAR P43,PAIRE,3000,3930,0070300000,0|0|0,0|0|0,3,0
23800248201,AIGLE D OR AVO NOIR P28,PAIRE,2421,3195,0070242100,0|0|0,0|0|0,3,0
23800248301,AIGLE D OR AVO NOIR P29,PAIRE,2422,3196,0070242200,0|0|0,0|0|0,3,0
23800248401,AIGLE D OR AVO NOIR P30,PAIRE,2423,3197,0070242300,0|0|0,0|0|0,3,0
23800248501,AIGLE D OR AVO NOIR P31,PAIRE,2424,3198,0070242400,0|0|0,0|0|0,3,0
23800248601,AIGLE D OR AVO NOIR P32,PAIRE,2425,3199,0070242500,0|0|0,0|0|0,3,0
23800249301,AIGLE D OR AVO NOIR P33,PAIRE,2432,3212,0070243200,0|0|0,0|0|0,3,0
23800249401,AIGLE D OR AVO NOIR P34,PAIRE,2433,3213,0070243300,0|0|0,0|0|0,3,0
23800302301,AIGLE D OR AVOLAZA MRN P28,PAIRE,2950,3880,0070295000,0|0|0,0|0|0,3,0
23800302001,AIGLE D OR AVOLAZA MRN P29,PAIRE,2947,3877,0070294700,0|0|0,0|0|0,3,0
15600301901,AIGLE D OR AVOLAZA MRN P30,PAIRE,2946,3876,0070294600,0|0|0,0|0|0,3,0
23800302101,AIGLE D OR AVOLAZA MRN P31,PAIRE,2948,3878,0070294800,0|0|0,0|0|0,3,0
23800302401,AIGLE D OR AVOLAZA MRN P32,PAIRE,2951,3881,0070295100,0|0|0,0|0|0,3,0
23800302201,AIGLE D OR AVOLAZA MRN P33,PAIRE,2949,3879,0070294900,0|0|0,0|0|0,3,0
23800302501,AIGLE D OR AVOLAZA MRN P34,PAIRE,2952,3882,0070295200,0|0|0,0|0|0,3,0
23800222701,AIGLE D OR AVOLAZA NOIR P39,PAIRE,2175,2902,0070217500,0|0|0,0|0|0,3,0
23800205301,AIGLE D OR AVOLAZA NOIR P40,PAIRE,2007,2703,0070200700,0|0|0,0|0|0,3,0
23800191901,AIGLE D OR AVOLAZA NOIR P41,PAIRE,1878,2522,0070187800,0|0|0,0|0|0,3,0
23800205101,AIGLE D OR AVOLAZA NOIR P42,PAIRE,2005,2701,0070200500,0|0|0,0|0|0,3,0
23800205201,AIGLE D OR AVOLAZA NOIR P43,PAIRE,2006,2702,0070200600,0|0|0,0|0|0,3,0
23800179601,AIGLE D OR DIHY,PAIRE,1911,2569,0070191100,0|0|0,0|0|0,3,0
23800179601,AIGLE D OR DIHY,PAIRE,1912,2570,0070191200,0|0|0,0|0|0,3,0
23800179601,AIGLE D OR DIHY,PAIRE,1913,2571,0070191300,0|0|0,0|0|0,3,0
23800179601,AIGLE D OR DIHY,PAIRE,1914,2572,0070191400,0|0|0,0|0|0,3,0
23800195301,AIGLE D OR DIHY-MARRON P35,PAIRE,1911,2569,0070191100,0|0|0,0|0|0,3,0
23800195401,AIGLE D OR DIHY-MARRON P37,PAIRE,1912,2570,0070191200,0|0|0,0|0|0,3,0
23800195501,AIGLE D OR DIHY-MARRON P38,PAIRE,1913,2571,0070191300,0|0|0,0|0|0,3,0
23800195601,AIGLE D OR DIHY-MARRON P39,PAIRE,1914,2572,0070191400,0|0|0,0|0|0,3,0
23800237301,AIGLE D OR ELATRA NOIR P39,PAIRE,2312,3060,0070231200,0|0|0,0|0|0,3,0
23800237401,AIGLE D OR ELATRA NOIR P40,PAIRE,2313,3061,0070231300,0|0|0,0|0|0,3,0
23800237501,AIGLE D OR ELATRA NOIR P41,PAIRE,2314,3062,0070231400,0|0|0,0|0|0,3,0
23800237601,AIGLE D OR ELATRA NOIR P42,PAIRE,2315,3063,0070231500,0|0|0,0|0|0,3,0
23800237701,AIGLE D OR ELATRA NOIR P43,PAIRE,2316,3064,0070231600,0|0|0,0|0|0,3,0
23800334501,AIGLE D OR FANOVA C P40,PAIRE,3262,4284,0070326200,0|0|0,0|0|0,3,0
23800334401,AIGLE D OR FANOVA C P41,PAIRE,3261,4283,0070326100,0|0|0,0|0|0,3,0
23800191801,AIGLE D OR FEHINY,PAIRE,1877,2521,0070187700,0|0|0,0|0|0,3,0
23800261701,AIGLE D OR FOOTLOOSE BLANC P35,PAIRE,2555,3370,0070255500,0|0|0,0|0|0,3,0
23800283101,AIGLE D OR FOOTLOOSE BLANC P36,PAIRE,2763,3663,0070276300,0|0|0,0|0|0,3,0
23800282901,AIGLE D OR FOOTLOOSE BLANC P38,PAIRE,2761,3661,0070276100,0|0|0,0|0|0,3,0
23800261801,AIGLE D OR FOOTLOOSE BLANC P39,PAIRE,2556,3371,0070255600,0|0|0,0|0|0,3,0
23800283001,AIGLE D OR FOOTLOOSE BLANC P40,PAIRE,2762,3662,0070276200,0|0|0,0|0|0,3,0
23800263601,AIGLE D OR GASIKARA_MAR P37,PAIRE,2574,3389,0070257400,0|0|0,0|0|0,3,0
23800191701,AIGLE D OR GASIKARA_MAR P38,PAIRE,1876,2520,0070187600,0|0|0,0|0|0,3,0
23800232301,AIGLE D OR GASIKARA_MAR P39,PAIRE,2262,3005,0070226200,0|0|0,0|0|0,3,0
23800232401,AIGLE D OR GASIKARA_MAR P40,PAIRE,2263,3006,0070226300,0|0|0,0|0|0,3,0
23800232501,AIGLE D OR GASIKARA_MAR P41,PAIRE,2264,3007,0070226400,0|0|0,0|0|0,3,0
23800232601,AIGLE D OR GASIKARA_MAR P42,PAIRE,2265,3008,0070226500,0|0|0,0|0|0,3,0
23800263701,AIGLE D OR GASIKARA_MAR P43,PAIRE,2575,3390,0070257500,0|0|0,0|0|0,3,0
23800296401,AIGLE D OR GASIKARA_MAR P44,PAIRE,2891,3821,0070289100,0|0|0,0|0|0,3,0
23800263801,AIGLE D OR GASIKARA_NOIR P39,PAIRE,2576,3391,0070257600,0|0|0,0|0|0,3,0
23800263901,AIGLE D OR GASIKARA_NOIR P40,PAIRE,2577,3392,0070257700,0|0|0,0|0|0,3,0
23800264001,AIGLE D OR GASIKARA_NOIR P41,PAIRE,2578,3393,0070257800,0|0|0,0|0|0,3,0
23800296301,AIGLE D OR GASIKARA_NOIR P42,PAIRE,2890,3820,0070289000,0|0|0,0|0|0,3,0
23800264101,AIGLE D OR GASIKARA_NOIR P43,PAIRE,2579,3394,0070257900,0|0|0,0|0|0,3,0
23800296501,AIGLE D OR GASIKARA_NOIR P44,PAIRE,2892,3822,0070289200,0|0|0,0|0|0,3,0
23800285601,AIGLE D OR HAJA MAR P45,PAIRE,2788,3688,0070278800,0|0|0,0|0|0,3,0
23800225801,AIGLE D OR HAJA MARRON P39,PAIRE,2204,2937,0070220400,0|0|0,0|0|0,3,0
23800191101,AIGLE D OR HAJA MARRON P40,PAIRE,1870,2514,0070187000,0|0|0,0|0|0,3,0
23800203801,AIGLE D OR HAJA MARRON P42,PAIRE,1992,2688,0070199200,0|0|0,0|0|0,3,0
23800203901,AIGLE D OR HAJA MARRON P43,PAIRE,1993,2689,0070199300,0|0|0,0|0|0,3,0
23800331401,AIGLE D OR HAJA NOIR P38,PAIRE,3232,4249,0070323200,0|0|0,0|0|0,3,0
23800204001,AIGLE D OR HAJA NOIR P40,PAIRE,1994,2690,0070199400,0|0|0,0|0|0,3,0
23800204101,AIGLE D OR HAJA NOIR P41,PAIRE,1995,2691,0070199500,0|0|0,0|0|0,3,0
23800204201,AIGLE D OR HAJA NOIR P42,PAIRE,1996,2692,0070199600,0|0|0,0|0|0,3,0
23800204301,AIGLE D OR HAJA NOIR P43,PAIRE,1997,2693,0070199700,0|0|0,0|0|0,3,0
23800285701,AIGLE D OR HAJA NOIR P44,PAIRE,2789,3689,0070278900,0|0|0,0|0|0,3,0
23800339701,AIGLE D OR HAMITRA C P36,PAIRE,3310,4332,0070331000,0|0|0,0|0|0,3,0
23800339501,AIGLE D OR HAMITRA C P38,PAIRE,3308,4330,0070330800,0|0|0,0|0|0,3,0
23800339401,AIGLE D OR HAMITRA C P39,PAIRE,3307,4329,0070330700,0|0|0,0|0|0,3,0
23800339301,AIGLE D OR HAMITRA C P40,PAIRE,3306,4328,0070330600,0|0|0,0|0|0,3,0
23800339201,AIGLE D OR HAMITRA C P41,PAIRE,3305,4327,0070330500,0|0|0,0|0|0,3,0
23800192301,AIGLE D OR HERY MARRON P39,PAIRE,1882,2526,0070188200,0|0|0,0|0|0,3,0
23800205801,AIGLE D OR HERY MARRON P40,PAIRE,2012,2708,0070201200,0|0|0,0|0|0,3,0
23800205901,AIGLE D OR HERY MARRON P41,PAIRE,2013,2709,0070201300,0|0|0,0|0|0,3,0
23800206001,AIGLE D OR HERY MARRON P42,PAIRE,2014,2710,0070201400,0|0|0,0|0|0,3,0
23800206201,AIGLE D OR HERY NOIR P39,PAIRE,2016,2712,0070201600,0|0|0,0|0|0,3,0
23800206301,AIGLE D OR HERY NOIR P40,PAIRE,2017,2713,0070201700,0|0|0,0|0|0,3,0
23800206401,AIGLE D OR HERY NOIR P41,PAIRE,2018,2714,0070201800,0|0|0,0|0|0,3,0
23800206501,AIGLE D OR HERY NOIR P42,PAIRE,2019,2715,0070201900,0|0|0,0|0|0,3,0
23800285801,AIGLE D OR HERY NOIR P45,PAIRE,2790,3690,0070279000,0|0|0,0|0|0,3,0
23800344801,AIGLE D OR HITSY C P37,PAIRE,3360,4396,0070336000,0|0|0,0|0|0,3,0
23800344701,AIGLE D OR HITSY C P38,PAIRE,3359,4395,0070335900,0|0|0,0|0|0,3,0
23800344501,AIGLE D OR HITSY C P39,PAIRE,3357,4393,0070335700,0|0|0,0|0|0,3,0
23800344401,AIGLE D OR HITSY C P40,PAIRE,3356,4392,0070335600,0|0|0,0|0|0,3,0
23800344601,AIGLE D OR HITSY C P41,PAIRE,3358,4394,0070335800,0|0|0,0|0|0,3,0
23800344201,AIGLE D OR HITSY C P42,PAIRE,3354,4390,0070335400,0|0|0,0|0|0,3,0
23800344101,AIGLE D OR HITSY C P43,PAIRE,3353,4389,0070335300,0|0|0,0|0|0,3,0
23800338101,AIGLE D OR HITSY C P44,PAIRE,3296,4318,0070329600,0|0|0,0|0|0,3,0
23800344301,AIGLE D OR HITSY C P45,PAIRE,3355,4391,0070335500,0|0|0,0|0|0,3,0
23800347501,AIGLE D OR HOBY COU P39,PAIRE,3387,4423,0070338700,0|0|0,0|0|0,3,0
23800347701,AIGLE D OR HOBY COU P41,PAIRE,3389,4425,0070338900,0|0|0,0|0|0,3,0
23800347801,AIGLE D OR HOBY COU P42,PAIRE,3390,4426,0070339000,0|0|0,0|0|0,3,0
23800347901,AIGLE D OR HOBY COU P43,PAIRE,3391,4427,0070339100,0|0|0,0|0|0,3,0
23800348001,AIGLE D OR HOBY COU P44,PAIRE,3392,4428,0070339200,0|0|0,0|0|0,3,0
23800348101,AIGLE D OR HOBY COU P45,PAIRE,3393,4429,0070339300,0|0|0,0|0|0,3,0
23800227701,AIGLE D OR HOBY-CAR P39,PAIRE,2223,2957,0070222300,0|0|0,0|0|0,3,0
23800231501,AIGLE D OR HOBY-CAR P40,PAIRE,2254,2997,0070225400,0|0|0,0|0|0,3,0
23800231601,AIGLE D OR HOBY-CAR P41,PAIRE,2255,2998,0070225500,0|0|0,0|0|0,3,0
23800231701,AIGLE D OR HOBY-CAR P43,PAIRE,2256,2999,0070225600,0|0|0,0|0|0,3,0
23800287201,AIGLE D OR HOBY-CAR P44,PAIRE,2804,3704,0070280400,0|0|0,0|0|0,3,0
23800287101,AIGLE D OR HOBY-CAR P45,PAIRE,2803,3703,0070280300,0|0|0,0|0|0,3,0
23800231801,AIGLE D OR HOBY-MAR P39,PAIRE,2257,3000,0070225700,0|0|0,0|0|0,3,0
23800231901,AIGLE D OR HOBY-MAR P40,PAIRE,2258,3001,0070225800,0|0|0,0|0|0,3,0
23800232001,AIGLE D OR HOBY-MAR P41,PAIRE,2259,3002,0070225900,0|0|0,0|0|0,3,0
23800232101,AIGLE D OR HOBY-MAR P42,PAIRE,2260,3003,0070226000,0|0|0,0|0|0,3,0
23800232201,AIGLE D OR HOBY-MAR P43,PAIRE,2261,3004,0070226100,0|0|0,0|0|0,3,0
23800263401,AIGLE D OR HOBY-MAR P44,PAIRE,2572,3387,0070257200,0|0|0,0|0|0,3,0
23800263501,AIGLE D OR HOBY-MAR P45,PAIRE,2573,3388,0070257300,0|0|0,0|0|0,3,0
23800264901,AIGLE D OR HOBY-NOIR P39,PAIRE,2587,3402,0070258700,0|0|0,0|0|0,3,0
23800265001,AIGLE D OR HOBY-NOIR P40,PAIRE,2588,3403,0070258800,0|0|0,0|0|0,3,0
23800265101,AIGLE D OR HOBY-NOIR P41,PAIRE,2589,3404,0070258900,0|0|0,0|0|0,3,0
23800265201,AIGLE D OR HOBY-NOIR P42,PAIRE,2590,3405,0070259000,0|0|0,0|0|0,3,0
23800265301,AIGLE D OR HOBY-NOIR P43,PAIRE,2591,3406,0070259100,0|0|0,0|0|0,3,0
23800265401,AIGLE D OR HOBY-NOIR P44,PAIRE,2592,3407,0070259200,0|0|0,0|0|0,3,0
23800265501,AIGLE D OR HOBY-NOIR P45,PAIRE,2593,3408,0070259300,0|0|0,0|0|0,3,0
23800336101,AIGLE D OR IHOLY P 35,PAIRE,3276,4298,0070327600,0|0|0,0|0|0,3,0
23800336001,AIGLE D OR IHOLY P 36,PAIRE,3275,4297,0070327500,0|0|0,0|0|0,3,0
23800335901,AIGLE D OR IHOLY P 37,PAIRE,3274,4296,0070327400,0|0|0,0|0|0,3,0
23800335801,AIGLE D OR IHOLY P 38,PAIRE,3273,4295,0070327300,0|0|0,0|0|0,3,0
23800335701,AIGLE D OR IHOLY P 39,PAIRE,3272,4294,0070327200,0|0|0,0|0|0,3,0
23800335401,AIGLE D OR IHOLY P 40,PAIRE,3270,4292,0070327000,0|0|0,0|0|0,3,0
23800335501,AIGLE D OR IHOLY P 41,PAIRE,3271,4293,0070327100,0|0|0,0|0|0,3,0
23800330801,AIGLE D OR IKOLOINA P37,PAIRE,3226,4243,0070322600,0|0|0,0|0|0,3,0
23800330901,AIGLE D OR IKOLOINA P39,PAIRE,3227,4244,0070322700,0|0|0,0|0|0,3,0
23800232701,AIGLE D OR JORO-MAR 35-44,PAIRE,2266,3009,0070226600,0|0|0,0|0|0,3,0
23800244601,AIGLE D OR LAKA MAR P22,PAIRE,2385,3159,0070238500,0|0|0,0|0|0,3,0
23800244701,AIGLE D OR LAKA MAR P23,PAIRE,2386,3160,0070238600,0|0|0,0|0|0,3,0
23800244801,AIGLE D OR LAKA MAR P24,PAIRE,2387,3161,0070238700,0|0|0,0|0|0,3,0
23800245201,AIGLE D OR LAKA MAR P28,PAIRE,2391,3165,0070239100,0|0|0,0|0|0,3,0
23800245301,AIGLE D OR LAKA MAR P29,PAIRE,2392,3166,0070239200,0|0|0,0|0|0,3,0
23800245401,AIGLE D OR LAKA MAR P30,PAIRE,2393,3167,0070239300,0|0|0,0|0|0,3,0
23800245501,AIGLE D OR LAKA MAR P31,PAIRE,2394,3168,0070239400,0|0|0,0|0|0,3,0
23800245701,AIGLE D OR LAKA MAR P33,PAIRE,2396,3170,0070239600,0|0|0,0|0|0,3,0
23800245801,AIGLE D OR LAKA MAR P34,PAIRE,2397,3171,0070239700,0|0|0,0|0|0,3,0
23800245901,AIGLE D OR LAKA MAR P35,PAIRE,2398,3172,0070239800,0|0|0,0|0|0,3,0
23800246001,AIGLE D OR LAKA MAR P36,PAIRE,2399,3173,0070239900,0|0|0,0|0|0,3,0
23800246201,AIGLE D OR LAKA MAR P38,PAIRE,2401,3175,0070240100,0|0|0,0|0|0,3,0
23800343501,AIGLE D OR LEFA COU P39,PAIRE,3347,4383,0070334700,0|0|0,0|0|0,3,0
23800343401,AIGLE D OR LEFA COU P40,PAIRE,3346,4382,0070334600,0|0|0,0|0|0,3,0
23800343301,AIGLE D OR LEFA COU P41,PAIRE,3345,4381,0070334500,0|0|0,0|0|0,3,0
23800343201,AIGLE D OR LEFA COU P42,PAIRE,3344,4380,0070334400,0|0|0,0|0|0,3,0
23800343001,AIGLE D OR LEFA COU P44,PAIRE,3342,4378,0070334200,0|0|0,0|0|0,3,0
23800342901,AIGLE D OR LEFA COU P45,PAIRE,3341,4377,0070334100,0|0|0,0|0|0,3,0
23800204401,AIGLE D OR MAHANDRY MARRON P35,PAIRE,1998,2694,0070199800,0|0|0,0|0|0,3,0
23800192001,AIGLE D OR MAHANDRY MARRON P36,PAIRE,1879,2523,0070187900,0|0|0,0|0|0,3,0
23800204501,AIGLE D OR MAHANDRY MARRON P37,PAIRE,1999,2695,0070199900,0|0|0,0|0|0,3,0
23800204601,AIGLE D OR MAHANDRY MARRON P38,PAIRE,2000,2696,0070200000,0|0|0,0|0|0,3,0
23800226001,AIGLE D OR MAHANDRY MARRON P39,PAIRE,2206,2939,0070220600,0|0|0,0|0|0,3,0
23800204701,AIGLE D OR MAHANDRY MARRON P40,PAIRE,2001,2697,0070200100,0|0|0,0|0|0,3,0
23800204801,AIGLE D OR MAHANDRY MARRON P41,PAIRE,2002,2698,0070200200,0|0|0,0|0|0,3,0
23800204901,AIGLE D OR MAHANDRY MARRON P42,PAIRE,2003,2699,0070200300,0|0|0,0|0|0,3,0
23800205001,AIGLE D OR MAHANDRY MARRON P43,PAIRE,2004,2700,0070200400,0|0|0,0|0|0,3,0
23800262201,AIGLE D OR MAHANDRY MARRON P44,PAIRE,2560,3375,0070256000,0|0|0,0|0|0,3,0
23800262301,AIGLE D OR MAHANDRY MARRON P45,PAIRE,2561,3376,0070256100,0|0|0,0|0|0,3,0
23800251501,AIGLE D OR MAHASOA MARINE P36,PAIRE,2454,3234,0070245400,0|0|0,0|0|0,3,0
23800251601,AIGLE D OR MAHASOA MARINE P37,PAIRE,2455,3235,0070245500,0|0|0,0|0|0,3,0
23800251701,AIGLE D OR MAHASOA MARINE P38,PAIRE,2456,3236,0070245600,0|0|0,0|0|0,3,0
23800251801,AIGLE D OR MAHASOA MARINE P39,PAIRE,2457,3237,0070245700,0|0|0,0|0|0,3,0
23800251901,AIGLE D OR MAHASOA MARINE P40,PAIRE,2458,3238,0070245800,0|0|0,0|0|0,3,0
23800255501,AIGLE D OR MAHEFA MARRON P39,PAIRE,2494,3274,0070249400,0|0|0,0|0|0,3,0
23800255601,AIGLE D OR MAHEFA MARRON P40,PAIRE,2495,3275,0070249500,0|0|0,0|0|0,3,0
23800255701,AIGLE D OR MAHEFA MARRON P41,PAIRE,2496,3276,0070249600,0|0|0,0|0|0,3,0
23800255801,AIGLE D OR MAHEFA MARRON P42,PAIRE,2497,3277,0070249700,0|0|0,0|0|0,3,0
23800255901,AIGLE D OR MAHEFA MARRON P43,PAIRE,2498,3278,0070249800,0|0|0,0|0|0,3,0
23800256001,AIGLE D OR MAHEFA MARRON P44,PAIRE,2499,3279,0070249900,0|0|0,0|0|0,3,0
23800256101,AIGLE D OR MAHEFA MARRON P45,PAIRE,2500,3280,0070250000,0|0|0,0|0|0,3,0
23800192101,AIGLE D OR MAHEFA NOIR P39,PAIRE,1880,2524,0070188000,0|0|0,0|0|0,3,0
23800254401,AIGLE D OR MAHEFA NOIR P40,PAIRE,2483,3263,0070248300,0|0|0,0|0|0,3,0
23800254501,AIGLE D OR MAHEFA NOIR P41,PAIRE,2484,3264,0070248400,0|0|0,0|0|0,3,0
23800254601,AIGLE D OR MAHEFA NOIR P42,PAIRE,2485,3265,0070248500,0|0|0,0|0|0,3,0
23800254701,AIGLE D OR MAHEFA NOIR P43,PAIRE,2486,3266,0070248600,0|0|0,0|0|0,3,0
23800254801,AIGLE D OR MAHEFA NOIR P44,PAIRE,2487,3267,0070248700,0|0|0,0|0|0,3,0
23800254901,AIGLE D OR MAHEFA NOIR P45,PAIRE,2488,3268,0070248800,0|0|0,0|0|0,3,0
23800337401,AIGLE D OR MANAMPY C P39,PAIRE,3289,4311,0070328900,0|0|0,0|0|0,3,0
23800337301,AIGLE D OR MANAMPY C P40,PAIRE,3288,4310,0070328800,0|0|0,0|0|0,3,0
23800337201,AIGLE D OR MANAMPY C P41,PAIRE,3287,4309,0070328700,0|0|0,0|0|0,3,0
23800337101,AIGLE D OR MANAMPY C P42,PAIRE,3286,4308,0070328600,0|0|0,0|0|0,3,0
23800337001,AIGLE D OR MANAMPY C P43,PAIRE,3285,4307,0070328500,0|0|0,0|0|0,3,0
23800213201,AIGLE D OR MANJA-MAT P38,PAIRE,2085,2797,0070208500,0|0|0,0|0|0,3,0
23800213001,AIGLE D OR MANJA-MAT P39,PAIRE,2083,2795,0070208300,0|0|0,0|0|0,3,0
23800213101,AIGLE D OR MANJA-MAT P40,PAIRE,2084,2796,0070208400,0|0|0,0|0|0,3,0
23800213301,AIGLE D OR MANJA-MAT P41,PAIRE,2086,2798,0070208600,0|0|0,0|0|0,3,0
23800212601,AIGLE D OR MANJA-NOIR P35,PAIRE,2079,2791,0070207900,0|0|0,0|0|0,3,0
23800212701,AIGLE D OR MANJA-NOIR P36,PAIRE,2080,2792,0070208000,0|0|0,0|0|0,3,0
23800212801,AIGLE D OR MANJA-NOIR P37,PAIRE,2081,2793,0070208100,0|0|0,0|0|0,3,0
23800198201,AIGLE D OR MANJA-NOIR P38,PAIRE,1940,2598,0070194000,0|0|0,0|0|0,3,0
23800198301,AIGLE D OR MANJA-NOIR P39,PAIRE,1941,2599,0070194100,0|0|0,0|0|0,3,0
23800198401,AIGLE D OR MANJA-NOIR P40,PAIRE,1942,2600,0070194200,0|0|0,0|0|0,3,0
23800198501,AIGLE D OR MANJA-NOIR P41,PAIRE,1943,2601,0070194300,0|0|0,0|0|0,3,0
23800191301,AIGLE D OR MARTIORA _ MRN P35,PAIRE,1872,2516,0070187200,0|0|0,0|0|0,3,0
23800202701,AIGLE D OR MARTIORA _ MRN P36,PAIRE,1981,2677,0070198100,0|0|0,0|0|0,3,0
23800202801,AIGLE D OR MARTIORA _ MRN P37,PAIRE,1982,2678,0070198200,0|0|0,0|0|0,3,0
23800202901,AIGLE D OR MARTIORA _ MRN P38,PAIRE,1983,2679,0070198300,0|0|0,0|0|0,3,0
23800203001,AIGLE D OR MARTIORA _ MRN P39,PAIRE,1984,2680,0070198400,0|0|0,0|0|0,3,0
23800203101,AIGLE D OR MARTIORA _ MRN P41,PAIRE,1985,2681,0070198500,0|0|0,0|0|0,3,0
23800203201,AIGLE D OR MARTIORA _ MRN P42,PAIRE,1986,2682,0070198600,0|0|0,0|0|0,3,0
23800203301,AIGLE D OR MARTIORA _ MRN P43,PAIRE,1987,2683,0070198700,0|0|0,0|0|0,3,0
23800231101,AIGLE D OR MARTIORA_ MRN P40,PAIRE,2250,2993,0070225000,0|0|0,0|0|0,3,0
23800191401,AIGLE D OR MASOANDRO_FOM,PAIRE,1873,2517,0070187300,0|0|0,0|0|0,3,0
23800287001,AIGLE D OR MIATO MAR P41,PAIRE,2802,3702,0070280200,0|0|0,0|0|0,3,0
23800286901,AIGLE D OR MIATO MAR P42,PAIRE,2801,3701,0070280100,0|0|0,0|0|0,3,0
23800208201,AIGLE D OR MILY CARMEL P36,PAIRE,2036,2732,0070203600,0|0|0,0|0|0,3,0
23800208301,AIGLE D OR MILY CARMEL P37,PAIRE,2037,2733,0070203700,0|0|0,0|0|0,3,0
23800208401,AIGLE D OR MILY CARMEL P38,PAIRE,2038,2734,0070203800,0|0|0,0|0|0,3,0
23800208501,AIGLE D OR MILY CARMEL P39,PAIRE,2039,2735,0070203900,0|0|0,0|0|0,3,0
23800208601,AIGLE D OR MILY CARMEL P40,PAIRE,2040,2736,0070204000,0|0|0,0|0|0,3,0
23800208701,AIGLE D OR MILY CARMEL P41,PAIRE,2041,2737,0070204100,0|0|0,0|0|0,3,0
23800226301,AIGLE D OR MILY-MARRON P35,PAIRE,2209,2942,0070220900,0|0|0,0|0|0,3,0
23800196901,AIGLE D OR MILY-MARRON P38,PAIRE,1927,2585,0070192700,0|0|0,0|0|0,3,0
23800197001,AIGLE D OR MILY-MARRON P39,PAIRE,1928,2586,0070192800,0|0|0,0|0|0,3,0
23800197201,AIGLE D OR MILY-MARRON P41,PAIRE,1930,2588,0070193000,0|0|0,0|0|0,3,0
23800197301,AIGLE D OR MILY-MARRON P42,PAIRE,1931,2589,0070193100,0|0|0,0|0|0,3,0
23800223501,AIGLE D OR MILY-MARRON P43,PAIRE,2183,2910,0070218300,0|0|0,0|0|0,3,0
23800347201,AIGLE D OR MIRA P40,PAIRE,3384,4420,0070338400,0|0|0,0|0|0,3,0
23800346801,AIGLE D OR MIRA P43,PAIRE,3380,4416,0070338000,0|0|0,0|0|0,3,0
23800346701,AIGLE D OR MIRA P44,PAIRE,3379,4415,0070337900,0|0|0,0|0|0,3,0
23800296901,AIGLE D OR MIRENTY MAR P40,PAIRE,2896,3826,0070289600,0|0|0,0|0|0,3,0
23800297001,AIGLE D OR MIRENTY MAR P41,PAIRE,2897,3827,0070289700,0|0|0,0|0|0,3,0
23800297101,AIGLE D OR MIRENTY MAR P42,PAIRE,2898,3828,0070289800,0|0|0,0|0|0,3,0
23800297301,AIGLE D OR MIRENTY MAR P44,PAIRE,2900,3830,0070290000,0|0|0,0|0|0,3,0
23800283701,AIGLE D OR MIRENTY NOIR P40,PAIRE,2769,3669,0070276900,0|0|0,0|0|0,3,0
23800283601,AIGLE D OR MIRENTY NOIR P41,PAIRE,2768,3668,0070276800,0|0|0,0|0|0,3,0
23800283501,AIGLE D OR MIRENTY NOIR P42,PAIRE,2767,3667,0070276700,0|0|0,0|0|0,3,0
23800283301,AIGLE D OR MIRENTY NOIR P44,PAIRE,2765,3665,0070276500,0|0|0,0|0|0,3,0
23800296701,AIGLE D OR MIRENTY NOIR P45,PAIRE,2894,3824,0070289400,0|0|0,0|0|0,3,0
23800209201,AIGLE D OR MIRINDRA NOIR P35,PAIRE,2046,2742,0070204600,0|0|0,0|0|0,3,0
23800209301,AIGLE D OR MIRINDRA NOIR P36,PAIRE,2047,2743,0070204700,0|0|0,0|0|0,3,0
23800209401,AIGLE D OR MIRINDRA NOIR P37,PAIRE,2048,2744,0070204800,0|0|0,0|0|0,3,0
23800209501,AIGLE D OR MIRINDRA NOIR P38,PAIRE,2049,2745,0070204900,0|0|0,0|0|0,3,0
23800209601,AIGLE D OR MIRINDRA NOIR P39,PAIRE,2050,2746,0070205000,0|0|0,0|0|0,3,0
23800209701,AIGLE D OR MIRINDRA NOIR P40,PAIRE,2051,2747,0070205100,0|0|0,0|0|0,3,0
23800209801,AIGLE D OR MIRINDRA NOIR P41,PAIRE,2052,2748,0070205200,0|0|0,0|0|0,3,0
23800302601,AIGLE D OR MIRINDRA ROB P28,PAIRE,2953,3883,0070295300,0|0|0,0|0|0,3,0
23800302701,AIGLE D OR MIRINDRA ROB P29,PAIRE,2954,3884,0070295400,0|0|0,0|0|0,3,0
23800303001,AIGLE D OR MIRINDRA ROB P30,PAIRE,2957,3887,0070295700,0|0|0,0|0|0,3,0
23800303101,AIGLE D OR MIRINDRA ROB P31,PAIRE,2958,3888,0070295800,0|0|0,0|0|0,3,0
23800303201,AIGLE D OR MIRINDRA ROB P32,PAIRE,2959,3889,0070295900,0|0|0,0|0|0,3,0
23800302801,AIGLE D OR MIRINDRA ROB P33,PAIRE,2955,3885,0070295500,0|0|0,0|0|0,3,0
23800302901,AIGLE D OR MIRINDRA ROB P34,PAIRE,2956,3886,0070295600,0|0|0,0|0|0,3,0
15600218901,AIGLE D OR MIRINDRA-MARRON P35,PAIRE,2138,2853,0070213800,0|0|0,0|0|0,3,0
23800196201,AIGLE D OR MIRINDRA-MARRON P37,PAIRE,1920,2578,0070192000,0|0|0,0|0|0,3,0
23800196301,AIGLE D OR MIRINDRA-MARRON P38,PAIRE,1921,2579,0070192100,0|0|0,0|0|0,3,0
23800196401,AIGLE D OR MIRINDRA-MARRON P39,PAIRE,1922,2580,0070192200,0|0|0,0|0|0,3,0
23800196501,AIGLE D OR MIRINDRA-MARRON P40,PAIRE,1923,2581,0070192300,0|0|0,0|0|0,3,0
23800196801,AIGLE D OR MIRINDRA-MARRON P41,PAIRE,1926,2584,0070192600,0|0|0,0|0|0,3,0
23800239301,AIGLE D OR MIZA MAR P36,PAIRE,2332,3080,0070233200,0|0|0,0|0|0,3,0
23800239401,AIGLE D OR MIZA MAR P37,PAIRE,2333,3081,0070233300,0|0|0,0|0|0,3,0
23800239501,AIGLE D OR MIZA MAR P38,PAIRE,2334,3082,0070233400,0|0|0,0|0|0,3,0
23800239601,AIGLE D OR MIZA MAR P39,PAIRE,2335,3083,0070233500,0|0|0,0|0|0,3,0
23800239701,AIGLE D OR MIZA MAR P40,PAIRE,2336,3084,0070233600,0|0|0,0|0|0,3,0
23800239801,AIGLE D OR MIZA MAR P41,PAIRE,2337,3085,0070233700,0|0|0,0|0|0,3,0
23800239901,AIGLE D OR MIZA MAR P42,PAIRE,2338,3086,0070233800,0|0|0,0|0|0,3,0
23800240001,AIGLE D OR MIZA MAR P43,PAIRE,2339,3087,0070233900,0|0|0,0|0|0,3,0
23800345901,AIGLE D OR NIARY CO P40,PAIRE,3371,4407,0070337100,0|0|0,0|0|0,3,0
23800345801,AIGLE D OR NIARY CO P41,PAIRE,3370,4406,0070337000,0|0|0,0|0|0,3,0
23800345701,AIGLE D OR NIARY CO P42,PAIRE,3369,4405,0070336900,0|0|0,0|0|0,3,0
23800343901,AIGLE D OR NIARY CO P44,PAIRE,3351,4387,0070335100,0|0|0,0|0|0,3,0
23800341401,AIGLE D OR NJARY CO P35,PAIRE,3326,4348,0070332600,0|0|0,0|0|0,3,0
23800341301,AIGLE D OR NJARY CO P36,PAIRE,3325,4347,0070332500,0|0|0,0|0|0,3,0
23800341201,AIGLE D OR NJARY CO P37,PAIRE,3324,4346,0070332400,0|0|0,0|0|0,3,0
23800341101,AIGLE D OR NJARY CO P38,PAIRE,3323,4345,0070332300,0|0|0,0|0|0,3,0
23800340801,AIGLE D OR NJARY CO P41,PAIRE,3320,4342,0070332000,0|0|0,0|0|0,3,0
23800340701,AIGLE D OR NJARY CO P42,PAIRE,3319,4341,0070331900,0|0|0,0|0|0,3,0
23800298001,AIGLE D OR NOTIANA-FR P20,PAIRE,2907,3837,0070290700,0|0|0,0|0|0,3,0
23800298301,AIGLE D OR NOTIANA-FR P22,PAIRE,2910,3840,0070291000,0|0|0,0|0|0,3,0
23800298201,AIGLE D OR NOTIANA-FR P23,PAIRE,2909,3839,0070290900,0|0|0,0|0|0,3,0
23800300101,AIGLE D OR NOTIANA-FR P24,PAIRE,2928,3858,0070292800,0|0|0,0|0|0,3,0
23800300201,AIGLE D OR NOTIANA-FR P25,PAIRE,2929,3859,0070292900,0|0|0,0|0|0,3,0
23800300301,AIGLE D OR NOTIANA-FR P26,PAIRE,2930,3860,0070293000,0|0|0,0|0|0,3,0
23800300001,AIGLE D OR NOTIANA-FR P27,PAIRE,2927,3857,0070292700,0|0|0,0|0|0,3,0
23800303401,AIGLE D OR NOTIANA-FR P28,PAIRE,2961,3891,0070296100,0|0|0,0|0|0,3,0
23800303801,AIGLE D OR NOTIANA-FR P29,PAIRE,2965,3895,0070296500,0|0|0,0|0|0,3,0
23800303901,AIGLE D OR NOTIANA-FR P30,PAIRE,2966,3896,0070296600,0|0|0,0|0|0,3,0
23800304001,AIGLE D OR NOTIANA-FR P31,PAIRE,2967,3897,0070296700,0|0|0,0|0|0,3,0
23800303501,AIGLE D OR NOTIANA-FR P32,PAIRE,2962,3892,0070296200,0|0|0,0|0|0,3,0
23800300501,AIGLE D OR NOTIANA-NOIR P24,PAIRE,2932,3862,0070293200,0|0|0,0|0|0,3,0
23800300601,AIGLE D OR NOTIANA-NOIR P25,PAIRE,2933,3863,0070293300,0|0|0,0|0|0,3,0
23800340501,AIGLE D OR PAPANGO C P36,PAIRE,3317,4339,0070331700,0|0|0,0|0|0,3,0
23800340401,AIGLE D OR PAPANGO C P37,PAIRE,3316,4338,0070331600,0|0|0,0|0|0,3,0
23800340301,AIGLE D OR PAPANGO C P38,PAIRE,3315,4337,0070331500,0|0|0,0|0|0,3,0
23800340201,AIGLE D OR PAPANGO C P39,PAIRE,3314,4336,0070331400,0|0|0,0|0|0,3,0
23800340101,AIGLE D OR PAPANGO C P40,PAIRE,3313,4335,0070331300,0|0|0,0|0|0,3,0
23800340001,AIGLE D OR PAPANGO C P41,PAIRE,3312,4334,0070331200,0|0|0,0|0|0,3,0
23800341701,AIGLE D OR RANJA CO P42,PAIRE,3329,4351,0070332900,0|0|0,0|0|0,3,0
23800341601,AIGLE D OR RANJA CO P43,PAIRE,3328,4350,0070332800,0|0|0,0|0|0,3,0
23800336801,AIGLE D OR REJO COU P35,PAIRE,3283,4305,0070328300,0|0|0,0|0|0,3,0
23800336701,AIGLE D OR REJO COU P36,PAIRE,3282,4304,0070328200,0|0|0,0|0|0,3,0
23800336601,AIGLE D OR REJO COU P37,PAIRE,3281,4303,0070328100,0|0|0,0|0|0,3,0
23800336501,AIGLE D OR REJO COU P38,PAIRE,3280,4302,0070328000,0|0|0,0|0|0,3,0
23800336401,AIGLE D OR REJO COU P39,PAIRE,3279,4301,0070327900,0|0|0,0|0|0,3,0
23800336301,AIGLE D OR REJO COU P40,PAIRE,3278,4300,0070327800,0|0|0,0|0|0,3,0
23800345101,AIGLE D OR REJO COU P42,PAIRE,3363,4399,0070336300,0|0|0,0|0|0,3,0
23800345001,AIGLE D OR REJO COU P43,PAIRE,3362,4398,0070336200,0|0|0,0|0|0,3,0
23800344901,AIGLE D OR REJO COU P44,PAIRE,3361,4397,0070336100,0|0|0,0|0|0,3,0
23800246301,AIGLE D OR ROSO NOIR P20,PAIRE,2402,3176,0070240200,0|0|0,0|0|0,3,0
23800246401,AIGLE D OR ROSO NOIR P21,PAIRE,2403,3177,0070240300,0|0|0,0|0|0,3,0
23800246601,AIGLE D OR ROSO NOIR P23,PAIRE,2405,3179,0070240500,0|0|0,0|0|0,3,0
23800246801,AIGLE D OR ROSO NOIR P25,PAIRE,2407,3181,0070240700,0|0|0,0|0|0,3,0
23800247001,AIGLE D OR ROSO NOIR P27,PAIRE,2409,3183,0070240900,0|0|0,0|0|0,3,0
23800247401,AIGLE D OR ROSO NOIR P31,PAIRE,2413,3187,0070241300,0|0|0,0|0|0,3,0
23800247601,AIGLE D OR ROSO NOIR P33,PAIRE,2415,3189,0070241500,0|0|0,0|0|0,3,0
23800247701,AIGLE D OR ROSO NOIR P34,PAIRE,2416,3190,0070241600,0|0|0,0|0|0,3,0
23800247901,AIGLE D OR ROSO NOIR P36,PAIRE,2418,3192,0070241800,0|0|0,0|0|0,3,0
23800248001,AIGLE D OR ROSO NOIR P37,PAIRE,2419,3193,0070241900,0|0|0,0|0|0,3,0
23800248101,AIGLE D OR ROSO NOIR P38,PAIRE,2420,3194,0070242000,0|0|0,0|0|0,3,0
23800253501,AIGLE D OR ROTSY VERT VERDANA P37,PAIRE,2474,3254,0070247400,0|0|0,0|0|0,3,0
23800253601,AIGLE D OR ROTSY VERT VERDANA P38,PAIRE,2475,3255,0070247500,0|0|0,0|0|0,3,0
23800253801,AIGLE D OR ROTSY VERT VERDANA P40,PAIRE,2477,3257,0070247700,0|0|0,0|0|0,3,0
23800338001,AIGLE D OR SAFIDY C P39,PAIRE,3295,4317,0070329500,0|0|0,0|0|0,3,0
23800337901,AIGLE D OR SAFIDY C P40,PAIRE,3294,4316,0070329400,0|0|0,0|0|0,3,0
23800337801,AIGLE D OR SAFIDY C P41,PAIRE,3293,4315,0070329300,0|0|0,0|0|0,3,0
23800337701,AIGLE D OR SAFIDY C P42,PAIRE,3292,4314,0070329200,0|0|0,0|0|0,3,0
23800331101,AIGLE D OR SANGANY OCR P36,PAIRE,3229,4246,0070322900,0|0|0,0|0|0,3,0
23800347301,AIGLE D OR SANJY P39,PAIRE,3385,4421,0070338500,0|0|0,0|0|0,3,0
23800346501,AIGLE D OR SANJY P41,PAIRE,3377,4413,0070337700,0|0|0,0|0|0,3,0
23800346201,AIGLE D OR SANJY P42,PAIRE,3374,4410,0070337400,0|0|0,0|0|0,3,0
23800346101,AIGLE D OR SANJY P43,PAIRE,3373,4409,0070337300,0|0|0,0|0|0,3,0
23800346901,AIGLE D OR SANJY P44,PAIRE,3381,4417,0070338100,0|0|0,0|0|0,3,0
23800347001,AIGLE D OR SANJY P45,PAIRE,3382,4418,0070338200,0|0|0,0|0|0,3,0
23800223601,AIGLE D OR SARIAKA MARRON P35,PAIRE,2184,2911,0070218400,0|0|0,0|0|0,3,0
23800223701,AIGLE D OR SARIAKA MARRON P37,PAIRE,2185,2912,0070218500,0|0|0,0|0|0,3,0
23800208801,AIGLE D OR SARIAKA MARRON P38,PAIRE,2042,2738,0070204200,0|0|0,0|0|0,3,0
23800208901,AIGLE D OR SARIAKA MARRON P39,PAIRE,2043,2739,0070204300,0|0|0,0|0|0,3,0
23800209001,AIGLE D OR SARIAKA MARRON P40,PAIRE,2044,2740,0070204400,0|0|0,0|0|0,3,0
23800209101,AIGLE D OR SARIAKA MARRON P41,PAIRE,2045,2741,0070204500,0|0|0,0|0|0,3,0
23800256201,AIGLE D OR SIDINA NOIR P28,PAIRE,2501,3281,0070250100,0|0|0,0|0|0,3,0
23800256301,AIGLE D OR SIDINA NOIR P29,PAIRE,2502,3282,0070250200,0|0|0,0|0|0,3,0
23800256401,AIGLE D OR SIDINA NOIR P30,PAIRE,2503,3283,0070250300,0|0|0,0|0|0,3,0
23800256501,AIGLE D OR SIDINA NOIR P31,PAIRE,2504,3284,0070250400,0|0|0,0|0|0,3,0
23800256701,AIGLE D OR SIDINA NOIR P33,PAIRE,2506,3286,0070250600,0|0|0,0|0|0,3,0
23800256801,AIGLE D OR SIDINA NOIR P35,PAIRE,2507,3287,0070250700,0|0|0,0|0|0,3,0
23800256901,AIGLE D OR SIDINA NOIR P38,PAIRE,2508,3288,0070250800,0|0|0,0|0|0,3,0
23800236801,AIGLE D OR SIDINA NOIR P39,PAIRE,2307,3055,0070230700,0|0|0,0|0|0,3,0
23800236901,AIGLE D OR SIDINA NOIR P40,PAIRE,2308,3056,0070230800,0|0|0,0|0|0,3,0
23800237001,AIGLE D OR SIDINA NOIR P41,PAIRE,2309,3057,0070230900,0|0|0,0|0|0,3,0
23800237101,AIGLE D OR SIDINA NOIR P42,PAIRE,2310,3058,0070231000,0|0|0,0|0|0,3,0
23800237201,AIGLE D OR SIDINA NOIR P43,PAIRE,2311,3059,0070231100,0|0|0,0|0|0,3,0
23800263001,AIGLE D OR SITRAKA MAR P39,PAIRE,2568,3383,0070256800,0|0|0,0|0|0,3,0
23800263201,AIGLE D OR SITRAKA MAR P41,PAIRE,2570,3385,0070257000,0|0|0,0|0|0,3,0
23800284001,AIGLE D OR SITRAKA MAR P43,PAIRE,2772,3672,0070277200,0|0|0,0|0|0,3,0
23800251101,AIGLE D OR SOA MARINE P38,PAIRE,2450,3230,0070245000,0|0|0,0|0|0,3,0
23800251201,AIGLE D OR SOA MARINE P39,PAIRE,2451,3231,0070245100,0|0|0,0|0|0,3,0
23800251301,AIGLE D OR SOA MARINE P40,PAIRE,2452,3232,0070245200,0|0|0,0|0|0,3,0
23800191201,AIGLE D OR TEFY_NOIR P39,PAIRE,1871,2515,0070187100,0|0|0,0|0|0,3,0
23800231201,AIGLE D OR TEFY_NOIR P40,PAIRE,2251,2994,0070225100,0|0|0,0|0|0,3,0
23800231301,AIGLE D OR TEFY_NOIR P41,PAIRE,2252,2995,0070225200,0|0|0,0|0|0,3,0
23800231401,AIGLE D OR TEFY_NOIR P42,PAIRE,2253,2996,0070225300,0|0|0,0|0|0,3,0
23800283901,AIGLE D OR TEFY_NOIR P43,PAIRE,2771,3671,0070277100,0|0|0,0|0|0,3,0
23800207901,AIGLE D OR TIARY MARINE P40,PAIRE,2033,2729,0070203300,0|0|0,0|0|0,3,0
23800208001,AIGLE D OR TIARY MARINE P41,PAIRE,2034,2730,0070203400,0|0|0,0|0|0,3,0
23800331801,AIGLE D OR TIARY MARRON P35,PAIRE,3236,4254,0070323600,0|0|0,0|0|0,3,0
23800299701,AIGLE D OR TOAVINA-BLG P23,PAIRE,2924,3854,0070292400,0|0|0,0|0|0,3,0
23800300901,AIGLE D OR TOAVINA-BLG P24,PAIRE,2936,3866,0070293600,0|0|0,0|0|0,3,0
23800300801,AIGLE D OR TOAVINA-BLG P25,PAIRE,2935,3865,0070293500,0|0|0,0|0|0,3,0
23800300701,AIGLE D OR TOAVINA-BLG P27,PAIRE,2934,3864,0070293400,0|0|0,0|0|0,3,0
23800305601,AIGLE D OR TOAVINA-BLG P30,PAIRE,2982,3912,0070298200,0|0|0,0|0|0,3,0
23800306101,AIGLE D OR TOAVINA-BLG P33,PAIRE,2987,3917,0070298700,0|0|0,0|0|0,3,0
23800299001,AIGLE D OR TOAVINA-JSA P22,PAIRE,2917,3847,0070291700,0|0|0,0|0|0,3,0
23800304901,AIGLE D OR TOAVINA-JSA P30,PAIRE,2976,3906,0070297600,0|0|0,0|0|0,3,0
23800305201,AIGLE D OR TOAVINA-NOIR P28,PAIRE,2978,3908,0070297800,0|0|0,0|0|0,3,0
23800288201,AIGLE D OR TONG TEDY MAR P35,PAIRE,2814,3714,0070281400,0|0|0,0|0|0,3,0
23800288501,AIGLE D OR TONG TEDY MAR P36,PAIRE,2817,3717,0070281700,0|0|0,0|0|0,3,0
23800288101,AIGLE D OR TONG TEDY MAR P37,PAIRE,2813,3713,0070281300,0|0|0,0|0|0,3,0
23800288401,AIGLE D OR TONG TEDY MAR P41,PAIRE,2816,3716,0070281600,0|0|0,0|0|0,3,0
23800288301,AIGLE D OR TONG TEDY MAR P42,PAIRE,2815,3715,0070281500,0|0|0,0|0|0,3,0
23800287901,AIGLE D OR TONG TEDY MAR P43,PAIRE,2811,3711,0070281100,0|0|0,0|0|0,3,0
23800288801,AIGLE D OR TONG TEDY NOIR P36,PAIRE,2820,3720,0070282000,0|0|0,0|0|0,3,0
23800288701,AIGLE D OR TONG TEDY NOIR P37,PAIRE,2819,3719,0070281900,0|0|0,0|0|0,3,0
23800288901,AIGLE D OR TONG TEDY NOIR P38,PAIRE,2821,3721,0070282100,0|0|0,0|0|0,3,0
23800288601,AIGLE D OR TONG TEDY NOIR P40,PAIRE,2818,3718,0070281800,0|0|0,0|0|0,3,0
23800289001,AIGLE D OR TONG TEDY NOIR P41,PAIRE,2822,3722,0070282200,0|0|0,0|0|0,3,0
23800289201,AIGLE D OR TONG TEDY NOIR P43,PAIRE,2823,3723,0070282300,0|0|0,0|0|0,3,0
23800287401,AIGLE D OR TONG TEDY ROU P35,PAIRE,2806,3706,0070280600,0|0|0,0|0|0,3,0
23800287601,AIGLE D OR TONG TEDY ROU P37,PAIRE,2808,3708,0070280800,0|0|0,0|0|0,3,0
23800332001,AIGLE D OR TONG TEDY ROU P38,PAIRE,3238,4256,0070323800,0|0|0,0|0|0,3,0
23800287701,AIGLE D OR TONG TEDY ROU P40,PAIRE,2809,3709,0070280900,0|0|0,0|0|0,3,0
23800287301,AIGLE D OR TONG TEDY ROU P41,PAIRE,2805,3705,0070280500,0|0|0,0|0|0,3,0
23800287501,AIGLE D OR TONG TEDY ROU P42,PAIRE,2807,3707,0070280700,0|0|0,0|0|0,3,0
23800287801,AIGLE D OR TONG TEDY ROU P43,PAIRE,2810,3710,0070281000,0|0|0,0|0|0,3,0
23800238401,AIGLE D OR TONGUE THEO - MAR P35,PAIRE,2323,3071,0070232300,0|0|0,0|0|0,3,0
23800238301,AIGLE D OR TONGUE THEO - MAR P36,PAIRE,2322,3070,0070232200,0|0|0,0|0|0,3,0
23800238501,AIGLE D OR TONGUE THEO - MAR P37,PAIRE,2324,3072,0070232400,0|0|0,0|0|0,3,0
23800238601,AIGLE D OR TONGUE THEO - MAR P38,PAIRE,2325,3073,0070232500,0|0|0,0|0|0,3,0
23800238701,AIGLE D OR TONGUE THEO - MAR P39,PAIRE,2326,3074,0070232600,0|0|0,0|0|0,3,0
23800238801,AIGLE D OR TONGUE THEO - MAR P40,PAIRE,2327,3075,0070232700,0|0|0,0|0|0,3,0
23800238901,AIGLE D OR TONGUE THEO - MAR P41,PAIRE,2328,3076,0070232800,0|0|0,0|0|0,3,0
23800239001,AIGLE D OR TONGUE THEO - MAR P42,PAIRE,2329,3077,0070232900,0|0|0,0|0|0,3,0
23800239101,AIGLE D OR TONGUE THEO - MAR P43,PAIRE,2330,3078,0070233000,0|0|0,0|0|0,3,0
23800480201,AIGLE D OR TSANGA NOIR,PAIRE,4646,6554,0070464600,0|0|0,0|0|0,3,0
23800254301,AIGLE D OR TSIAHY MARRON P35,PAIRE,2482,3262,0070248200,0|0|0,0|0|0,3,0
23800254201,AIGLE D OR TSIAHY MARRON P36,PAIRE,2481,3261,0070248100,0|0|0,0|0|0,3,0
23800254001,AIGLE D OR TSIAHY MARRON P37,PAIRE,2479,3259,0070247900,0|0|0,0|0|0,3,0
23800254101,AIGLE D OR TSIAHY MARRON P38,PAIRE,2480,3260,0070248000,0|0|0,0|0|0,3,0
23800285401,AIGLE D OR TSIFERANA MAR P37,PAIRE,2786,3686,0070278600,0|0|0,0|0|0,3,0
23800285301,AIGLE D OR TSIFERANA MAR P38,PAIRE,2785,3685,0070278500,0|0|0,0|0|0,3,0
23800285101,AIGLE D OR TSIFERANA MAR P41,PAIRE,2783,3683,0070278300,0|0|0,0|0|0,3,0
23800286501,AIGLE D OR TSIHARIA MAR P39,PAIRE,2797,3697,0070279700,0|0|0,0|0|0,3,0
23800286701,AIGLE D OR TSIHARIA MAR P40,PAIRE,2799,3699,0070279900,0|0|0,0|0|0,3,0
23800286801,AIGLE D OR TSIHARIA MAR P41,PAIRE,2800,3700,0070280000,0|0|0,0|0|0,3,0
23800286601,AIGLE D OR TSIHARIA MAR P42,PAIRE,2798,3698,0070279800,0|0|0,0|0|0,3,0
23800286201,AIGLE D OR TSIHARIA NOIR P39,PAIRE,2794,3694,0070279400,0|0|0,0|0|0,3,0
23800285901,AIGLE D OR TSIHARIA NOIR P40,PAIRE,2791,3691,0070279100,0|0|0,0|0|0,3,0
23800286101,AIGLE D OR TSIHARIA NOIR P41,PAIRE,2793,3693,0070279300,0|0|0,0|0|0,3,0
23800286301,AIGLE D OR TSIHARIA NOIR P42,PAIRE,2795,3695,0070279500,0|0|0,0|0|0,3,0
23800286401,AIGLE D OR TSIHARIA NOIR P43,PAIRE,2796,3696,0070279600,0|0|0,0|0|0,3,0
23800286001,AIGLE D OR TSIHARIA NOIR P44,PAIRE,2792,3692,0070279200,0|0|0,0|0|0,3,0
23800255001,AIGLE D OR TSIHOARANA MARRON P39,PAIRE,2489,3269,0070248900,0|0|0,0|0|0,3,0
23800255101,AIGLE D OR TSIHOARANA MARRON P40,PAIRE,2490,3270,0070249000,0|0|0,0|0|0,3,0
23800255201,AIGLE D OR TSIHOARANA MARRON P41,PAIRE,2491,3271,0070249100,0|0|0,0|0|0,3,0
23800255301,AIGLE D OR TSIHOARANA MARRON P42,PAIRE,2492,3272,0070249200,0|0|0,0|0|0,3,0
23800255401,AIGLE D OR TSIHOARANA MARRON P43,PAIRE,2493,3273,0070249300,0|0|0,0|0|0,3,0
23800205401,AIGLE D OR TSIHOARANA NOIR P40,PAIRE,2008,2704,0070200800,0|0|0,0|0|0,3,0
23800205501,AIGLE D OR TSIHOARANA NOIR P41,PAIRE,2009,2705,0070200900,0|0|0,0|0|0,3,0
23800205601,AIGLE D OR TSIHOARANA NOIR P42,PAIRE,2010,2706,0070201000,0|0|0,0|0|0,3,0
23800205701,AIGLE D OR TSIHOARANA NOIR P43,PAIRE,2011,2707,0070201100,0|0|0,0|0|0,3,0
23800264201,AIGLE D OR TSILAVINA P39,PAIRE,2580,3395,0070258000,0|0|0,0|0|0,3,0
23800264301,AIGLE D OR TSILAVINA P40,PAIRE,2581,3396,0070258100,0|0|0,0|0|0,3,0
23800264401,AIGLE D OR TSILAVINA P41,PAIRE,2582,3397,0070258200,0|0|0,0|0|0,3,0
23800264501,AIGLE D OR TSILAVINA P42,PAIRE,2583,3398,0070258300,0|0|0,0|0|0,3,0
23800264601,AIGLE D OR TSILAVINA P43,PAIRE,2584,3399,0070258400,0|0|0,0|0|0,3,0
23800264701,AIGLE D OR TSILAVINA P44,PAIRE,2585,3400,0070258500,0|0|0,0|0|0,3,0
23800264801,AIGLE D OR TSILAVINA P45,PAIRE,2586,3401,0070258600,0|0|0,0|0|0,3,0
23800295601,AIGLE D OR TSILAVINIAINA NOIR P39,PAIRE,2883,3813,0070288300,0|0|0,0|0|0,3,0
23800295801,AIGLE D OR TSILAVINIAINA NOIR P40,PAIRE,2885,3815,0070288500,0|0|0,0|0|0,3,0
23800295701,AIGLE D OR TSILAVINIAINA NOIR P42,PAIRE,2884,3814,0070288400,0|0|0,0|0|0,3,0
23800296101,AIGLE D OR TSILAVINIAINA NOIR P43,PAIRE,2888,3818,0070288800,0|0|0,0|0|0,3,0
23800296001,AIGLE D OR TSILAVINIAINA NOIR P44,PAIRE,2887,3817,0070288700,0|0|0,0|0|0,3,0
23800295901,AIGLE D OR TSILAVINIAINA NOIR P45,PAIRE,2886,3816,0070288600,0|0|0,0|0|0,3,0
23800284401,AIGLE D OR TSIRAVA MAR P39,PAIRE,2776,3676,0070277600,0|0|0,0|0|0,3,0
23800284801,AIGLE D OR TSIRAVA MAR P40,PAIRE,2780,3680,0070278000,0|0|0,0|0|0,3,0
23800284601,AIGLE D OR TSIRAVA MAR P41,PAIRE,2778,3678,0070277800,0|0|0,0|0|0,3,0
23800284701,AIGLE D OR TSIRAVA MAR P42,PAIRE,2779,3679,0070277900,0|0|0,0|0|0,3,0
23800284501,AIGLE D OR TSIRAVA MAR P43,PAIRE,2777,3677,0070277700,0|0|0,0|0|0,3,0
23800207301,AIGLE D OR TSITOHA MARRON P41,PAIRE,2027,2723,0070202700,0|0|0,0|0|0,3,0
23800207401,AIGLE D OR TSITOHA MARRON P42,PAIRE,2028,2724,0070202800,0|0|0,0|0|0,3,0
23800207501,AIGLE D OR TSITOHA MARRON P43,PAIRE,2029,2725,0070202900,0|0|0,0|0|0,3,0
23800335201,AIGLE D OR TSOA COU P35,PAIRE,3269,4291,0070326900,0|0|0,0|0|0,3,0
23800335101,AIGLE D OR TSOA COU P36,PAIRE,3268,4290,0070326800,0|0|0,0|0|0,3,0
23800335001,AIGLE D OR TSOA COU P37,PAIRE,3267,4289,0070326700,0|0|0,0|0|0,3,0
23800334901,AIGLE D OR TSOA COU P38,PAIRE,3266,4288,0070326600,0|0|0,0|0|0,3,0
23800334801,AIGLE D OR TSOA COU P39,PAIRE,3265,4287,0070326500,0|0|0,0|0|0,3,0
23800345301,AIGLE D OR TSOA COU P40,PAIRE,3365,4401,0070336500,0|0|0,0|0|0,3,0
23800334701,AIGLE D OR TSOA COU P41,PAIRE,3264,4286,0070326400,0|0|0,0|0|0,3,0
23800284301,AIGLE D OR VOHITRA MAR P36,PAIRE,2775,3675,0070277500,0|0|0,0|0|0,3,0
23800284101,AIGLE D OR VOHITRA MAR P37,PAIRE,2773,3673,0070277300,0|0|0,0|0|0,3,0
23800284201,AIGLE D OR VOHITRA MAR P38,PAIRE,2774,3674,0070277400,0|0|0,0|0|0,3,0
23800237801,AIGLE D OR VOHITRA MAR P39,PAIRE,2317,3065,0070231700,0|0|0,0|0|0,3,0
23800237901,AIGLE D OR VOHITRA MAR P40,PAIRE,2318,3066,0070231800,0|0|0,0|0|0,3,0
23800238001,AIGLE D OR VOHITRA MAR P41,PAIRE,2319,3067,0070231900,0|0|0,0|0|0,3,0
23800238101,AIGLE D OR VOHITRA MAR P42,PAIRE,2320,3068,0070232000,0|0|0,0|0|0,3,0
23800238201,AIGLE D OR VOHITRA MAR P43,PAIRE,2321,3069,0070232100,0|0|0,0|0|0,3,0
23800197401,AIGLE D OR ZARA-MARRON P38,PAIRE,1932,2590,0070193200,0|0|0,0|0|0,3,0
23800250101,AIGLE D OR ZOTO MAR P28,PAIRE,2440,3220,0070244000,0|0|0,0|0|0,3,0
23800250201,AIGLE D OR ZOTO MAR P29,PAIRE,2441,3221,0070244100,0|0|0,0|0|0,3,0
23800250301,AIGLE D OR ZOTO MAR P30,PAIRE,2442,3222,0070244200,0|0|0,0|0|0,3,0
23800250401,AIGLE D OR ZOTO MAR P31,PAIRE,2443,3223,0070244300,0|0|0,0|0|0,3,0
23800250501,AIGLE D OR ZOTO MAR P32,PAIRE,2444,3224,0070244400,0|0|0,0|0|0,3,0
23800250601,AIGLE D OR ZOTO MAR P33,PAIRE,2445,3225,0070244500,0|0|0,0|0|0,3,0
23800250701,AIGLE D OR ZOTO MAR P34,PAIRE,2446,3226,0070244600,0|0|0,0|0|0,3,0
23800249701,AIGLE D OR ZOTO NOIR P30,PAIRE,2436,3216,0070243600,0|0|0,0|0|0,3,0
23800249801,AIGLE D OR ZOTO NOIR P31,PAIRE,2437,3217,0070243700,0|0|0,0|0|0,3,0
23800303301,AIGLE D OR ZOTO NOIR P32,PAIRE,2960,3890,0070296000,0|0|0,0|0|0,3,0
23800250001,AIGLE D OR ZOTO NOIR P34,PAIRE,2439,3219,0070243900,0|0|0,0|0|0,3,0
23800223101,AIGLE D OR_ALOALO P37,PAIRE,2179,2906,0070217900,0|0|0,0|0|0,3,0
23800223201,AIGLE D OR_ALOALO P39,PAIRE,2180,2907,0070218000,0|0|0,0|0|0,3,0
23800223301,AIGLE D OR_ALOALO P41,PAIRE,2181,2908,0070218100,0|0|0,0|0|0,3,0
23800192201,AIGLE D OR_ANKOAY-NOIR P39,PAIRE,1881,2525,0070188100,0|0|0,0|0|0,3,0
23800219601,AIGLE D OR_ANKOAY-NOIR P40,PAIRE,2145,2860,0070214500,0|0|0,0|0|0,3,0
23800230901,AIGLE D OR_ANKOAY-NOIR P41,PAIRE,2248,2991,0070224800,0|0|0,0|0|0,3,1
23800219701,AIGLE D OR_ANKOAY-NOIR P42,PAIRE,2146,2861,0070214600,0|0|0,0|0|0,3,0
23800219801,AIGLE D OR_ANKOAY-NOIR P43,PAIRE,2147,2862,0070214700,0|0|0,0|0|0,3,0
23800225601,AIGLE D OR_ANKOAY-NOIR P44,PAIRE,2202,2935,0070220200,0|0|0,0|0|0,3,0
15600218701,AIGLE D OR_DIHY-MARRON P36,PAIRE,2136,2851,0070213600,0|0|0,0|0|0,3,0
15600218801,AIGLE D OR_DIHY-MARRON P40,PAIRE,2137,2852,0070213700,0|0|0,0|0|0,3,0
23800220501,AIGLE D OR_FEHINY-NOIR P41,PAIRE,2154,2869,0070215400,0|0|0,0|0|0,3,0
23800220601,AIGLE D OR_FEHINY-NOIR P42,PAIRE,2155,2870,0070215500,0|0|0,0|0|0,3,0
23800220701,AIGLE D OR_FEHINY-NOIR P43,PAIRE,2156,2871,0070215600,0|0|0,0|0|0,3,0
23800282501,AIGLE D OR_ILOAINA-MAR P36,PAIRE,2757,3657,0070275700,0|0|0,0|0|0,3,0
23800282601,AIGLE D OR_ILOAINA-MAR P37,PAIRE,2758,3658,0070275800,0|0|0,0|0|0,3,0
23800282701,AIGLE D OR_ILOAINA-MAR P38,PAIRE,2759,3659,0070275900,0|0|0,0|0|0,3,0
23800282301,AIGLE D OR_ILOAINA-MAR P40,PAIRE,2755,3655,0070275500,0|0|0,0|0|0,3,0
23800282201,AIGLE D OR_ILOAINA-MAR P41,PAIRE,2754,3654,0070275400,0|0|0,0|0|0,3,0
23800282101,AIGLE D OR_ILOAINA-MAR P42,PAIRE,2753,3653,0070275300,0|0|0,0|0|0,3,0
23800282001,AIGLE D OR_ILOAINA-NOIR P39,PAIRE,2752,3652,0070275200,0|0|0,0|0|0,3,0
23800281601,AIGLE D OR_ILOAINA-NOIR P40,PAIRE,2748,3648,0070274800,0|0|0,0|0|0,3,0
23800281901,AIGLE D OR_ILOAINA-NOIR P41,PAIRE,2751,3651,0070275100,0|0|0,0|0|0,3,0
23800281801,AIGLE D OR_ILOAINA-NOIR P42,PAIRE,2750,3650,0070275000,0|0|0,0|0|0,3,0
23800281701,AIGLE D OR_ILOAINA-NOIR P43,PAIRE,2749,3649,0070274900,0|0|0,0|0|0,3,0
23800282801,AIGLE D OR_ILOAINA-NOIR P44,PAIRE,2760,3660,0070276000,0|0|0,0|0|0,3,0
23800281401,AIGLE D OR_ITOKIANA-MAR P36,PAIRE,2746,3646,0070274600,0|0|0,0|0|0,3,0
23800280901,AIGLE D OR_ITOKIANA-MAR P38,PAIRE,2741,3641,0070274100,0|0|0,0|0|0,3,0
23800281001,AIGLE D OR_ITOKIANA-MAR P39,PAIRE,2742,3642,0070274200,0|0|0,0|0|0,3,0
23800281101,AIGLE D OR_ITOKIANA-MAR P40,PAIRE,2743,3643,0070274300,0|0|0,0|0|0,3,0
23800281201,AIGLE D OR_ITOKIANA-MAR P41,PAIRE,2744,3644,0070274400,0|0|0,0|0|0,3,0
23800219301,AIGLE D OR_JORO-NOIR P40,PAIRE,2142,2857,0070214200,0|0|0,0|0|0,3,0
23800219501,AIGLE D OR_JORO-NOIR P42,PAIRE,2144,2859,0070214400,0|0|0,0|0|0,3,0
23800225901,AIGLE D OR_MAEVA [MARRON] P36,PAIRE,2205,2938,0070220500,0|0|0,0|0|0,3,0
23800217701,AIGLE D OR_MAEVA [MARRON] P37,PAIRE,2129,2841,0070212900,0|0|0,0|0|0,3,0
23800217801,AIGLE D OR_MAEVA [MARRON] P38,PAIRE,2130,2842,0070213000,0|0|0,0|0|0,3,0
23800217901,AIGLE D OR_MAEVA [MARRON] P39,PAIRE,2131,2843,0070213100,0|0|0,0|0|0,3,0
23800218001,AIGLE D OR_MAEVA [MARRON] P40,PAIRE,2132,2844,0070213200,0|0|0,0|0|0,3,0
23800213601,AIGLE D OR_MAEVA-PAR P36,PAIRE,2089,2801,0070208900,0|0|0,0|0|0,3,0
23800227101,AIGLE D OR_MAEVA-PAR P37,PAIRE,2217,2951,0070221700,0|0|0,0|0|0,3,0
23800227201,AIGLE D OR_MAEVA-PAR P38,PAIRE,2218,2952,0070221800,0|0|0,0|0|0,3,0
23800227301,AIGLE D OR_MAEVA-PAR P39,PAIRE,2219,2953,0070221900,0|0|0,0|0|0,3,0
23800213801,AIGLE D OR_MAEVA-PAR P41,PAIRE,2091,2803,0070209100,0|0|0,0|0|0,3,0
23800214401,AIGLE D OR_MAHALIANA [OCR] P36,PAIRE,2097,2809,0070209700,0|0|0,0|0|0,3,0
23800214501,AIGLE D OR_MAHALIANA [OCR] P39,PAIRE,2098,2810,0070209800,0|0|0,0|0|0,3,0
23800214701,AIGLE D OR_MAHALIANA [OCR] P40,PAIRE,2099,2811,0070209900,0|0|0,0|0|0,3,0
23800214801,AIGLE D OR_MAHALIANA [OCR] P41,PAIRE,2100,2812,0070210000,0|0|0,0|0|0,3,0
23800222801,AIGLE D OR_MAHANDRY-NOIR P39,PAIRE,2176,2903,0070217600,0|0|0,0|0|0,3,0
23800226101,AIGLE D OR_MAHANDRY-NOIR P40,PAIRE,2207,2940,0070220700,0|0|0,0|0|0,3,0
23800226201,AIGLE D OR_MAHANDRY-NOIR P41,PAIRE,2208,2941,0070220800,0|0|0,0|0|0,3,0
23800222901,AIGLE D OR_MAHANDRY-NOIR P42,PAIRE,2177,2904,0070217700,0|0|0,0|0|0,3,0
23800223001,AIGLE D OR_MAHANDRY-NOIR P43,PAIRE,2178,2905,0070217800,0|0|0,0|0|0,3,0
23800262101,AIGLE D OR_MAHANDRY-NOIR P44,PAIRE,2559,3374,0070255900,0|0|0,0|0|0,3,0
23800296601,AIGLE D OR_MAHANDRY-NOIR P45,PAIRE,2893,3823,0070289300,0|0|0,0|0|0,3,0
23800220801,AIGLE D OR_MASOANDRO-FOM P35,PAIRE,2157,2872,0070215700,0|0|0,0|0|0,3,0
23800220901,AIGLE D OR_MASOANDRO-FOM P37,PAIRE,2158,2873,0070215800,0|0|0,0|0|0,3,0
23800221001,AIGLE D OR_MASOANDRO-FOM P38,PAIRE,2159,2874,0070215900,0|0|0,0|0|0,3,0
23800221101,AIGLE D OR_MASOANDRO-FOM P39,PAIRE,2160,2875,0070216000,0|0|0,0|0|0,3,0
23800221201,AIGLE D OR_MASOANDRO-FOM P41,PAIRE,2161,2876,0070216100,0|0|0,0|0|0,3,0
23800227801,AIGLE D OR_MILY-CAR P35,PAIRE,2224,2958,0070222400,0|0|0,0|0|0,3,0
23800227901,AIGLE D OR_MILY-CAR P38,PAIRE,2225,2959,0070222500,0|0|0,0|0|0,3,0
23800228001,AIGLE D OR_MILY-CAR P39,PAIRE,2226,2960,0070222600,0|0|0,0|0|0,3,0
23800228101,AIGLE D OR_MILY-CAR P42,PAIRE,2227,2961,0070222700,0|0|0,0|0|0,3,0
23800215501,AIGLE D OR_MISAINA [FOM] P41,PAIRE,2107,2819,0070210700,0|0|0,0|0|0,3,0
23800297501,AIGLE D OR_RANTO P39,PAIRE,2902,3832,0070290200,0|0|0,0|0|0,3,0
23800297601,AIGLE D OR_RANTO P40,PAIRE,2903,3833,0070290300,0|0|0,0|0|0,3,0
23800297701,AIGLE D OR_RANTO P41,PAIRE,2904,3834,0070290400,0|0|0,0|0|0,3,0
23800297801,AIGLE D OR_RANTO P42,PAIRE,2905,3835,0070290500,0|0|0,0|0|0,3,0
23800297901,AIGLE D OR_RANTO P43,PAIRE,2906,3836,0070290600,0|0|0,0|0|0,3,0
23800215701,AIGLE D OR_RIALY [VRV] P37,PAIRE,2109,2821,0070210900,0|0|0,0|0|0,3,0
23800215801,AIGLE D OR_RIALY [VRV] P38,PAIRE,2110,2822,0070211000,0|0|0,0|0|0,3,0
23800215901,AIGLE D OR_RIALY [VRV] P39,PAIRE,2111,2823,0070211100,0|0|0,0|0|0,3,0
23800216001,AIGLE D OR_RIALY [VRV] P40,PAIRE,2112,2824,0070211200,0|0|0,0|0|0,3,0
23800213901,AIGLE D OR_SAHOBY [ROB] P35,PAIRE,2092,2804,0070209200,0|0|0,0|0|0,3,0
23800214201,AIGLE D OR_SAHOBY [ROB] P41,PAIRE,2095,2807,0070209500,0|0|0,0|0|0,3,0
23800262601,AIGLE D OR_SITRAKA-NOIR P40,PAIRE,2564,3379,0070256400,0|0|0,0|0|0,3,0
15600219001,AIGLE D OR_SITRAKA-NOIR P41,PAIRE,2139,2854,0070213900,0|0|0,0|0|0,3,0
15600219101,AIGLE D OR_SITRAKA-NOIR P42,PAIRE,2140,2855,0070214000,0|0|0,0|0|0,3,0
23800216201,AIGLE D OR_SOMONJARA [ROB] P35,PAIRE,2114,2826,0070211400,0|0|0,0|0|0,3,0
23800216301,AIGLE D OR_SOMONJARA [ROB] P36,PAIRE,2115,2827,0070211500,0|0|0,0|0|0,3,0
23800216501,AIGLE D OR_SOMONJARA [ROB] P38,PAIRE,2117,2829,0070211700,0|0|0,0|0|0,3,0
23800216601,AIGLE D OR_SOMONJARA [ROB] P39,PAIRE,2118,2830,0070211800,0|0|0,0|0|0,3,0
23800216801,AIGLE D OR_SOMONJARA [ROB] P40,PAIRE,2120,2832,0070212000,0|0|0,0|0|0,3,0
23800216701,AIGLE D OR_SOMONJARA [ROB] P41,PAIRE,2119,2831,0070211900,0|0|0,0|0|0,3,0
23800191601,AIGLE D OR_TEHITRA-MAR P36,PAIRE,1875,2519,0070187500,0|0|0,0|0|0,3,0
23800280601,AIGLE D OR_TEHITRA-MAR P37,PAIRE,2738,3638,0070273800,0|0|0,0|0|0,3,0
23800280701,AIGLE D OR_TEHITRA-MAR P38,PAIRE,2739,3639,0070273900,0|0|0,0|0|0,3,0
23800227501,AIGLE D OR_TEHITRA-MAR P39,PAIRE,2221,2955,0070222100,0|0|0,0|0|0,3,0
23800280801,AIGLE D OR_TEHITRA-MAR P41,PAIRE,2740,3640,0070274000,0|0|0,0|0|0,3,0
23800217301,AIGLE D OR_TOKY [MARRON] P39,PAIRE,2125,2837,0070212500,0|0|0,0|0|0,3,0
23800330601,AIGLE D OR_TOKY [MARRON] P40,PAIRE,3224,4241,0070322400,0|0|0,0|0|0,3,0
23800217501,AIGLE D OR_TOKY [MARRON] P41,PAIRE,2127,2839,0070212700,0|0|0,0|0|0,3,0
23800217401,AIGLE D OR_TOKY [MARRON] P42,PAIRE,2126,2838,0070212600,0|0|0,0|0|0,3,0
23800216901,AIGLE D OR_TOKY [NOIR] P40,PAIRE,2121,2833,0070212100,0|0|0,0|0|0,3,0
23800217001,AIGLE D OR_TOKY [NOIR] P41,PAIRE,2122,2834,0070212200,0|0|0,0|0|0,3,0
23800217101,AIGLE D OR_TOKY [NOIR] P42,PAIRE,2123,2835,0070212300,0|0|0,0|0|0,3,0
23800217201,AIGLE D OR_TOKY [NOIR] P43,PAIRE,2124,2836,0070212400,0|0|0,0|0|0,3,0
23800345201,AIGLE DOR FANOVA C P42,PAIRE,3364,4400,0070336400,0|0|0,0|0|0,3,0
23800334201,AIGLE DOR FANOVA C P43,PAIRE,3259,4281,0070325900,0|0|0,0|0|0,3,0
23800284901,AILGE D OR TSIFERANA MAR P39,PAIRE,2781,3681,0070278100,0|0|0,0|0|0,3,0
24200241601,AIRPLANE - CHOCO,PACQUET,2355,3110,0080235500,0|0|0,0|0|0,3,0
22800278701,ANGOLA BLEU GM,PAQUET,2719,3602,0120271900,0|0|0,0|0|0,3,0
22800278801,ANGOLA ROUGE GM,PAQUET,2720,3604,0120272000,0|0|0,0|0|0,3,0
22800278901,ANGOLA VERT GM,PAQUET,2721,3606,0120272100,0|0|0,0|0|0,3,0
21800194101,ASPIRATEUR VC - 79C,PIECE,1899,2552,0100189900,0|0|0,0|0|0,3,0
21900443701,BAGUETTE BASIQUE ELECTRIQUE SARAH V,PAQUET,4296,5950,0130429600,0|0|0,0|0|0,3,0
21900431001,BAGUETTE BASIQUE Noir SARAH V,PACQUET,4181,5734,0130418100,0|0|0,0|0|0,3,0
21900429901,BAGUETTE BASIQUE VERT SARAH V,PACQUET,4171,5724,0130417100,0|0|0,0|0|0,3,0
21900450101,BAGUETTE SAFINOX SARAH V,PACQUET,4357,6049,0130435700,0|0|0,0|0|0,3,0
21900431101,BAGUETTE SAF-PRO BLEU SARAH,PACQUET,4182,5735,0130418200,0|0|0,0|0|0,3,1
24700233201,BAJAJ RE,PIECE,2271,3015,0160227100,0|0|0,0|0|0,3,0
19200419401,BALAIRA VARY VAO,SAC,4069,5539,0170406900,0|0|0,0|0|0,3,0
5182,BALAIRE TSARAMASO MENA,SAC,1628,2152,0170162800,0|0|0,0|0|0,3,0
21800313701,BALANCE ELECTRONIQUE 60 KG EN PCS,PIECE,3059,4005,0100305900,0|0|0,0|0|0,3,0
23500352801,BALLE BABY 2 OLGA A42,BALLE,3439,4505,0190343900,0|0|0,0|0|0,3,0
15600295501,BALLE BABY MASOANDRO,BALLE,2882,3812,0030288200,0|0|0,0|0|0,3,0
23500210601,BALLE BABY P ROUGE,BALLE,2060,2763,0190206000,0|0|0,0|0|0,3,0
23500278201,BALLE BABY SONO,BALLE,2714,3597,0190271400,0|0|0,0|0|0,3,0
15600400701,BALLE CRYSTAL CLOTHING,BALLE,3895,5218,0030389500,0|0|0,0|0|0,3,0
23500278001,BALLE DRAP A49,BALLE,2712,3595,0190271200,0|0|0,0|0|0,3,0
15600405101,BALLE FRIPER,BALLE,3939,5305,0030393900,0|0|0,0|0|0,3,0
23500353201,BALLE MAILLOT ENSEMBLE,BALLE,3443,4509,0190344300,0|0|0,0|0|0,3,0
23500449901,BALLE MS74,BALLE,4355,6047,0190435500,0|0|0,0|0|0,3,0
23500278401,BALLE PANT GARGO A27,BALLE,2716,3599,0190271600,0|0|0,0|0|0,3,0
23500353401,BALLE PANTA COURT 45KG,BALLE,3445,4511,0190344500,0|0|0,0|0|0,3,0
23500278101,BALLE RIDEAU A50,BALLE,2713,3596,0190271300,0|0|0,0|0|0,3,0
23500353501,BALLE RIDEAU P. ROSE / VERTE,BALLE,3446,4512,0190344600,0|0|0,0|0|0,3,0
23500193901,BALLE ROBE SOI C A I,BALLE,1897,2549,0190189700,0|0|0,0|0|0,3,0
23500353901,BALLE SHORT PLAGE A31,BALLE,3450,4516,0190345000,0|0|0,0|0|0,3,0
23500354201,BALLE SOUTIEN COALA,BALLE,3453,4519,0190345300,0|0|0,0|0|0,3,0
23500354401,BALLE T SHIRT P. VERT,BALLE,3455,4521,0190345500,0|0|0,0|0|0,3,0
23500278501,BALLE T SHIRT POLO 45KG,BALLE,2717,3600,0190271700,0|0|0,0|0|0,3,0
23500278301,BALLE VESTE JEAN,BALLE,2715,3598,0190271500,0|0|0,0|0|0,3,0
24000275101,BAOBA CITRON 50CL,BOUTEILLE,2684,3553,0200268400,0|0|0,0|0|0,3,0
24000274801,BAOBA FRAISE 50CL,BOUTEILLE,2681,3547,0200268100,0|0|0,0|0|0,3,0
24000275001,BAOBA GRENADINE 50CL,BOUTEILLE,2683,3551,0200268300,0|0|0,0|0|0,3,0
24000274901,BAOBA MENTHE 50CL,BOUTEILLE,2682,3549,0200268200,0|0|0,0|0|0,3,0
24000275201,BAOBA ORANGE MANDARINE 50CL,BOUTEILLE,2685,3555,0200268500,0|0|0,0|0|0,3,0
19200313901,BAREA ATM,SAC,3061,4007,0170306100,0|0|0,0|0|0,3,0
23700355201,BATTERIE SOLAIRE 120A,PIECE,3463,4531,0220346300,0|0|0,0|0|0,3,0
15600279301,BAUME KATRAFAY,PIECE,53,62,0100005300,0|0|0,0|0|0,3,0
21500199201,BEURRE TEREMA 200G,PIECE,1950,2614,0040195000,0|0|0,0|0|0,3,0
22500294901,BISCUIT 4X4 GLUCOSE BE,PCS,2876,3801,0050287600,0|0|0,0|0|0,3,0
22500190701,BISCUIT 4X4 GO,SACHET,1866,2508,0050186600,0|0|0,0|0|0,3,0
22500426801,BISCUIT CRUNCH Coated Wafer,BOITE,4141,5661,0050414100,0|0|0,0|0|0,3,0
22500294801,BISCUIT FAMILY VANILLE,PIECES,2875,3798,0050287500,0|0|0,0|0|0,3,0
22500277801,BISCUIT FARILAC,SACHET,2710,3592,0050271000,0|0|0,0|0|0,3,0
22500318101,BISCUIT MAHABIBO,PAQUET,3102,4071,0050310200,0|0|0,0|0|0,3,0
22500384601,BISCUIT MAHABIBO PIECE,PIECE,3748,4968,0050374800,0|0|0,0|0|0,3,0
22500201901,BISCUIT MILK FRESH,SACHET,1973,2666,0050197300,0|0|0,0|0|0,3,0
22500402201,BISCUIT SMILY CREAMZ,SACHET,3910,5246,0050391000,0|0|0,0|0|0,3,0
22500290801,BISCUIT SUPER CHOCO,SACHET,2837,3746,0050283700,0|0|0,0|0|0,3,0
22500230301,BISCUIT SUPER COCO,SACHET,2244,2986,0050224400,0|0|0,0|0|0,3,0
3225,BOCAL 2 LITRE,PIECE,2198,2930,0030219800,0|0|0,0|0|0,3,1
15600225201,"BOCAL 2 LITRE "" KAFEZA """,PIECE,782,990,0030078200,0|0|0,0|0|0,3,0
15600225201,"BOCAL 2 LITRE "" KAFEZA """,PIECE,2198,2930,0030219800,0|0|0,0|0|0,3,1
15600194201,BOCAL 3 LITRE,PIECE,1900,2553,0030190000,0|0|0,0|0|0,3,0
15600332701,BOCAL VIDE CREAM WAFER,PIECE,3245,4266,0030324500,0|0|0,0|0|0,3,0
23900194501,BOISSON AMERICAN COLA PM,PACQUET,1903,2560,0230190300,0|0|0,0|0|0,3,0
21500224301,BOISSON BIG CITRON VERT GM,PACQUET,2191,2920,0040219100,0|0|0,0|0|0,3,0
21500223801,BOISSON BIG PM CITRON VERT,PACQUET,2186,2913,0040218600,0|0|0,0|0|0,3,0
23900194601,BOISSON BUBBLE UP LEMON PM,PACQUET,1904,2561,0230190400,0|0|0,0|0|0,3,0
23900268701,BOISSON DJINO COLA 125CL,PACQUET,2625,3456,0230262500,0|0|0,0|0|0,3,0
23900224401,BOISSON DJINO COLA 150CL,PACQUET,2192,2921,0230219200,0|0|0,0|0|0,3,0
23900192901,BOISSON DJINO COLA 35CL,PACQUET,1887,2534,0230188700,0|0|0,0|0|0,3,0
23900311401,BOISSON DJINO PM,BOUTEIL,3038,3979,0230303800,0|0|0,0|0|0,3,0
23900268801,BOISSON DJINO TROPICAL 125CL,PACQUET,2626,3457,0230262600,0|0|0,0|0|0,3,0
21500224001,BOISSON DJINO TROPICAL 150CL,PACQUET,2188,2915,0040218800,0|0|0,0|0|0,3,0
23900193101,BOISSON DJINO TROPICAL ORANGE 35CL,PACQUET,1889,2536,0230188900,0|0|0,0|0|0,3,0
23900194701,BOISSON PLANET ORANGE PM,PACQUET,1905,2562,0230190500,0|0|0,0|0|0,3,0
4816,BOLO EN PIECE,PIECE,181,206,0100018100,0|0|0,0|0|0,3,0
23600276701,BONBON AMENDAS,SACHET,2699,3576,0140269900,0|0|0,0|0|0,3,0
4243,BONBON ANGLAIS PM EN PQT,PAQUET,187,217,0030018700,0|0|0,0|0|0,3,0
23600392201,BONBON ASSORTED JU-C,BOCAL,3824,5094,0140382400,0|0|0,0|0|0,3,0
23600230001,BONBON CHOCO BEAN,BOITE,2241,2981,0140224100,0|0|0,0|0|0,3,0
4566,BONBON COLA,SACHET,4204,5778,0140420400,0|0|0,0|0|0,3,0
23600190001,BONBON ERLAN,SACHET,1859,2495,0140185900,0|0|0,0|0|0,3,0
23600190201,BONBON FINGER SPRING,SACHET,1861,2499,0140186100,0|0|0,0|0|0,3,0
23600269401,BONBON FLAMINGO,SACHET,2632,3467,0140263200,0|0|0,0|0|0,3,0
21500411301,BONBON FRUIT FLASH TOFFE BOCAL,BOCAL,4000,5404,0040400000,0|0|0,0|0|0,3,0
23600411001,BONBON FRUIT SLICE ORANGE,SACHET,3997,5398,0140399700,0|0|0,0|0|0,3,0
21500406201,BONBON FRUTO FILLS,SACHET,3949,5321,0040394900,0|0|0,0|0|0,3,0
23600190801,BONBON FUNNY BIRDS,BOITE,1867,2510,0140186700,0|0|0,0|0|0,3,0
4817,BONBON MILK,SACHET,4390,6104,0140439000,0|0|0,0|0|0,3,0
23600198801,BONBON OPERA,SACHET,1946,2606,0140194600,0|0|0,0|0|0,3,0
21500411401,BONBON PARTY BOMB TOFFE BOCAL,BOCAL,4001,5406,0040400100,0|0|0,0|0|0,3,0
23600319401,BONBON RING LOLLIPOP,BOCAL,3114,4094,0140311400,0|0|0,0|0|0,3,0
23600387101,BONBON RING LOLLIPOP SHT,SACHET,3773,5015,0140377300,0|0|0,0|0|0,3,0
23600277001,BONBON SIMON CANDY GIG FRUIT,SACHET,2702,3582,0140270200,0|0|0,0|0|0,3,0
23600277101,BONBON SIMON CANDY GIG MILK ASS,SACHET,2703,3584,0140270300,0|0|0,0|0|0,3,0
23600276901,BONBON SIMON DUE,SACHET,2701,3580,0140270100,0|0|0,0|0|0,3,0
23600372101,BONBON SPEED RACING,BOITE,3625,4772,0140362500,0|0|0,0|0|0,3,0
23600317801,BONBON SUCETTE FRUIT LOLLIPOP,SACHET,3099,4065,0140309900,0|0|0,0|0|0,3,0
23600317701,BONBON SUCETTE MILK LOLLIPOP,SACHET,3098,4063,0140309800,0|0|0,0|0|0,3,0
23600310001,BONBON SUCETTE PM CHOCO CARAMEL,SACHET,3024,3956,0140302400,0|0|0,0|0|0,3,0
23600393001,BONBON SUCETTE PM CHOCO VANILLA,SACHET,3832,5110,0140383200,0|0|0,0|0|0,3,0
23600392901,BONBON SUCETTE PM COLA,SACHET,3831,5108,0140383100,0|0|0,0|0|0,3,0
4238,BONBON SUPA,SACHET,3728,4936,0140372800,0|0|0,0|0|0,3,0
23600382601,BONBON SUPA FILLED,SACHET,3728,4936,0140372800,0|0|0,0|0|0,3,0
21500401201,BONBON SWEET CUP CHOCO BOCAL,BOCAL,3900,5224,0040390000,0|0|0,0|0|0,3,0
23600418001,BONBON SWITCH POP,SACHET,4055,5514,0140405500,0|0|0,0|0|0,3,0
23600402601,BONBON TIK TOK GUM VITO,SACHET,3914,5254,0140391400,0|0|0,0|0|0,3,0
23600295101,BONBON YOLO POP,SACHET,283,341,0040028300,0|0|0,0|0|0,3,0
23600295101,BONBON YOLO POP,SACHET,2878,3805,0140287800,0|0|0,0|0|0,3,0
23600201601,BONITA CHOCOLATE,PIECE,286,346,0100028600,0|0|0,0|0|0,3,0
23600201601,BONITA CHOCOLATE,PIECE,1970,2658,0140197000,0|0|0,0|0|0,3,0
23600201501,BONITA COCO,PIECE,285,345,0100028500,0|0|0,0|0|0,3,0
23600201501,BONITA COCO,PIECE,1969,2655,0140196900,0|0|0,0|0|0,3,0
15600172301,BOUGIE BALIAKA GM,PAQUET,289,350,0030028900,0|0|0,0|0|0,3,0
23600385701,BRACELET JUMP CANDY 9G,BOITE,3759,4987,0140375900,0|0|0,0|0|0,3,0
4096,BRIQUET 007,BOITE,4763,6764,0030476300,0|0|0,0|0|0,3,1
21900185701,BRIQUET BAREA,BOITE,51,60,0030005100,0|0|0,0|0|0,3,0
21900185701,BRIQUET BAREA,BOITE,4763,6764,0030476300,0|0|0,0|0|0,3,1
15600279401,BRIQUET STAR,BOITE,2726,3617,0030272600,0|0|0,0|0|0,3,0
15600279401,BRIQUET STAR,BOITE,4763,6764,0030476300,0|0|0,0|0|0,3,1
3760,BRIQUET TOKYO ET XIANDAI,BOITE,4763,6764,0030476300,0|0|0,0|0|0,3,1
15600270901,BROSSE A DENT TRIKA,PIECE,2646,3489,0030264600,0|0|0,0|0|0,3,0
21900430201,BROSSE METALIQUE SARAH V,PIECE,4174,5727,0130417400,0|0|0,0|0|0,3,1
21900430501,BROSSE RASTA-pm SARAH V,PIECE,4176,5729,0130417600,0|0|0,0|0|0,3,1
23600396201,BUBBLE STICK,BOITE,3856,5152,0140385600,0|0|0,0|0|0,3,0
23600396202,BUBBLE STICK,CARTON,325,394,0030032500,0|0|0,0|0|0,3,0
23600400801,BUBBLE STICK PIECE,PIECE,3896,5219,0140389600,0|0|0,0|0|0,3,0
23600224701,BUBLE_CIRCLE,SACHET,2195,2924,0140219500,0|0|0,0|0|0,3,0
15600324901,CAFARTOX,PIECE,3169,4164,0030316900,0|0|0,0|0|0,3,0
15600229701,CAGEOT [ CONSIGNATION ],PIECE,2238,2978,0030223800,0|0|0,0|0|0,3,0
22700265901,CAHIER 100P GRAND FORMAT (PIÈCE),PIECE,2597,3413,0240259700,0|0|0,0|0|0,3,0
22700265801,CAHIER 200P GRAND FORMAT (PIÈCE),PIECE,2596,3412,0240259600,0|0|0,0|0|0,3,0
22700377501,CAHIER BOSSEUR 200P,PIECE,3677,4853,0240367700,0|0|0,0|0|0,3,0
22700267401,CAHIER DE DESSIN LAUREAT REF 102,PACQUET,2612,3437,0240261200,0|0|0,0|0|0,3,0
22700267301,CAHIER DE DESSIN LAUREAT UNI REF 100,PACQUET,2611,3435,0240261100,0|0|0,0|0|0,3,0
22700332601,CAHIER DIGITAL 50P,PAQUET,3244,4264,0240324400,0|0|0,0|0|0,3,0
22700267501,CAHIER ECRITURE CALLIGRAPHE REF 5403,PACQUET,2613,3439,0240261300,0|0|0,0|0|0,3,0
22700311901,CAHIER NITRO 100P,PAQUET,3043,3984,0240304300,0|0|0,0|0|0,3,0
22700316201,CAHIER NITROLINE 100P PF,PAQUET,358,440,0100035800,0|0|0,0|0|0,3,0
22700316201,CAHIER NITROLINE 100P PF,PAQUET,3083,4040,0240308300,0|0|0,0|0|0,3,0
22700316301,CAHIER NITROLINE 200P PF,PAQUET,3084,4042,0240308400,0|0|0,0|0|0,3,0
22700316101,CAHIER NITROLINE 50P PF,PAQUET,3082,4038,0240308200,0|0|0,0|0|0,3,0
23600450701,CANDY BONBON BONJOURNE COLA BOCAL,BOCAL,4363,6059,0140436300,0|0|0,0|0|0,3,0
23600450801,CANDY BONBON BONJOURNE FANTA BOCAL,BOCAL,4364,6061,0140436400,0|0|0,0|0|0,3,0
23600450601,CANDY BONBON BONJOURNE SPRINT BOCAL,BOCAL,4362,6057,0140436200,0|0|0,0|0|0,3,0
23600398701,CANDY KING FANTA ORANGE,SACHET,3879,5193,0140387900,0|0|0,0|0|0,3,0
23600398501,CANDY KING MIX FRUITS,SACHET,3877,5189,0140387700,0|0|0,0|0|0,3,0
23600325201,CARAMEL,PIECE,188,219,0030018800,0|0|0,0|0|0,3,0
23600325201,CARAMEL,PIECE,1196,1527,0030119600,0|0|0,0|0|0,3,0
23600325201,CARAMEL,PIECE,3172,4168,0140317200,0|0|0,0|0|0,3,0
21900311101,CARREAU VAKIVAKY,KILOS,3035,3976,0130303500,0|0|0,0|0|0,3,0
23600326501,CARS POP,SACHET,3184,4184,0140318400,0|0|0,0|0|0,3,0
15600240801,CHAMBRE A AIR_GM 750 / 825 R16,PIECE,2347,3095,0030234700,0|0|0,0|0|0,3,1
21500257601,CHAPELLURE,SACHET,2515,3304,0040251500,0|0|0,0|0|0,3,0
21500355301,CHEESE BALLS PCE,PIECE,422,526,0100042200,0|0|0,0|0|0,3,0
21500355301,CHEESE BALLS PCE,PIECE,3464,4532,0040346400,0|0|0,0|0|0,3,0
21500392001,CHILLI POP,SACHET,3822,5088,0040382200,0|0|0,0|0|0,3,0
23600233601,CHOCOLAT MONTRE,SACHET,2275,3020,0140227500,0|0|0,0|0|0,3,0
22500318701,CHOCOLATE BISCUIT,BOITE,3108,4083,0050310800,0|0|0,0|0|0,3,0
21900436301,CHROMATE DE ZINC SARAH V,BOITE,4225,5821,0130422500,0|0|0,0|0|0,3,1
23600201701,CIKIDAY 20G,PIECE,1971,2661,0140197100,0|0|0,0|0|0,3,0
15600188601,CIMENT AMBITSIKA,SAC,1847,2472,0030184700,0|0|0,0|0|0,3,0
4637,CIMENT POWER,SAC,3502,4597,0130350200,0|0|0,0|0|0,3,0
21900359601,CIMENT POWER VAOVAO,SAC,3502,4597,0130350200,0|0|0,0|0|0,3,0
22800244201,COLGATE TOTAL PRO 75ML (100G),PIECE,2381,3153,0120238100,0|0|0,0|0|0,3,0
23600325301,CONTRE TOUT PIECE,PIECE,3173,4169,0140317300,0|0|0,0|0|0,3,0
22500270101,COOKIES  BE,SACHET,2639,3479,0050263900,0|0|0,0|0|0,3,0
21500320101,CORN PUFF,SACHET,3121,4105,0040312100,0|0|0,0|0|0,3,0
21900437001,CORNIERE DE 100 SARAH V,BARRE,4231,5829,0130423100,0|0|0,0|0|0,3,1
22100293901,COUCHE PAMPERS,PIECE,2867,3787,0150286700,0|0|0,0|0|0,3,0
15600416601,CRAYON DE BOIS,PIECE,4042,5491,0030404200,0|0|0,0|0|0,3,0
21500403401,CREAM WAFER OYE BISCUITS,BOITE,3922,5271,0040392200,0|0|0,0|0|0,3,0
24000274601,DARBEL CITRON 100CL,BOUTEILLE,2679,3543,0200267900,0|0|0,0|0|0,3,0
24000274301,DARBEL FRAISE100CL,BOUTEILLE,2676,3537,0200267600,0|0|0,0|0|0,3,0
24000274501,DARBEL GRENADINE 100CL,BOUTEILLE,2678,3541,0200267800,0|0|0,0|0|0,3,0
24000274502,DARBEL GRENADINE 100CL,CARTON,521,672,0040052100,0|0|0,0|0|0,3,0
24000274401,DARBEL MENTHE 100CL,BOUTEILLE,2677,3539,0200267700,0|0|0,0|0|0,3,0
24000356501,DARBEL MENTHE 75CL*12,BOUTEILLE,3474,4556,0200347400,0|0|0,0|0|0,3,0
24000274701,DARBEL ORANGE 100CL,BOUTEILLE,2680,3545,0200268000,0|0|0,0|0|0,3,0
21500271801,DELICE LAIT 1KG,SACHET,2653,3499,0040265300,0|0|0,0|0|0,3,0
21500310301,DELICE LAIT 20G,SACHET,3027,3963,0040302700,0|0|0,0|0|0,3,0
21500310401,DELICE LAIT 250G,SACHE T,3028,3965,0040302800,0|0|0,0|0|0,3,0
21500271701,DELICE LAIT 500G,SACHET,2652,3497,0040265200,0|0|0,0|0|0,3,0
23600394901,DINOSAUR BUBLE GUM,BOCAL,3846,5131,0140384600,0|0|0,0|0|0,3,0
21900436601,DISQUE MEL SARAH V pqt de 10pcs,PACQUET,4228,5826,0130422800,0|0|0,0|0|0,3,1
21900429701,DISQUE MEL SARAH V PQT DE 15PCS,PACQUET,4169,5722,0130416900,0|0|0,0|0|0,3,0
15600240901,DR CONFORT COUCHE ADULTE 6 X L10,PIECE,2348,3096,0150234800,0|0|0,0|0|0,3,0
21900430701,DULIENTE NITRO 416 SARAH V,BOUTEIL,4178,5731,0130417800,0|0|0,0|0|0,3,1
21900436201,DURCISSEUR Chromate de zinc PM SARAH V,BOITE,4224,5820,0130422400,0|0|0,0|0|0,3,0
21900477801,DURCISSEUR PEINTURE EPOXY PREMIERE SARAH V,BOITE,4623,6518,0130462300,0|0|0,0|0|0,3,1
21900477801,DURCISSEUR PEINTURE EPOXY PREMIERE SARAH V,BOITE,4624,6519,0130462400,0|0|0,0|0|0,3,1
24300210101,"ECRAN PLAT 32""",PIECE,2055,2751,0320205500,0|0|0,0|0|0,3,0
24300210001,"ECRAN PLAT 46""",PIECE,2054,2750,0320205400,0|0|0,0|0|0,3,0
24300209901,"ECRAN PLAT 55""",PIECE,2053,2749,0320205300,0|0|0,0|0|0,3,0
15600189801,ESSUIE TOUT PASTEL,PACQUET,1857,2491,0030185700,0|0|0,0|0|0,3,0
15600322901,EXTRA PROPRE,PIECE,3149,4141,0030314900,0|0|0,0|0|0,3,0
15600322901,EXTRA PROPRE,PIECE,3993,5390,0350399300,0|0|0,0|0|0,3,0
15600280101,FAMAFA 1003 TSOTRA,PIECE,2733,3631,0030273300,0|0|0,0|0|0,3,0
15600280201,FAMAFA 907 MANCHE BLANC,PIECE,2734,3633,0030273400,0|0|0,0|0|0,3,0
15600242001,FAMAFA B11,PIECE,2359,3118,0030235900,0|0|0,0|0|0,3,0
15600387801,FAMAFA RASTA 300G,PIECE,3780,5027,0030378000,0|0|0,0|0|0,3,0
23800240101,FANORONA MAR P39,PAIRE,2340,3088,0070234000,0|0|0,0|0|0,3,0
23800240201,FANORONA MAR P40,PAIRE,2341,3089,0070234100,0|0|0,0|0|0,3,0
23800240301,FANORONA MAR P41,PAIRE,2342,3090,0070234200,0|0|0,0|0|0,3,0
23800240401,FANORONA MAR P42,PAIRE,2343,3091,0070234300,0|0|0,0|0|0,3,0
23800240501,FANORONA MAR P43,PAIRE,2344,3092,0070234400,0|0|0,0|0|0,3,0
16100376201,FARINE MAGNEVA 50KG,SAC,3665,4836,0360366500,0|0|0,0|0|0,3,0
16100397401,FARINE MAHERY 50KG,SAC,3867,5174,0360386700,0|0|0,0|0|0,3,0
15600383401,FILTRE A HUILE,PIECE,3736,4950,0030373600,0|0|0,0|0|0,3,0
15600383501,FILTRE GASOIL,PIECE,3737,4951,0030373700,0|0|0,0|0|0,3,0
23600385801,FINGER PACIFIER 5G,PAQUET,3760,4989,0140376000,0|0|0,0|0|0,3,0
15600240601,FLASK GM TRAPPE 1100/1200 R20,PIECE,2345,3093,0030234500,0|0|0,0|0|0,3,0
15600240701,FLASK PM TRAPPE (750/700 - 650-16),PIECE,2346,3094,0030234600,0|0|0,0|0|0,3,0
21500424101,FORTUNE COCONUT 1L,BOUTEILLE,4115,5620,0040411500,0|0|0,0|0|0,3,0
21500424001,FORTUNE VANILLA 1L,BOUTEILLE,4114,5618,0040411400,0|0|0,0|0|0,3,0
21500267201,FROMAGE LAND'OR 08,BOITE,2610,3433,0040261000,0|0|0,0|0|0,3,0
21400241001,GASOIL  200L,LITRE,2349,3099,0340234900,0|0|0,0|0|0,3,0
22500362601,GLOBAL CRACKER TUB RANCH 227G,BOITE,3532,4650,0050353200,0|0|0,0|0|0,3,0
22500362801,GLOBAL CRACKER TUB SALTED 227G,BOITE,3534,4653,0050353400,0|0|0,0|0|0,3,0
22500198601,GLUCOSE GALAXY,SACHET,1944,2602,0050194400,0|0|0,0|0|0,3,0
22500393301,GLUCOSE PM,PIECE,663,839,0030066300,0|0|0,0|0|0,3,0
22500393301,GLUCOSE PM,PIECE,664,842,0030066400,-0|0|0,-0|0|0,3,0
22500393301,GLUCOSE PM,PIECE,665,844,0030066500,-0|0|0,-0|0|0,3,0
22500393301,GLUCOSE PM,PIECE,3543,4668,0050354300,0|0|0,0|0|0,3,0
22500393301,GLUCOSE PM,PIECE,3835,5115,0050383500,0|0|0,0|0|0,3,0
22500392301,GLUCOSE PM [ ASSORTED ],SACHET,3825,5096,0050382500,0|0|0,0|0|0,3,0
21500412101,GOFRETTE SWISS WAFER,PIECE,4006,5416,0040400600,0|0|0,0|0|0,3,0
24200269801,GOLDEN COIN CHOCOLAT CAR,BOITE,2636,3475,0080263600,0|0|0,0|0|0,3,0
24200269802,GOLDEN COIN CHOCOLAT CAR,CARTON,670,851,0130067000,0|0|0,0|0|0,3,0
23600351601,GOMAS MASCAR,PACQUET,3428,4488,0140342800,0|0|0,0|0|0,3,0
22500312501,GOUTY BISCUIT COMPLET,SACHET,3048,3993,0050304800,0|0|0,0|0|0,3,0
21500312801,GOUTY BISCUIT COMPLET EN PIECE,PIECE,678,859,0130067800,0|0|0,0|0|0,3,0
21500312801,GOUTY BISCUIT COMPLET EN PIECE,PIECE,3051,3997,0040305100,0|0|0,0|0|0,3,0
22500188801,GOUTY COOKIES,SACHET,1849,2475,0050184900,0|0|0,0|0|0,3,0
22500310201,GOUTY PETITS SABLES,PIECE,3026,3960,0050302600,0|0|0,0|0|0,3,0
